/*******************************************************************************
 * Size: 14 px
 * Bpp: 1
 * Opts: --bpp 1 --size 14 --no-compress --stride 1 --align 1 --font 方正黑体-简体.TTF --symbols !"#$%&'()*+,-./0123456789:;<=>?@ABCDEFGHIJKLMNOPQRSTUVWXYZ[\]^_`abcdefghijklmnopqrstuvwxyz{|}~一丁七万丈三三上下不与丐丑专且世丘丙业丛东丝丢两严丧个中丰串临丸丹为主丽举乃久么义之乌乍乎乏乐乒乓乔乖乘乙九乞也习乡书买乱乳了予争事二于亏云互五井亚些亡交亥亦产亩享京亭亮亲人亿什仁仅仆仇今介仍从仑仓仔他仗付仙代令以仪们仰仲件价任份仿企伊伍伏伐休众优伙会伞伟传伤伦伪伯估伴伶伸伺似佃但位低住佑体何余佛作你佣佩佳使侄侈例侍供依侠侣侥侦侧侨侮侯侵便促俄俊俏俐俗俘保信俩俭修俯俱俺倍倒倔倘候倚借倡倦债值倾假偎偏做停健偶偷偿傀傅傍储催傲傻像僚僧僵僻儒儡儿允元兄充兆先光克免兑兔党兜兢入全八公六兰共关兴兵其具典养兼兽冀内冈册再冒冕冗写军农冠冤冬冯冰冲决况冶冷冻净凄准凉凌减凑凛凝几凡凤凫凭凯凰凳凶凸凹出击函凿刀刁刃分切刊刑划列刘则刚创初删判刨利别刮到制刷券刹刺刻刽剂剃削前剑剔剖剥剧剩剪副割剿劈力劝办功加务劣动助努劫励劲劳势勃勇勉勋勒勘募勤勺勾勿匀包匆匈匕化北匙匠匣匪匹区医匾匿十千升午半华协卑卒卓单卖南博卜占卡卢卤卦卧卫印危即却卵卷卸卿厂厅历厉压厌厕厘厚原厢厦厨去县参又叉及友双反发叔取受变叙叛叠口古句另叨只叫召叭叮可台史右叶号司叹叼叽吁吃各吆合吉吊同名后吏吐向吓吕吗君吝吞吟吠否吧吨吩含听吭吮启吱吴吵吸吹吻吼呀呆呈告呐呕员呛呜呢周味呵呻呼命咆和咏咐咒咕咖咙咧咨咪咬咱咳咸咽哀品哄哆哈响哎哑哗哟哥哨哩哪哭哮哲哺哼唁唆唇唉唐唠唤唧唬售唯唱唾啃啄商啊啡啤啥啦啰啸啼喂善喇喉喊喘喜喝喧喳喷喻嗅嗓嗜嗡嗤嗦嗽嘀嘁嘉嘱嘲嘴嘶嘹嘿器噩噪嚎嚣嚷嚼囊囚四回因团囤园困囱围固国图圃圆圈土圣在地场圾址均坊坎坏坐坑块坚坛坝坞坟坠坡坤坦坪坯坷垂垃垄型垒垛垢垦垫垮埂埃埋城域埠培基堂堆堕堡堤堪堰堵塌塑塔塘塞填境墅墓墙增墨墩壁壕壤士壮声壳壶壹处备复夏夕外多夜够大天太夫夭央夯失头夷夸夹夺奄奇奈奉奋奏契奔奕奖套奠奢奥女奴奶奸她好如妄妆妇妈妒妓妖妙妥妨妹妻姆姊始姐姑姓委姚姜姥姨姻姿威娃娄娇娘娜娩娱娶婆婉婚婴婶婿媒媚媳嫁嫂嫉嫌嫡嫩嬉子孔孕字存孙孝孟季孤学孩孵孽宁它宅宇守安宋完宏宗官宙定宛宜宝实宠审客宣室宦宪宫宰害宴宵家容宽宾宿寂寄密寇富寒寓寝寞察寡寥寨寸对寺寻导寿封射将尉尊小少尔尖尘尚尝尤就尸尺尼尽尾尿局屁层居屈屉届屋屎屏屑展属屠屡履屯山屹屿岁岂岔岖岗岛岩岭岳岸峡峦峭峰峻崇崎崔崖崩崭嵌巍川州巡巢工左巧巨巩巫差己已巴巷巾币市布帅帆师希帐帕帖帘帚帜帝带席帮常帽幅幌幔幕幢干干平年并幸幻幼幽广庄庆庇床序庐库应底店庙府庞废度座庭庵庶康庸廉廊廓延廷建开异弃弄弊式弓引弛弟张弥弦弧弯弱弹强归当录形彤彩彪彬彭彰影役彻彼往征径待很徊律徐徒徒得徘御循微德徽心必忆忌忍志忘忙忠忧快忱念忽忿怀态怎怒怔怕怖怜思怠急性怨怪怯总恃恋恍恐恒恕恢恤恨恩恬恭息恰恳恶恼悄悉悍悔悟悠患悦您悬悯悲悴悼情惊惋惑惕惜惠惦惧惨惩惫惭惯惰想惶惹愁愈愉意愕愚感愤愧愿慈慌慎慕慢慧慨慰慷憋憎憔憨憾懂懈懊懒懦戈戏成我戒或战戚截戳戴户房所扁扇手才扎扑扒打扔托扛扣执扩扫扬扭扮扯扰扳扶批扼找承技抄把抑抒抓投抖抗折抚抛抠抡抢护报披抬抱抵抹押抽拂拄担拆拇拉拌拍拐拒拓拔拖拗拘拙招拜拟拢拣拥拦拧拨择括拭拯拱拳拴拷拼拾拿持挂指按挎挑挖挚挟挠挡挣挤挥挨挪挫振挺挽捂捅捆捉捌捍捎捏捐捕捞损捡换捣捧据捶捷捺捻掀掂授掉掌掏掐排掖掘掠探接控推掩措掰掷掸掺揉揍描提插揖握揣揩揪揭援揽搀搁搂搅搏搓搔搜搞搪搬搭携摄摆摇摊摔摘摧摩摸摹撇撑撒撕撞撤撩撬播撮撰撵撼擂擅操擎擒擦攀攒攘支收改攻放政故效敌敏救教敛敞敢散敦敬数敲整敷文斋斑斗料斜斟斤斥斧斩断斯新方施旁旅旋族旗无既日旦旧旨早旬旭旱时旷旺昂昆昌明昏易昔昙星映春昧昨昭是昵昼显晃晋晌晒晓晕晚晤晦晨普景晰晴晶智晾暂暇暑暖暗暮暴曙曲更曹曼曾替最月有朋服朗望朝期朦木未末本术朱朴朵机朽杀杂权杆杈杉李杏材村杖杜束杠条来杨杭杯杰松板极构枉析枕林枚果枝枢枣枪枫枯架枷柄柏某柑柒染柔柜柠查柬柱柳柴柿栅标栈栋栏树栓栖栗校株样核根格栽桂桃桅框案桌桐桑档桥桦桨桩桶梁梅梆梗梢梦梧梨梭梯械梳检棉棋棍棒棕棘棚棠森棱棵棺椅植椎椒椭椰椿楔楚楞楣楷楼概榄榆榔榕榛榜榨榴槐槽樊樟模横樱橄橘橙橡橱檀檐檩檬欠次欢欣欧欲欺款歇歉歌止正此步武歧歪歹死歼殃殉殊残殖殴段殷殿毁毅母每毒比毕毙毛毡毫毯氏民氓气氛氢氧氨氮氯水永汁求汇汉汗汛汞江池污汤汪汰汹汽沃沈沉沐沙沛沟没沥沦沧沪沫沮河沸油治沼沽沾沿泄泉泊泌法泛泞泡波泣泥注泪泰泳泵泻泼泽洁洋洒洗洛洞津洪洲活洼洽派流浅浆浇浊测济浑浓浙浦浩浪浮浴海浸涂消涉涌涎涕涛涝涡涣涤润涧涨涩涮涯液涵淀淆淋淌淑淘淡淤淫淮深淳混淹添清渊渐渔渗渠渡渣渤温港渴游渺湃湖湘湾湿溃溅溉源溜溢溪溯溶溺滋滑滓滔滚滞满滤滥滨滩滴漂漆漏漓演漠漩漫漱漾潘潜潦潭潮澄澈澎澜澡澳激濒瀑灌火灭灯灰灵灶灸灼灾灿炉炊炎炒炕炫炬炭炮炸点炼烁烂烈烘烙烛烟烤烦烧烫热烹焊焕焙焚焦焰然煌煎煞煤照煮熄熊熏熔熙熟熬燃燎燕燥爆爪爬爱爵父爷爸爹爽片版牌牍牙牛牡牢牧物牲牵特牺犀犁犬犯状犹狂狈狐狗狞狠狡独狭狮狰狱狸狼猎猖猛猜猩猪猫猬献猴猾猿玄率玉王玖玛玩玫环现玲玷玻珊珍珠班球琅理琉琐琢琳琴琼瑞瑟瑰璃璧瓜瓢瓣瓤瓦瓮瓶瓷甘甚甜生甥用甩甫田由甲申电男甸画畅界畏畔留畜略畦番畴畸疆疏疑疗疙疚疟疤疫疮疯疲疹疼疾病症痊痒痕痘痛痢痪痰痴痹瘟瘤瘦瘩瘪瘫瘸瘾癌癞癣登白百皂的皆皇皮皱皿盅盆盈益盏盐监盒盔盖盗盘盛盟目盯盲直相盹盼盾省眉看真眠眨眯眶眷眼着睁睛睡督睦睬睹瞄瞎瞒瞧瞪瞬瞭瞳瞻矗矛矢知矩矫短矮石矾矿码砂砌砍研砖砚砰破砸砾础硅硕硝硫硬确硼碉碌碍碎碑碗碘碟碧碰碱碳碴碾磁磅磕磨磷磺礁示礼社祈祖祝神祟祠祥票祭祷祸禀禁福离禽禾秀私秃秆秉秋种科秒秕秘租秤秦秧秩秫积称秸移秽稀程稍税稚稠稳稻稼稽稿穆穗穴究穷空穿突窃窄窍窑窒窖窗窘窜窝窟窥窿立竖站竞竟章竣童竭端竹竿笆笋笑笔笙笛笤符笨第笼等筋筏筐筑筒答策筛筝筷筹签简箍箕算管箩箫箭箱篇篓篙篡篮篱篷簇簸簿籍米类籽粉粒粗粘粟粤粥粪粮粱粹精糊糕糖糙糜糟糠糯系紊素索紧紫累絮繁纠红纤约级纪纫纬纯纱纲纳纵纷纸纹纺纽线练组绅细织终绊绍绎经绑绒结绕绘给络绝绞统绢绣继绩绪续绰绳维绵绷绸综绽绿缀缅缆缎缓缔缕编缘缚缝缠缤缨缩缭缰缴缸缺罐网罕罗罚罢罩罪置署羊美羔羞羡群羹羽翁翅翎翔翘翠翩翰翻翼耀老考者而耍耐耕耕耗耙耳耸耻耽耿聂聊聋职联聘聚聪肃肄肆肉肋肌肖肘肚肛肝肠股肢肤肥肩肪肮肯育肴肺肾肿胀胁胃胆背胎胖胚胜胞胡胧胯胰胳胶胸能脂脆脉脊脏脐脑脓脖脚脯脱脸脾腊腋腌腐腔腕腥腮腰腹腺腻腾腿膀膊膏膘膛膜膝膨膳臀臂臊臣自臭至致臼舀舅舆舌舍舒舔舞舟航般舰舱舵舶舷船艇艘良艰色艳艺艾节芋芍芒芙芜芝芥芦芬芭芯花芳芹芽苇苍苏苔苗苛苞苟若苦苫英苹茁茂范茄茅茉茎茧茫茬茴茵茶茸荆草荐荒荔荚荞荠荡荣荤荧药荷荸莉莫莱莲获莹莺莽菇菊菌菜菠菩菱菲萄萌萍萎萝萤营萧萨落著葛葡董葫葬葱葵蒂蒋蒙蒜蒲蒸蒿蓄蓉蓖蓝蓬蔑蔓蔗蔚蔫蔬蔼蔽蕉蕊蕴蕾薄薇薛薪薯藏藐藕藤藻蘑蘸虎虏虐虑虚虫虱虹虽虾蚀蚁蚂蚊蚌蚓蚕蚜蚣蚤蚪蚯蛀蛆蛇蛉蛋蛔蛙蛛蛤蛮蛹蛾蜀蜂蜈蜒蜓蜕蜗蜘蜜蜡蜻蝇蝉蝌蝎蝗蝙蝠蝴蝶螃融螟螺蟀蟆蟋蟹蠕蠢血衅行衍衔街衙衡衣补表衩衫衬衰衷袁袄袋袍袒袖袜被袭袱裁裂装裆裉裕裙裤裳裸裹褂褐褒褥襟西要覆见观规觅视览觉角解触言誉誊誓警譬计订认讥讨让训议讯记讲讳讶许讹论讼讽设访诀证评诅识诈诉诊词译试诗诚话诞诡询该详诫诬语误诱诲说诵请诸诺读诽课谁调谅谆谈谊谋谍谎谐谒谓谚谜谢谣谤谦谨谬谭谱谴谷豁豆豌象豪豫豹豺貌贝贞负贡财责贤败账货货质贩贪贫贬购贮贯贰贱贴贵贸费贺贼贾贿赁赂赃资赊赋赌赎赏赐赔赖赘赚赛赞赠赡赢赤赦赫走赴赵赶起趁超越趋趟趣足趴趾跃跋跌跑跛距跟跨跪路跳践跷跺踊踏踢踩踪踱蹂蹄蹈蹋蹦蹬蹭蹲躁躏身躬躯躲躺车轧轨轩转轮软轰轴轻载轿较辅辆辈辉辐辑输辕辖辙辛辜辞辟辣辨辩辫辰辱边辽达迁迂迄迅过迈迎运近返还这进远违连迟迫述迷迹追退送适逃逆选逊透逐递途逗通逛逝逞速造逢逮逸逻逼逾遂遇遍遏道遗遣遥遭遮遵避邀邑邓邢那邦邪邮邻郁郊郎郑部郭都鄙酌配酒酗酝酣酥酪酬酱酵酷酸酿醇醉醋醒采释里重野量金鉴针钉钓钙钝钞钟钠钢钥钦钧钩钮钱钳钻钾铁铃铅铆铐铛铜铝铡铣铭铲银铸铺链销锁锄锅锈锉锋锌锐错锚锡锣锤锥锦锨锭键锯锰锹锻镀镇镊镐镜镣镰镶长门闪闭问闯闰闲间闷闸闹闺闻闽阀阁阅阎阐阔队阱防阳阴阵阶阻阿附际陆陈陋陌降限陕陡院除陨险陪陵陶陷隅隆随隐隔隘隙障隧隶难雀雁雄雅集雇雌雏雕雨雪雳零雷雹雾需震霉霍霎霜霞露霸霹青靖静非靠靡面革靴靶鞋鞍鞠鞭韧韩韭音韵页顶顷项顺须顽顾顿颁颂预颅领颇颈颊频颓颖颗题颜额颠颤风飒飘飞食餐饥饭饮饰饱饲饵饶饺饼饿馁馅馆馋馍馏馒首香马驮驯驰驱驳驴驶驹驻驼驾骂骄骆骇验骏骑骗骚骡骤骨髓高鬓鬼魁魂魄魏魔鱼鲁鲜鲤鲫鲸鳄鳍鳖鳞鸟鸠鸡鸣鸥鸦鸭鸯鸳鸵鸽鸿鹃鹅鹉鹊鹏鹤鹦鹰鹿麦麸麻黄黍黎黑黔默鼎鼓鼠鼻齐齿龄龙龟 --format lvgl -o chinese.c
 ******************************************************************************/

#ifdef __has_include
    #if __has_include("lvgl.h")
        #ifndef LV_LVGL_H_INCLUDE_SIMPLE
            #define LV_LVGL_H_INCLUDE_SIMPLE
        #endif
    #endif
#endif

#ifdef LV_LVGL_H_INCLUDE_SIMPLE
    #include "lvgl.h"
#else
    #include "lvgl/lvgl.h"
#endif



#ifndef CHINESE
#define CHINESE 1
#endif

#if CHINESE

/*-----------------
 *    BITMAPS
 *----------------*/

/*Store the image of the glyphs*/
static LV_ATTRIBUTE_LARGE_CONST const uint8_t glyph_bitmap[] = {
    /* U+0021 "!" */
    0xff, 0x20,

    /* U+0022 "\"" */
    0xb6, 0xd0,

    /* U+0023 "#" */
    0x14, 0x28, 0x93, 0xf2, 0x44, 0xbf, 0x94, 0x28,
    0x90,

    /* U+0024 "$" */
    0x10, 0x61, 0xf4, 0x99, 0x1a, 0x1e, 0xf, 0x13,
    0x27, 0x4b, 0xe1, 0x2, 0x0,

    /* U+0025 "%" */
    0x60, 0x9a, 0x22, 0x24, 0x45, 0x9, 0x20, 0xe8,
    0x1, 0x30, 0x4b, 0x9, 0x22, 0x24, 0x47, 0x80,

    /* U+0026 "&" */
    0x38, 0x22, 0x11, 0xd, 0x83, 0x83, 0x83, 0x6d,
    0x1c, 0x86, 0x67, 0x1e, 0x40,

    /* U+0027 "'" */
    0xf0,

    /* U+0028 "(" */
    0x29, 0x29, 0x24, 0x91, 0x24, 0x40,

    /* U+0029 ")" */
    0x89, 0x22, 0x49, 0x25, 0x25, 0x0,

    /* U+002A "*" */
    0x27, 0xc8, 0xa0,

    /* U+002B "+" */
    0x10, 0x20, 0x40, 0x8f, 0xe2, 0x4, 0x8,

    /* U+002C "," */
    0xdc,

    /* U+002D "-" */
    0xfe,

    /* U+002E "." */
    0x80,

    /* U+002F "/" */
    0x11, 0x22, 0x24, 0x44, 0x48, 0x80,

    /* U+0030 "0" */
    0x38, 0x8a, 0xc, 0x18, 0x30, 0x60, 0xc1, 0xc6,
    0x88, 0xe0,

    /* U+0031 "1" */
    0x25, 0xf2, 0x49, 0x24, 0x80,

    /* U+0032 "2" */
    0x79, 0x9e, 0x1c, 0x30, 0xe3, 0x8e, 0x30, 0xc1,
    0x3, 0xf8,

    /* U+0033 "3" */
    0x79, 0x9a, 0x14, 0x20, 0xc7, 0x81, 0x81, 0x83,
    0x8d, 0xf0,

    /* U+0034 "4" */
    0x4, 0xc, 0x1c, 0x14, 0x24, 0x64, 0x44, 0xff,
    0x4, 0x4, 0x4,

    /* U+0035 "5" */
    0x7d, 0x8, 0x3e, 0xcc, 0x10, 0x61, 0xcd, 0xe0,

    /* U+0036 "6" */
    0x3c, 0x8e, 0xc, 0xb, 0xd8, 0xe0, 0xc1, 0x82,
    0x88, 0xe0,

    /* U+0037 "7" */
    0xfe, 0xc, 0x30, 0x41, 0x82, 0xc, 0x10, 0x20,
    0x40,

    /* U+0038 "8" */
    0x39, 0x14, 0x51, 0x48, 0xec, 0xe1, 0x87, 0x37,
    0x80,

    /* U+0039 "9" */
    0x7b, 0x28, 0x61, 0x87, 0x37, 0xc1, 0x87, 0x27,
    0x0,

    /* U+003A ":" */
    0x81,

    /* U+003B ";" */
    0xc0, 0x3, 0x60,

    /* U+003C "<" */
    0x6, 0x3b, 0x86, 0x3, 0x1, 0xc0, 0x80,

    /* U+003D "=" */
    0xfe, 0x0, 0x7, 0xf0,

    /* U+003E ">" */
    0xc0, 0xe0, 0x38, 0x31, 0x9c, 0x20, 0x0,

    /* U+003F "?" */
    0x39, 0x18, 0x61, 0x4, 0x21, 0x4, 0x10, 0x1,
    0x0,

    /* U+0040 "@" */
    0xc, 0xc, 0xc4, 0xa, 0x75, 0x92, 0x68, 0x9a,
    0x2a, 0x9a, 0xdb, 0x18, 0x63, 0xf0,

    /* U+0041 "A" */
    0xc, 0xe, 0x5, 0x2, 0xc3, 0x61, 0x90, 0x8c,
    0xfe, 0x41, 0x20, 0xf0, 0x60,

    /* U+0042 "B" */
    0xfc, 0x86, 0x82, 0x82, 0x86, 0xfc, 0x83, 0x81,
    0x81, 0x83, 0xfe,

    /* U+0043 "C" */
    0x3e, 0x43, 0xc1, 0x80, 0x80, 0x80, 0x80, 0x81,
    0xc1, 0x62, 0x3c,

    /* U+0044 "D" */
    0xfc, 0x82, 0x83, 0x81, 0x81, 0x81, 0x81, 0x81,
    0x83, 0x82, 0xfc,

    /* U+0045 "E" */
    0xff, 0x2, 0x4, 0x8, 0x1f, 0xa0, 0x40, 0x81,
    0x3, 0xf8,

    /* U+0046 "F" */
    0xff, 0x2, 0x4, 0x8, 0x1f, 0xa0, 0x40, 0x81,
    0x2, 0x0,

    /* U+0047 "G" */
    0x3e, 0x30, 0xb0, 0x70, 0x8, 0x4, 0x3e, 0x3,
    0x1, 0x41, 0xb1, 0xc7, 0xa0,

    /* U+0048 "H" */
    0x81, 0x81, 0x81, 0x81, 0x81, 0xff, 0x81, 0x81,
    0x81, 0x81, 0x81,

    /* U+0049 "I" */
    0xff, 0xe0,

    /* U+004A "J" */
    0x8, 0x42, 0x10, 0x84, 0x31, 0x8c, 0x5c,

    /* U+004B "K" */
    0x86, 0x8c, 0x88, 0x90, 0xb0, 0xf0, 0xd8, 0x8c,
    0x84, 0x86, 0x83,

    /* U+004C "L" */
    0x82, 0x8, 0x20, 0x82, 0x8, 0x20, 0x82, 0xf,
    0xc0,

    /* U+004D "M" */
    0xc0, 0xf0, 0x3e, 0x1e, 0x85, 0xa1, 0x6c, 0xd9,
    0x26, 0x49, 0x9e, 0x63, 0x18, 0xc4,

    /* U+004E "N" */
    0xc1, 0xc1, 0xe1, 0xb1, 0x91, 0x99, 0x89, 0x8d,
    0x87, 0x83, 0x83,

    /* U+004F "O" */
    0x3e, 0x31, 0xb0, 0x70, 0x18, 0xc, 0x6, 0x3,
    0x1, 0xc1, 0x31, 0x8f, 0x80,

    /* U+0050 "P" */
    0xfd, 0xe, 0xc, 0x18, 0x7f, 0xa0, 0x40, 0x81,
    0x2, 0x0,

    /* U+0051 "Q" */
    0x3e, 0x31, 0xb0, 0x50, 0x18, 0xc, 0x6, 0x3,
    0x1, 0xc5, 0xb1, 0x8f, 0xe0, 0x10,

    /* U+0052 "R" */
    0xfe, 0x83, 0x81, 0x81, 0x83, 0xfe, 0x83, 0x81,
    0x81, 0x81, 0x81,

    /* U+0053 "S" */
    0x3c, 0x62, 0x41, 0x40, 0x70, 0x3e, 0x3, 0x81,
    0x81, 0x43, 0x3e,

    /* U+0054 "T" */
    0xff, 0x8, 0x8, 0x8, 0x8, 0x8, 0x8, 0x8,
    0x8, 0x8, 0x8,

    /* U+0055 "U" */
    0x81, 0x81, 0x81, 0x81, 0x81, 0x81, 0x81, 0x81,
    0x81, 0xc2, 0x7c,

    /* U+0056 "V" */
    0xc1, 0xa0, 0xd8, 0x4c, 0x62, 0x31, 0x90, 0xd8,
    0x2c, 0x14, 0xe, 0x3, 0x0,

    /* U+0057 "W" */
    0xc2, 0x1a, 0x38, 0xd1, 0x44, 0x8a, 0x26, 0x51,
    0x16, 0xd8, 0xa2, 0x85, 0x14, 0x28, 0xa1, 0xc3,
    0x4, 0x10,

    /* U+0058 "X" */
    0x41, 0xb1, 0x8c, 0x82, 0xc1, 0xc0, 0x60, 0x70,
    0x6c, 0x23, 0x31, 0x90, 0x60,

    /* U+0059 "Y" */
    0xc1, 0xb1, 0x88, 0x86, 0xc1, 0x40, 0xe0, 0x20,
    0x10, 0x8, 0x4, 0x2, 0x0,

    /* U+005A "Z" */
    0x7f, 0x3, 0x6, 0x4, 0xc, 0x18, 0x10, 0x30,
    0x60, 0xe0, 0xff,

    /* U+005B "[" */
    0xf2, 0x49, 0x24, 0x92, 0x49, 0xc0,

    /* U+005C "\\" */
    0x88, 0x84, 0x44, 0x22, 0x21, 0x10,

    /* U+005D "]" */
    0xe4, 0x92, 0x49, 0x24, 0x93, 0xc0,

    /* U+005E "^" */
    0x65,

    /* U+005F "_" */
    0xff,

    /* U+0060 "`" */
    0x44,

    /* U+0061 "a" */
    0x79, 0x88, 0x11, 0xee, 0x50, 0xa3, 0x3b,

    /* U+0062 "b" */
    0x82, 0x8, 0x3e, 0xce, 0x18, 0x61, 0x87, 0x2f,
    0x80,

    /* U+0063 "c" */
    0x79, 0x38, 0x60, 0x82, 0x1c, 0x9e,

    /* U+0064 "d" */
    0x4, 0x10, 0x5d, 0xce, 0x18, 0x61, 0x87, 0x37,
    0xc0,

    /* U+0065 "e" */
    0x78, 0x8a, 0x17, 0xe8, 0x10, 0xb3, 0x3c,

    /* U+0066 "f" */
    0x69, 0x74, 0x92, 0x49, 0x0,

    /* U+0067 "g" */
    0x77, 0x38, 0x61, 0x86, 0x1c, 0xdf, 0x7, 0x37,
    0x80,

    /* U+0068 "h" */
    0x82, 0x8, 0x2e, 0xc6, 0x18, 0x61, 0x86, 0x18,
    0x40,

    /* U+0069 "i" */
    0x9f, 0xe0,

    /* U+006A "j" */
    0x41, 0x55, 0x55, 0x70,

    /* U+006B "k" */
    0x82, 0x8, 0x22, 0x92, 0x8e, 0x2c, 0x92, 0x68,
    0xc0,

    /* U+006C "l" */
    0xff, 0xe0,

    /* U+006D "m" */
    0xb7, 0x66, 0x62, 0x31, 0x18, 0x8c, 0x46, 0x23,
    0x11,

    /* U+006E "n" */
    0xbb, 0x38, 0x61, 0x86, 0x18, 0x61,

    /* U+006F "o" */
    0x79, 0x8a, 0x14, 0x28, 0x70, 0xb1, 0x3c,

    /* U+0070 "p" */
    0xbb, 0x38, 0x61, 0x86, 0x1c, 0xbe, 0x82, 0x8,
    0x0,

    /* U+0071 "q" */
    0x77, 0x38, 0x61, 0x86, 0x1c, 0xdf, 0x4, 0x10,
    0x40,

    /* U+0072 "r" */
    0xba, 0x49, 0x24,

    /* U+0073 "s" */
    0x7a, 0x38, 0x3c, 0x3e, 0x38, 0xde,

    /* U+0074 "t" */
    0x4b, 0xa4, 0x92, 0x4c,

    /* U+0075 "u" */
    0x86, 0x18, 0x61, 0x86, 0x18, 0xdd,

    /* U+0076 "v" */
    0xc6, 0x89, 0x13, 0x62, 0x85, 0xe, 0x8,

    /* U+0077 "w" */
    0xcc, 0x53, 0x34, 0xc9, 0x3a, 0x72, 0x8c, 0xc3,
    0x30, 0xcc,

    /* U+0078 "x" */
    0x44, 0xd8, 0xa1, 0xc3, 0x85, 0x1b, 0x63,

    /* U+0079 "y" */
    0x46, 0x89, 0x13, 0x22, 0x85, 0xe, 0x8, 0x10,
    0x61, 0x80,

    /* U+007A "z" */
    0xfc, 0x31, 0x8c, 0x21, 0x8c, 0x3f,

    /* U+007B "{" */
    0x69, 0x24, 0xa4, 0x49, 0x24, 0xc0,

    /* U+007C "|" */
    0xff, 0xe0,

    /* U+007D "}" */
    0xc4, 0x44, 0x44, 0x23, 0x44, 0x44, 0x4c,

    /* U+007E "~" */
    0xe6, 0x70,

    /* U+4E00 "一" */
    0xff, 0xf0,

    /* U+4E01 "丁" */
    0xff, 0xf0, 0x20, 0x2, 0x0, 0x20, 0x2, 0x0,
    0x20, 0x2, 0x0, 0x20, 0x2, 0x0, 0x20, 0xe,
    0x0,

    /* U+4E03 "七" */
    0x4, 0x0, 0x40, 0x4, 0x0, 0x41, 0x5, 0xf1,
    0xf0, 0xf4, 0x0, 0x40, 0x4, 0x0, 0x41, 0x4,
    0x30, 0x7e,

    /* U+4E07 "万" */
    0xff, 0xf0, 0x80, 0x8, 0x0, 0xfc, 0x8, 0x40,
    0x84, 0x18, 0x41, 0x4, 0x20, 0x4c, 0x1c, 0x0,
    0x0,

    /* U+4E08 "丈" */
    0x1, 0x0, 0x8, 0x0, 0x40, 0xff, 0xe0, 0x10,
    0x8, 0x80, 0x24, 0x1, 0xa0, 0x6, 0x0, 0x38,
    0x7, 0x38, 0xe0, 0x60,

    /* U+4E09 "三" */
    0x7f, 0xe0, 0x0, 0x0, 0x0, 0x0, 0x3f, 0xc0,
    0x0, 0x0, 0x0, 0x0, 0x0, 0xf, 0xff,

    /* U+4E0A "上" */
    0x4, 0x0, 0x40, 0x4, 0x0, 0x40, 0x7, 0xe0,
    0x40, 0x4, 0x0, 0x40, 0x4, 0x0, 0x40, 0x4,
    0xf, 0xff,

    /* U+4E0B "下" */
    0xff, 0xf0, 0x40, 0x4, 0x0, 0x50, 0x5, 0x80,
    0x4c, 0x4, 0x60, 0x40, 0x4, 0x0, 0x40, 0x4,
    0x0,

    /* U+4E0D "不" */
    0x7f, 0xf8, 0x8, 0x0, 0xc0, 0x6, 0x80, 0x76,
    0x5, 0x98, 0x4c, 0x6c, 0x63, 0x3, 0x0, 0x18,
    0x0, 0xc0,

    /* U+4E0E "与" */
    0x30, 0x3, 0x0, 0x3f, 0xf3, 0x0, 0x30, 0x3,
    0xfe, 0x0, 0x20, 0x2, 0xff, 0xa0, 0x2, 0x0,
    0x60, 0x1c,

    /* U+4E10 "丐" */
    0xff, 0xe0, 0x40, 0x4, 0x4, 0x40, 0x47, 0xc4,
    0x40, 0x44, 0x7, 0xfe, 0x0, 0x60, 0x4, 0x0,
    0x40, 0x1c, 0x0, 0x0,

    /* U+4E11 "丑" */
    0x7f, 0xc0, 0x44, 0xc, 0x40, 0x84, 0x7f, 0xc0,
    0x84, 0x8, 0x40, 0x84, 0x8, 0x4f, 0xff,

    /* U+4E13 "专" */
    0x4, 0x0, 0x40, 0x7f, 0xe0, 0x80, 0xff, 0xf0,
    0x80, 0x10, 0x1, 0xfe, 0x0, 0x81, 0xb0, 0xe,
    0x0, 0x38, 0x0, 0x80,

    /* U+4E14 "且" */
    0x3f, 0xc2, 0x4, 0x20, 0x42, 0x4, 0x3f, 0xc2,
    0x4, 0x20, 0x43, 0xfc, 0x20, 0x42, 0x4, 0xff,
    0xf0,

    /* U+4E16 "世" */
    0x4, 0x41, 0x22, 0x9, 0x10, 0x48, 0x8f, 0xff,
    0x92, 0x20, 0x91, 0x4, 0x88, 0x27, 0xc1, 0x0,
    0x8, 0x0, 0x7f, 0xe0,

    /* U+4E18 "丘" */
    0x0, 0x60, 0xff, 0x4, 0x0, 0x20, 0x1, 0x0,
    0xf, 0xf8, 0x42, 0x2, 0x10, 0x10, 0x80, 0x84,
    0x4, 0x21, 0xff, 0xf0,

    /* U+4E19 "丙" */
    0xff, 0xf8, 0x10, 0x0, 0x80, 0x7f, 0xc2, 0x22,
    0x11, 0x10, 0x94, 0x84, 0xb4, 0x38, 0xa1, 0x1,
    0x8, 0x8, 0x40, 0xc0,

    /* U+4E1A "业" */
    0x9, 0x0, 0x90, 0x9, 0x4, 0x93, 0x49, 0x26,
    0x92, 0x29, 0x62, 0x94, 0x9, 0xc0, 0x90, 0x9,
    0xf, 0xff,

    /* U+4E1B "丛" */
    0x11, 0x81, 0x18, 0x11, 0x81, 0x18, 0x11, 0x83,
    0x18, 0x29, 0xc2, 0xd4, 0x42, 0x6c, 0x43, 0x4,
    0xf, 0xff,

    /* U+4E1C "东" */
    0x4, 0x0, 0xc0, 0xff, 0xf1, 0x80, 0x12, 0x2,
    0x20, 0x7f, 0xe0, 0x20, 0x12, 0x83, 0x24, 0x62,
    0x3c, 0x60, 0xc, 0x0,

    /* U+4E1D "丝" */
    0x10, 0xc3, 0x8, 0x21, 0x84, 0xd3, 0xdb, 0x6f,
    0x3c, 0x30, 0x86, 0x11, 0x7f, 0xf0, 0x0, 0x0,
    0xf, 0xff,

    /* U+4E22 "丢" */
    0x0, 0xe1, 0xff, 0x0, 0x80, 0x4, 0x3, 0xfe,
    0x1, 0x3, 0xff, 0xe0, 0xc0, 0x8, 0x80, 0x82,
    0xf, 0xf8, 0x0, 0x40,

    /* U+4E24 "两" */
    0xff, 0xf0, 0x90, 0x9, 0x7, 0xfe, 0x49, 0x24,
    0x92, 0x55, 0xa5, 0x2e, 0x46, 0x24, 0x2, 0x40,
    0xe0,

    /* U+4E25 "严" */
    0x7f, 0xf0, 0x24, 0xd, 0x2c, 0x29, 0x40, 0x4a,
    0x1f, 0xfc, 0x80, 0x4, 0x0, 0x20, 0x3, 0x0,
    0x10, 0x1, 0x0, 0x0,

    /* U+4E27 "丧" */
    0x4, 0xf, 0xfe, 0x4, 0x2, 0x48, 0x35, 0x80,
    0x40, 0xff, 0xf2, 0x40, 0x24, 0xc2, 0x30, 0x29,
    0x83, 0x7, 0x0, 0x0,

    /* U+4E2A "个" */
    0x0, 0x0, 0x10, 0x1, 0x40, 0x1b, 0x1, 0x8c,
    0x19, 0x3b, 0x88, 0x60, 0x40, 0x2, 0x0, 0x10,
    0x0, 0x80, 0x4, 0x0, 0x20, 0x0,

    /* U+4E2D "中" */
    0x4, 0x1, 0x0, 0x43, 0xff, 0x84, 0x61, 0x18,
    0x47, 0xff, 0x84, 0x41, 0x0, 0x40, 0x10,

    /* U+4E30 "丰" */
    0x4, 0x0, 0x83, 0xff, 0x82, 0x0, 0x40, 0xff,
    0x81, 0x0, 0x20, 0xff, 0xe0, 0x80, 0x10, 0x2,
    0x0,

    /* U+4E32 "串" */
    0x4, 0x1f, 0xfb, 0x11, 0x62, 0x2f, 0xfc, 0x8,
    0x3f, 0xf4, 0x22, 0x84, 0x5f, 0xfa, 0x11, 0x82,
    0x0,

    /* U+4E34 "临" */
    0x22, 0x14, 0x42, 0x9f, 0xd6, 0xa, 0x91, 0x42,
    0x29, 0xfd, 0x29, 0xa5, 0x34, 0xa4, 0x9f, 0x92,
    0x10,

    /* U+4E38 "丸" */
    0x4, 0x0, 0x20, 0x1, 0x0, 0xff, 0x80, 0x48,
    0x2, 0x40, 0x72, 0x1, 0x90, 0xa, 0x80, 0x84,
    0xc, 0x25, 0x81, 0xe0,

    /* U+4E39 "丹" */
    0x3f, 0xc2, 0x4, 0x24, 0x42, 0x64, 0x26, 0x42,
    0x4, 0xff, 0xf2, 0x4, 0x20, 0x46, 0x4, 0x40,
    0x4c, 0x1c,

    /* U+4E3A "为" */
    0x2, 0x6, 0x40, 0x68, 0x1, 0x7, 0xfe, 0xc,
    0x41, 0x8, 0x39, 0x9, 0xa3, 0xd, 0x81, 0xe0,
    0xe0,

    /* U+4E3B "主" */
    0x2, 0x0, 0x10, 0x0, 0x80, 0xff, 0xe0, 0x20,
    0x1, 0x0, 0x8, 0x7, 0xfc, 0x2, 0x0, 0x10,
    0x0, 0x80, 0x4, 0xf, 0xff, 0x80,

    /* U+4E3D "丽" */
    0xff, 0xf0, 0x0, 0x7b, 0xe4, 0x92, 0x59, 0xa5,
    0x9a, 0x59, 0xe4, 0x92, 0x49, 0x25, 0x96, 0x43,
    0x60,

    /* U+4E3E "举" */
    0x0, 0x0, 0x88, 0xc1, 0x12, 0x4, 0x10, 0x7f,
    0xf8, 0x23, 0x1, 0xb4, 0xc, 0xcc, 0x6f, 0xd8,
    0xc, 0x7, 0xff, 0x80, 0xc0, 0x3, 0x0,

    /* U+4E43 "乃" */
    0x7f, 0xc0, 0xc4, 0x8, 0x80, 0x88, 0x8, 0xf0,
    0x82, 0x8, 0x21, 0x2, 0x30, 0x26, 0xe, 0xc0,
    0x0,

    /* U+4E45 "久" */
    0x0, 0x0, 0xc0, 0x8, 0x1, 0xf8, 0x31, 0x2,
    0x10, 0x43, 0x0, 0x30, 0x5, 0x80, 0x8c, 0x30,
    0x6e, 0x3, 0x0, 0x0,

    /* U+4E48 "么" */
    0xc, 0x0, 0x80, 0x19, 0x1, 0x18, 0x21, 0x6,
    0x20, 0xc6, 0x0, 0x48, 0x8, 0xc1, 0x6, 0x7f,
    0xf4, 0x1,

    /* U+4E49 "义" */
    0xc, 0x2, 0x44, 0x66, 0x42, 0x4c, 0x30, 0x81,
    0x18, 0x19, 0x0, 0xe0, 0x6, 0x1, 0xb0, 0x71,
    0xfc, 0x6,

    /* U+4E4B "之" */
    0x4, 0x0, 0x60, 0x4, 0x7, 0xfc, 0x0, 0xc0,
    0x18, 0x2, 0x0, 0x40, 0x18, 0x7, 0x0, 0xd8,
    0x10, 0x7f,

    /* U+4E4C "乌" */
    0x4, 0x0, 0xc0, 0x3f, 0xc2, 0x4, 0x20, 0x42,
    0xc, 0x21, 0xc2, 0x0, 0x3f, 0xf0, 0x2, 0xff,
    0xa0, 0x2, 0x0, 0xe0,

    /* U+4E4D "乍" */
    0x8, 0x0, 0x80, 0x18, 0x1, 0xff, 0x34, 0x6,
    0x40, 0x47, 0xe0, 0x40, 0x4, 0x0, 0x7f, 0x4,
    0x0, 0x40, 0x4, 0x0,

    /* U+4E4E "乎" */
    0x0, 0xe7, 0xf8, 0x2, 0x41, 0x26, 0x12, 0xc0,
    0x20, 0xff, 0xf0, 0x20, 0x2, 0x0, 0x20, 0x2,
    0x0, 0xe0,

    /* U+4E4F "乏" */
    0x7, 0xe7, 0x80, 0x4, 0x0, 0x60, 0x7f, 0xc0,
    0x18, 0x3, 0x0, 0xc0, 0x10, 0x7, 0x0, 0xcf,
    0xf0,

    /* U+4E50 "乐" */
    0x0, 0x61, 0xfc, 0x8, 0xc0, 0x46, 0x2, 0x30,
    0x3f, 0xf8, 0xc, 0x3, 0x68, 0x33, 0x23, 0x18,
    0x90, 0xc4, 0xc, 0x0,

    /* U+4E52 "乒" */
    0x0, 0x43, 0xfc, 0x20, 0x2, 0x0, 0x3f, 0xe2,
    0x10, 0x21, 0xf, 0xff, 0x0, 0x1, 0x80, 0x60,
    0xc, 0x0,

    /* U+4E53 "乓" */
    0x0, 0x43, 0xfc, 0x20, 0x2, 0x0, 0x3f, 0xe2,
    0x10, 0x21, 0xf, 0xff, 0x0, 0x0, 0x38, 0x0,
    0xe0, 0x2,

    /* U+4E54 "乔" */
    0x0, 0x7, 0xfc, 0x4, 0xf, 0xff, 0x9, 0x1,
    0x18, 0x30, 0xcc, 0x97, 0x9, 0x1, 0x90, 0x31,
    0x6, 0x10,

    /* U+4E56 "乖" */
    0x0, 0x47, 0xfc, 0x4, 0xf, 0xfe, 0x4, 0x1,
    0x4a, 0xf4, 0xe1, 0x48, 0x34, 0x9d, 0x4e, 0x4,
    0x0, 0x40,

    /* U+4E58 "乘" */
    0x0, 0x61, 0xfe, 0x0, 0x80, 0xff, 0xe0, 0xa5,
    0x3d, 0x30, 0x69, 0x4d, 0xee, 0xb, 0x80, 0xd7,
    0x38, 0x8c, 0x84, 0x0,

    /* U+4E59 "乙" */
    0xff, 0xc0, 0x30, 0x8, 0x6, 0x1, 0x80, 0x60,
    0x18, 0x2, 0x1, 0xc0, 0x6f, 0xf8,

    /* U+4E5D "九" */
    0x4, 0x0, 0x20, 0x1, 0x0, 0xff, 0x80, 0x48,
    0x2, 0x40, 0x22, 0x1, 0x10, 0x8, 0x80, 0x84,
    0x98, 0x24, 0x81, 0xe0,

    /* U+4E5E "乞" */
    0x18, 0x1, 0x0, 0x3f, 0xe6, 0x0, 0x40, 0xb,
    0xfc, 0x3, 0x80, 0x60, 0x8, 0x3, 0x2, 0x20,
    0x23, 0xfe,

    /* U+4E5F "也" */
    0x2, 0x0, 0x10, 0x4, 0x88, 0x27, 0xc1, 0xe2,
    0x79, 0x30, 0x49, 0x82, 0x78, 0x12, 0xc0, 0x90,
    0x84, 0x4, 0x3f, 0xe0,

    /* U+4E60 "习" */
    0xff, 0xc0, 0x11, 0x4, 0x61, 0xc, 0x40, 0x10,
    0x74, 0xf1, 0x60, 0x40, 0x30, 0x18,

    /* U+4E61 "乡" */
    0x6, 0x1, 0x88, 0x63, 0x18, 0xc7, 0xf0, 0x8,
    0x46, 0x19, 0xfe, 0x0, 0xc0, 0x30, 0x78, 0x38,
    0x0,

    /* U+4E66 "书" */
    0x8, 0x81, 0x18, 0x21, 0xff, 0xc0, 0x88, 0x11,
    0x3f, 0xf0, 0x42, 0x8, 0x41, 0x8, 0x27, 0x4,
    0x0,

    /* U+4E70 "买" */
    0x7f, 0xe0, 0xc, 0xc9, 0x85, 0x3, 0x20, 0x24,
    0x3f, 0xf8, 0x30, 0x5, 0x8f, 0x1b, 0x0, 0x80,

    /* U+4E71 "乱" */
    0x4, 0x87, 0xf4, 0x4, 0x20, 0x21, 0xf, 0xe8,
    0x8, 0x40, 0x42, 0xf, 0x90, 0x44, 0x82, 0x24,
    0x1f, 0x26, 0x89, 0xe0,

    /* U+4E73 "乳" */
    0x7, 0x43, 0xc2, 0x2, 0x50, 0x54, 0x80, 0x4,
    0x3f, 0xa0, 0x19, 0x1, 0x88, 0x7f, 0x43, 0x42,
    0x2, 0x12, 0x30, 0xf0,

    /* U+4E86 "了" */
    0xff, 0xe0, 0x18, 0xc, 0x2, 0x0, 0x40, 0x8,
    0x1, 0x0, 0x20, 0x4, 0x0, 0x80, 0x30, 0x0,

    /* U+4E88 "予" */
    0x7f, 0xe0, 0xc, 0x19, 0x0, 0x60, 0x2, 0xf,
    0xff, 0x4, 0x20, 0x42, 0x4, 0x0, 0x40, 0x4,
    0x0, 0xc0,

    /* U+4E89 "争" */
    0xc, 0x0, 0xc0, 0x7, 0xe0, 0x42, 0x5, 0xfe,
    0x1, 0x10, 0x8, 0x9f, 0xff, 0x2, 0x21, 0xff,
    0x0, 0x88, 0x4, 0x0, 0x60, 0x0,

    /* U+4E8B "事" */
    0x2, 0xf, 0xff, 0x2, 0x3, 0xfe, 0x22, 0x21,
    0xfc, 0x7f, 0xe0, 0x22, 0x7f, 0xf7, 0xfe, 0x2,
    0x20, 0xe0,

    /* U+4E8C "二" */
    0x7f, 0xe0, 0x0, 0x0, 0x0, 0x0, 0x0, 0x0,
    0x0, 0x0, 0x0, 0x0, 0xff, 0xf0,

    /* U+4E8E "于" */
    0x3f, 0xe0, 0x20, 0x2, 0x0, 0x20, 0xff, 0xf0,
    0x20, 0x2, 0x0, 0x20, 0x2, 0x0, 0xa0, 0x4,
    0x0,

    /* U+4E8F "亏" */
    0x3f, 0xc0, 0x0, 0x0, 0xf, 0xff, 0x10, 0x1,
    0x0, 0x1f, 0xc0, 0x4, 0x0, 0xc0, 0xc, 0x3,
    0x80,

    /* U+4E91 "云" */
    0x40, 0x43, 0xfc, 0x0, 0x0, 0x0, 0xff, 0xf0,
    0x40, 0xc, 0x0, 0x98, 0x10, 0xc2, 0x4, 0x7f,
    0xe0, 0x2,

    /* U+4E92 "互" */
    0x7f, 0xf0, 0x40, 0x2, 0x0, 0x1f, 0x81, 0x4,
    0x8, 0x20, 0x7f, 0x0, 0x8, 0x0, 0x47, 0xff,
    0xc0,

    /* U+4E94 "五" */
    0x7f, 0xf0, 0x30, 0x1, 0x0, 0x8, 0x3, 0xfe,
    0x2, 0x20, 0x11, 0x1, 0x88, 0x8, 0x47, 0xff,
    0xc0,

    /* U+4E95 "井" */
    0x8, 0x80, 0x88, 0x8, 0x87, 0xff, 0x8, 0x80,
    0x88, 0xff, 0xf0, 0x88, 0x18, 0x81, 0x8, 0x30,
    0x86, 0x8,

    /* U+4E9A "亚" */
    0x80, 0xf, 0xff, 0x9, 0x0, 0x90, 0x49, 0x34,
    0x92, 0x69, 0x62, 0x94, 0x9, 0x40, 0x90, 0x9,
    0xf, 0xff,

    /* U+4E9B "些" */
    0xc, 0x80, 0xb2, 0x2, 0xc9, 0x8b, 0xfc, 0x2c,
    0xc0, 0xb2, 0x23, 0xe8, 0x9c, 0x3e, 0x0, 0x0,
    0x7f, 0x80, 0x0, 0x1f, 0xfe,

    /* U+4EA1 "亡" */
    0x2, 0x0, 0x20, 0x2, 0xf, 0xff, 0x10, 0x1,
    0x0, 0x10, 0x1, 0x0, 0x10, 0x1, 0x0, 0x10,
    0x1, 0xfe,

    /* U+4EA4 "交" */
    0x4, 0x0, 0xc3, 0xff, 0x88, 0x81, 0x18, 0xc1,
    0xd4, 0x40, 0xd8, 0xa, 0x0, 0xc0, 0xef, 0x70,
    0x70,

    /* U+4EA5 "亥" */
    0x4, 0x0, 0x60, 0xff, 0xf0, 0xc0, 0x19, 0x83,
    0xf0, 0x22, 0x40, 0xcc, 0xf1, 0x4, 0x70, 0x1c,
    0xc6, 0x6,

    /* U+4EA6 "亦" */
    0x4, 0x0, 0x60, 0xff, 0xf0, 0x90, 0x9, 0x6,
    0x94, 0x49, 0x64, 0x92, 0x99, 0x31, 0x10, 0x67,
    0x4, 0x20,

    /* U+4EA7 "产" */
    0x3, 0x0, 0x18, 0x1f, 0xfe, 0x10, 0x80, 0x44,
    0x2, 0x40, 0xff, 0xe4, 0x0, 0x20, 0x1, 0x0,
    0x8, 0x0, 0xc0, 0xc, 0x0, 0x0, 0x0,

    /* U+4EA9 "亩" */
    0x4, 0x0, 0x60, 0xff, 0xf0, 0x0, 0x7f, 0xc6,
    0x44, 0x64, 0x47, 0xfc, 0x64, 0x46, 0x44, 0x7f,
    0xc6, 0x4,

    /* U+4EAB "享" */
    0x6, 0xf, 0xff, 0x0, 0x3, 0xfc, 0x20, 0x43,
    0xfc, 0x0, 0x7, 0xfc, 0x7, 0x8f, 0xff, 0x6,
    0x0, 0xe0, 0x0, 0x0,

    /* U+4EAC "京" */
    0x4, 0x0, 0x60, 0xff, 0xf0, 0x0, 0x3f, 0xc2,
    0x4, 0x3f, 0xc0, 0x60, 0x36, 0xc6, 0x66, 0xc6,
    0x20, 0x40,

    /* U+4EAD "亭" */
    0x0, 0x0, 0x20, 0xff, 0xf0, 0x0, 0x3f, 0xc2,
    0x4, 0x3f, 0xc0, 0x0, 0xff, 0xfb, 0xfd, 0x2,
    0x0, 0x20, 0xe, 0x0,

    /* U+4EAE "亮" */
    0x4, 0x1f, 0xfc, 0x0, 0x1f, 0xc2, 0x8, 0x3e,
    0x3f, 0xfc, 0x1, 0x1f, 0x2, 0x40, 0x4d, 0xf0,
    0xe0,

    /* U+4EB2 "亲" */
    0x6, 0x7, 0xfe, 0x10, 0x81, 0x98, 0x9, 0xf,
    0xff, 0x2, 0xf, 0xff, 0x12, 0x2, 0x2c, 0xc6,
    0x30, 0xc0,

    /* U+4EBA "人" */
    0x2, 0x0, 0x10, 0x0, 0x80, 0x4, 0x0, 0x20,
    0x3, 0x0, 0x14, 0x0, 0xa0, 0x8, 0x80, 0xc6,
    0xc, 0x1c, 0xc0, 0x30, 0x0, 0x0,

    /* U+4EBF "亿" */
    0x0, 0x1, 0x0, 0x2f, 0xe2, 0xc, 0x61, 0x86,
    0x10, 0xa2, 0x2, 0x60, 0x24, 0x2, 0xc0, 0x28,
    0x32, 0xfe,

    /* U+4EC0 "什" */
    0x18, 0x83, 0x8, 0x20, 0x86, 0x8, 0x6f, 0xfa,
    0x8, 0x20, 0x82, 0x8, 0x20, 0x82, 0x8, 0x20,
    0x82, 0x8,

    /* U+4EC1 "仁" */
    0x10, 0x1, 0x80, 0x9, 0xfc, 0x40, 0x6, 0x0,
    0x70, 0x2, 0x80, 0x4, 0x0, 0x20, 0x1, 0x0,
    0xb, 0xfe, 0x40, 0x0,

    /* U+4EC5 "仅" */
    0x10, 0x3, 0x0, 0x2f, 0xe2, 0x6, 0x64, 0x4e,
    0x44, 0xa2, 0xc2, 0x28, 0x23, 0x2, 0x38, 0x2c,
    0xf2, 0x82,

    /* U+4EC6 "仆" */
    0x11, 0x3, 0x10, 0x21, 0x6, 0x14, 0x61, 0x4e,
    0x12, 0xa1, 0x32, 0x10, 0x21, 0x2, 0x10, 0x21,
    0x2, 0x10,

    /* U+4EC7 "仇" */
    0x19, 0x1, 0x88, 0x8, 0x40, 0xdf, 0x86, 0x14,
    0x70, 0xa0, 0x85, 0x4, 0x28, 0x22, 0x41, 0x12,
    0x9, 0x96, 0x58, 0xe0,

    /* U+4ECA "今" */
    0x3, 0x0, 0x18, 0x1, 0x60, 0x11, 0x81, 0x27,
    0x31, 0x8d, 0x0, 0x7, 0xfc, 0x0, 0x40, 0x6,
    0x0, 0x20, 0x2, 0x0, 0x10, 0x0,

    /* U+4ECB "介" */
    0x2, 0x0, 0x28, 0x3, 0x60, 0x31, 0x83, 0x7,
    0x74, 0x48, 0x22, 0x1, 0x10, 0x8, 0x80, 0x44,
    0x4, 0x20, 0xc1, 0x0,

    /* U+4ECD "仍" */
    0x10, 0x3, 0x7e, 0x22, 0x22, 0x26, 0x62, 0x4e,
    0x27, 0xa2, 0x12, 0x23, 0x26, 0x22, 0x42, 0x2c,
    0x22, 0x8e,

    /* U+4ECE "从" */
    0x10, 0x80, 0x84, 0x4, 0x20, 0x21, 0x1, 0x8,
    0x8, 0x40, 0xe6, 0x5, 0xb8, 0x25, 0x43, 0x13,
    0x31, 0x8c, 0x38, 0x20, 0x0, 0x0,

    /* U+4ED1 "仑" */
    0x2, 0x0, 0x18, 0x1, 0x40, 0x19, 0x1, 0x86,
    0x18, 0x1d, 0xa0, 0x1, 0x38, 0xf, 0x0, 0x40,
    0x2, 0x8, 0x10, 0x60, 0xfe, 0x0,

    /* U+4ED3 "仓" */
    0x6, 0x0, 0x38, 0x2, 0x60, 0x21, 0x86, 0x7,
    0x6f, 0xe8, 0x42, 0x2, 0x10, 0x13, 0x80, 0x89,
    0x4, 0xc, 0x3f, 0xc0,

    /* U+4ED4 "仔" */
    0x10, 0x1, 0xbf, 0x88, 0x18, 0x41, 0x86, 0x8,
    0x30, 0x43, 0xbf, 0xe4, 0x10, 0x20, 0x81, 0x4,
    0x8, 0x20, 0x43, 0x0,

    /* U+4ED6 "他" */
    0x10, 0x81, 0x84, 0x9, 0x24, 0x49, 0xe6, 0x79,
    0x7e, 0x48, 0x92, 0x44, 0x9e, 0x24, 0xa1, 0x24,
    0x9, 0x2, 0x4f, 0xe0,

    /* U+4ED7 "仗" */
    0x10, 0x83, 0x8, 0x20, 0x86, 0xff, 0x60, 0x8e,
    0x48, 0x26, 0x82, 0x28, 0x21, 0x2, 0x38, 0x26,
    0x72, 0x81,

    /* U+4ED8 "付" */
    0x10, 0x43, 0x4, 0x20, 0x46, 0xff, 0x60, 0x4a,
    0x44, 0x26, 0x42, 0x24, 0x20, 0x42, 0x4, 0x20,
    0x42, 0x1c,

    /* U+4ED9 "仙" */
    0x10, 0x83, 0x8, 0x20, 0x82, 0x49, 0x64, 0x9e,
    0x49, 0x24, 0x92, 0x49, 0x24, 0x92, 0x49, 0x27,
    0xf2, 0x1,

    /* U+4EE3 "代" */
    0x32, 0x3, 0x24, 0x22, 0x42, 0x27, 0x67, 0x8f,
    0xa0, 0xa1, 0x2, 0x10, 0x21, 0x2, 0x8, 0x20,
    0xd2, 0x6,

    /* U+4EE4 "令" */
    0x3, 0x0, 0xc, 0x0, 0x48, 0x2, 0x30, 0x13,
    0x71, 0x84, 0x64, 0x0, 0xf, 0xf8, 0x0, 0x40,
    0x3, 0x0, 0xd8, 0x0, 0xc0, 0x0, 0x80,

    /* U+4EE5 "以" */
    0x0, 0x44, 0x4, 0x4c, 0x44, 0x64, 0x42, 0x44,
    0x4, 0x40, 0x85, 0x88, 0x70, 0xc6, 0x16, 0x46,
    0x31, 0xc2,

    /* U+4EEA "仪" */
    0x0, 0x1, 0x88, 0x8, 0x48, 0x4b, 0x46, 0x46,
    0x32, 0x23, 0x89, 0x4, 0x58, 0x21, 0x81, 0xc,
    0x8, 0xb0, 0x78, 0x73, 0x0, 0x0,

    /* U+4EEC "们" */
    0x12, 0x3, 0x2f, 0x23, 0x16, 0x41, 0x64, 0x1e,
    0x41, 0x24, 0x12, 0x41, 0x24, 0x12, 0x41, 0x24,
    0x12, 0x43,

    /* U+4EF0 "仰" */
    0x10, 0x1, 0x7f, 0x24, 0x92, 0x49, 0x64, 0x96,
    0x49, 0xa4, 0x92, 0x49, 0x27, 0x92, 0x6b, 0x24,
    0xa2, 0x8,

    /* U+4EF2 "仲" */
    0x18, 0x83, 0x8, 0x27, 0xf6, 0x49, 0x64, 0x9e,
    0x49, 0x24, 0x92, 0x7f, 0x24, 0x92, 0x8, 0x20,
    0x82, 0x8,

    /* U+4EF6 "件" */
    0x18, 0x81, 0x94, 0x9, 0xa0, 0xcf, 0xe6, 0x48,
    0x54, 0x40, 0x82, 0x5, 0xff, 0x20, 0x81, 0x4,
    0x8, 0x20, 0x41, 0x0,

    /* U+4EF7 "价" */
    0x11, 0x1, 0x9c, 0x8, 0xa0, 0xcc, 0xc6, 0xc3,
    0xfd, 0x28, 0x89, 0x4, 0x48, 0x22, 0x41, 0x22,
    0x9, 0x10, 0x50, 0x80,

    /* U+4EFB "任" */
    0x18, 0x71, 0xbf, 0x8, 0x20, 0xc1, 0x6, 0x8,
    0x57, 0xfc, 0x82, 0x4, 0x10, 0x20, 0x81, 0x4,
    0x9, 0xfc, 0x40, 0x0,

    /* U+4EFD "份" */
    0x10, 0x41, 0x92, 0x9, 0x98, 0x48, 0x46, 0x83,
    0x77, 0xfc, 0x88, 0xa4, 0x44, 0x22, 0x21, 0x21,
    0x9, 0x58, 0x51, 0x0,

    /* U+4EFF "仿" */
    0x31, 0x82, 0x18, 0x2f, 0xf6, 0x20, 0x62, 0xa,
    0x3e, 0x22, 0x22, 0x22, 0x26, 0x22, 0x42, 0x2c,
    0x62, 0x8c,

    /* U+4F01 "企" */
    0x6, 0x0, 0x60, 0xd, 0x1, 0x88, 0x32, 0x7e,
    0x23, 0x12, 0x1, 0x3c, 0x12, 0x1, 0x20, 0x12,
    0x7, 0xfe,

    /* U+4F0A "伊" */
    0x10, 0x3, 0x7e, 0x21, 0x22, 0x12, 0x6f, 0xfe,
    0x12, 0xa1, 0x22, 0xfe, 0x21, 0x22, 0x20, 0x26,
    0x2, 0xc0,

    /* U+4F0D "伍" */
    0x10, 0x2, 0xff, 0x23, 0x2, 0x20, 0x62, 0xe,
    0xfc, 0x22, 0x42, 0x24, 0x26, 0x42, 0x44, 0x3f,
    0xf2, 0x0,

    /* U+4F0F "伏" */
    0x18, 0x81, 0x85, 0x8, 0x24, 0x41, 0x6, 0x7f,
    0xf0, 0x42, 0x82, 0x4, 0x30, 0x21, 0x41, 0x11,
    0xb, 0x8e, 0x40, 0x0,

    /* U+4F10 "伐" */
    0x12, 0x3, 0x2c, 0x22, 0x62, 0x20, 0x67, 0xf6,
    0xe0, 0xa2, 0x62, 0x1c, 0x21, 0x82, 0x30, 0x26,
    0xb2, 0x86,

    /* U+4F11 "休" */
    0x11, 0x3, 0x10, 0x21, 0x7, 0xff, 0x63, 0x8a,
    0x78, 0x25, 0x42, 0x54, 0x29, 0x33, 0x11, 0x21,
    0x2, 0x10,

    /* U+4F17 "众" */
    0x2, 0x0, 0x28, 0x3, 0x40, 0x31, 0x87, 0x7,
    0x6c, 0x40, 0x42, 0x2, 0x10, 0x38, 0xc1, 0x3a,
    0x18, 0xcd, 0x8c, 0x20,

    /* U+4F18 "优" */
    0x11, 0x41, 0x8b, 0x8, 0x48, 0xdf, 0xe6, 0x10,
    0x50, 0xc2, 0x8a, 0x4, 0x50, 0x22, 0x81, 0x24,
    0xcb, 0x3c, 0x50, 0x80,

    /* U+4F19 "伙" */
    0x0, 0x0, 0x84, 0xc, 0x20, 0x49, 0x2, 0x49,
    0x32, 0x4b, 0x92, 0x84, 0x30, 0x21, 0x41, 0xa,
    0x8, 0x98, 0x4c, 0x62, 0xc1, 0x0,

    /* U+4F1A "会" */
    0x3, 0x0, 0x38, 0x3, 0x60, 0x31, 0x86, 0x7,
    0xef, 0xe8, 0x0, 0xf, 0xfe, 0x4, 0x0, 0x44,
    0x4, 0x30, 0x7f, 0xc2, 0x2, 0x0,

    /* U+4F1E "伞" */
    0x2, 0x0, 0x38, 0x3, 0x60, 0x35, 0x83, 0x23,
    0xa9, 0x20, 0x49, 0x3, 0x58, 0x2, 0x3, 0xff,
    0x80, 0x80, 0x4, 0x0,

    /* U+4F1F "伟" */
    0x11, 0x3, 0x10, 0x2f, 0xf6, 0x10, 0x6f, 0xea,
    0x10, 0xa1, 0x2, 0xff, 0x21, 0x12, 0x11, 0x21,
    0x72, 0x14,

    /* U+4F20 "传" */
    0x11, 0x1, 0x88, 0xb, 0xfc, 0xc4, 0xf, 0xff,
    0xd1, 0x2, 0x88, 0x4, 0x7c, 0x20, 0x61, 0x1e,
    0x8, 0x60, 0x40, 0xc0,

    /* U+4F24 "伤" */
    0x19, 0x1, 0x98, 0x8, 0xfe, 0xcd, 0x6, 0x8,
    0x53, 0xf8, 0x82, 0x44, 0x12, 0x21, 0x11, 0x18,
    0x89, 0x8c, 0x58, 0xc0,

    /* U+4F26 "伦" */
    0x11, 0x81, 0x8c, 0x8, 0x90, 0xcc, 0xc6, 0xc3,
    0xd5, 0x0, 0x89, 0x4, 0x70, 0x22, 0x1, 0x10,
    0x8, 0x84, 0x47, 0xc0,

    /* U+4F2A "伪" */
    0x14, 0x81, 0x34, 0x8, 0x20, 0xdf, 0xe6, 0x19,
    0x50, 0x88, 0x86, 0x44, 0x7a, 0x22, 0x11, 0x30,
    0x8b, 0x4, 0x50, 0xe0,

    /* U+4F2F "伯" */
    0x11, 0x83, 0x10, 0x27, 0xf6, 0x41, 0x64, 0x1e,
    0x41, 0xa7, 0xf2, 0x41, 0x24, 0x12, 0x41, 0x27,
    0xf2, 0x41,

    /* U+4F30 "估" */
    0x10, 0x81, 0x84, 0x8, 0x20, 0xdf, 0xf6, 0x8,
    0x50, 0x40, 0x9f, 0xc4, 0x82, 0x24, 0x11, 0x20,
    0x89, 0xfc, 0x48, 0x20,

    /* U+4F34 "伴" */
    0x10, 0x81, 0xa4, 0x89, 0xac, 0x45, 0x46, 0x8,
    0x73, 0xfa, 0x82, 0x4, 0x10, 0x2f, 0xf9, 0x4,
    0x8, 0x20, 0x41, 0x0,

    /* U+4F36 "伶" */
    0x0, 0x0, 0x8c, 0xc, 0x60, 0x44, 0x82, 0x42,
    0x36, 0x5f, 0xa0, 0x5, 0xfe, 0x20, 0x21, 0x12,
    0x8, 0xe0, 0x43, 0x2, 0xc, 0x0,

    /* U+4F38 "伸" */
    0x10, 0x83, 0x8, 0x2f, 0xf6, 0x89, 0x68, 0x9a,
    0xff, 0x28, 0x92, 0x89, 0x2f, 0xf2, 0x89, 0x20,
    0x82, 0x8,

    /* U+4F3A "伺" */
    0x10, 0x3, 0x7f, 0x20, 0x12, 0xfd, 0x60, 0x1e,
    0x1, 0x27, 0x92, 0x49, 0x27, 0x92, 0x49, 0x20,
    0x12, 0x7,

    /* U+4F3C "似" */
    0x11, 0x21, 0x8d, 0x9, 0x28, 0x48, 0x46, 0x42,
    0x72, 0x10, 0x94, 0x84, 0xac, 0x26, 0x61, 0x26,
    0x89, 0x64, 0x46, 0x0,

    /* U+4F43 "佃" */
    0x18, 0x3, 0x7f, 0x24, 0x96, 0x49, 0x64, 0x9e,
    0x7f, 0xa4, 0x92, 0x49, 0x24, 0x92, 0x49, 0x27,
    0xf2, 0x41,

    /* U+4F46 "但" */
    0x10, 0x2, 0x7e, 0x24, 0x26, 0x42, 0x67, 0xea,
    0x42, 0x24, 0x22, 0x42, 0x27, 0xe2, 0x0, 0x2f,
    0xf2, 0x0,

    /* U+4F4D "位" */
    0x10, 0x0, 0x84, 0x8, 0x20, 0x4f, 0xf6, 0x0,
    0x33, 0x12, 0x89, 0x84, 0x48, 0x23, 0x41, 0x2,
    0xb, 0xfe, 0x40, 0x0,

    /* U+4F4E "低" */
    0x10, 0x21, 0xbf, 0x89, 0x20, 0x49, 0x6, 0x48,
    0x33, 0xfa, 0x92, 0x4, 0x90, 0x24, 0x41, 0x2a,
    0x9, 0xde, 0x49, 0x60,

    /* U+4F4F "住" */
    0x11, 0x2, 0x10, 0x3f, 0xf6, 0x10, 0x61, 0xa,
    0x10, 0x2f, 0xe2, 0x10, 0x21, 0x2, 0x10, 0x21,
    0x3, 0xff,

    /* U+4F51 "佑" */
    0x10, 0x0, 0x8c, 0x8, 0x60, 0x5f, 0xf6, 0x30,
    0x71, 0x2, 0x98, 0x5, 0xfe, 0x3a, 0x11, 0x10,
    0x88, 0x84, 0x47, 0xe2, 0x21, 0x0,

    /* U+4F53 "体" */
    0x11, 0x1, 0x88, 0xf, 0xfe, 0xc7, 0x6, 0x34,
    0x52, 0xa0, 0x95, 0x5, 0xa4, 0x29, 0x31, 0xbe,
    0xc8, 0x40, 0x42, 0x0,

    /* U+4F55 "何" */
    0x10, 0x2, 0xff, 0x20, 0x26, 0x2, 0x67, 0xae,
    0x4a, 0xa4, 0xa2, 0x4a, 0x27, 0xa2, 0x4a, 0x20,
    0x22, 0x6,

    /* U+4F59 "余" */
    0x6, 0x0, 0x28, 0x2, 0x60, 0x21, 0x87, 0xff,
    0xe1, 0x8, 0x8, 0xf, 0xfc, 0x12, 0x1, 0x96,
    0x18, 0x8c, 0xc, 0x0,

    /* U+4F5B "佛" */
    0x12, 0x43, 0x24, 0x2f, 0xf6, 0x25, 0x6f, 0xfe,
    0xa4, 0x2a, 0x42, 0xff, 0x22, 0x52, 0x65, 0x24,
    0x72, 0x84,

    /* U+4F5C "作" */
    0x11, 0x3, 0x20, 0x23, 0xf6, 0x50, 0x6d, 0xa,
    0x1f, 0x21, 0x2, 0x10, 0x21, 0x2, 0x1f, 0x21,
    0x2, 0x10,

    /* U+4F60 "你" */
    0x11, 0x1, 0x98, 0x8, 0xfe, 0xc8, 0x26, 0xc9,
    0x50, 0x40, 0x8a, 0x84, 0x94, 0x24, 0x91, 0x44,
    0xc8, 0x20, 0x47, 0x0,

    /* U+4F63 "佣" */
    0x10, 0x1, 0x7f, 0x24, 0x92, 0x49, 0x67, 0xf6,
    0x49, 0xa4, 0x92, 0x7f, 0x24, 0x92, 0xc9, 0x28,
    0x92, 0x8b,

    /* U+4F69 "佩" */
    0x20, 0x1, 0x7f, 0x12, 0x8, 0x9f, 0xcc, 0x92,
    0x65, 0xf3, 0x35, 0x89, 0xac, 0x4d, 0x62, 0xeb,
    0x15, 0x68, 0xa2, 0x60, 0x0, 0x0,

    /* U+4F73 "佳" */
    0x18, 0x81, 0x84, 0x9, 0xfc, 0x41, 0x6, 0x8,
    0x77, 0xfe, 0x82, 0x4, 0x10, 0x27, 0xf1, 0x4,
    0x8, 0x20, 0x5f, 0xf0,

    /* U+4F7F "使" */
    0x30, 0x81, 0x84, 0xb, 0xfe, 0xc1, 0x6, 0x7f,
    0x72, 0x48, 0x9f, 0xc4, 0x90, 0x26, 0x81, 0x18,
    0x9, 0xbe, 0x58, 0x20,

    /* U+4F84 "侄" */
    0x10, 0x3, 0xff, 0x23, 0x6, 0x64, 0x64, 0x6e,
    0xff, 0x21, 0x2, 0x10, 0x2f, 0xe2, 0x10, 0x21,
    0x3, 0xff,

    /* U+4F88 "侈" */
    0x11, 0x0, 0x98, 0xc, 0xfc, 0x48, 0x46, 0xd6,
    0x30, 0xe3, 0x8e, 0x5, 0xd0, 0x21, 0xf1, 0x10,
    0x89, 0x28, 0x41, 0x82, 0xf0, 0x0,

    /* U+4F8B "例" */
    0x10, 0x13, 0xf1, 0x24, 0x52, 0x45, 0x67, 0x5e,
    0xd5, 0x29, 0x53, 0xf5, 0x23, 0x52, 0x21, 0x24,
    0x12, 0x83,

    /* U+4F8D "侍" */
    0x18, 0x83, 0x8, 0x27, 0xf6, 0x8, 0xff, 0xfa,
    0x2, 0x20, 0x23, 0xff, 0x22, 0x22, 0x22, 0x20,
    0x22, 0x6,

    /* U+4F9B "供" */
    0x12, 0x41, 0x92, 0x8, 0x90, 0xdf, 0xe6, 0x24,
    0x71, 0x20, 0x89, 0x5, 0xff, 0x22, 0x41, 0x13,
    0x9, 0xc, 0x50, 0x20,

    /* U+4F9D "依" */
    0x0, 0x1, 0x8c, 0x8, 0x0, 0x7f, 0xe6, 0x38,
    0x31, 0x42, 0x9a, 0xd4, 0xdc, 0x2a, 0xc1, 0x92,
    0x8, 0x8c, 0x47, 0x32, 0x60, 0x0,

    /* U+4FA0 "侠" */
    0x18, 0x80, 0x84, 0x9, 0xfe, 0x41, 0x6, 0x69,
    0x31, 0x52, 0x82, 0x5, 0xff, 0x21, 0xc1, 0xa,
    0x8, 0x8c, 0x58, 0x30,

    /* U+4FA3 "侣" */
    0x10, 0x3, 0x7e, 0x26, 0x22, 0x62, 0x67, 0xee,
    0x0, 0x27, 0xf2, 0x41, 0x24, 0x12, 0x41, 0x27,
    0xf2, 0x41,

    /* U+4FA5 "侥" */
    0x32, 0x2, 0x27, 0x2f, 0xa6, 0x16, 0x61, 0x8a,
    0xed, 0x20, 0x62, 0xff, 0x22, 0x82, 0x28, 0x24,
    0x93, 0x8f,

    /* U+4FA6 "侦" */
    0x19, 0x3, 0x1f, 0x21, 0x2, 0x10, 0x67, 0xee,
    0x42, 0x24, 0xa2, 0x4a, 0x25, 0xa2, 0x52, 0x23,
    0x62, 0xc3,

    /* U+4FA7 "侧" */
    0x10, 0x9, 0xfc, 0x4a, 0x2a, 0x55, 0x56, 0xaa,
    0xf5, 0x54, 0xaa, 0xa5, 0x55, 0x2a, 0xa9, 0x2c,
    0x4b, 0x32, 0x50, 0x30,

    /* U+4FA8 "侨" */
    0x10, 0x0, 0x43, 0xc2, 0x78, 0x8, 0x20, 0x6f,
    0xfb, 0x85, 0x2, 0x22, 0xb, 0xde, 0x2b, 0x68,
    0x8d, 0x82, 0x26, 0x9, 0x98, 0x2c, 0x60,

    /* U+4FAE "侮" */
    0x0, 0x0, 0x98, 0x9, 0xfe, 0x48, 0x6, 0xfe,
    0x31, 0x52, 0x92, 0x87, 0xff, 0x24, 0x21, 0x25,
    0x9, 0x8, 0x4f, 0xe2, 0x6, 0x0,

    /* U+4FAF "侯" */
    0x10, 0x1, 0xbf, 0x8, 0x8, 0x5f, 0xf6, 0x20,
    0x73, 0xf8, 0xb2, 0x4, 0x10, 0x2f, 0xf9, 0xa,
    0x8, 0xc8, 0x58, 0x30,

    /* U+4FB5 "侵" */
    0x10, 0x0, 0xff, 0x88, 0x4, 0x47, 0xe6, 0x7f,
    0x74, 0x4, 0xbf, 0xe5, 0x7d, 0x22, 0x21, 0xa,
    0x8, 0xf8, 0x58, 0x30,

    /* U+4FBF "便" */
    0x18, 0x1, 0xbf, 0xc8, 0x20, 0x4f, 0xe6, 0x49,
    0x33, 0xfa, 0x92, 0x44, 0xfe, 0x24, 0x81, 0x18,
    0x8, 0xf0, 0x58, 0x60,

    /* U+4FC3 "促" */
    0x0, 0x1, 0xbf, 0x9, 0x8, 0xc8, 0x46, 0x7e,
    0x50, 0x40, 0x9a, 0x4, 0x9e, 0x24, 0x81, 0x64,
    0xa, 0xe0, 0x41, 0xe0,

    /* U+4FC4 "俄" */
    0x10, 0x40, 0xbe, 0x88, 0x94, 0x44, 0x86, 0xff,
    0xf1, 0x20, 0x89, 0x45, 0xea, 0x2a, 0x21, 0x13,
    0xa, 0xee, 0x48, 0x30,

    /* U+4FCA "俊" */
    0x11, 0x80, 0x88, 0xc, 0x88, 0x5f, 0xe6, 0x24,
    0x33, 0x3a, 0xbc, 0x44, 0x7c, 0x25, 0x21, 0xa,
    0x8, 0x70, 0x5c, 0x60,

    /* U+4FCF "俏" */
    0x10, 0x83, 0x49, 0x26, 0xa6, 0x8, 0x67, 0xfe,
    0x41, 0x27, 0xf2, 0x41, 0x24, 0x12, 0x7f, 0x24,
    0x12, 0x43,

    /* U+4FD0 "俐" */
    0x10, 0x93, 0xf1, 0x22, 0x56, 0x25, 0x6f, 0xda,
    0x65, 0x27, 0x52, 0xad, 0x3a, 0x52, 0x21, 0x22,
    0x12, 0x23,

    /* U+4FD7 "俗" */
    0x10, 0x0, 0x9b, 0xd, 0xac, 0x59, 0x26, 0x14,
    0x31, 0xb1, 0x98, 0xe5, 0xff, 0x22, 0x21, 0x11,
    0x8, 0xf8, 0x44, 0x40,

    /* U+4FD8 "俘" */
    0x18, 0x31, 0xbe, 0x8, 0x64, 0x49, 0x46, 0x2,
    0x33, 0xf8, 0x81, 0x84, 0x10, 0x2f, 0xf9, 0x4,
    0x8, 0x20, 0x43, 0x0,

    /* U+4FDD "保" */
    0x10, 0x0, 0xbf, 0xd, 0x8, 0x48, 0x46, 0x7e,
    0x70, 0x42, 0xbf, 0xe4, 0x78, 0x22, 0xc1, 0x25,
    0x8e, 0x26, 0x41, 0x0,

    /* U+4FE1 "信" */
    0x11, 0x3, 0x18, 0x2f, 0xf2, 0x0, 0x6f, 0xee,
    0x0, 0xaf, 0xe2, 0x0, 0x27, 0xe2, 0x42, 0x27,
    0xe2, 0x42,

    /* U+4FE9 "俩" */
    0x10, 0x1, 0xbf, 0xc8, 0x90, 0x44, 0x86, 0xff,
    0x35, 0x2b, 0xad, 0x45, 0x6a, 0x2a, 0xb1, 0x65,
    0x8a, 0x64, 0x50, 0x60,

    /* U+4FED "俭" */
    0x1, 0x0, 0x46, 0x3, 0x34, 0x8, 0x98, 0x26,
    0x31, 0xbf, 0xee, 0x0, 0x29, 0x64, 0x24, 0xb0,
    0x92, 0x82, 0x62, 0x8, 0x10, 0x2f, 0xf8,

    /* U+4FEE "修" */
    0x10, 0x80, 0x88, 0x48, 0x7c, 0x55, 0x46, 0x84,
    0x55, 0xdc, 0xab, 0x5, 0x74, 0x28, 0x61, 0x4c,
    0xc8, 0x9c, 0x47, 0x0,

    /* U+4FEF "俯" */
    0x10, 0x81, 0x86, 0xb, 0xfe, 0x51, 0x6, 0x91,
    0x35, 0xbe, 0xbc, 0x45, 0x2a, 0x29, 0x71, 0x48,
    0x8c, 0x44, 0x42, 0x60,

    /* U+4FF1 "俱" */
    0x0, 0x1, 0x7e, 0x24, 0x22, 0x7e, 0x64, 0x26,
    0x7e, 0xa4, 0x22, 0x7e, 0x24, 0x23, 0xff, 0x22,
    0x42, 0x63, 0x28, 0x10,

    /* U+4FFA "俺" */
    0x11, 0x80, 0x44, 0x2, 0xff, 0x88, 0xd0, 0x66,
    0xa1, 0xb2, 0x7f, 0xff, 0x89, 0x24, 0x27, 0xf0,
    0x92, 0x42, 0x7f, 0x9, 0x22, 0x20, 0xf8,

    /* U+500D "倍" */
    0x11, 0x81, 0x84, 0x9, 0xfe, 0xc4, 0x6, 0x36,
    0x77, 0xfc, 0x80, 0x4, 0xfe, 0x24, 0x11, 0x20,
    0x89, 0xfc, 0x48, 0x20,

    /* U+5012 "倒" */
    0x10, 0x12, 0xf1, 0x24, 0x56, 0x75, 0x69, 0x5e,
    0xf5, 0x24, 0x52, 0xf5, 0x24, 0x52, 0x71, 0x2c,
    0x12, 0x3,

    /* U+5014 "倔" */
    0x10, 0x1, 0x7f, 0x24, 0x12, 0x7f, 0x64, 0x46,
    0x55, 0x25, 0x52, 0x5f, 0x26, 0x42, 0xb5, 0x2b,
    0x53, 0xbf,

    /* U+5018 "倘" */
    0x0, 0x1, 0x8, 0x34, 0xb2, 0x2a, 0x60, 0x86,
    0x7f, 0xa4, 0x12, 0x5d, 0x25, 0x52, 0x55, 0x25,
    0xd2, 0x41, 0x24, 0x30,

    /* U+5019 "候" */
    0x30, 0x11, 0x1f, 0xa, 0x18, 0xdf, 0xe6, 0xa0,
    0x55, 0xf8, 0xb2, 0x5, 0xfe, 0x28, 0xc1, 0xa,
    0x8, 0xcc, 0x58, 0x20,

    /* U+501A "倚" */
    0x1, 0x0, 0x88, 0xb, 0xfc, 0x42, 0x6, 0x6c,
    0x30, 0x13, 0xbf, 0xe4, 0x4, 0x27, 0xa1, 0x25,
    0x9, 0xe8, 0x48, 0x42, 0xe, 0x0, 0x30,

    /* U+501F "借" */
    0x13, 0x41, 0x92, 0xb, 0xfc, 0xc4, 0x8e, 0xff,
    0x90, 0x0, 0x9f, 0x84, 0x84, 0x27, 0xe1, 0x21,
    0x9, 0x8, 0x4f, 0xc0,

    /* U+5021 "倡" */
    0x10, 0x1, 0x7f, 0x36, 0x12, 0x61, 0x67, 0xf6,
    0x61, 0xe1, 0xe2, 0x7f, 0x24, 0x12, 0x7f, 0x24,
    0x12, 0x7f, 0x24, 0x10,

    /* U+5026 "倦" */
    0x10, 0x80, 0x5a, 0x82, 0xa, 0x9, 0xfc, 0x61,
    0x1, 0xbf, 0xe2, 0x22, 0x9, 0xfc, 0x3a, 0x28,
    0x8b, 0x2, 0x21, 0x88, 0xfc,

    /* U+503A "债" */
    0x10, 0x81, 0xff, 0xc8, 0x20, 0x4f, 0xe6, 0x8,
    0x77, 0xbc, 0x9f, 0xc4, 0x82, 0x24, 0x91, 0x2c,
    0x88, 0xdc, 0x58, 0x30,

    /* U+503C "值" */
    0x11, 0x1, 0x7f, 0x88, 0x40, 0xcf, 0xce, 0x42,
    0x13, 0xf0, 0x90, 0x84, 0xfc, 0x24, 0x21, 0x3f,
    0x9, 0x8, 0x5f, 0xf0,

    /* U+503E "倾" */
    0x20, 0x4, 0x3f, 0x50, 0x85, 0x3e, 0xda, 0x2d,
    0x2a, 0x52, 0xa5, 0x2a, 0x5a, 0xa5, 0x2a, 0x41,
    0x64, 0x61,

    /* U+5047 "假" */
    0x10, 0x0, 0xbb, 0x8d, 0x44, 0x4a, 0x26, 0x77,
    0x32, 0x2, 0x9f, 0xc4, 0x92, 0x27, 0xa1, 0x23,
    0x9, 0x3c, 0x4a, 0x30,

    /* U+504E "偎" */
    0x10, 0x3, 0x7f, 0x24, 0x92, 0x49, 0x67, 0xf6,
    0x49, 0xe3, 0x63, 0xff, 0x24, 0x82, 0x4b, 0x24,
    0x42, 0x63, 0x24, 0x0,

    /* U+504F "偏" */
    0x10, 0x80, 0x84, 0xd, 0xfc, 0x48, 0x22, 0x41,
    0x33, 0xfb, 0x90, 0x15, 0xfe, 0x2d, 0x51, 0xff,
    0x8d, 0x54, 0x4a, 0xa2, 0x43, 0x0, 0x0,

    /* U+505A "做" */
    0x16, 0x21, 0xa3, 0x9, 0x10, 0x7f, 0xf6, 0x49,
    0x72, 0xe8, 0xbd, 0x45, 0x2a, 0x29, 0x61, 0x79,
    0xa, 0x5c, 0x47, 0x30,

    /* U+505C "停" */
    0x30, 0x82, 0xff, 0x20, 0x6, 0x7e, 0xe4, 0x2a,
    0x7e, 0x20, 0x2, 0xff, 0x27, 0xf2, 0x8, 0x20,
    0x82, 0x38,

    /* U+5065 "健" */
    0x30, 0x41, 0x7f, 0x89, 0x14, 0xcb, 0xf6, 0xc5,
    0x76, 0xf8, 0x91, 0x5, 0xbe, 0x2c, 0x41, 0x6f,
    0x8b, 0x10, 0x77, 0xf0,

    /* U+5076 "偶" */
    0x10, 0x1, 0xff, 0x8b, 0x24, 0x59, 0x22, 0xff,
    0x36, 0x4b, 0xbf, 0xc4, 0x10, 0x2f, 0xf9, 0x45,
    0x4a, 0x3a, 0x56, 0x52, 0x81, 0x80,

    /* U+5077 "偷" */
    0x19, 0x81, 0x9a, 0x8, 0x98, 0xcb, 0xf7, 0x80,
    0xb3, 0xa8, 0x95, 0x44, 0xea, 0x25, 0x51, 0x3a,
    0x89, 0x44, 0x4a, 0x60,

    /* U+507F "偿" */
    0x10, 0x81, 0xb5, 0x88, 0x28, 0x5f, 0xf6, 0x80,
    0xf5, 0xf4, 0x80, 0x5, 0xff, 0x21, 0x1, 0x11,
    0x9, 0xfc, 0x40, 0x20,

    /* U+5080 "傀" */
    0x1, 0x0, 0x88, 0x5, 0xfc, 0x49, 0x22, 0x7f,
    0x32, 0x49, 0x92, 0x54, 0xfe, 0x24, 0xa1, 0xd,
    0x8, 0xfe, 0x4d, 0x12, 0xcf, 0x80,

    /* U+5085 "傅" */
    0x31, 0x61, 0x7f, 0xc8, 0x40, 0xdf, 0xe6, 0x91,
    0x77, 0xf8, 0xbf, 0xc5, 0x22, 0x20, 0x21, 0x7f,
    0xc9, 0x88, 0x41, 0xc0,

    /* U+508D "傍" */
    0x11, 0x83, 0xff, 0x22, 0x42, 0x24, 0x6f, 0xfe,
    0x81, 0xa1, 0x82, 0xe7, 0x23, 0xe2, 0x22, 0x24,
    0x62, 0x8c,

    /* U+50A8 "储" */
    0x18, 0x41, 0xa2, 0x89, 0x7c, 0x48, 0xa6, 0xdf,
    0xf2, 0x20, 0x93, 0xc4, 0xb2, 0x24, 0xf1, 0x34,
    0x89, 0x3c, 0x41, 0x20,

    /* U+50AC "催" */
    0x14, 0x91, 0xa4, 0x89, 0xfc, 0xc5, 0x8e, 0x7f,
    0x96, 0x40, 0xbf, 0xc4, 0x90, 0x27, 0xf1, 0x24,
    0x9, 0xfe, 0x48, 0x0,

    /* U+50B2 "傲" */
    0x0, 0x0, 0x91, 0xb, 0xe8, 0x44, 0xf6, 0xfd,
    0x31, 0x68, 0xbf, 0x44, 0x8a, 0x27, 0xd1, 0x27,
    0xb, 0x68, 0x56, 0xe2, 0x98, 0x80,

    /* U+50BB "傻" */
    0x11, 0x1, 0xbf, 0x89, 0x54, 0x49, 0x26, 0x57,
    0x33, 0xfa, 0x8c, 0x85, 0xa3, 0x23, 0xe1, 0x29,
    0x8, 0x30, 0x5e, 0xf0,

    /* U+50CF "像" */
    0x12, 0x1, 0x9e, 0x9, 0x10, 0x7f, 0xe6, 0x49,
    0x73, 0xfa, 0x8c, 0x5, 0xbc, 0x26, 0xa1, 0x4d,
    0x8b, 0xa6, 0x43, 0x0,

    /* U+50DA "僚" */
    0x10, 0x0, 0x42, 0x2, 0xff, 0x88, 0x54, 0x66,
    0x73, 0xbf, 0xe2, 0xc3, 0x89, 0xfc, 0x24, 0x30,
    0x9f, 0xc2, 0x8, 0x9, 0xac, 0x29, 0x88,

    /* U+50E7 "僧" */
    0x1a, 0x31, 0x89, 0x9, 0xfe, 0x49, 0x16, 0x6a,
    0xf2, 0x44, 0x8d, 0xc4, 0x7e, 0x24, 0x11, 0x3f,
    0x88, 0xfc, 0x48, 0x20,

    /* U+50F5 "僵" */
    0x0, 0x1, 0xff, 0xc8, 0x0, 0x4f, 0xe6, 0x7f,
    0x37, 0xfa, 0xbf, 0xe5, 0xff, 0x2f, 0xf1, 0x24,
    0x89, 0xfc, 0x5f, 0xe2, 0xff, 0x80,

    /* U+50FB "僻" */
    0x10, 0x21, 0xf9, 0xa, 0x7e, 0xd2, 0xa6, 0xf5,
    0x74, 0xc, 0xbd, 0x87, 0xa4, 0x2d, 0xf9, 0x79,
    0xb, 0x48, 0x40, 0x40,

    /* U+5112 "儒" */
    0x10, 0x1, 0xbf, 0x88, 0x60, 0x5f, 0xe6, 0x99,
    0x35, 0xd3, 0x9e, 0x95, 0x1, 0x27, 0xf1, 0x3f,
    0x8a, 0x94, 0x54, 0xa2, 0xa5, 0x0,

    /* U+5121 "儡" */
    0x0, 0x0, 0xbf, 0x8d, 0x24, 0x4f, 0xe2, 0x49,
    0x33, 0xfb, 0x80, 0x5, 0xef, 0x2d, 0xa9, 0x7b,
    0xcb, 0x6a, 0x5e, 0xf2, 0x98, 0x80,

    /* U+513F "儿" */
    0x8, 0x80, 0x44, 0x2, 0x20, 0x11, 0x0, 0x88,
    0x4, 0x40, 0x22, 0x1, 0x10, 0x10, 0x81, 0x84,
    0xd8, 0x3e, 0x80, 0x0,

    /* U+5141 "允" */
    0x0, 0x0, 0xc0, 0x8, 0x81, 0x8c, 0x30, 0x67,
    0xfe, 0x9, 0x20, 0x90, 0x9, 0x1, 0x90, 0x31,
    0x16, 0x1f,

    /* U+5143 "元" */
    0x7f, 0xc0, 0x0, 0x0, 0x0, 0x0, 0xff, 0xf1,
    0x20, 0x12, 0x1, 0x20, 0x12, 0x3, 0x21, 0x22,
    0x3c, 0x3f, 0x80, 0x0,

    /* U+5144 "兄" */
    0x3f, 0xe1, 0x3, 0x8, 0x18, 0x40, 0xc2, 0x6,
    0x1f, 0xf0, 0x24, 0x1, 0x20, 0x9, 0x0, 0xc8,
    0x9c, 0x47, 0x83, 0xe0,

    /* U+5145 "充" */
    0x4, 0x0, 0x60, 0xff, 0xf0, 0x88, 0x30, 0xc7,
    0xfe, 0x9, 0x20, 0x90, 0x19, 0x1, 0x11, 0x61,
    0xbc, 0x4,

    /* U+5146 "兆" */
    0xa, 0x1, 0x41, 0x29, 0xb5, 0x62, 0xa8, 0x14,
    0xe, 0xa7, 0x57, 0xa, 0x2, 0x44, 0xc8, 0xf1,
    0xf0,

    /* U+5148 "先" */
    0x2, 0x3, 0x20, 0x22, 0x3, 0xfe, 0x42, 0x0,
    0x20, 0xff, 0xf0, 0x90, 0x9, 0x1, 0x90, 0x11,
    0x13, 0x11, 0xe1, 0xe0,

    /* U+5149 "光" */
    0x2, 0x2, 0x26, 0x32, 0x61, 0x2c, 0x2, 0xf,
    0xff, 0x9, 0x0, 0x90, 0x9, 0x1, 0x10, 0x31,
    0x1c, 0x1f,

    /* U+514B "克" */
    0x2, 0x0, 0x10, 0x3f, 0xfe, 0x4, 0x3, 0xfe,
    0x10, 0x10, 0x80, 0x87, 0xfc, 0xd, 0x0, 0x48,
    0x86, 0x47, 0xc3, 0xe0,

    /* U+514D "免" */
    0x8, 0x1, 0x80, 0x1f, 0x82, 0x18, 0x61, 0xf,
    0xfe, 0x22, 0x22, 0x22, 0x3f, 0xe2, 0x70, 0x5,
    0x1, 0x91, 0x61, 0xf0,

    /* U+5151 "兑" */
    0x0, 0x81, 0x88, 0x9, 0x3, 0xfc, 0x20, 0x42,
    0x4, 0x3f, 0xc0, 0x90, 0x9, 0x0, 0x90, 0x31,
    0x16, 0x1f,

    /* U+5154 "兔" */
    0x0, 0x1, 0x80, 0x1f, 0x82, 0x10, 0x63, 0xf,
    0xfe, 0x26, 0x23, 0xfe, 0x24, 0x0, 0xe4, 0x1a,
    0x43, 0x21, 0xc3, 0xf0,

    /* U+515A "党" */
    0x4, 0x84, 0x90, 0x94, 0x7f, 0xf8, 0x3, 0x7f,
    0x48, 0x21, 0xfc, 0x1a, 0x3, 0x44, 0xc8, 0xf1,
    0xf0,

    /* U+515C "兜" */
    0x2, 0x7, 0x66, 0x4f, 0x24, 0x92, 0x49, 0x24,
    0xf2, 0x49, 0x26, 0xf6, 0x9, 0x0, 0x90, 0x9,
    0x1, 0x11, 0xe1, 0xe0,

    /* U+5162 "兢" */
    0x8, 0x20, 0x20, 0x87, 0xef, 0x82, 0x8, 0x3c,
    0xf8, 0x92, 0x23, 0xcf, 0x85, 0x14, 0x14, 0x50,
    0xd9, 0x42, 0x49, 0x50, 0xc6,

    /* U+5165 "入" */
    0x8, 0x0, 0x30, 0x0, 0x20, 0x0, 0xc0, 0x3,
    0x0, 0x1e, 0x0, 0x48, 0x3, 0x30, 0x8, 0x60,
    0x40, 0xc7, 0x3, 0x90, 0x0,

    /* U+5168 "全" */
    0x2, 0x0, 0x30, 0x3, 0x40, 0x31, 0x83, 0x7,
    0xef, 0xe8, 0x8, 0x0, 0x40, 0x3f, 0xe0, 0x10,
    0x0, 0x80, 0xff, 0xe0,

    /* U+516B "八" */
    0x9, 0x80, 0x4c, 0x2, 0x60, 0x11, 0x1, 0x88,
    0x8, 0x40, 0x43, 0x6, 0xc, 0x20, 0x32, 0x0,
    0xc0, 0x0,

    /* U+516C "公" */
    0xc, 0x80, 0x23, 0x1, 0x84, 0xc, 0x8, 0x22,
    0x31, 0x18, 0x70, 0x40, 0x3, 0x20, 0x8, 0x40,
    0x41, 0x83, 0xfe, 0x0, 0xc,

    /* U+516D "六" */
    0x4, 0x0, 0x60, 0x0, 0xf, 0xff, 0x0, 0x0,
    0x80, 0x19, 0x81, 0xc, 0x20, 0x46, 0x6, 0xc0,
    0x20,

    /* U+5170 "兰" */
    0x30, 0xc1, 0x88, 0x9, 0x7, 0xff, 0x0, 0x0,
    0x0, 0x0, 0x7, 0xfe, 0x0, 0x0, 0x0, 0x0,
    0xf, 0xff,

    /* U+5171 "共" */
    0x11, 0x1, 0x10, 0x11, 0xf, 0xfe, 0x11, 0x1,
    0x10, 0x11, 0xf, 0xff, 0x0, 0x1, 0x98, 0x60,
    0xec, 0x2,

    /* U+5173 "关" */
    0x8, 0x80, 0x46, 0x2, 0x60, 0xff, 0xe0, 0x20,
    0x1, 0x1, 0xff, 0xc0, 0x60, 0x5, 0x0, 0x66,
    0xc, 0x1e, 0xc0, 0x20,

    /* U+5174 "兴" */
    0x4, 0x4, 0x46, 0x64, 0x42, 0x6c, 0x36, 0x80,
    0x18, 0xff, 0xf0, 0x0, 0x19, 0x83, 0xc, 0x60,
    0x6c, 0x2,

    /* U+5175 "兵" */
    0x0, 0x3, 0xfe, 0x20, 0x2, 0x0, 0x20, 0x3,
    0xfe, 0x21, 0x2, 0x10, 0xff, 0xf0, 0x0, 0x19,
    0xc6, 0x7, 0xc0, 0x20,

    /* U+5176 "其" */
    0x10, 0x8f, 0xff, 0x10, 0x81, 0x8, 0x1f, 0x81,
    0x8, 0x1f, 0x81, 0x8, 0xff, 0xf0, 0x0, 0x31,
    0xc6, 0x6,

    /* U+5177 "具" */
    0x3f, 0xc1, 0x2, 0xf, 0xf0, 0x40, 0x83, 0xfc,
    0x10, 0x20, 0xff, 0x4, 0x8, 0xff, 0xf8, 0x4,
    0xe, 0x79, 0xc0, 0x60,

    /* U+5178 "典" */
    0x4, 0x80, 0x24, 0xf, 0xf8, 0x49, 0x42, 0x4a,
    0x1f, 0xf0, 0x92, 0x84, 0x94, 0xff, 0xf8, 0x0,
    0x3, 0x18, 0xe0, 0x60,

    /* U+517B "养" */
    0x18, 0x80, 0xd8, 0x7f, 0xf0, 0x20, 0x7f, 0xe0,
    0x40, 0xff, 0xf0, 0x90, 0x38, 0xce, 0x9b, 0x9,
    0x81, 0x98, 0x61, 0x80,

    /* U+517C "兼" */
    0x0, 0x1, 0x90, 0xff, 0xf0, 0x90, 0x7f, 0xc0,
    0x94, 0xff, 0xf0, 0x94, 0x9, 0x47, 0xfc, 0x19,
    0x86, 0x96, 0x89, 0x0,

    /* U+517D "兽" */
    0x0, 0x0, 0x98, 0x7f, 0xe6, 0x62, 0x7f, 0xc6,
    0x64, 0x7f, 0xe0, 0x0, 0xff, 0xf0, 0x0, 0x3f,
    0xc2, 0x4, 0x3f, 0xc0,

    /* U+5180 "冀" */
    0xd, 0x13, 0xeb, 0xff, 0x7f, 0x99, 0xc3, 0xfe,
    0x1f, 0xf0, 0xff, 0x81, 0x10, 0x3f, 0xe7, 0xff,
    0xc6, 0x30, 0xc0, 0x60,

    /* U+5185 "内" */
    0x8, 0x2, 0xf, 0xfe, 0x21, 0x88, 0x63, 0x19,
    0x66, 0xcd, 0xa0, 0x60, 0x18, 0x6, 0x7,

    /* U+5188 "冈" */
    0xff, 0xe0, 0x18, 0x36, 0xc9, 0x9e, 0x63, 0x18,
    0xe6, 0x49, 0xa1, 0x68, 0x18, 0x6, 0x3,

    /* U+518C "册" */
    0x3d, 0xe1, 0x29, 0x9, 0x48, 0x4a, 0x42, 0x52,
    0x7f, 0xfc, 0x94, 0x84, 0xa4, 0x25, 0x23, 0x29,
    0x13, 0xa8, 0x84, 0x80,

    /* U+518D "再" */
    0x7f, 0xf0, 0x10, 0x0, 0x80, 0x7f, 0xc2, 0x22,
    0x1f, 0xf0, 0x88, 0x84, 0x44, 0xff, 0xf9, 0x1,
    0x8, 0x8, 0x40, 0xc0,

    /* U+5192 "冒" */
    0xff, 0xf0, 0x6, 0xfe, 0xc0, 0x13, 0xf8, 0x0,
    0x1f, 0xf3, 0xfe, 0x40, 0x4f, 0xf9, 0x1, 0x3f,
    0xe0,

    /* U+5195 "冕" */
    0x7f, 0xe2, 0x1, 0x17, 0xe8, 0x81, 0x41, 0xf0,
    0x1f, 0xc3, 0xc, 0xf, 0x9c, 0x7f, 0xe0, 0x50,
    0x84, 0x85, 0xc7, 0xe0,

    /* U+5197 "冗" */
    0x7f, 0xf2, 0x0, 0x90, 0x4, 0x1e, 0x0, 0x90,
    0x4, 0x80, 0x24, 0x3, 0x20, 0x11, 0x11, 0x89,
    0x98, 0x7c,

    /* U+5199 "写" */
    0xff, 0xf0, 0x6, 0x0, 0x90, 0x3, 0xf8, 0x40,
    0xf, 0xf8, 0x7, 0x0, 0xff, 0xdc, 0x3, 0x1,
    0xe0, 0x20,

    /* U+519B "军" */
    0x7f, 0xf4, 0x41, 0x7f, 0xf1, 0x80, 0x32, 0x3,
    0xfe, 0x2, 0x0, 0x20, 0xff, 0xf0, 0x20, 0x2,
    0x0,

    /* U+519C "农" */
    0x2, 0x0, 0x10, 0x1f, 0xfc, 0x88, 0x24, 0x41,
    0x5, 0x0, 0x69, 0x87, 0x70, 0x69, 0x6, 0x44,
    0x3, 0x98, 0x18, 0x60, 0x0, 0x0,

    /* U+51A0 "冠" */
    0x7f, 0xf2, 0x0, 0x90, 0x6, 0x7c, 0x40, 0x1f,
    0x80, 0x11, 0xfe, 0x86, 0x94, 0x34, 0x21, 0x23,
    0x19, 0x7, 0x8f, 0xe0,

    /* U+51A4 "冤" */
    0x7f, 0xf2, 0x40, 0x93, 0x4, 0x3f, 0x3, 0x18,
    0x3f, 0xf0, 0x88, 0x87, 0xfc, 0x24, 0x0, 0x6a,
    0x6, 0x46, 0xc3, 0xe0,

    /* U+51AC "冬" */
    0x8, 0x0, 0x60, 0x3, 0xf8, 0x28, 0x83, 0x48,
    0x11, 0x80, 0x1e, 0x3, 0x8f, 0x76, 0x8, 0x1e,
    0x2, 0x0, 0x1e, 0x0, 0xc, 0x0,

    /* U+51AF "冯" */
    0x4f, 0xc8, 0x9, 0x91, 0x12, 0x20, 0x44, 0x48,
    0x89, 0xfa, 0x1, 0x5f, 0xb8, 0x4, 0x1, 0x80,
    0x60,

    /* U+51B0 "冰" */
    0x1, 0x2, 0x8, 0x18, 0x48, 0x3e, 0x40, 0x5c,
    0x12, 0xc1, 0x96, 0xd, 0xa8, 0x49, 0x66, 0x89,
    0x8c, 0x40, 0x6, 0x0,

    /* U+51B2 "冲" */
    0x1, 0x4, 0x10, 0x2f, 0xf2, 0x91, 0x9, 0x12,
    0x91, 0x29, 0x16, 0xff, 0x49, 0x1c, 0x10, 0x41,
    0x0, 0x10,

    /* U+51B3 "决" */
    0x2, 0x8, 0x20, 0xdf, 0xc6, 0x24, 0x2, 0x44,
    0x24, 0x5f, 0xe4, 0x30, 0xc5, 0x8, 0xc8, 0x98,
    0x73, 0x2,

    /* U+51B5 "况" */
    0xf, 0xc4, 0x84, 0x68, 0x40, 0x84, 0xf, 0xc2,
    0x50, 0x65, 0x4, 0x50, 0xcd, 0x9, 0x93, 0x31,
    0xe0,

    /* U+51B6 "冶" */
    0x3, 0x4, 0x20, 0x64, 0x62, 0xc2, 0x1f, 0xf0,
    0x1, 0x60, 0x4, 0xfe, 0x48, 0x2c, 0x82, 0x8f,
    0xe0, 0x82,

    /* U+51B7 "冷" */
    0x1, 0x83, 0xc, 0xc, 0x90, 0x2c, 0x60, 0xc9,
    0x94, 0x0, 0x9f, 0xc4, 0x4, 0x62, 0x42, 0xc,
    0x10, 0x20, 0x1, 0x80,

    /* U+51BB "冻" */
    0x3, 0x0, 0x20, 0xdf, 0xf6, 0x40, 0x5, 0x80,
    0x98, 0x7f, 0xe4, 0x18, 0x45, 0xcc, 0x9a, 0x99,
    0xb1, 0x30, 0x0, 0x0,

    /* U+51C0 "净" */
    0x2, 0x4, 0x60, 0x67, 0xc2, 0x88, 0x1f, 0xe1,
    0x12, 0x1, 0x23, 0xff, 0x21, 0x24, 0xfe, 0x41,
    0x24, 0x10, 0x3, 0x0,

    /* U+51C4 "凄" */
    0x1, 0xd, 0xff, 0x41, 0x6, 0xfe, 0x1, 0x20,
    0xff, 0x6f, 0xe4, 0x20, 0x5f, 0xfc, 0x44, 0x83,
    0xc1, 0xe2,

    /* U+51C6 "准" */
    0x2, 0x84, 0x4c, 0x27, 0xf2, 0xc8, 0xc, 0x81,
    0x7f, 0x24, 0x82, 0x7f, 0x64, 0x84, 0x48, 0x47,
    0xf0, 0x40,

    /* U+51C9 "凉" */
    0x1, 0x4, 0x10, 0x5f, 0xf6, 0x0, 0xf, 0xe0,
    0x82, 0x68, 0x24, 0xfe, 0x45, 0xc, 0x96, 0x91,
    0x30, 0x30,

    /* U+51CC "凌" */
    0x1, 0xc, 0xfe, 0x41, 0x6, 0x10, 0x1f, 0xf0,
    0xc4, 0x5a, 0x25, 0x7c, 0x4e, 0x8d, 0xa8, 0x81,
    0x3, 0xef, 0x10, 0x0,

    /* U+51CF "减" */
    0x0, 0xa0, 0x5, 0x37, 0xfc, 0xa1, 0x5, 0x7b,
    0x8, 0x51, 0x5e, 0x8a, 0xbc, 0xd5, 0x44, 0xba,
    0x28, 0x2a, 0x46, 0x70, 0x1, 0x0,

    /* U+51D1 "凑" */
    0x1, 0x4, 0x7f, 0x10, 0x40, 0xdf, 0xc0, 0x20,
    0xf, 0xf9, 0x11, 0xf, 0x76, 0x4f, 0xe6, 0x18,
    0x3, 0x30, 0x30, 0x40,

    /* U+51DB "凛" */
    0x1, 0xd, 0xff, 0x6f, 0xe0, 0xba, 0xc, 0xa0,
    0xb2, 0x2f, 0xe6, 0xfe, 0x40, 0x5, 0xff, 0xc5,
    0x41, 0xb2,

    /* U+51DD "凝" */
    0x10, 0x1, 0x5e, 0xd8, 0x25, 0xcc, 0x11, 0xf1,
    0xc5, 0x68, 0x4f, 0xd6, 0x89, 0x49, 0x6c, 0x22,
    0xf0, 0x0,

    /* U+51E0 "几" */
    0xf, 0x80, 0x44, 0x2, 0x20, 0x11, 0x0, 0x88,
    0x4, 0x40, 0x22, 0x2, 0x10, 0x10, 0x99, 0x4,
    0x90, 0x38,

    /* U+51E1 "凡" */
    0x1f, 0x80, 0x84, 0x4, 0x20, 0x29, 0x1, 0x68,
    0x9, 0x40, 0x4a, 0x2, 0x10, 0x30, 0x91, 0x4,
    0xb0, 0x3c,

    /* U+51E4 "凤" */
    0x3f, 0xe1, 0x1, 0x8, 0x8, 0x5f, 0x42, 0xa,
    0x16, 0x90, 0x9c, 0x84, 0x64, 0x27, 0xa2, 0x67,
    0x56, 0xe, 0x80, 0x30,

    /* U+51EB "凫" */
    0x4, 0x3, 0xfc, 0x20, 0x42, 0x64, 0x22, 0xc3,
    0xfe, 0x0, 0x20, 0x2, 0x1f, 0x41, 0x10, 0x31,
    0x1e, 0x1f,

    /* U+51ED "凭" */
    0x10, 0x0, 0xef, 0x89, 0xa0, 0xc1, 0xe, 0xff,
    0x90, 0x40, 0x82, 0x4, 0xfe, 0x0, 0x0, 0x7c,
    0x6, 0x20, 0x31, 0x1f, 0xf, 0x80,

    /* U+51EF "凯" */
    0x10, 0x9, 0x5c, 0x95, 0x4f, 0xd4, 0x1, 0x4f,
    0x94, 0x9, 0x4f, 0x94, 0xc1, 0x4c, 0xa4, 0xf2,
    0x78, 0xc6,

    /* U+51F0 "凰" */
    0x3f, 0xe1, 0x11, 0xb, 0x68, 0x55, 0x42, 0xfa,
    0x14, 0x50, 0xbe, 0x85, 0xf4, 0x2a, 0x22, 0x3d,
    0x77, 0xf6, 0x80, 0x0,

    /* U+51F3 "凳" */
    0x7d, 0xc0, 0x49, 0x9f, 0xf0, 0x60, 0xcd, 0xff,
    0x48, 0x48, 0x7e, 0x1, 0x30, 0xff, 0xf0, 0xf8,
    0x4, 0x4c, 0xc3, 0xc0,

    /* U+51F6 "凶" */
    0x41, 0x18, 0xcb, 0x26, 0x79, 0x8c, 0x63, 0x19,
    0xa6, 0xcd, 0xe1, 0xe0, 0x1f, 0xfc, 0x1,

    /* U+51F8 "凸" */
    0x1f, 0x4, 0x41, 0x10, 0x44, 0xf1, 0xe0, 0x18,
    0x6, 0x1, 0x80, 0x60, 0x1f, 0xfe, 0x1,

    /* U+51F9 "凹" */
    0xf3, 0xe4, 0x99, 0x26, 0x49, 0x92, 0x67, 0x98,
    0x6, 0x1, 0x80, 0x7f, 0xf8, 0x4,

    /* U+51FA "出" */
    0x4, 0x18, 0x8a, 0x11, 0x42, 0x28, 0x45, 0xff,
    0xa1, 0x14, 0x22, 0x84, 0x50, 0x8b, 0xff, 0x0,
    0x20,

    /* U+51FB "击" */
    0x4, 0x0, 0x40, 0x7f, 0xe0, 0x40, 0x4, 0xf,
    0xff, 0x4, 0x4, 0x44, 0x44, 0x44, 0x44, 0x7f,
    0xc0, 0x4,

    /* U+51FD "函" */
    0x7f, 0xc0, 0xc2, 0x4a, 0xd5, 0x84, 0x65, 0x1b,
    0x56, 0x13, 0x8c, 0x7f, 0xf0, 0x4,

    /* U+51FF "凿" */
    0x9, 0x6, 0x96, 0x29, 0xf, 0xff, 0x9, 0x4,
    0x94, 0x5f, 0xc4, 0x44, 0x5f, 0xc4, 0x44, 0x46,
    0x47, 0xfc,

    /* U+5200 "刀" */
    0x7f, 0xe0, 0x84, 0x10, 0x82, 0x10, 0x42, 0x18,
    0x42, 0x8, 0xc1, 0x30, 0x3c, 0x18,

    /* U+5201 "刁" */
    0xff, 0xc0, 0x10, 0x24, 0x19, 0xc, 0x46, 0x13,
    0x7, 0x1, 0x80, 0x40, 0x70,

    /* U+5203 "刃" */
    0x7f, 0xe0, 0x44, 0x8, 0x99, 0x12, 0x22, 0x4c,
    0x41, 0x8, 0x61, 0x18, 0x2e, 0x3d, 0x2, 0x0,

    /* U+5206 "分" */
    0xd, 0x80, 0x44, 0x6, 0x30, 0x20, 0xc6, 0x3,
    0x6f, 0xe8, 0x11, 0x0, 0x88, 0xc, 0x40, 0x42,
    0xc, 0x70, 0xc3, 0x0,

    /* U+5207 "切" */
    0x20, 0x2, 0x3f, 0x20, 0x93, 0xc9, 0xe0, 0x92,
    0x9, 0x20, 0x92, 0xd9, 0x39, 0x13, 0x31, 0x26,
    0x30, 0xc6,

    /* U+520A "刊" */
    0x0, 0x17, 0xc1, 0x10, 0x91, 0x9, 0x10, 0x99,
    0x9, 0xfc, 0x91, 0x9, 0x10, 0x91, 0x1, 0x10,
    0x11, 0x3,

    /* U+5211 "刑" */
    0x0, 0x1f, 0xf1, 0x24, 0x92, 0x49, 0x24, 0x9f,
    0xf9, 0x24, 0x92, 0x49, 0x24, 0x94, 0x41, 0x44,
    0x18, 0x47,

    /* U+5212 "划" */
    0x20, 0x12, 0xc1, 0x24, 0x92, 0x29, 0xfe, 0x9a,
    0x9, 0x16, 0x91, 0xc9, 0x18, 0x93, 0x89, 0x6d,
    0x10, 0x67,

    /* U+5217 "列" */
    0x0, 0x3f, 0xc4, 0xc6, 0x90, 0xd3, 0xda, 0x8b,
    0x7d, 0x68, 0xed, 0x9, 0xa6, 0x5, 0x80, 0xc0,
    0x30,

    /* U+5218 "刘" */
    0x8, 0x10, 0xc1, 0x8, 0xd7, 0xf5, 0x2, 0x53,
    0x65, 0x14, 0x50, 0xc5, 0xc, 0xd1, 0xe1, 0x33,
    0x1e, 0x3, 0x0, 0x20,

    /* U+5219 "则" */
    0x0, 0x17, 0xe1, 0x42, 0xd5, 0x29, 0x52, 0x95,
    0x29, 0x52, 0x95, 0x29, 0x10, 0x92, 0xc1, 0x66,
    0x18, 0x3,

    /* U+521A "刚" */
    0xfe, 0x30, 0x56, 0x2a, 0xd5, 0x5a, 0xab, 0x25,
    0x66, 0xad, 0x55, 0xc2, 0xb0, 0x46, 0x8, 0xc3,
    0x30,

    /* U+521B "创" */
    0x18, 0x11, 0x81, 0x36, 0xd6, 0x39, 0xc0, 0x93,
    0xe9, 0x22, 0x92, 0x29, 0x2e, 0x92, 0x1, 0x21,
    0x13, 0xf7,

    /* U+521D "初" */
    0x10, 0x0, 0xc0, 0x0, 0xfe, 0xf1, 0x10, 0x88,
    0x8b, 0x44, 0xf2, 0x2b, 0x91, 0x95, 0x88, 0x88,
    0x44, 0x86, 0x28, 0x40,

    /* U+5220 "删" */
    0x77, 0x15, 0x55, 0x55, 0x55, 0x55, 0x55, 0xdf,
    0xfd, 0x55, 0x55, 0x55, 0x55, 0x5d, 0x51, 0x99,
    0x1a, 0x23,

    /* U+5224 "判" */
    0x8, 0x10, 0x91, 0x2a, 0x53, 0xa5, 0x7f, 0x50,
    0x85, 0x8, 0x57, 0xf5, 0x8, 0x51, 0x1, 0x30,
    0x16, 0x3,

    /* U+5228 "刨" */
    0x18, 0x8, 0x80, 0x4f, 0xd2, 0x42, 0x96, 0x54,
    0xbe, 0xa4, 0x95, 0x27, 0xa9, 0x21, 0x49, 0x1a,
    0x48, 0x22, 0x7e, 0x70, 0x2, 0x0,

    /* U+5229 "利" */
    0xc, 0x3f, 0x84, 0x42, 0x88, 0x5f, 0xea, 0x21,
    0x4f, 0x2b, 0xb5, 0x50, 0xb2, 0x4, 0x40, 0x88,
    0x30,

    /* U+522B "别" */
    0x0, 0x13, 0xe1, 0x22, 0x52, 0x25, 0x3e, 0x51,
    0x85, 0x7e, 0x51, 0x25, 0x12, 0x51, 0x21, 0x2e,
    0x14, 0x63,

    /* U+522E "刮" */
    0x4, 0x17, 0x89, 0x10, 0x91, 0x9, 0xfe, 0x91,
    0x9, 0x10, 0x97, 0xc9, 0x44, 0x94, 0x49, 0x7c,
    0x14, 0x47,

    /* U+5230 "到" */
    0x0, 0x17, 0xf1, 0x18, 0x51, 0x25, 0x63, 0x57,
    0xd5, 0x8, 0x57, 0xf5, 0x8, 0x50, 0x91, 0x7f,
    0x30, 0x3,

    /* U+5236 "制" */
    0x8, 0x16, 0x81, 0x7e, 0x5c, 0x85, 0xff, 0x50,
    0x85, 0x8, 0x57, 0xe5, 0x4a, 0x54, 0xa5, 0x4e,
    0x10, 0x87,

    /* U+5237 "刷" */
    0x7e, 0x14, 0x29, 0x42, 0x97, 0xe9, 0x48, 0x94,
    0x89, 0x7e, 0x96, 0xa9, 0xaa, 0x9a, 0xa9, 0xaa,
    0x10, 0x87,

    /* U+5238 "券" */
    0x6, 0x43, 0x6c, 0x4, 0x87, 0xfe, 0x4, 0xf,
    0xff, 0x10, 0x83, 0xc, 0xff, 0xf0, 0xc8, 0x8,
    0x83, 0xb8, 0x21, 0x0,

    /* U+5239 "刹" */
    0x22, 0x13, 0x41, 0xc, 0x51, 0x65, 0x62, 0x50,
    0x85, 0x7f, 0x50, 0x85, 0x2a, 0x56, 0xb1, 0x48,
    0x11, 0x83,

    /* U+523A "刺" */
    0x8, 0x10, 0x81, 0xfe, 0x90, 0x89, 0x7e, 0x94,
    0xa9, 0x4a, 0x95, 0xa9, 0x3c, 0x96, 0xa1, 0xc8,
    0x10, 0x87,

    /* U+523B "刻" */
    0x18, 0x10, 0x81, 0xff, 0x51, 0x5, 0x26, 0x54,
    0xc5, 0x7a, 0x51, 0x25, 0x64, 0x5c, 0xc1, 0x32,
    0x1e, 0x13,

    /* U+523D "刽" */
    0xc, 0x11, 0xc5, 0x13, 0x52, 0x1d, 0xfe, 0x50,
    0x5, 0x7f, 0x50, 0x85, 0x12, 0x53, 0x21, 0x7f,
    0x10, 0x3,

    /* U+5242 "剂" */
    0x10, 0x11, 0x81, 0xff, 0x50, 0x45, 0x7c, 0x51,
    0xc5, 0x63, 0x5a, 0x45, 0x24, 0x52, 0x41, 0x64,
    0x1c, 0x43,

    /* U+5243 "剃" */
    0x0, 0x3, 0x61, 0x4, 0x57, 0xb5, 0x9, 0x57,
    0xf5, 0x48, 0x57, 0xf5, 0x19, 0x51, 0x95, 0x2f,
    0x1c, 0xa1, 0x8, 0x30,

    /* U+524A "削" */
    0x10, 0x15, 0x21, 0x54, 0x91, 0x9, 0x7e, 0x94,
    0x29, 0x42, 0x97, 0xe9, 0x42, 0x97, 0xe9, 0x42,
    0x14, 0xe7,

    /* U+524D "前" */
    0x8, 0xc0, 0x24, 0x3f, 0xfe, 0x0, 0x3, 0xe3,
    0x11, 0x50, 0x8a, 0x87, 0xd4, 0x22, 0xa1, 0xf5,
    0x8, 0x88, 0xcc, 0xc0,

    /* U+5251 "剑" */
    0x18, 0x23, 0x4, 0x9a, 0xb1, 0xdf, 0xca, 0x1,
    0x55, 0xaa, 0xa5, 0x3c, 0xa0, 0x87, 0xf8, 0x80,
    0x30,

    /* U+5254 "剔" */
    0x7e, 0x14, 0x29, 0x7e, 0x94, 0x29, 0x7e, 0x92,
    0x9, 0x7e, 0x99, 0x69, 0x2a, 0x9d, 0xa1, 0x32,
    0x14, 0x63,

    /* U+5256 "剖" */
    0x10, 0x2, 0x7, 0xfe, 0x92, 0xd2, 0x9b, 0xff,
    0x40, 0x6b, 0xed, 0x45, 0xa8, 0x85, 0xf0, 0xa2,
    0x30,

    /* U+5265 "剥" */
    0x0, 0x17, 0xe1, 0x2, 0x53, 0xe5, 0x2, 0x5f,
    0xf5, 0x69, 0x52, 0xe5, 0x1e, 0x56, 0xb1, 0x48,
    0x11, 0x83,

    /* U+5267 "剧" */
    0x0, 0x17, 0xe1, 0x42, 0x97, 0xe9, 0x48, 0x97,
    0xe9, 0x48, 0x94, 0x89, 0x7e, 0x9a, 0x21, 0xbe,
    0x1a, 0x27,

    /* U+5269 "剩" */
    0x7, 0x17, 0x81, 0x88, 0x5f, 0xe5, 0x2a, 0x5e,
    0xb5, 0x2a, 0x5e, 0xb5, 0x1c, 0x52, 0xa1, 0xc9,
    0x10, 0x83,

    /* U+526A "剪" */
    0x19, 0x8f, 0xff, 0x0, 0x7, 0xd2, 0x7d, 0x24,
    0x52, 0x7d, 0x24, 0xc6, 0x0, 0x7, 0xfc, 0x8,
    0x43, 0x84, 0x61, 0x80,

    /* U+526F "副" */
    0xfe, 0x20, 0x4, 0x2, 0xbe, 0x54, 0x4a, 0x71,
    0x7f, 0xac, 0x95, 0xfe, 0xb2, 0x47, 0xf8, 0xc1,
    0x30,

    /* U+5272 "割" */
    0x10, 0x3f, 0xe6, 0x4a, 0xbf, 0x51, 0xa, 0xfd,
    0x44, 0x2f, 0xf5, 0x10, 0xad, 0xc5, 0xf8, 0xa1,
    0x30,

    /* U+527F "剿" */
    0x6a, 0x14, 0xa1, 0x54, 0x56, 0xa5, 0x7e, 0x54,
    0xa5, 0x7e, 0x57, 0xe5, 0x8, 0x57, 0xf5, 0x2e,
    0x1c, 0x83,

    /* U+5288 "劈" */
    0x0, 0x43, 0xe2, 0x11, 0x7c, 0xf9, 0x64, 0x13,
    0xbe, 0x63, 0x97, 0xc7, 0x88, 0x0, 0x41, 0xff,
    0x81, 0xc, 0x18, 0x67, 0x8e, 0x0, 0x0,

    /* U+529B "力" */
    0x3, 0x0, 0x20, 0x2, 0x7, 0xff, 0x2, 0x20,
    0x22, 0x6, 0x20, 0x42, 0xc, 0x20, 0x82, 0x30,
    0x6e, 0xe,

    /* U+529D "劝" */
    0x0, 0x80, 0x8, 0x7c, 0x80, 0xff, 0x48, 0x92,
    0x89, 0x38, 0x91, 0x9, 0x39, 0x16, 0xd1, 0xc2,
    0x30, 0xe6,

    /* U+529E "办" */
    0x4, 0x0, 0x40, 0x4, 0x7, 0xf8, 0x4, 0x80,
    0x48, 0x24, 0xa4, 0xcb, 0xc8, 0x91, 0x88, 0x30,
    0x86, 0x30,

    /* U+529F "功" */
    0x1, 0x0, 0x23, 0xe4, 0x13, 0xf2, 0x12, 0x42,
    0x48, 0x49, 0x9, 0x3a, 0x3c, 0x44, 0x11, 0x8e,
    0x60,

    /* U+52A0 "加" */
    0x10, 0x1, 0x0, 0x10, 0xf7, 0xe9, 0x12, 0x91,
    0x29, 0x12, 0x91, 0x29, 0x22, 0x92, 0x2f, 0x6e,
    0x94, 0x80,

    /* U+52A1 "务" */
    0xc, 0x0, 0xff, 0x7, 0x30, 0x6d, 0x0, 0x30,
    0x7, 0xe3, 0xe9, 0xe0, 0x40, 0x3f, 0xe0, 0x31,
    0x3, 0x18, 0xe1, 0x80,

    /* U+52A3 "劣" */
    0x2, 0x0, 0xd2, 0xc, 0x8c, 0xc5, 0xb0, 0x70,
    0x7e, 0x0, 0x8, 0xf, 0xfc, 0x4, 0x20, 0x21,
    0x6, 0x18, 0xc3, 0x80,

    /* U+52A8 "动" */
    0x0, 0x87, 0xc8, 0x0, 0x80, 0x3f, 0xfc, 0x93,
    0x9, 0x20, 0x92, 0xd9, 0x4d, 0x1f, 0x71, 0x6,
    0x70, 0xc4,

    /* U+52A9 "助" */
    0x0, 0x8f, 0x11, 0x22, 0x25, 0xf7, 0x8a, 0x91,
    0x52, 0x2b, 0xc5, 0x49, 0x29, 0x27, 0xfc, 0xc3,
    0x30, 0xc0,

    /* U+52AA "努" */
    0x30, 0x2, 0x0, 0xff, 0xe4, 0xd2, 0x69, 0x43,
    0x8c, 0x3b, 0xec, 0x23, 0x4, 0x7, 0xfc, 0xc,
    0x41, 0x84, 0xf1, 0xc0, 0x0,

    /* U+52AB "劫" */
    0x10, 0x81, 0x8, 0x7c, 0x81, 0x3f, 0x10, 0x9f,
    0xe9, 0x30, 0x92, 0x89, 0x6d, 0x17, 0xd1, 0x63,
    0x10, 0xe6,

    /* U+52B1 "励" */
    0x0, 0x47, 0xe4, 0x40, 0x47, 0xef, 0x50, 0x55,
    0xc5, 0x54, 0x55, 0x45, 0x54, 0x9d, 0xc9, 0xa9,
    0xf2, 0x33, 0x2, 0x0,

    /* U+52B2 "劲" */
    0x0, 0xc7, 0xc8, 0x8, 0x81, 0xbf, 0x66, 0x98,
    0x9, 0x7c, 0x91, 0x9, 0x11, 0x91, 0xd1, 0xf3,
    0x70, 0x66,

    /* U+52B3 "劳" */
    0xc, 0x83, 0xff, 0xc2, 0x20, 0x0, 0x7, 0xff,
    0xa0, 0x5, 0x8, 0x27, 0xfc, 0x6, 0x60, 0x63,
    0x6, 0x18, 0xe1, 0x80,

    /* U+52BF "势" */
    0x10, 0x80, 0x84, 0x3f, 0xf8, 0x21, 0x4f, 0x9a,
    0x9, 0xb4, 0xd8, 0xe0, 0x40, 0x7f, 0xe0, 0x21,
    0x3, 0x8, 0xe1, 0xc0,

    /* U+52C3 "勃" */
    0x10, 0x81, 0x8, 0xfc, 0x81, 0x28, 0xfd, 0xf8,
    0x49, 0x78, 0x91, 0x89, 0x15, 0x1f, 0x91, 0x12,
    0x13, 0x46,

    /* U+52C7 "勇" */
    0x7f, 0xe1, 0x38, 0x1c, 0x1f, 0xf2, 0x22, 0x7f,
    0xcf, 0xf9, 0x11, 0x2, 0xf, 0xfc, 0x30, 0xf8,
    0x70,

    /* U+52C9 "勉" */
    0x20, 0x83, 0xc8, 0x48, 0x88, 0x9e, 0xfc, 0xa5,
    0x4a, 0x7c, 0xa5, 0x1a, 0x39, 0x22, 0xa6, 0x48,
    0x18, 0xff,

    /* U+52CB "勋" */
    0x7c, 0x42, 0x22, 0x1f, 0x52, 0x3, 0xf7, 0xe5,
    0xa3, 0x2d, 0x59, 0x6a, 0xd3, 0x56, 0x99, 0x48,
    0xd8, 0xcf, 0x8, 0x0,

    /* U+52D2 "勒" */
    0x24, 0x47, 0xf2, 0x9, 0x10, 0x7b, 0xf1, 0x5,
    0xbf, 0x2d, 0x49, 0x6f, 0xcb, 0x10, 0x9f, 0xf4,
    0xc4, 0x44, 0x24, 0x40,

    /* U+52D8 "勘" */
    0x24, 0x47, 0xf2, 0x9, 0x32, 0x78, 0xf2, 0x45,
    0x1e, 0x28, 0x91, 0x5f, 0xca, 0x54, 0x93, 0x4,
    0x9f, 0x7c, 0x6, 0x0,

    /* U+52DF "募" */
    0x4, 0x83, 0xff, 0xc1, 0x20, 0x36, 0xc1, 0xfe,
    0x8, 0x10, 0x3f, 0x1f, 0xff, 0x12, 0x67, 0xff,
    0xc1, 0x92, 0x3a, 0x82, 0x8, 0x0,

    /* U+52E4 "勤" */
    0x22, 0x47, 0xfa, 0x8, 0x90, 0x7d, 0xf4, 0x95,
    0xbf, 0x2d, 0xf9, 0x61, 0xb, 0x7e, 0x5b, 0xf4,
    0xc2, 0xa4, 0xeb, 0x60,

    /* U+52FA "勺" */
    0x18, 0x2, 0x0, 0xff, 0x90, 0x16, 0x3, 0x90,
    0x43, 0x8, 0x31, 0x2, 0x20, 0x4, 0x1, 0x80,
    0xe0,

    /* U+52FE "勾" */
    0x8, 0x0, 0x80, 0x1f, 0xf3, 0x1, 0x26, 0x14,
    0x41, 0xd, 0x10, 0x99, 0x10, 0x93, 0xfd, 0x0,
    0x10, 0x7,

    /* U+52FF "勿" */
    0x18, 0x1, 0x0, 0x3f, 0xf6, 0x5a, 0x49, 0x28,
    0x92, 0x11, 0x23, 0x22, 0xe6, 0x20, 0xc2, 0x18,
    0x63, 0xc,

    /* U+5300 "匀" */
    0x18, 0x2, 0x0, 0xff, 0x90, 0x14, 0x83, 0x9c,
    0x40, 0x88, 0x9, 0xe, 0x2f, 0x4, 0x80, 0x80,
    0x60,

    /* U+5305 "包" */
    0x10, 0x0, 0x80, 0xf, 0xf8, 0xc0, 0x4f, 0xf2,
    0x10, 0x90, 0x84, 0x87, 0xe4, 0x20, 0x61, 0x0,
    0x88, 0x4, 0x7f, 0xe0,

    /* U+5306 "匆" */
    0x18, 0x1, 0x80, 0x3f, 0xf2, 0x4b, 0x54, 0xb1,
    0xda, 0xf, 0x23, 0x32, 0x62, 0xa0, 0x62, 0x18,
    0x22, 0xe,

    /* U+5308 "匈" */
    0x18, 0x1, 0x0, 0x3f, 0xf6, 0x21, 0xda, 0x12,
    0xe9, 0x24, 0x92, 0xe9, 0x3b, 0x92, 0x9, 0x3f,
    0x90, 0x7,

    /* U+5315 "匕" */
    0x80, 0x40, 0x20, 0xd0, 0xc9, 0xc7, 0x83, 0x1,
    0x0, 0x80, 0x40, 0x60, 0x7f, 0xe0,

    /* U+5316 "化" */
    0x9, 0x0, 0xc8, 0x4, 0x4c, 0x62, 0x43, 0x14,
    0x38, 0xc1, 0x46, 0x2, 0x60, 0x1d, 0x0, 0x88,
    0x84, 0x46, 0x23, 0xe0,

    /* U+5317 "北" */
    0x9, 0x0, 0x90, 0x9, 0x0, 0x92, 0x79, 0x70,
    0x98, 0x9, 0x0, 0x90, 0x9, 0x1, 0x91, 0xe9,
    0x10, 0x9f,

    /* U+5319 "匙" */
    0x3e, 0x40, 0x89, 0x3, 0xe4, 0x88, 0x9e, 0x3e,
    0x60, 0x1, 0x7, 0xf4, 0x2, 0x12, 0x2e, 0x79,
    0xa0, 0x5, 0x80, 0x13, 0xfe,

    /* U+5320 "匠" */
    0xff, 0xf0, 0x2, 0x3, 0x4f, 0xe9, 0x1, 0x3f,
    0xe4, 0x44, 0x88, 0xa1, 0x1c, 0x22, 0x0, 0x7f,
    0xf0,

    /* U+5323 "匣" */
    0xff, 0xe8, 0x0, 0x9f, 0xc9, 0x24, 0x92, 0x49,
    0xfc, 0x92, 0x49, 0xfc, 0x82, 0x8, 0x20, 0x80,
    0xf, 0xff,

    /* U+532A "匪" */
    0xff, 0xf8, 0x0, 0x85, 0xb, 0xde, 0x85, 0x8,
    0x50, 0xbd, 0xe8, 0x50, 0xbd, 0xe8, 0x50, 0x85,
    0xf, 0xff,

    /* U+5339 "匹" */
    0xff, 0xf2, 0x42, 0x48, 0x49, 0x9, 0x21, 0x24,
    0xe8, 0x97, 0x1e, 0x80, 0x1f, 0xfc,

    /* U+533A "区" */
    0xff, 0xe8, 0x0, 0x90, 0x89, 0x98, 0x8d, 0x8,
    0x20, 0x85, 0x88, 0x8c, 0xb0, 0x48, 0x0, 0xff,
    0xf0,

    /* U+533B "医" */
    0xff, 0xf0, 0x2, 0x60, 0x4f, 0xeb, 0x21, 0x4,
    0x2f, 0xfc, 0x30, 0x8d, 0x97, 0x1e, 0x81, 0x7f,
    0xf0,

    /* U+533E "匾" */
    0xff, 0xf0, 0xc2, 0xff, 0x50, 0x2b, 0xfd, 0x40,
    0x2f, 0xfd, 0xaa, 0xdf, 0xda, 0xaa, 0x55, 0x7f,
    0xf0,

    /* U+533F "匿" */
    0xff, 0xf0, 0x2, 0x22, 0x5f, 0xf8, 0xa9, 0x7f,
    0xe1, 0x4, 0xfe, 0xb8, 0x51, 0xfa, 0x0, 0x7f,
    0xf0,

    /* U+5341 "十" */
    0x2, 0x0, 0x20, 0x2, 0x0, 0x20, 0x2, 0xf,
    0xff, 0x2, 0x0, 0x20, 0x2, 0x0, 0x20, 0x2,
    0x0, 0x20,

    /* U+5343 "千" */
    0x3, 0xe3, 0xf0, 0x0, 0x80, 0x4, 0x0, 0x20,
    0x7f, 0xfc, 0x8, 0x0, 0x40, 0x2, 0x0, 0x10,
    0x0, 0x80, 0x4, 0x0,

    /* U+5347 "升" */
    0x6, 0x83, 0xc8, 0x68, 0x80, 0x88, 0x8, 0x8f,
    0xff, 0x8, 0x80, 0x88, 0x18, 0x81, 0x8, 0x60,
    0x84, 0x8,

    /* U+5348 "午" */
    0x8, 0x1, 0x80, 0x3f, 0xe3, 0x20, 0x62, 0x0,
    0x20, 0xff, 0xf0, 0x20, 0x2, 0x0, 0x20, 0x2,
    0x0, 0x20,

    /* U+534A "半" */
    0x2, 0x1, 0x11, 0x4, 0x98, 0x35, 0x80, 0x20,
    0x3f, 0xf8, 0x8, 0x0, 0x40, 0xff, 0xf8, 0x10,
    0x0, 0x80, 0x4, 0x0,

    /* U+534E "华" */
    0x19, 0x0, 0x89, 0x8c, 0x78, 0xe6, 0x5, 0x51,
    0x8, 0x8c, 0x43, 0xc0, 0x40, 0x7f, 0xf8, 0x10,
    0x0, 0x80, 0x4, 0x0,

    /* U+534F "协" */
    0x21, 0x0, 0x84, 0x2, 0x10, 0x9, 0xf8, 0xf9,
    0x20, 0x94, 0x82, 0x52, 0x8a, 0x4a, 0x23, 0x20,
    0x88, 0x82, 0x46, 0xa, 0x20,

    /* U+5351 "卑" */
    0x4, 0x0, 0x20, 0xf, 0xf8, 0x44, 0x42, 0x22,
    0x1f, 0xf0, 0x98, 0x87, 0xfc, 0x9, 0x0, 0x88,
    0x3f, 0xfe, 0x2, 0x0, 0x10, 0x0,

    /* U+5352 "卒" */
    0x0, 0x0, 0x18, 0x1f, 0xfe, 0x0, 0x0, 0x84,
    0xc, 0x60, 0x5a, 0xc4, 0x2, 0x3, 0x7, 0xff,
    0xc0, 0xc0, 0x6, 0x0, 0x30, 0x0,

    /* U+5353 "卓" */
    0x4, 0x0, 0x3f, 0x81, 0x0, 0x7f, 0xc2, 0x2,
    0x1f, 0xf0, 0x80, 0x87, 0xfc, 0x6, 0x7, 0xff,
    0xc1, 0x80, 0xc, 0x0,

    /* U+5355 "单" */
    0x11, 0x81, 0x90, 0x7f, 0xc4, 0x44, 0x7f, 0xc4,
    0x44, 0x44, 0x47, 0xfc, 0x4, 0xf, 0xff, 0x4,
    0x0, 0x40,

    /* U+5356 "卖" */
    0x6, 0x7, 0xff, 0x6, 0x0, 0x60, 0xff, 0xe1,
    0x26, 0x6a, 0x1, 0x20, 0xff, 0xf0, 0x58, 0x78,
    0xee, 0x2,

    /* U+5357 "南" */
    0x4, 0xf, 0xff, 0x4, 0x0, 0x40, 0x7f, 0xe4,
    0xb2, 0x4a, 0x25, 0xfa, 0x44, 0x27, 0xfa, 0x44,
    0x24, 0x46,

    /* U+535A "博" */
    0x41, 0x45, 0xff, 0x41, 0xe, 0xfe, 0x4f, 0xe4,
    0x92, 0x4f, 0xe4, 0x92, 0x40, 0x45, 0xff, 0x44,
    0x44, 0xc,

    /* U+535C "卜" */
    0x81, 0x2, 0x4, 0xb, 0x13, 0x23, 0x43, 0x81,
    0x2, 0x4, 0x0,

    /* U+5360 "占" */
    0x8, 0x1, 0x0, 0x3f, 0x84, 0x0, 0x80, 0x10,
    0x3f, 0xe4, 0x4, 0x80, 0x90, 0x13, 0xfe, 0x40,
    0x40,

    /* U+5361 "卡" */
    0x4, 0x0, 0x40, 0x7, 0xc0, 0x40, 0x4, 0xf,
    0xff, 0x4, 0x0, 0x58, 0x4, 0xc0, 0x44, 0x4,
    0x0, 0x40,

    /* U+5362 "卢" */
    0x4, 0x0, 0x7f, 0x4, 0x0, 0x40, 0x3f, 0xe2,
    0x2, 0x20, 0x23, 0xfe, 0x20, 0x26, 0x0, 0x40,
    0xc, 0x0,

    /* U+5364 "卤" */
    0x8, 0x1, 0xfc, 0x20, 0x4, 0xf, 0xf9, 0x1,
    0x2d, 0xa4, 0x64, 0x9e, 0x94, 0x53, 0xfe, 0x40,
    0x40,

    /* U+5366 "卦" */
    0x10, 0x81, 0x8, 0xfe, 0x81, 0x8, 0xfe, 0xe1,
    0xa, 0x10, 0xbf, 0xe9, 0x10, 0x81, 0x8, 0xfe,
    0x80, 0x8,

    /* U+5367 "卧" */
    0x1, 0xf, 0xd0, 0x91, 0x9, 0x10, 0xfd, 0xc8,
    0x54, 0x85, 0x2f, 0xd2, 0x91, 0x9, 0x10, 0xfd,
    0x0, 0x10,

    /* U+536B "卫" */
    0x7f, 0xc0, 0x44, 0x4, 0x40, 0x44, 0x4, 0x40,
    0x44, 0x4, 0xc0, 0x40, 0x4, 0xf, 0xff,

    /* U+5370 "印" */
    0x0, 0x3, 0xc5, 0xef, 0xa1, 0x14, 0x22, 0xf4,
    0x50, 0x8a, 0x11, 0x42, 0x2b, 0x45, 0xcb, 0xa1,
    0x0, 0x20,

    /* U+5371 "危" */
    0xc, 0x0, 0x40, 0x7, 0xf0, 0x61, 0x7, 0xff,
    0x88, 0x0, 0x40, 0x2, 0xfc, 0x14, 0x21, 0xa3,
    0x9, 0x30, 0x48, 0x34, 0x7f, 0x0,

    /* U+5373 "即" */
    0x7d, 0xe8, 0xa5, 0x14, 0xbe, 0x94, 0x52, 0xfa,
    0x50, 0x4a, 0x49, 0x5d, 0x6c, 0xe9, 0x4, 0x0,
    0x80,

    /* U+5374 "却" */
    0x10, 0x1, 0x1f, 0x7f, 0x11, 0x11, 0x11, 0x1f,
    0xf1, 0x31, 0x12, 0x91, 0x45, 0x1f, 0xf7, 0x81,
    0x0, 0x10,

    /* U+5375 "卵" */
    0xc, 0x7, 0xbf, 0x45, 0x17, 0x55, 0x55, 0x55,
    0x55, 0x55, 0x74, 0xd1, 0x79, 0x10, 0x97, 0x11,
    0x6, 0x10,

    /* U+5377 "卷" */
    0x13, 0x0, 0x49, 0x80, 0x24, 0xf, 0xfc, 0x2,
    0x1, 0xff, 0xe0, 0x84, 0xf, 0xfe, 0x68, 0x48,
    0x27, 0x0, 0x81, 0x3, 0xf8,

    /* U+5378 "卸" */
    0x10, 0x2, 0x0, 0x3e, 0xf6, 0x89, 0x8, 0x9f,
    0xf9, 0x8, 0x92, 0x89, 0x2e, 0x92, 0x89, 0x2a,
    0xb7, 0x48, 0x0, 0x80,

    /* U+537F "卿" */
    0x10, 0x7, 0x77, 0x45, 0x55, 0x55, 0x57, 0x55,
    0x55, 0x55, 0x55, 0x75, 0x74, 0x52, 0x55, 0x2f,
    0xfc, 0x4, 0x0, 0x40,

    /* U+5382 "厂" */
    0x20, 0x13, 0xff, 0x20, 0x2, 0x0, 0x20, 0x2,
    0x0, 0x20, 0x2, 0x0, 0x20, 0x6, 0x0, 0x40,
    0xc, 0x0,

    /* U+5385 "厅" */
    0x3f, 0xf2, 0x0, 0x20, 0x2, 0x0, 0x2f, 0xf2,
    0x8, 0x20, 0x82, 0x8, 0x20, 0x86, 0x8, 0x40,
    0x84, 0x38,

    /* U+5386 "历" */
    0x3f, 0xf9, 0x0, 0x8, 0x40, 0x42, 0x2, 0xff,
    0x10, 0x98, 0x8c, 0x84, 0x44, 0x66, 0x22, 0x61,
    0x36, 0x38, 0x0, 0x0,

    /* U+5389 "厉" */
    0x3f, 0xf2, 0x0, 0x20, 0x3, 0xff, 0x22, 0x2,
    0x20, 0x23, 0xe2, 0x22, 0x24, 0x24, 0x46, 0x48,
    0x6d, 0x8c,

    /* U+538B "压" */
    0x3f, 0xf1, 0x8, 0x8, 0x40, 0x42, 0x2, 0xff,
    0x10, 0x80, 0x85, 0x84, 0x26, 0x41, 0x2, 0xff,
    0xc0, 0x0,

    /* U+538C "厌" */
    0x3f, 0xf9, 0x8, 0x8, 0x58, 0x42, 0x42, 0xff,
    0x90, 0x80, 0x8e, 0x4, 0x50, 0x46, 0x42, 0x63,
    0x36, 0xc, 0x20, 0x0,

    /* U+5395 "厕" */
    0x7f, 0xf4, 0x0, 0x5f, 0x15, 0xf5, 0x55, 0x55,
    0x55, 0x55, 0x55, 0x55, 0x5f, 0x54, 0xa1, 0x91,
    0x12, 0x2,

    /* U+5398 "厘" */
    0x3f, 0xf9, 0x0, 0xb, 0xfc, 0x51, 0x22, 0xff,
    0x14, 0x48, 0xa2, 0x45, 0xfe, 0x20, 0x83, 0x3f,
    0x90, 0x21, 0x9f, 0xf4, 0x0, 0x0,

    /* U+539A "厚" */
    0x7f, 0xf4, 0x0, 0x5f, 0xe5, 0x82, 0x5f, 0xe5,
    0x82, 0x47, 0xc5, 0xfe, 0x41, 0x8b, 0xff, 0x81,
    0x8, 0x70,

    /* U+539F "原" */
    0x3f, 0xf1, 0xc, 0x8, 0x40, 0x5f, 0xe2, 0x81,
    0x17, 0xf8, 0xa0, 0x45, 0xfe, 0x20, 0x82, 0x65,
    0x96, 0x26, 0x87, 0x0,

    /* U+53A2 "厢" */
    0x7f, 0xf4, 0x0, 0x48, 0x4, 0x9f, 0x5f, 0x14,
    0x9f, 0x5d, 0x15, 0xbf, 0x69, 0x1e, 0x91, 0x89,
    0xf8, 0x91,

    /* U+53A6 "厦" */
    0x7f, 0xf4, 0x0, 0x5f, 0xe4, 0xfe, 0x48, 0x24,
    0xfe, 0x4f, 0xe4, 0x82, 0x47, 0xc4, 0xfe, 0xdc,
    0x4a, 0x38, 0xbc, 0x70,

    /* U+53A8 "厨" */
    0x7f, 0xf4, 0x0, 0x5e, 0x24, 0x2, 0x5e, 0xf5,
    0x22, 0x52, 0xa5, 0xea, 0x52, 0xa5, 0x42, 0xbf,
    0x20, 0x6,

    /* U+53BB "去" */
    0x2, 0x0, 0x10, 0xf, 0xf8, 0x4, 0x0, 0x20,
    0x1, 0x3, 0xff, 0xe0, 0xc0, 0x8, 0x80, 0x82,
    0x1f, 0xf8, 0x60, 0x60,

    /* U+53BF "县" */
    0x3f, 0xc2, 0x4, 0x20, 0x43, 0xfc, 0x20, 0x43,
    0xfc, 0x20, 0x4f, 0xff, 0x8, 0x3, 0xc, 0x7f,
    0xe0, 0x2,

    /* U+53C2 "参" */
    0x0, 0x0, 0x68, 0x4, 0x30, 0x7f, 0xc0, 0x80,
    0x7f, 0xf8, 0x4a, 0xc, 0xcc, 0xd9, 0xb1, 0x32,
    0xe, 0x60, 0xe, 0x7, 0x80, 0x0,

    /* U+53C8 "又" */
    0x7f, 0xc0, 0x4, 0x10, 0xc1, 0x8, 0x9, 0x80,
    0xd0, 0x6, 0x0, 0x60, 0x19, 0x83, 0xe, 0xe0,
    0x30,

    /* U+53C9 "叉" */
    0x7f, 0xc0, 0x4, 0x24, 0xc3, 0x6c, 0x12, 0x81,
    0x98, 0x9, 0x0, 0x60, 0xf, 0x3, 0x9c, 0xe0,
    0x70, 0x0,

    /* U+53CA "及" */
    0x3f, 0xe0, 0x62, 0x3, 0x10, 0x11, 0x0, 0xcf,
    0x5, 0x10, 0x28, 0x82, 0x68, 0x11, 0xc1, 0xe,
    0x33, 0x9e, 0x10, 0x10,

    /* U+53CB "友" */
    0x6, 0x0, 0x30, 0x1f, 0xfe, 0x8, 0x0, 0x40,
    0x7, 0xf0, 0x21, 0x3, 0x48, 0x12, 0xc1, 0xc,
    0x18, 0xf0, 0x38, 0x71, 0x0, 0x80,

    /* U+53CC "双" */
    0x7d, 0xf0, 0x20, 0x99, 0x44, 0x6a, 0x61, 0xda,
    0x4, 0x50, 0x33, 0x82, 0x88, 0x32, 0xe3, 0x19,
    0x83, 0x86,

    /* U+53CD "反" */
    0x0, 0x63, 0xfe, 0x20, 0x2, 0x0, 0x3f, 0xe2,
    0x4, 0x2c, 0xc2, 0x48, 0x67, 0x84, 0x30, 0xcc,
    0xeb, 0x3,

    /* U+53D1 "发" */
    0x3, 0x0, 0x93, 0x8, 0x88, 0xff, 0xf0, 0x40,
    0x3, 0xf0, 0x21, 0x83, 0xc8, 0x33, 0xc3, 0xc,
    0x17, 0xbc, 0x30, 0x30,

    /* U+53D4 "叔" */
    0x10, 0x0, 0x8f, 0x87, 0xc, 0x22, 0x41, 0x12,
    0x7f, 0x90, 0x44, 0x8e, 0x98, 0x52, 0xc6, 0x96,
    0x24, 0x58, 0x6c, 0x60,

    /* U+53D6 "取" */
    0xfc, 0x4, 0xbe, 0x48, 0x27, 0xa2, 0x4a, 0x64,
    0x94, 0x79, 0x44, 0x98, 0x4c, 0x8f, 0x96, 0xe,
    0x30, 0x80,

    /* U+53D7 "受" */
    0x0, 0x1f, 0xfc, 0x93, 0x12, 0x4f, 0xff, 0x0,
    0x6f, 0xe8, 0x88, 0xb, 0x1, 0xc3, 0xef, 0xe0,
    0x30,

    /* U+53D8 "变" */
    0x6, 0x0, 0x60, 0xff, 0xf0, 0x90, 0x29, 0x64,
    0x93, 0x9, 0x10, 0x0, 0x7f, 0xc1, 0x8, 0x9,
    0x0, 0x60, 0xf9, 0xf0, 0x0,

    /* U+53D9 "叙" */
    0x8, 0x0, 0xaf, 0x84, 0x84, 0x47, 0x27, 0xe9,
    0x4, 0x49, 0xfe, 0xc1, 0xc, 0x2a, 0x63, 0x5b,
    0x12, 0x26, 0x36, 0x10,

    /* U+53DB "叛" */
    0x10, 0x11, 0x57, 0xe5, 0x50, 0x4, 0x4e, 0x7d,
    0xf0, 0x46, 0x41, 0x19, 0x1f, 0x5c, 0x12, 0x60,
    0x49, 0x82, 0x6f, 0x13, 0x66, 0x1, 0x0,

    /* U+53E0 "叠" */
    0x7f, 0xc1, 0x90, 0x3e, 0xcf, 0xbe, 0x7b, 0x43,
    0xfb, 0xff, 0xfb, 0xfd, 0x20, 0x43, 0xfc, 0x3f,
    0xcf, 0xff,

    /* U+53E3 "口" */
    0xff, 0xc0, 0x60, 0x30, 0x18, 0xc, 0x6, 0x3,
    0x1, 0xff, 0xc0, 0x40,

    /* U+53E4 "古" */
    0x2, 0x0, 0x10, 0x0, 0x81, 0xff, 0xf0, 0x20,
    0x1, 0x0, 0xff, 0x84, 0x4, 0x20, 0x21, 0x1,
    0xf, 0xf8, 0x40, 0x40,

    /* U+53E5 "句" */
    0x8, 0x1, 0x80, 0x1f, 0xf2, 0x1, 0x60, 0x15,
    0xf9, 0x10, 0x91, 0x9, 0x10, 0x91, 0xf9, 0x10,
    0x90, 0x7, 0x0, 0x0,

    /* U+53E6 "另" */
    0x3f, 0xc4, 0x8, 0x81, 0x10, 0x23, 0xfc, 0x8,
    0x3f, 0xf8, 0x21, 0x8, 0x23, 0xf, 0x87, 0x80,
    0x0,

    /* U+53E8 "叨" */
    0xf7, 0xf2, 0x26, 0x44, 0xc8, 0x99, 0x13, 0x22,
    0x7c, 0xcc, 0x91, 0x86, 0x21, 0x8c, 0x43, 0x0,

    /* U+53EA "只" */
    0x3f, 0xc2, 0x4, 0x20, 0x42, 0x4, 0x20, 0x43,
    0xfc, 0x0, 0x1, 0x98, 0x30, 0xc6, 0x2, 0xc0,
    0x10,

    /* U+53EB "叫" */
    0x0, 0x7c, 0x99, 0x26, 0x49, 0x92, 0x64, 0x99,
    0x27, 0xcf, 0x93, 0x60, 0x10, 0x4, 0x1,

    /* U+53EC "召" */
    0x7f, 0xe0, 0x84, 0x10, 0x84, 0x13, 0x8f, 0xc0,
    0xf, 0xf9, 0x81, 0x30, 0x27, 0xfc, 0xc0, 0x80,

    /* U+53ED "叭" */
    0x3, 0x87, 0x94, 0x24, 0xa1, 0x25, 0x9, 0x28,
    0x49, 0x43, 0xcb, 0x12, 0x88, 0x84, 0x60, 0x41,
    0x4, 0xc, 0x0, 0x0,

    /* U+53EE "叮" */
    0xf3, 0xfc, 0x82, 0x24, 0x11, 0x20, 0x89, 0x4,
    0x48, 0x23, 0xc1, 0x12, 0x8, 0x80, 0x40, 0xe,
    0x0, 0x30,

    /* U+53EF "可" */
    0xff, 0xf8, 0x2, 0xf, 0x90, 0x44, 0x82, 0x24,
    0x11, 0x20, 0xf9, 0x4, 0x48, 0x20, 0x40, 0x2,
    0x0, 0x30,

    /* U+53F0 "台" */
    0x8, 0x1, 0x80, 0x60, 0x18, 0xc4, 0xd, 0xff,
    0xc0, 0x8, 0x0, 0x7f, 0xc8, 0x9, 0x1, 0x3f,
    0xe4, 0x4,

    /* U+53F2 "史" */
    0x2, 0x0, 0x10, 0xf, 0xf8, 0x44, 0x42, 0x22,
    0x11, 0x10, 0xff, 0x80, 0x40, 0x12, 0x0, 0x70,
    0x3, 0x81, 0xf3, 0xe4, 0x1, 0x0,

    /* U+53F3 "右" */
    0x2, 0x0, 0xc, 0x0, 0x20, 0x1f, 0xff, 0x6,
    0x0, 0x10, 0x0, 0xc0, 0x7, 0xfc, 0x18, 0x11,
    0xa0, 0x44, 0x81, 0x3, 0xfc, 0x8, 0x10,

    /* U+53F6 "叶" */
    0x0, 0x8f, 0x8, 0x90, 0x89, 0x8, 0x97, 0xf9,
    0x8, 0x90, 0x89, 0x8, 0xf0, 0x89, 0x8, 0x80,
    0x80, 0x8,

    /* U+53F7 "号" */
    0x3f, 0xc2, 0x4, 0x20, 0x43, 0xfc, 0x0, 0xf,
    0xff, 0x10, 0x1, 0x0, 0x1f, 0xc0, 0x4, 0x0,
    0x40, 0x38,

    /* U+53F8 "司" */
    0x40, 0x2f, 0xfc, 0x0, 0xff, 0xd0, 0x2, 0x7e,
    0x48, 0x49, 0x9, 0x3f, 0x24, 0x24, 0x0, 0x80,
    0x20,

    /* U+53F9 "叹" */
    0xf7, 0xe9, 0x2, 0x96, 0x49, 0x64, 0x92, 0x49,
    0x2c, 0xf3, 0x89, 0x10, 0x82, 0xc0, 0xc7, 0x10,
    0x0,

    /* U+53FC "叼" */
    0xf7, 0xf2, 0x6, 0x40, 0xc8, 0xd9, 0x13, 0x22,
    0x64, 0x8f, 0x91, 0x96, 0x30, 0x84, 0x11, 0x80,
    0xe0,

    /* U+53FD "叽" */
    0x3, 0xc7, 0x92, 0x24, 0x91, 0x24, 0x89, 0x24,
    0x49, 0x22, 0x49, 0x1e, 0x48, 0x96, 0x44, 0x22,
    0x83, 0x16, 0x70, 0xe0,

    /* U+5401 "吁" */
    0x7, 0xef, 0x8, 0x90, 0x89, 0x8, 0x90, 0x89,
    0x7f, 0x90, 0x8f, 0x8, 0x90, 0x88, 0x8, 0x0,
    0x80, 0x18,

    /* U+5403 "吃" */
    0x1, 0xf, 0x30, 0x93, 0xf9, 0x60, 0x9c, 0x9,
    0x3e, 0x90, 0xc9, 0x18, 0xf1, 0x9, 0x20, 0x82,
    0x10, 0x3e,

    /* U+5404 "各" */
    0x8, 0x0, 0x60, 0x7, 0xf8, 0x38, 0x82, 0x68,
    0x1, 0x80, 0x73, 0xee, 0x7, 0x1f, 0xe0, 0x81,
    0x4, 0x8, 0x3f, 0xc1, 0x2, 0x0,

    /* U+5406 "吆" */
    0x0, 0x0, 0x18, 0xf1, 0x9, 0x20, 0x94, 0x69,
    0xfc, 0x90, 0x89, 0x10, 0xf3, 0x49, 0x26, 0x8f,
    0xe0, 0x83,

    /* U+5408 "合" */
    0x6, 0x0, 0x30, 0x2, 0x40, 0x21, 0x2, 0x7,
    0x6f, 0xd8, 0x0, 0x7, 0xf8, 0x20, 0x41, 0x2,
    0xf, 0xf0, 0x40, 0x80,

    /* U+5409 "吉" */
    0x2, 0x0, 0x10, 0x3f, 0xfe, 0x4, 0x0, 0x20,
    0x3f, 0xf8, 0x0, 0x7, 0xf8, 0x20, 0x41, 0x2,
    0xf, 0xf0, 0x40, 0x80,

    /* U+540A "吊" */
    0x7f, 0x90, 0x24, 0x9, 0xfe, 0x8, 0x2, 0xf,
    0xfe, 0x21, 0x88, 0x62, 0x18, 0x9c, 0x20,

    /* U+540C "同" */
    0xff, 0xf0, 0x6, 0x0, 0xdf, 0xd8, 0x3, 0x3e,
    0x64, 0x4c, 0x89, 0x9f, 0x30, 0x6, 0x0, 0xc0,
    0x70,

    /* U+540D "名" */
    0x4, 0x0, 0x40, 0xf, 0xf1, 0x82, 0x14, 0x42,
    0x68, 0x3, 0x0, 0x60, 0x3f, 0xf6, 0x81, 0x8,
    0x10, 0xff, 0x8, 0x10,

    /* U+540E "后" */
    0x0, 0x21, 0xff, 0x8, 0x0, 0x40, 0x3, 0xff,
    0x90, 0x0, 0xbf, 0x85, 0x4, 0x68, 0x22, 0x41,
    0x33, 0xf8, 0x10, 0x40,

    /* U+540F "吏" */
    0x2, 0x7, 0xff, 0x2, 0x0, 0x20, 0x3f, 0xe2,
    0x22, 0x22, 0x23, 0xfe, 0x12, 0x0, 0xc0, 0xe,
    0xf, 0x1f, 0x40, 0x10,

    /* U+5410 "吐" */
    0x0, 0x80, 0x8, 0xf0, 0x89, 0x8, 0x97, 0xf9,
    0x8, 0x90, 0x89, 0x8, 0xf0, 0x89, 0x8, 0x80,
    0x80, 0x7f,

    /* U+5411 "向" */
    0x10, 0x4, 0xf, 0xfe, 0x1, 0x80, 0x67, 0x99,
    0x26, 0x49, 0x9e, 0x60, 0x18, 0x1e, 0x7,

    /* U+5413 "吓" */
    0xf7, 0xf9, 0x10, 0x91, 0x9, 0x14, 0x91, 0x49,
    0x12, 0xf1, 0x39, 0x10, 0x81, 0x0, 0x10, 0x1,
    0x0,

    /* U+5415 "吕" */
    0x7f, 0x90, 0x24, 0x9, 0x2, 0x7f, 0x80, 0xf,
    0xfe, 0x1, 0x80, 0x60, 0x1f, 0xfe, 0x1,

    /* U+5417 "吗" */
    0x7, 0xef, 0x6, 0x92, 0x69, 0x24, 0x92, 0x49,
    0x24, 0x93, 0xff, 0x1, 0x97, 0xd8, 0x1, 0x0,
    0x30, 0x6,

    /* U+541B "君" */
    0x3f, 0xe0, 0x21, 0x1, 0x8, 0xff, 0xf0, 0x82,
    0x1f, 0xf0, 0x60, 0x3, 0xfc, 0x28, 0x22, 0x41,
    0x3, 0xf8, 0x10, 0x40,

    /* U+541D "吝" */
    0x2, 0x0, 0x10, 0x1f, 0xfc, 0x11, 0x0, 0x70,
    0xe, 0xf1, 0xc3, 0xc3, 0xfe, 0x10, 0x40, 0x82,
    0x7, 0xf0, 0x60, 0x80,

    /* U+541E "吞" */
    0x3f, 0xf0, 0x8, 0x0, 0x20, 0x1f, 0xfe, 0x6,
    0x80, 0x31, 0x1, 0x83, 0x3f, 0xfe, 0x58, 0x60,
    0x61, 0x81, 0xfe, 0x6, 0x18,

    /* U+541F "吟" */
    0x1, 0x0, 0x18, 0xf3, 0x89, 0x2c, 0x96, 0x69,
    0xd3, 0x91, 0x89, 0x7e, 0xf0, 0x69, 0x4, 0x80,
    0xc0, 0x8, 0x1, 0x0,

    /* U+5420 "吠" */
    0x1, 0x0, 0x14, 0xf1, 0x69, 0x10, 0x9f, 0xf9,
    0x10, 0x91, 0x9, 0x10, 0x92, 0x8f, 0x28, 0x96,
    0x88, 0x44, 0x18, 0x70, 0x0,

    /* U+5426 "否" */
    0x7f, 0xf8, 0xc, 0x0, 0x60, 0x3, 0xb8, 0x72,
    0x19, 0x8, 0x21, 0xfe, 0x4, 0x8, 0x10, 0x20,
    0x7f, 0x81, 0x2, 0x0,

    /* U+5427 "吧" */
    0x7, 0xef, 0x52, 0x95, 0x29, 0x52, 0x95, 0x29,
    0x7e, 0x94, 0x2f, 0x40, 0x94, 0x8, 0x41, 0x4,
    0x10, 0x7e,

    /* U+5428 "吨" */
    0x1, 0xf, 0x10, 0x9f, 0xf9, 0x10, 0x97, 0x29,
    0x52, 0x95, 0x29, 0x7e, 0xf1, 0x29, 0x10, 0x81,
    0x10, 0x1e,

    /* U+5429 "吩" */
    0x1, 0x8f, 0x18, 0x92, 0x49, 0x24, 0x96, 0x29,
    0xff, 0x91, 0x4f, 0x14, 0x91, 0x48, 0x34, 0x6,
    0x40, 0xcc,

    /* U+542B "含" */
    0x6, 0x0, 0xe0, 0x19, 0x83, 0x6e, 0x60, 0x7f,
    0xf8, 0x1, 0x0, 0x20, 0x3f, 0xc2, 0x4, 0x20,
    0x43, 0xfc,

    /* U+542C "听" */
    0x0, 0x2f, 0x3f, 0x92, 0x9, 0x20, 0x93, 0xf9,
    0x24, 0x92, 0x4f, 0x24, 0x94, 0x48, 0x44, 0x8,
    0x41, 0x84,

    /* U+542D "吭" */
    0x1, 0xf, 0x10, 0x97, 0xe9, 0x0, 0x90, 0x9,
    0x38, 0x92, 0x89, 0x28, 0xf2, 0x89, 0x68, 0x84,
    0xb1, 0x8e,

    /* U+542E "吮" */
    0x1, 0xf, 0x20, 0x92, 0xc9, 0x46, 0x9f, 0xe9,
    0x6b, 0x92, 0x89, 0x28, 0xf2, 0x89, 0x48, 0x8c,
    0x93, 0x8f,

    /* U+542F "启" */
    0x2, 0x0, 0x30, 0x3f, 0xf2, 0x1, 0x20, 0x13,
    0xff, 0x20, 0x2, 0x0, 0x2f, 0xf2, 0x81, 0x48,
    0x1c, 0xff, 0x8, 0x10,

    /* U+5431 "吱" */
    0x1, 0xf, 0x10, 0x9f, 0xf9, 0x10, 0x91, 0x9,
    0xfc, 0x94, 0x4f, 0x68, 0x93, 0x88, 0x38, 0xc,
    0xf1, 0x0,

    /* U+5434 "吴" */
    0x3f, 0xc2, 0x4, 0x20, 0x43, 0xfc, 0x0, 0x7,
    0xfe, 0x4, 0xf, 0xff, 0x6, 0x0, 0x98, 0xf0,
    0xf4, 0x1,

    /* U+5435 "吵" */
    0x1, 0xf, 0x10, 0x97, 0x49, 0x56, 0x95, 0x39,
    0x50, 0x91, 0x6f, 0x14, 0x90, 0xc8, 0x18, 0xe,
    0x0, 0x80,

    /* U+5438 "吸" */
    0xf, 0xcf, 0x44, 0x94, 0x89, 0x48, 0x96, 0xe9,
    0x64, 0x96, 0x4f, 0x54, 0x9d, 0x88, 0x98, 0x1b,
    0x63, 0x43,

    /* U+5439 "吹" */
    0x2, 0x0, 0x20, 0xf2, 0x9, 0x7e, 0x94, 0x29,
    0xd6, 0x91, 0x9, 0x10, 0xf3, 0x9, 0x28, 0x86,
    0xc0, 0xc6, 0x18, 0x20,

    /* U+543B "吻" */
    0x6, 0x1c, 0x82, 0xbf, 0xd5, 0x5b, 0xab, 0x4d,
    0x69, 0x2d, 0x29, 0xe9, 0x34, 0x66, 0x8, 0x86,
    0x70, 0x8,

    /* U+543C "吼" */
    0x0, 0x47, 0x7a, 0x28, 0x91, 0x48, 0x8a, 0x44,
    0x52, 0xa2, 0xf9, 0x14, 0x88, 0xe4, 0x45, 0x22,
    0x21, 0x12, 0x18, 0xe0,

    /* U+5440 "呀" */
    0x7, 0xff, 0x4, 0x92, 0x49, 0x24, 0x92, 0x49,
    0x7f, 0x91, 0x4f, 0x14, 0x92, 0x48, 0x64, 0xc,
    0x41, 0xc,

    /* U+5446 "呆" */
    0x3f, 0xc1, 0x2, 0x8, 0x10, 0x7f, 0x80, 0x20,
    0x1, 0x1, 0xff, 0xe1, 0xe0, 0x1a, 0x81, 0x93,
    0x38, 0x8c, 0x4, 0x0,

    /* U+5448 "呈" */
    0x7f, 0x84, 0x8, 0x40, 0x87, 0xf8, 0x0, 0xf,
    0xfe, 0x4, 0x0, 0x40, 0x7f, 0xc0, 0x40, 0x4,
    0xf, 0xff,

    /* U+544A "告" */
    0x32, 0x2, 0x20, 0x3f, 0xe4, 0x20, 0x2, 0xf,
    0xff, 0x0, 0x3, 0xfc, 0x20, 0x42, 0x4, 0x3f,
    0xc2, 0x4,

    /* U+5450 "呐" */
    0x1, 0x1c, 0x22, 0x9f, 0xd2, 0x9a, 0x53, 0x4a,
    0x69, 0x6d, 0x35, 0xe6, 0x74, 0xc6, 0x10, 0x82,
    0x70,

    /* U+5455 "呕" */
    0x7, 0xff, 0x40, 0x94, 0x9, 0x72, 0x95, 0x49,
    0x4c, 0x94, 0xc9, 0x4c, 0xf5, 0x29, 0x73, 0x84,
    0x0, 0x7f,

    /* U+5458 "员" */
    0x3f, 0xe1, 0x1, 0x8, 0x8, 0x7f, 0xc0, 0x0,
    0x1f, 0xf8, 0x80, 0x84, 0x44, 0x22, 0x21, 0x3c,
    0x3, 0x38, 0xe0, 0x60,

    /* U+545B "呛" */
    0x1, 0x0, 0x30, 0xf2, 0x89, 0x48, 0x94, 0x69,
    0x83, 0x9f, 0xc9, 0x44, 0x94, 0x4f, 0x5c, 0x94,
    0x8, 0x42, 0x7, 0xe0, 0x0,

    /* U+545C "呜" */
    0x3, 0x1e, 0xfa, 0x51, 0x4a, 0x29, 0x5d, 0x28,
    0x25, 0xff, 0xa3, 0x90, 0x71, 0xfc, 0x1, 0x0,
    0x60,

    /* U+5462 "呢" */
    0x7, 0xef, 0x42, 0x94, 0x29, 0x7e, 0x94, 0x9,
    0x50, 0x95, 0x3f, 0x5c, 0x95, 0x8, 0xd1, 0x9,
    0x13, 0x1f,

    /* U+5468 "周" */
    0x3f, 0xf2, 0x1, 0x22, 0x12, 0xfd, 0x22, 0x13,
    0xfd, 0x20, 0x12, 0xf9, 0x28, 0x96, 0xf9, 0x40,
    0x34, 0x7,

    /* U+5473 "味" */
    0x1, 0xf, 0x10, 0x97, 0xe9, 0x10, 0x91, 0x9,
    0xfe, 0x93, 0x89, 0x38, 0xf5, 0x49, 0x54, 0x89,
    0x31, 0x10,

    /* U+5475 "呵" */
    0xf7, 0xfc, 0x81, 0x25, 0xc9, 0x2a, 0x49, 0x52,
    0x4a, 0x92, 0x54, 0x9e, 0xe4, 0x94, 0x24, 0x1,
    0x0, 0x38,

    /* U+547B "呻" */
    0x1, 0x0, 0x23, 0xdf, 0xca, 0x99, 0x53, 0x2f,
    0xe5, 0x4f, 0xbf, 0x95, 0x20, 0x20, 0x4, 0x0,
    0x80,

    /* U+547C "呼" */
    0x0, 0x6f, 0xfd, 0x90, 0x89, 0x4b, 0x94, 0xa9,
    0x6c, 0x90, 0x8f, 0xff, 0x90, 0x88, 0x8, 0x1,
    0x80, 0x38,

    /* U+547D "命" */
    0x3, 0x0, 0x14, 0x0, 0xc8, 0x6, 0x18, 0x7f,
    0xf9, 0x0, 0x3, 0xdf, 0x9, 0x64, 0x25, 0x90,
    0xf6, 0x42, 0x5f, 0x0, 0x60,

    /* U+5486 "咆" */
    0x3, 0xf, 0x60, 0x97, 0xe9, 0x42, 0x9f, 0xa9,
    0x4a, 0x94, 0xa9, 0x7a, 0xf4, 0x49, 0x42, 0x4,
    0x30, 0x7e,

    /* U+548C "和" */
    0xc, 0x7, 0x80, 0x11, 0xf1, 0x11, 0xfd, 0x13,
    0x11, 0x3d, 0x15, 0x51, 0xd1, 0xf1, 0x11, 0x10,
    0x1, 0x0,

    /* U+548F "咏" */
    0x2, 0x0, 0x38, 0xe0, 0x8a, 0x70, 0xa1, 0x2a,
    0x13, 0xaf, 0xca, 0x58, 0xe5, 0x4a, 0xd6, 0x99,
    0x31, 0x10, 0x3, 0x0,

    /* U+5490 "咐" */
    0x3, 0x2f, 0x62, 0x94, 0x29, 0x5f, 0x94, 0x29,
    0xca, 0x9c, 0xa9, 0x4a, 0xf4, 0x29, 0x42, 0x84,
    0x20, 0x46,

    /* U+5492 "咒" */
    0x79, 0xe4, 0x92, 0x49, 0x24, 0x92, 0x79, 0xe0,
    0x0, 0x1f, 0x81, 0x8, 0x10, 0x81, 0x8, 0x20,
    0x9c, 0xf,

    /* U+5495 "咕" */
    0x1, 0x0, 0x23, 0xc4, 0x4f, 0xf9, 0x11, 0x22,
    0x25, 0xff, 0xa1, 0x94, 0x30, 0x84, 0x1f, 0x82,
    0x10,

    /* U+5496 "咖" */
    0x4, 0x0, 0x40, 0xef, 0xfa, 0x59, 0xa5, 0x9a,
    0x59, 0xa5, 0x9e, 0x99, 0xa9, 0x9a, 0x9f, 0x16,
    0x92, 0x0,

    /* U+5499 "咙" */
    0x2, 0x89, 0x2c, 0xf2, 0x49, 0xff, 0x93, 0x9,
    0x30, 0x97, 0x69, 0x54, 0xf5, 0x89, 0x90, 0x9b,
    0x23, 0x5e,

    /* U+54A7 "咧" */
    0x0, 0x1e, 0xf9, 0xa4, 0x5a, 0x4d, 0xaf, 0x5a,
    0x95, 0xbd, 0x5a, 0x35, 0xe2, 0x5a, 0x61, 0xc,
    0x11, 0x3,

    /* U+54A8 "咨" */
    0x4, 0x4, 0x60, 0x2f, 0xf0, 0x92, 0x2, 0xa2,
    0x28, 0xcc, 0x69, 0x83, 0x3f, 0xc2, 0x4, 0x20,
    0x42, 0x4, 0x3f, 0xc0,

    /* U+54AA "咪" */
    0x1, 0xf, 0x52, 0x97, 0x69, 0x74, 0x91, 0x9,
    0x7f, 0x93, 0x8f, 0x38, 0x95, 0x48, 0x96, 0x19,
    0x30, 0x10,

    /* U+54AC "咬" */
    0x1, 0x87, 0x8c, 0x27, 0xfd, 0x24, 0x89, 0x26,
    0x4a, 0x1a, 0x49, 0x12, 0x58, 0xf2, 0x84, 0x8c,
    0x20, 0xf0, 0x3c, 0xe0, 0x0, 0x0,

    /* U+54B1 "咱" */
    0x1, 0x0, 0x23, 0xdf, 0xca, 0x19, 0x43, 0x2f,
    0xe5, 0xc, 0xbf, 0xf4, 0x32, 0x86, 0x1f, 0x82,
    0x10,

    /* U+54B3 "咳" */
    0x1, 0x87, 0x84, 0x25, 0xfd, 0x22, 0x9, 0x26,
    0x4b, 0xe2, 0x42, 0xd2, 0x24, 0xf6, 0x44, 0xa6,
    0x20, 0xcc, 0x1c, 0x20, 0x0, 0x0,

    /* U+54B8 "咸" */
    0x0, 0xa0, 0x5, 0xf, 0xfe, 0x41, 0x2, 0x8,
    0x1f, 0x58, 0x82, 0x85, 0xd4, 0x2a, 0x43, 0x77,
    0x50, 0x6e, 0x84, 0x30,

    /* U+54BD "咽" */
    0xf, 0xfd, 0x6, 0xa4, 0xd4, 0x9a, 0xbb, 0x52,
    0x6a, 0x4f, 0x55, 0xae, 0x31, 0x4, 0x3f, 0x84,
    0x10,

    /* U+54C0 "哀" */
    0x3, 0x0, 0x8, 0x1f, 0xfe, 0x0, 0x1, 0xfe,
    0x8, 0x10, 0x40, 0x83, 0xfc, 0x5, 0x20, 0x4f,
    0x1a, 0x30, 0x94, 0xe0, 0xc1, 0x84, 0x0,

    /* U+54C1 "品" */
    0x3f, 0x84, 0x10, 0x82, 0x10, 0x41, 0xf8, 0x0,
    0x3e, 0xfc, 0x51, 0x8a, 0x31, 0x47, 0xef, 0xc5,
    0x10,

    /* U+54C4 "哄" */
    0x2, 0x4f, 0x24, 0x92, 0x49, 0x7f, 0x92, 0x49,
    0x24, 0x92, 0x4f, 0x7f, 0x90, 0x48, 0x26, 0xc,
    0x30, 0x80,

    /* U+54C6 "哆" */
    0x0, 0x0, 0x10, 0xf3, 0xf9, 0x62, 0x9d, 0x49,
    0x18, 0x9f, 0x9, 0x58, 0x91, 0xff, 0x23, 0x95,
    0xa0, 0xc, 0xf, 0x0,

    /* U+54C8 "哈" */
    0x1, 0x0, 0xc, 0x3c, 0x61, 0x25, 0x89, 0x24,
    0x4a, 0x1a, 0x7f, 0x72, 0x0, 0x97, 0xe7, 0xa1,
    0x25, 0x9, 0xf, 0xc0, 0x42, 0x0,

    /* U+54CD "响" */
    0x3, 0xe, 0x20, 0xaf, 0xfa, 0x81, 0xab, 0x9a,
    0xa9, 0xaa, 0x9a, 0xa9, 0xeb, 0x9a, 0x81, 0x88,
    0x10, 0x87,

    /* U+54CE "哎" */
    0x2, 0x4f, 0x24, 0xff, 0xf9, 0x24, 0x92, 0x9,
    0x24, 0x92, 0x49, 0x2c, 0xf3, 0x89, 0x18, 0x83,
    0xc1, 0xc7, 0x0, 0x0,

    /* U+54D1 "哑" */
    0xf, 0xfe, 0xff, 0xa2, 0x8a, 0x28, 0xaa, 0xaa,
    0xaa, 0xaa, 0xaa, 0xac, 0xe2, 0x8a, 0x28, 0x82,
    0x81, 0xff,

    /* U+54D7 "哗" */
    0x6, 0x8e, 0x4a, 0xac, 0xba, 0xcc, 0xa7, 0x8a,
    0x49, 0xa4, 0xfe, 0x10, 0xa1, 0xa, 0xff, 0x1,
    0x0, 0x10,

    /* U+54DF "哟" */
    0x4, 0xce, 0x4c, 0xaa, 0xfa, 0xa9, 0xad, 0x9a,
    0x41, 0xac, 0x9a, 0xe9, 0xec, 0xda, 0x1, 0x1e,
    0x10, 0xf, 0x0, 0x40,

    /* U+54E5 "哥" */
    0xff, 0xf0, 0x4, 0x3f, 0x42, 0x14, 0x3f, 0x4f,
    0xff, 0x0, 0x43, 0xf4, 0x21, 0x42, 0x14, 0x3f,
    0x42, 0x14,

    /* U+54E8 "哨" */
    0x0, 0xaf, 0x6a, 0x92, 0xc9, 0x8, 0x97, 0xe9,
    0x42, 0x97, 0xe9, 0x42, 0xf7, 0xe9, 0x42, 0x4,
    0x20, 0x46,

    /* U+54E9 "哩" */
    0xf, 0xee, 0x92, 0xa9, 0x2a, 0xfe, 0xa9, 0x2a,
    0x92, 0xaf, 0xea, 0x10, 0xef, 0xea, 0x10, 0x1,
    0x1, 0xff,

    /* U+54EA "哪" */
    0xf, 0x7f, 0x2a, 0xa9, 0x55, 0x5e, 0xaa, 0x55,
    0x52, 0xaa, 0xbd, 0x5c, 0xab, 0xa9, 0x5c, 0xca,
    0x8c, 0xd0, 0x0, 0x80,

    /* U+54ED "哭" */
    0x3c, 0xf1, 0x24, 0x89, 0x24, 0x79, 0xe0, 0x36,
    0x1, 0x91, 0xff, 0xe0, 0x70, 0x6, 0x80, 0x63,
    0x1e, 0xe, 0x40, 0x0,

    /* U+54EE "哮" */
    0x3, 0xf, 0x7a, 0x93, 0x49, 0x34, 0x9f, 0xf9,
    0x10, 0x97, 0xef, 0xc4, 0xf8, 0x88, 0x7f, 0x0,
    0x80, 0x38,

    /* U+54F2 "哲" */
    0x30, 0x22, 0x3f, 0xfa, 0x2, 0xbf, 0xf2, 0x42,
    0x24, 0x64, 0x40, 0x0, 0x3f, 0xc2, 0x4, 0x3f,
    0xc2, 0x4,

    /* U+54FA "哺" */
    0x0, 0xa7, 0x84, 0xa5, 0xff, 0x21, 0x9, 0x7f,
    0x4a, 0x4a, 0x5f, 0xde, 0x92, 0x94, 0x94, 0xbf,
    0x81, 0x24, 0x9, 0x60,

    /* U+54FC "哼" */
    0x0, 0x8f, 0xff, 0x90, 0x9, 0x7e, 0x94, 0x29,
    0x7e, 0x90, 0x9, 0x7f, 0xf4, 0x39, 0xc, 0x80,
    0x80, 0x8, 0x3, 0x80,

    /* U+5501 "唁" */
    0x1, 0x0, 0x18, 0xef, 0xfa, 0x0, 0xa7, 0xea,
    0x0, 0xa7, 0xea, 0x0, 0xe7, 0xea, 0x42, 0x87,
    0xe0, 0x42,

    /* U+5506 "唆" */
    0x0, 0x87, 0x89, 0x24, 0x8d, 0x2f, 0xe9, 0x24,
    0x4a, 0x9a, 0x44, 0x9e, 0x7c, 0x95, 0x64, 0x4e,
    0x0, 0x70, 0x1c, 0x70,

    /* U+5507 "唇" */
    0x7f, 0xf4, 0x0, 0x5f, 0xc4, 0x0, 0x7f, 0xf5,
    0x24, 0x55, 0x84, 0x87, 0x5f, 0xc9, 0x4, 0x9f,
    0xc1, 0x4,

    /* U+5509 "唉" */
    0x1, 0x8f, 0x34, 0x96, 0x29, 0x7f, 0x92, 0x9,
    0x7e, 0x94, 0x89, 0x8, 0xff, 0xf9, 0x14, 0x3,
    0x40, 0xe3,

    /* U+5510 "唐" */
    0x0, 0x0, 0x4, 0x3, 0xff, 0x88, 0x40, 0x2f,
    0xf0, 0x84, 0x43, 0xff, 0xc8, 0x44, 0x2f, 0xe0,
    0xbf, 0xc2, 0x81, 0x12, 0x4, 0x4f, 0xf0,

    /* U+5520 "唠" */
    0x2, 0x49, 0x24, 0xff, 0xf9, 0x24, 0x9f, 0xf9,
    0x81, 0x91, 0xf, 0xfe, 0x93, 0x28, 0x22, 0x4,
    0x60, 0x8c,

    /* U+5524 "唤" */
    0x2, 0x0, 0x20, 0xe3, 0xca, 0x4c, 0xa4, 0x8a,
    0x7e, 0xa5, 0x2a, 0x52, 0xa5, 0x2e, 0xff, 0xa1,
    0x88, 0x2c, 0xc, 0x71, 0x81,

    /* U+5527 "唧" */
    0xe, 0xfe, 0xa9, 0xaa, 0x9a, 0xe9, 0xaa, 0x9a,
    0xa9, 0xac, 0x9e, 0xa9, 0xaa, 0x98, 0xeb, 0x0,
    0x80, 0x8,

    /* U+552C "唬" */
    0x1, 0xe, 0x1f, 0xa1, 0xa, 0xff, 0xa9, 0x3a,
    0xfc, 0xa9, 0x2e, 0x8c, 0xab, 0xc8, 0xa4, 0x12,
    0x53, 0x47,

    /* U+552E "售" */
    0x12, 0x6, 0x60, 0xff, 0xb1, 0xb, 0xfc, 0x7f,
    0xc8, 0x81, 0xff, 0x3f, 0xe4, 0x4, 0x80, 0x9f,
    0xf0,

    /* U+552F "唯" */
    0x2, 0x8f, 0x28, 0x97, 0xf9, 0x48, 0x9c, 0x89,
    0xfe, 0x94, 0x89, 0x7e, 0xf4, 0xe9, 0x48, 0x87,
    0xf0, 0x40,

    /* U+5531 "唱" */
    0x7, 0xef, 0x42, 0x97, 0xe9, 0x42, 0x97, 0xe9,
    0x0, 0x97, 0xef, 0x42, 0x97, 0xe8, 0x42, 0x7,
    0xe0, 0x42,

    /* U+553E "唾" */
    0x0, 0x27, 0x7f, 0xa8, 0x41, 0x5f, 0xfa, 0x52,
    0x52, 0x92, 0xbf, 0xd4, 0xa4, 0xe5, 0x25, 0x7f,
    0xe0, 0x40, 0x1f, 0xe0,

    /* U+5543 "啃" */
    0x4, 0x87, 0x27, 0xa9, 0x21, 0x5f, 0xfa, 0x0,
    0x53, 0xf2, 0x90, 0x9c, 0xfc, 0xa4, 0x24, 0x3f,
    0x1, 0x8, 0x8, 0xc0,

    /* U+5544 "啄" */
    0xf, 0xf7, 0xc, 0x28, 0xc1, 0x4c, 0x4a, 0x96,
    0x55, 0xe2, 0x93, 0x17, 0xf4, 0xe2, 0xa5, 0x25,
    0xa6, 0x24, 0x2f, 0x0, 0x20, 0x0,

    /* U+5546 "商" */
    0x6, 0xf, 0xff, 0x1, 0x0, 0x90, 0x7f, 0xe4,
    0x82, 0x51, 0xa4, 0xf2, 0x49, 0x24, 0x92, 0x4f,
    0x24, 0xe,

    /* U+554A "啊" */
    0xf, 0xe, 0xbf, 0xaa, 0x1a, 0xdd, 0xad, 0x5a,
    0xd5, 0xab, 0x5e, 0xbd, 0xaf, 0x58, 0x81, 0x8,
    0x30, 0x86,

    /* U+5561 "啡" */
    0x2, 0x4e, 0x24, 0xae, 0x7a, 0x24, 0xa2, 0x4a,
    0xe7, 0xa2, 0x4e, 0x24, 0xae, 0x78, 0x24, 0x2,
    0x40, 0x24,

    /* U+5564 "啤" */
    0x0, 0x0, 0x30, 0xff, 0xe9, 0x92, 0x99, 0x29,
    0xfe, 0x99, 0x29, 0xfe, 0x92, 0x8f, 0x68, 0x9f,
    0xf8, 0x8, 0x0, 0x80,

    /* U+5565 "啥" */
    0x1, 0xf, 0x28, 0x96, 0xc9, 0x46, 0x9b, 0xb9,
    0x10, 0x9f, 0xe9, 0x10, 0xf7, 0xe9, 0x42, 0x84,
    0x20, 0xfe,

    /* U+5566 "啦" */
    0x4, 0xca, 0x44, 0xe4, 0xa, 0xff, 0xa4, 0x2a,
    0x52, 0xa7, 0x2a, 0xda, 0xe4, 0xaa, 0x44, 0x84,
    0x40, 0xff, 0x8, 0x0,

    /* U+5578 "啸" */
    0x1, 0xe, 0x7e, 0xa1, 0x2a, 0xff, 0xa1, 0x2a,
    0x7e, 0xa9, 0x2e, 0xb6, 0xab, 0x6a, 0xd6, 0x19,
    0x23, 0x12,

    /* U+557C "啼" */
    0x1, 0xe, 0xff, 0xa2, 0x4a, 0x28, 0xaf, 0xfa,
    0x99, 0xa1, 0xa, 0x7e, 0xe5, 0x2a, 0x52, 0x85,
    0x20, 0x14,

    /* U+5582 "喂" */
    0x7, 0xee, 0x52, 0xa7, 0xea, 0x52, 0xa5, 0x2a,
    0x7e, 0xaf, 0xfe, 0x52, 0xa5, 0x48, 0x48, 0x6,
    0x70, 0x40,

    /* U+5584 "善" */
    0x0, 0x0, 0xc4, 0x1f, 0xfc, 0x4, 0x3, 0xfe,
    0x1, 0x1, 0xff, 0xc2, 0x58, 0xff, 0xf8, 0x0,
    0xf, 0xf0, 0x40, 0x83, 0xfc, 0x0,

    /* U+5587 "喇" */
    0x2, 0x1e, 0x21, 0xaf, 0xda, 0x25, 0xaf, 0xda,
    0xad, 0xaa, 0xda, 0x75, 0xe7, 0x5a, 0xa9, 0x12,
    0x10, 0x27,

    /* U+5589 "喉" */
    0x4, 0xe, 0xfe, 0xa8, 0x4a, 0xff, 0xb9, 0xb,
    0xbe, 0xaa, 0x8a, 0x88, 0xef, 0xfa, 0x9c, 0x89,
    0x40, 0xa2,

    /* U+558A "喊" */
    0x0, 0xc0, 0x6, 0xbb, 0xfd, 0x51, 0x8a, 0xfd,
    0x54, 0x6a, 0xbf, 0x95, 0xac, 0xfd, 0x65, 0xbb,
    0x24, 0x3c, 0x46, 0x20,

    /* U+5598 "喘" */
    0xd, 0x2e, 0x92, 0xe9, 0x2a, 0xfe, 0xa0, 0xa,
    0xff, 0xa1, 0xa, 0xfe, 0xea, 0xaa, 0xaa, 0x8a,
    0xa0, 0x86,

    /* U+559C "喜" */
    0x3, 0x3, 0xff, 0xc0, 0x80, 0x3b, 0xe1, 0xfe,
    0x8, 0x10, 0x7f, 0x81, 0x18, 0xff, 0xf8, 0x0,
    0x7, 0xf8, 0x3f, 0xc0,

    /* U+559D "喝" */
    0x7, 0xef, 0x42, 0x94, 0x29, 0x7e, 0x97, 0xe9,
    0x20, 0x97, 0xf9, 0xd3, 0xfd, 0xb9, 0x67, 0x87,
    0x20, 0x6,

    /* U+55A7 "喧" */
    0x1, 0x8e, 0xff, 0xa8, 0x1a, 0x7e, 0xa0, 0xa,
    0xfe, 0xac, 0x2a, 0xfe, 0xec, 0x2a, 0xfe, 0x0,
    0x1, 0xff,

    /* U+55B3 "喳" */
    0x1, 0x0, 0x10, 0xef, 0xfa, 0x3c, 0xa5, 0x4b,
    0x93, 0xaf, 0xfa, 0x42, 0xe7, 0xea, 0x7e, 0x0,
    0x1, 0xff,

    /* U+55B7 "喷" */
    0x1, 0xe, 0xfe, 0xa1, 0xa, 0x44, 0xaf, 0xfa,
    0x4, 0xa7, 0xea, 0x42, 0xe5, 0x2a, 0x52, 0x82,
    0xc1, 0xc7, 0x0, 0x0,

    /* U+55BB "喻" */
    0x1, 0x0, 0x18, 0xe3, 0x8a, 0x66, 0xaf, 0xba,
    0x0, 0xaf, 0xaa, 0x9a, 0xaf, 0xae, 0x9a, 0xaf,
    0xa0, 0x92, 0xb, 0x60,

    /* U+55C5 "嗅" */
    0x1, 0xe, 0x7e, 0xa4, 0x2a, 0x7e, 0xa7, 0xea,
    0x42, 0xa7, 0xee, 0x16, 0xaf, 0xf8, 0x18, 0x6,
    0xc1, 0xc7,

    /* U+55D3 "嗓" */
    0x7, 0xee, 0x4, 0xa7, 0x8a, 0x66, 0xaf, 0xfa,
    0xaa, 0xa6, 0x6e, 0x98, 0xaf, 0xf8, 0x58, 0x9,
    0x61, 0x11,

    /* U+55DC "嗜" */
    0x1, 0xe, 0xfa, 0xa1, 0x4a, 0xff, 0xa2, 0x4a,
    0xf9, 0xa3, 0xce, 0x7e, 0xa4, 0x2a, 0x7e, 0x4,
    0x20, 0x7e,

    /* U+55E1 "嗡" */
    0x6, 0x8e, 0x44, 0xab, 0x2b, 0x69, 0xaf, 0xca,
    0x0, 0xae, 0xee, 0xaa, 0xaa, 0xa8, 0xee, 0x12,
    0x20, 0x66,

    /* U+55E4 "嗤" */
    0x5, 0x2e, 0x52, 0xa7, 0xea, 0x10, 0xaf, 0xfa,
    0x10, 0xa7, 0xee, 0x52, 0xa7, 0xe8, 0x52, 0x1,
    0x21, 0xff, 0x0, 0x10,

    /* U+55E6 "嗦" */
    0x1, 0x7, 0x7f, 0xa8, 0x41, 0x5f, 0xea, 0xb1,
    0x52, 0x32, 0xbe, 0x14, 0x48, 0xef, 0xf5, 0x28,
    0x6, 0x5c, 0x6, 0x20,

    /* U+55FD "嗽" */
    0x4, 0x4e, 0x44, 0xaf, 0x4a, 0x47, 0xaf, 0x9b,
    0x5c, 0xaf, 0x4e, 0x44, 0xad, 0x69, 0x4e, 0x25,
    0x90, 0x51,

    /* U+5600 "嘀" */
    0x1, 0x8e, 0xff, 0xa2, 0x4a, 0x24, 0xaf, 0xfa,
    0x91, 0xab, 0xda, 0x91, 0xeb, 0x9a, 0xa9, 0x8b,
    0x90, 0x86,

    /* U+5601 "嘁" */
    0x0, 0xa0, 0xa, 0xef, 0xfa, 0xa8, 0xaa, 0xaa,
    0xba, 0xaa, 0xaa, 0xfa, 0xef, 0x4b, 0xec, 0x12,
    0xb3, 0x1b,

    /* U+5609 "嘉" */
    0x2, 0x7, 0xff, 0x3f, 0xe0, 0x0, 0x3f, 0xc3,
    0xfc, 0x8, 0x8f, 0xff, 0x30, 0x7, 0xdf, 0x25,
    0x34, 0xdf,

    /* U+5631 "嘱" */
    0xf, 0xee, 0x82, 0xaf, 0xea, 0xc6, 0xab, 0x8a,
    0xbe, 0xaa, 0xae, 0x9c, 0xb7, 0xf9, 0x49, 0x37,
    0xd0, 0x43,

    /* U+5632 "嘲" */
    0x4, 0xe, 0x4f, 0xae, 0x9b, 0xff, 0xb9, 0x9b,
    0xf9, 0xb9, 0x9b, 0xff, 0xe4, 0x9b, 0xf9, 0x5,
    0x10, 0x73,

    /* U+5634 "嘴" */
    0x2, 0x80, 0xca, 0xeb, 0xca, 0xb9, 0xbe, 0x6a,
    0xd8, 0xbf, 0xee, 0x92, 0xa7, 0xe8, 0xfe, 0x9,
    0x21, 0x6,

    /* U+5636 "嘶" */
    0xa, 0xe, 0xaf, 0xbf, 0x8a, 0xa8, 0xae, 0xfa,
    0xea, 0xaa, 0xaa, 0xaa, 0xff, 0xaa, 0x9a, 0x1b,
    0x21, 0x32,

    /* U+5639 "嘹" */
    0x0, 0x0, 0x8, 0x3f, 0xfd, 0x25, 0x9, 0x6f,
    0x4a, 0x32, 0x5f, 0xf3, 0x84, 0xf7, 0xe4, 0xbf,
    0x21, 0x40, 0x12, 0xe0, 0x31, 0x0,

    /* U+563F "嘿" */
    0xf, 0xee, 0x92, 0xad, 0x6a, 0xba, 0xa9, 0x2a,
    0xfe, 0xa1, 0xe, 0xfe, 0xaf, 0xf8, 0x2, 0x1a,
    0xa1, 0x2b,

    /* U+5668 "器" */
    0x3c, 0xf1, 0x24, 0x8f, 0x3c, 0x4, 0xc7, 0xff,
    0x83, 0x80, 0x63, 0xcc, 0x3, 0x3d, 0xf1, 0x2c,
    0x8f, 0x7c, 0x4b, 0x20,

    /* U+5669 "噩" */
    0x7f, 0xf0, 0x10, 0xe, 0xbc, 0x55, 0x23, 0xaf,
    0x1, 0x1, 0xff, 0xc7, 0x5e, 0x2a, 0x91, 0xd7,
    0x80, 0x80, 0xff, 0xe0,

    /* U+566A "噪" */
    0x7, 0xe7, 0x31, 0x29, 0xf9, 0x40, 0xa, 0xf7,
    0x54, 0xaa, 0xbd, 0xdc, 0x10, 0xaf, 0xf4, 0x16,
    0x3, 0x2c, 0x21, 0x20,

    /* U+568E "嚎" */
    0x0, 0x87, 0x7f, 0xe9, 0xf9, 0x48, 0x4a, 0x7e,
    0x57, 0xfa, 0xbf, 0xdd, 0xe6, 0xab, 0xc4, 0xed,
    0x1, 0xa6, 0x13, 0x0,

    /* U+56A3 "嚣" */
    0x79, 0xe2, 0x49, 0x1e, 0x78, 0x0, 0xf, 0xff,
    0x1f, 0xe0, 0x99, 0x1, 0x78, 0xf0, 0x73, 0xdf,
    0x12, 0x88, 0xf7, 0xc0,

    /* U+56B7 "嚷" */
    0x1, 0xe, 0xff, 0xae, 0xea, 0xaa, 0xa4, 0xca,
    0xfe, 0xa4, 0x8e, 0xfe, 0xaf, 0xf8, 0x50, 0x1c,
    0xc0, 0x67, 0x0, 0x0,

    /* U+56BC "嚼" */
    0x0, 0x6a, 0xe0, 0xe5, 0x6a, 0xfe, 0xaa, 0xaa,
    0xfe, 0xa0, 0xa, 0xf2, 0xef, 0xfa, 0xfa, 0x8a,
    0xa0, 0xa2, 0xc, 0x60,

    /* U+56CA "囊" */
    0xff, 0xf0, 0x20, 0x7f, 0xc3, 0xfc, 0xff, 0xfb,
    0xdd, 0x3d, 0xc7, 0xfe, 0x7f, 0xef, 0xff, 0x11,
    0xcf, 0xcf, 0x0, 0x0,

    /* U+56DA "囚" */
    0xff, 0xe0, 0x18, 0xc6, 0x21, 0x88, 0x63, 0x19,
    0xa6, 0x4d, 0xe1, 0xe0, 0x1f, 0xfe, 0x1,

    /* U+56DB "四" */
    0xff, 0xe4, 0x99, 0x26, 0x49, 0x92, 0x68, 0xbe,
    0x36, 0x1, 0xff, 0xe0, 0x10,

    /* U+56DE "回" */
    0xff, 0xe0, 0x19, 0xf6, 0x45, 0x91, 0x64, 0x59,
    0xf6, 0x1, 0x80, 0x7f, 0xf8, 0x4,

    /* U+56E0 "因" */
    0xff, 0xf0, 0x6, 0x30, 0xc6, 0x1b, 0xfb, 0x10,
    0x63, 0xc, 0x99, 0xb1, 0xb0, 0x7, 0xff, 0xc0,
    0x10,

    /* U+56E2 "团" */
    0xff, 0xf0, 0x46, 0x8, 0xdf, 0xd8, 0x63, 0x14,
    0x66, 0x8d, 0x91, 0xae, 0x30, 0x87, 0xff, 0xc0,
    0x10,

    /* U+56E4 "囤" */
    0xff, 0xf0, 0x6, 0x10, 0xdf, 0xd8, 0x43, 0x29,
    0x67, 0xec, 0x21, 0x87, 0xb0, 0x7, 0xff, 0xc0,
    0x10,

    /* U+56ED "园" */
    0xff, 0xf8, 0x7, 0x7e, 0xe0, 0x1f, 0xff, 0x94,
    0x72, 0x8e, 0x53, 0xf3, 0xf8, 0x7, 0xff, 0xe0,
    0x10,

    /* U+56F0 "困" */
    0xff, 0xf0, 0x86, 0x10, 0xdf, 0xd8, 0xc3, 0x1e,
    0x65, 0x6d, 0x25, 0x84, 0x30, 0x7, 0xff, 0xc0,
    0x10,

    /* U+56F1 "囱" */
    0x10, 0x8, 0xf, 0xfe, 0x21, 0x9f, 0x6c, 0x5b,
    0xa6, 0x19, 0xbb, 0x68, 0x1f, 0xfe, 0x1,

    /* U+56F4 "围" */
    0xff, 0xe0, 0x18, 0x87, 0xfd, 0x88, 0x6f, 0x9f,
    0xfe, 0x23, 0x8b, 0xe2, 0x1f, 0xfe, 0x1,

    /* U+56FA "固" */
    0xff, 0xe0, 0x18, 0x47, 0xfd, 0x84, 0x61, 0x19,
    0xf6, 0x45, 0x9f, 0x60, 0x1f, 0xfe, 0x1,

    /* U+56FD "国" */
    0xff, 0xf0, 0x6, 0x0, 0xdf, 0xd8, 0x43, 0x3f,
    0x61, 0x4c, 0x29, 0xbf, 0xb0, 0x7, 0xff, 0xc0,
    0x10,

    /* U+56FE "图" */
    0xff, 0xf0, 0x6, 0x20, 0xcf, 0xdb, 0xb3, 0x1e,
    0x6f, 0x6c, 0x11, 0x9e, 0x30, 0x47, 0xff, 0xc0,
    0x10,

    /* U+5703 "圃" */
    0xff, 0xf8, 0x5b, 0xff, 0xf8, 0x43, 0xbf, 0xba,
    0x4b, 0xbf, 0xbb, 0xfb, 0xa4, 0xba, 0x5b, 0xff,
    0xf8, 0x3,

    /* U+5706 "圆" */
    0xff, 0xf0, 0x6, 0x7c, 0xc8, 0x98, 0xe3, 0x3e,
    0x64, 0x4c, 0xa9, 0x84, 0x33, 0x26, 0x82, 0xff,
    0xf0,

    /* U+5708 "圈" */
    0xff, 0xf0, 0x86, 0x5c, 0xdf, 0x98, 0x83, 0x6f,
    0x6f, 0xee, 0x95, 0x95, 0x33, 0xe6, 0x0, 0xff,
    0xf0,

    /* U+571F "土" */
    0x4, 0x0, 0x80, 0x10, 0x2, 0x7, 0xfc, 0x8,
    0x1, 0x0, 0x20, 0x4, 0x0, 0x80, 0x10, 0x7f,
    0xf0,

    /* U+5723 "圣" */
    0x3f, 0xe0, 0x42, 0x2, 0x20, 0xb, 0x0, 0x30,
    0xe, 0xfd, 0xc0, 0xc0, 0x40, 0x3f, 0xe0, 0x10,
    0x0, 0x80, 0xff, 0xf0,

    /* U+5728 "在" */
    0x3, 0x0, 0x10, 0x1f, 0xfe, 0x8, 0x1, 0x88,
    0x8, 0x40, 0xdf, 0xda, 0x10, 0x10, 0x80, 0x84,
    0x4, 0x20, 0x2f, 0xf0,

    /* U+5730 "地" */
    0x20, 0x81, 0x4, 0x8, 0xa0, 0x45, 0x6f, 0xbf,
    0x17, 0x48, 0x8a, 0x44, 0x52, 0x22, 0xb1, 0xd4,
    0x38, 0x82, 0x7, 0xe0,

    /* U+573A "场" */
    0x20, 0x2, 0x7f, 0x20, 0x62, 0x8, 0xfb, 0x2,
    0x7f, 0x22, 0x52, 0xad, 0x3a, 0x9e, 0x49, 0x99,
    0x30, 0x67,

    /* U+573E "圾" */
    0x27, 0xf1, 0x11, 0x8, 0x88, 0x44, 0xcf, 0xa7,
    0x11, 0x88, 0x8e, 0xc4, 0xd4, 0x3c, 0xa7, 0x62,
    0x2, 0x6c, 0x26, 0x30,

    /* U+5740 "址" */
    0x0, 0x1, 0x2, 0x8, 0x10, 0x44, 0x82, 0x24,
    0x7d, 0x3c, 0x89, 0x4, 0x48, 0x22, 0x41, 0x52,
    0xe, 0x91, 0x84, 0x80, 0xff, 0x80,

    /* U+5747 "均" */
    0x21, 0x2, 0x30, 0x23, 0xff, 0xe1, 0x25, 0x12,
    0x9, 0x20, 0x12, 0xd, 0x3f, 0x1c, 0x1, 0x0,
    0xf0, 0x4,

    /* U+574A "坊" */
    0x20, 0x81, 0x6, 0x9, 0xff, 0xf2, 0x2, 0x10,
    0x10, 0xf0, 0x84, 0x84, 0x24, 0x3a, 0x27, 0x11,
    0x1, 0x8, 0x38, 0xc0,

    /* U+574E "坎" */
    0x0, 0x1, 0x8, 0x8, 0xc0, 0x47, 0xef, 0xa1,
    0x12, 0x50, 0x86, 0x4, 0x30, 0x29, 0x83, 0x8a,
    0x30, 0x98, 0x18, 0x71, 0x81, 0x0,

    /* U+574F "坏" */
    0x20, 0x1, 0x3f, 0xc8, 0x21, 0xf1, 0x2, 0x18,
    0x10, 0xd0, 0x8e, 0xc7, 0x52, 0xe6, 0x9c, 0x64,
    0x0, 0x20, 0x1, 0x0,

    /* U+5750 "坐" */
    0x2, 0x0, 0x92, 0x4, 0x98, 0x64, 0x83, 0x2e,
    0x35, 0x5b, 0xe, 0x40, 0x40, 0x7f, 0xf0, 0x10,
    0x0, 0x81, 0xff, 0xf0,

    /* U+5751 "坑" */
    0x21, 0x82, 0x8, 0x27, 0xff, 0x80, 0xf8, 0x2,
    0x3c, 0x22, 0x42, 0x24, 0x3a, 0x4f, 0x24, 0x84,
    0x51, 0x87,

    /* U+5757 "块" */
    0x20, 0x80, 0x82, 0x2, 0x8, 0x8, 0xfc, 0xf8,
    0x90, 0x82, 0x42, 0x7f, 0xc8, 0x50, 0x39, 0x41,
    0x89, 0x80, 0x63, 0x6, 0x6,

    /* U+575A "坚" */
    0x4b, 0xe4, 0x82, 0x4b, 0x44, 0x9c, 0x49, 0xc4,
    0xe3, 0x2, 0x7, 0xfe, 0x2, 0x0, 0x20, 0xff,
    0xf0,

    /* U+575B "坛" */
    0x20, 0x1, 0x1f, 0x88, 0x0, 0x40, 0xf, 0x80,
    0x13, 0xfc, 0x86, 0x4, 0x24, 0x39, 0x37, 0x10,
    0x81, 0xfe, 0x0, 0x10,

    /* U+575D "坝" */
    0x20, 0x1, 0x1f, 0x88, 0x84, 0x44, 0x2f, 0xad,
    0x11, 0x48, 0x8a, 0x44, 0x52, 0x2a, 0x97, 0x84,
    0x30, 0x58, 0xc, 0x30, 0xc0, 0x0,

    /* U+575E "坞" */
    0x0, 0x1, 0x4, 0x8, 0xfc, 0x44, 0x22, 0x23,
    0x7d, 0x10, 0x89, 0x84, 0x40, 0x23, 0xf9, 0xc0,
    0xb9, 0xf4, 0x0, 0x20, 0x7, 0x0,

    /* U+575F "坟" */
    0x21, 0x2, 0x8, 0x20, 0x2, 0x7f, 0xf8, 0x42,
    0x64, 0x22, 0x42, 0x24, 0x29, 0x87, 0x98, 0xc3,
    0xc0, 0xc7, 0x18, 0x10,

    /* U+5760 "坠" */
    0x7c, 0xc2, 0x46, 0x12, 0x30, 0x91, 0x84, 0xde,
    0x2e, 0x99, 0x8, 0x40, 0x40, 0x3f, 0xe0, 0x10,
    0x0, 0x81, 0xff, 0xe0,

    /* U+5761 "坡" */
    0x20, 0x81, 0x4, 0x9, 0xfd, 0xf9, 0x22, 0x48,
    0x13, 0xf0, 0x94, 0x84, 0xa4, 0x75, 0xc6, 0x46,
    0x6, 0x7c, 0x2c, 0x20,

    /* U+5764 "坤" */
    0x20, 0x82, 0x8, 0x27, 0xff, 0xc9, 0xfc, 0x92,
    0x7f, 0x24, 0x92, 0x49, 0x3f, 0xfe, 0x49, 0x0,
    0x80, 0x8,

    /* U+5766 "坦" */
    0x20, 0x1, 0x1f, 0x88, 0x85, 0x44, 0x2f, 0xbf,
    0x11, 0x8, 0x88, 0x44, 0x42, 0x2b, 0xf3, 0x80,
    0x30, 0x0, 0x1f, 0xf0,

    /* U+576A "坪" */
    0x20, 0x1, 0x3f, 0x88, 0x20, 0x4d, 0x2f, 0x2b,
    0x11, 0x50, 0x8a, 0x84, 0x10, 0x27, 0xf9, 0x84,
    0x38, 0x20, 0x1, 0x0, 0x8, 0x0,

    /* U+576F "坯" */
    0x20, 0x1, 0x3f, 0xc8, 0x30, 0x41, 0xf, 0x9a,
    0x10, 0xd0, 0x8a, 0x44, 0xd3, 0x24, 0x89, 0xc4,
    0x3c, 0x20, 0x1f, 0xf0,

    /* U+5777 "坷" */
    0x20, 0x0, 0x9f, 0xf2, 0x1, 0x8, 0x4, 0xff,
    0x90, 0x92, 0x42, 0x49, 0x9, 0x24, 0x27, 0x90,
    0xe0, 0x44, 0x1, 0x0, 0x1c,

    /* U+5782 "垂" */
    0x1, 0xe3, 0xf8, 0x0, 0x81, 0xff, 0xf1, 0x24,
    0x9, 0x21, 0xff, 0xc2, 0x48, 0x12, 0x47, 0xff,
    0xc0, 0x80, 0x7f, 0xc0,

    /* U+5783 "垃" */
    0x20, 0x81, 0x4, 0x9, 0x86, 0x4f, 0xff, 0x82,
    0x11, 0x10, 0x88, 0x84, 0x64, 0x29, 0x61, 0xca,
    0x38, 0x10, 0x1f, 0xf0,

    /* U+5784 "垄" */
    0x4, 0x80, 0x22, 0x1f, 0xfe, 0x1a, 0x40, 0x9c,
    0xb, 0x8d, 0x87, 0xc0, 0x40, 0x3f, 0xe0, 0x10,
    0x0, 0x80, 0xff, 0xf0,

    /* U+578B "型" */
    0xfe, 0x22, 0x4a, 0x24, 0xaf, 0xfa, 0xff, 0xa6,
    0x4a, 0xc4, 0x68, 0x26, 0x7f, 0xe4, 0x22, 0x2,
    0xf, 0xff,

    /* U+5792 "垒" */
    0x0, 0x0, 0x24, 0x2, 0x30, 0x3f, 0xc0, 0x8,
    0x18, 0x40, 0x94, 0x88, 0xa6, 0x79, 0x90, 0x10,
    0xf, 0xf8, 0x4, 0xf, 0xff, 0x80,

    /* U+579B "垛" */
    0x23, 0xc1, 0x12, 0x8, 0x91, 0xfc, 0xf2, 0x48,
    0x10, 0x40, 0x9f, 0xe5, 0x78, 0xf2, 0xa0, 0x35,
    0x87, 0x26, 0x1, 0x0,

    /* U+57A2 "垢" */
    0x20, 0x0, 0x8f, 0xc2, 0x20, 0x8, 0x80, 0xfb,
    0xfc, 0x88, 0x2, 0x2f, 0xa, 0xa4, 0x34, 0x93,
    0x12, 0x40, 0x8f, 0x6, 0x24,

    /* U+57A6 "垦" */
    0x3f, 0xe1, 0x1, 0xf, 0xf8, 0x40, 0x43, 0xfe,
    0x11, 0x18, 0xb7, 0xe, 0x5f, 0x2, 0x31, 0xff,
    0x0, 0x81, 0xff, 0xf0,

    /* U+57AB "垫" */
    0x10, 0x80, 0x84, 0x1f, 0xf8, 0x21, 0x47, 0xba,
    0x9, 0xd4, 0xd0, 0xc0, 0x40, 0x3f, 0xe0, 0x10,
    0x0, 0x81, 0xff, 0xf0,

    /* U+57AE "垮" */
    0x0, 0x1, 0xc, 0x8, 0x40, 0x5f, 0xe2, 0x24,
    0x7f, 0x10, 0xa7, 0x45, 0xfe, 0x22, 0x1, 0x90,
    0xe, 0xf9, 0x80, 0x40, 0x4, 0x0, 0x60,

    /* U+57C2 "埂" */
    0x0, 0x1, 0x7f, 0xc8, 0x20, 0x41, 0x2, 0x7f,
    0x7a, 0x48, 0x9f, 0xc4, 0x92, 0x27, 0xf1, 0x84,
    0x38, 0xa0, 0x3, 0x0, 0xe7, 0x84, 0x0,

    /* U+57C3 "埃" */
    0x20, 0x81, 0x9, 0x8, 0x8c, 0x4f, 0xff, 0xb0,
    0x11, 0xf8, 0x92, 0x4, 0x10, 0x2f, 0xff, 0x86,
    0x20, 0x58, 0x1c, 0x70, 0x0, 0x80,

    /* U+57CB "埋" */
    0x20, 0x1, 0x3f, 0x89, 0x24, 0x49, 0x2f, 0xff,
    0x12, 0x48, 0x9f, 0xc4, 0x10, 0x37, 0xf3, 0x84,
    0x30, 0x20, 0x1f, 0xf0,

    /* U+57CE "城" */
    0x20, 0xf0, 0x83, 0x42, 0x7f, 0x9d, 0x10, 0x74,
    0x50, 0x9d, 0x62, 0x55, 0x9, 0x54, 0x35, 0x63,
    0xbc, 0x80, 0x86, 0xc6, 0x66,

    /* U+57DF "域" */
    0x0, 0x80, 0x83, 0x42, 0xff, 0x8b, 0xfe, 0x20,
    0x43, 0xdd, 0x62, 0x55, 0x9, 0x54, 0x27, 0x70,
    0xc1, 0x87, 0x76, 0x93, 0x36, 0x1, 0x88,

    /* U+57E0 "埠" */
    0x1, 0x1, 0x8, 0x9, 0xfc, 0x48, 0x2a, 0xff,
    0x7e, 0x0, 0x9f, 0xc4, 0x82, 0x2f, 0xf1, 0xc4,
    0x33, 0xfe, 0x1, 0x0, 0x8, 0x0,

    /* U+57F9 "培" */
    0x20, 0x81, 0x4, 0x9, 0xfc, 0x44, 0x4f, 0x94,
    0x13, 0xfc, 0x80, 0x4, 0x0, 0x27, 0xf1, 0xf0,
    0xb9, 0x84, 0xf, 0xe0,

    /* U+57FA "基" */
    0x10, 0x8f, 0xff, 0x10, 0x81, 0xf8, 0x10, 0x81,
    0xf8, 0xff, 0xf1, 0x8, 0x22, 0x4c, 0xfb, 0x2,
    0x3, 0xfe,

    /* U+5802 "堂" */
    0x4, 0x6, 0x9b, 0xff, 0xc0, 0x1b, 0xfa, 0x41,
    0x8, 0x21, 0xfc, 0x4, 0xf, 0xf8, 0x10, 0x7f,
    0xf0,

    /* U+5806 "堆" */
    0x21, 0x41, 0x12, 0x8, 0xff, 0xfc, 0x82, 0x64,
    0x15, 0xf8, 0x89, 0x4, 0x48, 0x2b, 0xf7, 0x92,
    0x0, 0xfe, 0x4, 0x0,

    /* U+5815 "堕" */
    0x1, 0x87, 0x10, 0x56, 0xf5, 0x7e, 0x5e, 0x25,
    0x3e, 0x53, 0xe5, 0x22, 0x46, 0x67, 0xfe, 0x6,
    0xf, 0xff,

    /* U+5821 "堡" */
    0x0, 0x0, 0xdf, 0x84, 0x84, 0x67, 0xe7, 0x4,
    0x6f, 0xfc, 0x45, 0x83, 0xcb, 0x11, 0x9, 0xff,
    0x80, 0x40, 0xff, 0xf0,

    /* U+5824 "堤" */
    0x23, 0xe2, 0x22, 0x23, 0xef, 0xa2, 0x21, 0xc2,
    0x0, 0x27, 0xf2, 0x8, 0x3a, 0xee, 0x68, 0x85,
    0x81, 0x8f,

    /* U+582A "堪" */
    0x22, 0x21, 0x11, 0xb, 0xfe, 0x44, 0x4f, 0x3e,
    0x11, 0x10, 0x8f, 0x85, 0xff, 0x34, 0x47, 0x29,
    0x81, 0x0, 0xf, 0xe0,

    /* U+5830 "堰" */
    0x27, 0xf8, 0x90, 0x2, 0x5f, 0x9, 0x44, 0x75,
    0xf0, 0x97, 0xc2, 0x44, 0x9, 0xfe, 0x34, 0xa3,
    0xd3, 0xc0, 0x59, 0x1, 0xff,

    /* U+5835 "堵" */
    0x1, 0x81, 0x8, 0x89, 0xfe, 0x42, 0x4f, 0xff,
    0x90, 0x80, 0xbf, 0x85, 0x44, 0x3b, 0xe6, 0x11,
    0x0, 0xf8, 0x4, 0x40,

    /* U+584C "塌" */
    0x27, 0xf1, 0x20, 0x89, 0xfd, 0xe8, 0x2f, 0x7f,
    0x10, 0x0, 0xbd, 0xe4, 0xa1, 0x25, 0x2b, 0xb9,
    0xc2, 0x56, 0x6, 0x60,

    /* U+5851 "塑" */
    0x28, 0x2, 0x8f, 0xfe, 0x95, 0x4f, 0x54, 0x97,
    0xcf, 0x15, 0x16, 0x23, 0xc6, 0x7, 0xfe, 0x6,
    0xf, 0xff,

    /* U+5854 "塔" */
    0x22, 0x21, 0x3f, 0xc8, 0x89, 0xf7, 0xc2, 0x34,
    0x13, 0x18, 0xbf, 0xe4, 0x0, 0x3f, 0xf7, 0x20,
    0x81, 0xfc, 0x8, 0x20,

    /* U+5858 "塘" */
    0x20, 0x82, 0x7f, 0x24, 0x8f, 0x7f, 0x27, 0xf2,
    0x49, 0x27, 0xf3, 0x48, 0xe7, 0xf8, 0xa1, 0xb,
    0xf1, 0x21,

    /* U+585E "塞" */
    0x1, 0x3, 0xff, 0x91, 0x24, 0xbf, 0xe0, 0x48,
    0xf, 0xf1, 0xff, 0xc1, 0x10, 0x32, 0x63, 0x7e,
    0x80, 0x80, 0xff, 0xe0,

    /* U+586B "填" */
    0x0, 0x1, 0x4, 0x9, 0xfe, 0x41, 0x2, 0x3e,
    0x7d, 0x10, 0x8f, 0x84, 0x7c, 0x22, 0x21, 0xdf,
    0x3b, 0xff, 0x6, 0x80, 0x63, 0x4, 0x8,

    /* U+5883 "境" */
    0x20, 0x81, 0x7f, 0x88, 0x98, 0xff, 0xf2, 0x0,
    0x13, 0xf8, 0x90, 0x44, 0xfe, 0x77, 0xf2, 0x14,
    0x1, 0xa2, 0x39, 0xf0,

    /* U+5885 "墅" */
    0xff, 0xfa, 0x46, 0xfd, 0xca, 0x48, 0xff, 0xf2,
    0xb, 0xf8, 0x8f, 0xd8, 0x4, 0x7, 0xfe, 0x4,
    0xf, 0xff,

    /* U+5893 "墓" */
    0x9, 0xf, 0xff, 0x9, 0x3, 0x6c, 0x3f, 0xc2,
    0x4, 0x7f, 0xcf, 0xff, 0x36, 0xcd, 0xfb, 0x4,
    0x7, 0xfe,

    /* U+5899 "墙" */
    0x20, 0x81, 0x3f, 0xc8, 0xa8, 0xe5, 0xc2, 0xff,
    0x90, 0x0, 0x9f, 0xc4, 0x82, 0x25, 0xd3, 0xaa,
    0x81, 0x24, 0xf, 0xe0,

    /* U+589E "增" */
    0x22, 0x21, 0xb, 0x9, 0xfe, 0x49, 0x1f, 0xea,
    0x92, 0x44, 0x9f, 0xe4, 0x0, 0x3b, 0xf7, 0x9f,
    0x90, 0x84, 0x7, 0xe0,

    /* U+58A8 "墨" */
    0x3f, 0xf1, 0x52, 0x8a, 0xa4, 0x7f, 0xe0, 0x20,
    0x1f, 0xfb, 0xff, 0xe5, 0x32, 0x4e, 0x99, 0xff,
    0x80, 0x81, 0xff, 0xf0,

    /* U+58A9 "墩" */
    0x4c, 0x62, 0xfa, 0x10, 0x3f, 0xfd, 0x25, 0xf9,
    0x20, 0xc9, 0x7a, 0xc8, 0x94, 0x66, 0xe6, 0xe3,
    0x1, 0x6c, 0x16, 0x10,

    /* U+58C1 "壁" */
    0x0, 0x43, 0xe2, 0x11, 0x7c, 0xf9, 0x44, 0x4,
    0x3e, 0xfe, 0x97, 0xc7, 0x88, 0x2, 0x1, 0xff,
    0x0, 0x81, 0xff, 0xf0,

    /* U+58D5 "壕" */
    0x20, 0x81, 0x7f, 0xc9, 0x4, 0x4f, 0xe7, 0x7f,
    0x17, 0xfc, 0xaf, 0xa4, 0x22, 0x37, 0xe2, 0x77,
    0x0, 0xd6, 0x1b, 0x0,

    /* U+58E4 "壤" */
    0x20, 0x81, 0x7f, 0xc8, 0x0, 0x4e, 0xef, 0x55,
    0x11, 0x30, 0xbf, 0xe4, 0x48, 0x27, 0xf1, 0xff,
    0xf8, 0xa4, 0x3c, 0xc1, 0x33, 0x80,

    /* U+58EB "士" */
    0x4, 0x0, 0x80, 0x10, 0x2, 0x0, 0x41, 0xff,
    0xc1, 0x0, 0x20, 0x4, 0x0, 0x80, 0x10, 0x3f,
    0xe0,

    /* U+58EE "壮" */
    0x10, 0x81, 0x8, 0xd0, 0x85, 0x8, 0x1f, 0xf1,
    0x8, 0x30, 0x87, 0x8, 0xd0, 0x89, 0x8, 0x17,
    0xf1, 0x0,

    /* U+58F0 "声" */
    0x2, 0x7, 0xff, 0x2, 0x3, 0xfe, 0x0, 0x3,
    0xfe, 0x22, 0x22, 0x22, 0x3f, 0xe2, 0x2, 0x40,
    0xc, 0x0,

    /* U+58F3 "壳" */
    0x4, 0xf, 0xfe, 0x4, 0x0, 0x40, 0xff, 0xc0,
    0x0, 0xff, 0xe9, 0xf2, 0x11, 0x1, 0x12, 0x21,
    0x3c, 0x1e,

    /* U+58F6 "壶" */
    0x4, 0x1f, 0xfc, 0x10, 0x3f, 0xf0, 0x1, 0xff,
    0xe2, 0x88, 0x50, 0x2a, 0xc5, 0x50, 0x28, 0x7f,
    0xf0,

    /* U+58F9 "壹" */
    0x4, 0xf, 0xff, 0x4, 0x3, 0xbe, 0xff, 0xf8,
    0x1, 0xbf, 0xc0, 0x0, 0x3f, 0xc3, 0xfc, 0x11,
    0x8f, 0xff,

    /* U+5904 "处" */
    0x0, 0x0, 0x84, 0xc, 0x20, 0x7d, 0x2, 0x4c,
    0x3a, 0x51, 0x52, 0xd2, 0x92, 0x1c, 0x80, 0x64,
    0xd, 0xc1, 0xc3, 0xe0,

    /* U+5907 "备" */
    0x8, 0x1, 0x80, 0x1f, 0xc2, 0x88, 0x45, 0x0,
    0xf0, 0xf8, 0xf3, 0xfc, 0x22, 0x43, 0xfc, 0x22,
    0x42, 0x24, 0x3f, 0xc0,

    /* U+590D "复" */
    0x10, 0x3, 0xfe, 0x20, 0x7, 0xfc, 0xa0, 0x43,
    0xfc, 0x3f, 0xc1, 0x0, 0x3f, 0xc7, 0x18, 0x8f,
    0x1, 0xff, 0xe0, 0x20,

    /* U+590F "夏" */
    0xff, 0xf0, 0x40, 0x3f, 0xc2, 0x4, 0x3f, 0xc3,
    0xfc, 0x20, 0x41, 0xf8, 0x3f, 0xc7, 0x98, 0x8f,
    0x3, 0xff, 0xe0, 0x70,

    /* U+5915 "夕" */
    0xc, 0x1, 0x0, 0x7f, 0x88, 0x33, 0x4, 0xd8,
    0x81, 0xb0, 0x1c, 0x3, 0x1, 0xc1, 0xe0, 0x20,
    0x0,

    /* U+5916 "外" */
    0x10, 0x80, 0x84, 0x4, 0x20, 0x7d, 0x42, 0x2a,
    0x33, 0x49, 0x72, 0x61, 0x91, 0x8, 0x80, 0x84,
    0x18, 0x20, 0x1, 0x0,

    /* U+591A "多" */
    0x8, 0x0, 0x80, 0x1f, 0xe3, 0xc, 0x6d, 0x84,
    0x70, 0xe, 0xf, 0xe0, 0x4f, 0xe1, 0x82, 0x63,
    0x40, 0x38, 0x7c, 0x0,

    /* U+591C "夜" */
    0x2, 0x0, 0x20, 0xff, 0xf0, 0x20, 0x36, 0x2,
    0x7c, 0x6c, 0x46, 0x94, 0xa4, 0x8a, 0x28, 0x23,
    0x2, 0xef, 0x28, 0x10,

    /* U+591F "够" */
    0x30, 0xc1, 0x4, 0x1f, 0x7d, 0x8f, 0x6f, 0x46,
    0x2a, 0xe1, 0x5d, 0x2a, 0x97, 0x75, 0x12, 0xa7,
    0x81, 0x18, 0x37, 0x80, 0x20, 0x0,

    /* U+5927 "大" */
    0x2, 0x0, 0x10, 0x0, 0x80, 0x4, 0x7, 0xff,
    0x1, 0x0, 0xc, 0x0, 0xa0, 0x5, 0x80, 0x66,
    0x6, 0x19, 0xe0, 0x64, 0x0, 0x0,

    /* U+5929 "天" */
    0x3f, 0xe0, 0x10, 0x0, 0x80, 0x4, 0x7, 0xff,
    0x1, 0x0, 0x14, 0x0, 0xb0, 0x8, 0xc1, 0x83,
    0xd8, 0x4,

    /* U+592A "太" */
    0x2, 0x0, 0x10, 0x0, 0x80, 0xff, 0xe0, 0x20,
    0x3, 0x80, 0x14, 0x1, 0xb0, 0x8, 0xc1, 0x93,
    0x38, 0x8c, 0x0, 0x0,

    /* U+592B "夫" */
    0x3, 0x0, 0x8, 0x3, 0xff, 0x0, 0x80, 0x2,
    0x0, 0x8, 0x7, 0xff, 0x80, 0xc0, 0x7, 0x80,
    0x12, 0x1, 0x86, 0x3c, 0xe, 0x0, 0x0,

    /* U+592D "夭" */
    0x0, 0x63, 0xfe, 0xc, 0x80, 0x4, 0x0, 0x20,
    0x3f, 0xf8, 0x8, 0x0, 0xe0, 0x5, 0x0, 0x64,
    0x6, 0x18, 0xc0, 0x60, 0x0, 0x0,

    /* U+592E "央" */
    0x2, 0x0, 0x10, 0xf, 0xf8, 0x44, 0x42, 0x22,
    0x11, 0x13, 0xff, 0xe0, 0xa0, 0xd, 0x0, 0xc6,
    0x3c, 0x1e, 0x80, 0x20,

    /* U+592F "夯" */
    0x3, 0x0, 0x10, 0x1f, 0xfe, 0x9, 0x0, 0x8c,
    0x19, 0x3b, 0x88, 0x67, 0xfc, 0x2, 0x20, 0x31,
    0x3, 0x8, 0xf1, 0xc2, 0x8, 0x0,

    /* U+5931 "失" */
    0x6, 0x3, 0x60, 0x26, 0x7, 0xfe, 0x46, 0x0,
    0x60, 0xff, 0xf0, 0x60, 0xd, 0x0, 0x98, 0x30,
    0xce, 0x7,

    /* U+5934 "头" */
    0x2, 0x0, 0x30, 0x1a, 0x0, 0xa0, 0x62, 0x3,
    0x20, 0x2, 0xf, 0xff, 0x6, 0x0, 0x58, 0x18,
    0xcf, 0x6, 0x0, 0x0,

    /* U+5937 "夷" */
    0x4, 0xf, 0xfe, 0x4, 0x7, 0xfc, 0x4, 0x47,
    0xfc, 0x44, 0x7, 0xfe, 0xa, 0x20, 0xa6, 0x31,
    0x8e, 0xe,

    /* U+5938 "夸" */
    0x3, 0x0, 0x8, 0x7, 0xff, 0x81, 0x30, 0x8,
    0x61, 0xdf, 0xe4, 0x0, 0x1f, 0xfe, 0xc, 0x0,
    0x3f, 0x80, 0x2, 0x0, 0x38,

    /* U+5939 "夹" */
    0x2, 0x0, 0x10, 0x1f, 0xfc, 0x24, 0x81, 0x24,
    0x1, 0x1, 0xff, 0xc0, 0xe0, 0x5, 0x0, 0x46,
    0x3c, 0x1c, 0x80, 0x20,

    /* U+593A "夺" */
    0x6, 0x0, 0x20, 0x3f, 0xfc, 0x12, 0x1, 0xc,
    0x70, 0x3a, 0x6, 0x1f, 0xfe, 0x21, 0x81, 0x8c,
    0x4, 0x60, 0x7, 0x0,

    /* U+5944 "奄" */
    0x3, 0x0, 0x8, 0x7, 0xff, 0x83, 0x30, 0x12,
    0x31, 0xff, 0xe1, 0x22, 0x7, 0xf8, 0x12, 0x20,
    0x7f, 0x81, 0x20, 0x80, 0xfc,

    /* U+5947 "奇" */
    0x4, 0xf, 0xff, 0xc, 0x3, 0xbe, 0x60, 0x4f,
    0xff, 0x0, 0x47, 0xe4, 0x42, 0x47, 0xe4, 0x42,
    0x40, 0xc,

    /* U+5948 "奈" */
    0x3, 0x0, 0x10, 0x1f, 0xfc, 0x9, 0x1, 0x84,
    0x37, 0xf9, 0x0, 0x7, 0xfe, 0x3, 0x0, 0xdb,
    0x18, 0xcc, 0xc, 0x0,

    /* U+5949 "奉" */
    0x6, 0x3, 0xff, 0x1, 0x0, 0xff, 0xc0, 0xc0,
    0x7f, 0xf8, 0x5a, 0xf, 0xfe, 0x86, 0x10, 0x30,
    0x1f, 0xf8, 0xc, 0x0,

    /* U+594B "奋" */
    0x3, 0x0, 0x8, 0x7, 0xff, 0x81, 0x20, 0x8,
    0x40, 0xc0, 0xf7, 0xff, 0x84, 0x88, 0x1f, 0xe0,
    0x48, 0x81, 0x22, 0x7, 0xf8,

    /* U+594F "奏" */
    0x6, 0x7, 0xff, 0x4, 0x7, 0xfe, 0x8, 0xf,
    0xff, 0x30, 0x8c, 0xf7, 0x3f, 0xe0, 0x60, 0x39,
    0xc6, 0x6,

    /* U+5951 "契" */
    0x13, 0xff, 0xca, 0x11, 0xaf, 0xda, 0x11, 0x2f,
    0xf2, 0x12, 0x60, 0x40, 0xff, 0xf0, 0xe0, 0x19,
    0x8e, 0xf, 0x0, 0x0,

    /* U+5954 "奔" */
    0x2, 0x0, 0x8, 0x7, 0xff, 0x81, 0x20, 0x8,
    0x60, 0xc4, 0xf6, 0xff, 0x82, 0xd0, 0x8, 0x41,
    0xff, 0xe0, 0x84, 0x4, 0x10, 0x60, 0x40,

    /* U+5955 "奕" */
    0x6, 0xf, 0xff, 0x9, 0x6, 0x94, 0x49, 0x69,
    0x12, 0x32, 0x2, 0x40, 0xff, 0xf0, 0xe0, 0x1b,
    0xe, 0xf,

    /* U+5956 "奖" */
    0x1, 0x1, 0x10, 0x53, 0xf7, 0x62, 0x15, 0x67,
    0xc, 0xd1, 0x81, 0x70, 0x6, 0xf, 0xff, 0x6,
    0x0, 0x98, 0xf0, 0x70, 0x1,

    /* U+5957 "套" */
    0x3, 0x0, 0x8, 0x7, 0xff, 0x83, 0x30, 0x1f,
    0xe1, 0xa0, 0xf4, 0xfc, 0x82, 0x0, 0xf, 0xc0,
    0x20, 0x7, 0xff, 0x82, 0x10, 0x3f, 0xf0, 0x0,
    0x0,

    /* U+5960 "奠" */
    0x9, 0x8f, 0xff, 0x9, 0x7, 0xfe, 0x49, 0x25,
    0xe, 0x7f, 0xe4, 0x2, 0x3f, 0xcf, 0xff, 0xf,
    0xf, 0xf,

    /* U+5962 "奢" */
    0x0, 0x0, 0x8, 0x7, 0xff, 0x82, 0x20, 0x1a,
    0x63, 0xbe, 0x60, 0x24, 0x1f, 0xfe, 0x6, 0x0,
    0x7f, 0x87, 0xfe, 0x4, 0x8, 0x1f, 0xe0,

    /* U+5965 "奥" */
    0x0, 0x0, 0x10, 0xf, 0xfc, 0x44, 0x22, 0x69,
    0x17, 0xe8, 0x9a, 0x45, 0xda, 0x22, 0x17, 0xff,
    0xc0, 0xc0, 0x39, 0xc7, 0x3, 0x80,

    /* U+5973 "女" */
    0x4, 0x0, 0x40, 0x4, 0x0, 0x40, 0xff, 0xf0,
    0x88, 0x11, 0x81, 0x10, 0xf, 0x0, 0x70, 0xc,
    0xc7, 0x6,

    /* U+5974 "奴" */
    0x18, 0x0, 0x47, 0xe1, 0x0, 0x9f, 0xa2, 0x12,
    0x98, 0x9a, 0x42, 0x45, 0x9, 0x14, 0x1c, 0x60,
    0x79, 0x83, 0x2d, 0x98, 0xc2,

    /* U+5976 "奶" */
    0x30, 0x2, 0x7e, 0x21, 0x2f, 0x92, 0x49, 0x64,
    0x97, 0x49, 0x1c, 0x91, 0x33, 0x13, 0xa1, 0x6e,
    0x3c, 0xc6,

    /* U+5978 "奸" */
    0x20, 0x2, 0x7f, 0x20, 0x8f, 0x88, 0x48, 0x84,
    0x88, 0x4f, 0xf5, 0x8, 0x30, 0x83, 0x88, 0x68,
    0x88, 0x8,

    /* U+5979 "她" */
    0x20, 0x83, 0x14, 0x10, 0xa1, 0xe5, 0xe5, 0x39,
    0x2f, 0x49, 0x4a, 0x4a, 0x52, 0x62, 0xa1, 0xd4,
    0x10, 0x83, 0x87, 0xf0,

    /* U+597D "好" */
    0x20, 0x2, 0x7f, 0x20, 0x2f, 0x84, 0x48, 0x84,
    0xff, 0x50, 0x87, 0x8, 0x30, 0x82, 0x88, 0x63,
    0x88, 0x18,

    /* U+5982 "如" */
    0x30, 0x3, 0x0, 0x21, 0xff, 0xd1, 0x25, 0x12,
    0xd1, 0x49, 0x16, 0x91, 0x19, 0x11, 0xdf, 0x65,
    0x1c, 0x0,

    /* U+5984 "妄" */
    0x2, 0x0, 0x20, 0xff, 0xf2, 0x0, 0x20, 0x3,
    0xfe, 0x0, 0x0, 0x40, 0xff, 0xf1, 0x88, 0x1f,
    0x0, 0x7c, 0x78, 0x60,

    /* U+5986 "妆" */
    0x11, 0x80, 0x88, 0x34, 0x40, 0xaf, 0xf5, 0x22,
    0x9, 0x30, 0xc9, 0x1a, 0xe8, 0x90, 0xc0, 0x8f,
    0x5, 0xce, 0x28, 0x0,

    /* U+5987 "妇" */
    0x30, 0x2, 0x31, 0x23, 0xff, 0xc1, 0x24, 0x12,
    0x41, 0x4d, 0xf4, 0x81, 0x38, 0x13, 0x81, 0x67,
    0xfc, 0x1,

    /* U+5988 "妈" */
    0x30, 0x2, 0x7e, 0x20, 0x2f, 0xa6, 0x4a, 0x44,
    0xa4, 0x4b, 0xf7, 0x1, 0x30, 0x13, 0xff, 0x68,
    0x3c, 0xe, 0x80, 0x40,

    /* U+5992 "妒" */
    0x20, 0x41, 0x3, 0x8, 0x7f, 0xfa, 0x12, 0xd0,
    0x96, 0x85, 0x27, 0xe9, 0x21, 0x39, 0x0, 0xd8,
    0xc, 0x80, 0x8c, 0x0, 0x0, 0x0,

    /* U+5993 "妓" */
    0x20, 0x81, 0x4, 0x9, 0xfd, 0xf1, 0x4, 0x88,
    0x2b, 0xf1, 0x40, 0x8a, 0x4c, 0x31, 0x41, 0xe6,
    0x18, 0xd9, 0x9c, 0x60,

    /* U+5996 "妖" */
    0x30, 0x1, 0x3f, 0x88, 0x21, 0xf1, 0x6, 0x88,
    0x27, 0xf9, 0x22, 0x1f, 0x38, 0x31, 0x41, 0xeb,
    0x18, 0x8d, 0x98, 0x20, 0x0, 0x0,

    /* U+5999 "妙" */
    0x20, 0x41, 0x2, 0x8, 0x10, 0xf6, 0xa4, 0xa4,
    0xa5, 0x25, 0x29, 0x4e, 0xa, 0x18, 0x21, 0x63,
    0x18, 0x20, 0x9e, 0x0,

    /* U+59A5 "妥" */
    0x0, 0x23, 0xff, 0x80, 0x80, 0x64, 0xc1, 0x4,
    0x2, 0x3, 0xff, 0xe1, 0x18, 0x19, 0x80, 0x38,
    0x3, 0xb8, 0xe0, 0x60,

    /* U+59A8 "妨" */
    0x20, 0x82, 0xc, 0x20, 0xf, 0xff, 0x49, 0x4,
    0x9e, 0x59, 0x2f, 0x12, 0x32, 0x22, 0xa2, 0x46,
    0xe8, 0xcc,

    /* U+59B9 "妹" */
    0x60, 0x82, 0x4, 0x10, 0xf9, 0xf1, 0x4, 0x88,
    0x27, 0xfa, 0x47, 0x1a, 0x58, 0x32, 0xa3, 0x64,
    0xb3, 0x20, 0x1, 0x0,

    /* U+59BB "妻" */
    0x2, 0x3, 0xff, 0x80, 0x80, 0x7f, 0xcf, 0xff,
    0x81, 0x10, 0xff, 0x80, 0x80, 0xff, 0xf8, 0x46,
    0x7, 0xe0, 0xf8, 0xe0,

    /* U+59C6 "姆" */
    0x20, 0x1, 0x1f, 0x88, 0x84, 0x45, 0x2f, 0xa5,
    0x15, 0x8, 0xbf, 0xe9, 0x42, 0x72, 0x50, 0xd0,
    0x8e, 0xfe, 0xc0, 0x20, 0x3, 0x0,

    /* U+59CA "姊" */
    0x10, 0x41, 0x82, 0x8, 0xfe, 0xf4, 0x82, 0xa4,
    0x25, 0xfd, 0x63, 0x26, 0x29, 0x1b, 0x49, 0x73,
    0xf3, 0x10, 0x0, 0x80,

    /* U+59CB "始" */
    0x30, 0xc1, 0x4, 0x8, 0x49, 0xf4, 0x22, 0xff,
    0xa4, 0x5, 0x20, 0xb, 0x7e, 0x32, 0x11, 0xd0,
    0x99, 0xfc, 0x84, 0x20,

    /* U+59D0 "姐" */
    0x10, 0x0, 0x8f, 0x84, 0x45, 0xfa, 0x22, 0x5f,
    0x12, 0x88, 0xb4, 0x45, 0x22, 0x39, 0xf0, 0xc8,
    0x8d, 0x44, 0xc7, 0xf0,

    /* U+59D1 "姑" */
    0x18, 0x60, 0xc3, 0x4, 0x18, 0xff, 0xf3, 0x46,
    0x12, 0x30, 0x97, 0xef, 0xa1, 0x19, 0x8, 0xe8,
    0x4c, 0x7e, 0x82, 0x10,

    /* U+59D3 "姓" */
    0x30, 0x41, 0x12, 0x8, 0x91, 0xff, 0xf2, 0xc4,
    0x24, 0x21, 0x2f, 0xcf, 0x8, 0x38, 0x41, 0xe2,
    0x8, 0x10, 0x87, 0xf0, 0x0, 0x0,

    /* U+59D4 "委" */
    0x7f, 0xe0, 0x10, 0x0, 0x81, 0xff, 0xe0, 0xb8,
    0x79, 0x38, 0x10, 0x5f, 0xfe, 0x11, 0x80, 0xf8,
    0x1, 0xf0, 0xf0, 0xc0,

    /* U+59DA "姚" */
    0x11, 0x20, 0x44, 0x81, 0x52, 0xbe, 0xca, 0x2b,
    0x38, 0xa4, 0x82, 0x93, 0x1b, 0xca, 0x35, 0x20,
    0x64, 0x82, 0x22, 0x53, 0xf,

    /* U+59DC "姜" */
    0x18, 0x80, 0x90, 0xff, 0xe0, 0x20, 0x7f, 0xe0,
    0x20, 0xff, 0xf0, 0x40, 0xff, 0xf1, 0x8, 0x1f,
    0xf, 0xef, 0x0, 0x0,

    /* U+59E5 "姥" */
    0x30, 0x81, 0x4, 0x8, 0xff, 0xf1, 0x26, 0x8a,
    0x25, 0xfd, 0x23, 0x9, 0x22, 0x77, 0x70, 0xcc,
    0x19, 0x47, 0x83, 0xe0,

    /* U+59E8 "姨" */
    0x20, 0x81, 0x3f, 0xd0, 0x21, 0xff, 0xe5, 0x9,
    0x2b, 0xf9, 0x52, 0xa, 0xff, 0x30, 0x99, 0xcb,
    0x9a, 0xd9, 0x9c, 0x70, 0x0, 0x0,

    /* U+59FB "姻" */
    0x60, 0x4, 0x7f, 0x44, 0x9f, 0x49, 0x57, 0xd5,
    0x49, 0x95, 0x9d, 0x55, 0x77, 0x53, 0xc1, 0x47,
    0xf8, 0x41,

    /* U+59FF "姿" */
    0x0, 0x4, 0x20, 0x67, 0xe2, 0x92, 0xb, 0x2,
    0x28, 0xdc, 0x70, 0x40, 0xff, 0xf1, 0x88, 0x1d,
    0x0, 0x38, 0x7c, 0x60,

    /* U+5A01 "威" */
    0x0, 0xa0, 0x4, 0x8f, 0xfe, 0x41, 0x2, 0xf9,
    0x12, 0x48, 0xff, 0x45, 0x2c, 0x2e, 0x63, 0x3b,
    0x13, 0x7f, 0xa2, 0x30,

    /* U+5A03 "娃" */
    0x30, 0x82, 0x8, 0x27, 0xff, 0x88, 0x28, 0x84,
    0xff, 0x48, 0x85, 0x8, 0x37, 0xf1, 0x88, 0x28,
    0x8c, 0x7f, 0x0, 0x0,

    /* U+5A04 "娄" */
    0x13, 0x20, 0xd9, 0x2, 0xd0, 0xff, 0xf0, 0xfc,
    0x38, 0x1c, 0x8, 0x1f, 0xff, 0x8, 0x40, 0x7c,
    0x0, 0xf8, 0xf8, 0x60,

    /* U+5A07 "娇" */
    0x0, 0x1, 0x1f, 0x89, 0xa0, 0x41, 0xf, 0xff,
    0xa8, 0xa1, 0x48, 0xdb, 0xaf, 0x71, 0x61, 0xcb,
    0x1a, 0x99, 0x8c, 0xc0, 0xc6, 0x0,

    /* U+5A18 "娘" */
    0x30, 0x81, 0x86, 0x8, 0xfd, 0xf4, 0x26, 0xbf,
    0x25, 0x9, 0x2f, 0xcf, 0x52, 0x32, 0xf1, 0xf2,
    0x18, 0xec, 0x84, 0x30,

    /* U+5A1C "娜" */
    0x60, 0x2, 0x7b, 0x91, 0x55, 0xea, 0xa5, 0xf5,
    0x2a, 0xb2, 0x55, 0x55, 0xea, 0x65, 0x49, 0xaa,
    0xd2, 0x5d, 0x26, 0x80,

    /* U+5A29 "娩" */
    0x0, 0x1, 0x8c, 0x8, 0x78, 0x46, 0x4f, 0xa4,
    0x15, 0xf9, 0xaa, 0x49, 0x52, 0x4b, 0xf3, 0x86,
    0xe, 0x50, 0xc6, 0x9c, 0xe7, 0x80,

    /* U+5A31 "娱" */
    0x20, 0x0, 0x8f, 0xc2, 0x21, 0x8, 0x84, 0xfb,
    0xf0, 0xa0, 0x2, 0xbf, 0x92, 0x10, 0x7f, 0xf8,
    0x63, 0x3, 0xda, 0x18, 0xc6, 0x46, 0x8,

    /* U+5A36 "娶" */
    0xfe, 0x2, 0x2f, 0x9f, 0x4c, 0x89, 0x47, 0xce,
    0x23, 0x73, 0xf6, 0xc0, 0x80, 0xff, 0xf8, 0x8c,
    0x3, 0xf0, 0xf8, 0x60,

    /* U+5A46 "婆" */
    0x61, 0x2, 0xff, 0xc9, 0x22, 0xfe, 0x2a, 0x46,
    0x98, 0xd7, 0xf0, 0xc0, 0xff, 0xf1, 0x8, 0xf,
    0x7, 0xce, 0x40, 0x20,

    /* U+5A49 "婉" */
    0x41, 0x2, 0x8, 0x11, 0xff, 0xe8, 0x3f, 0x20,
    0x29, 0xf9, 0x56, 0x52, 0xb2, 0xf9, 0x93, 0x95,
    0x1e, 0xa0, 0x8d, 0x18, 0xcf, 0x0, 0x0,

    /* U+5A5A "婚" */
    0x20, 0x71, 0x1e, 0x8, 0x91, 0xf7, 0xf2, 0xa6,
    0xa5, 0x9d, 0x28, 0x6a, 0x7e, 0x32, 0x11, 0x5f,
    0xb8, 0xfc, 0x84, 0x20,

    /* U+5A74 "婴" */
    0x7f, 0xe5, 0x62, 0x56, 0xa5, 0x6a, 0x20, 0xa6,
    0xd6, 0x6, 0xf, 0xff, 0x11, 0x81, 0xd0, 0xf,
    0xcf, 0x2,

    /* U+5A76 "婶" */
    0x20, 0x1, 0x4, 0x9, 0xff, 0xf8, 0x32, 0x88,
    0x17, 0xf9, 0xb2, 0x49, 0xfe, 0x34, 0x90, 0xff,
    0x8b, 0x25, 0x81, 0x0, 0x8, 0x0,

    /* U+5A7F "婿" */
    0x20, 0x2, 0x7f, 0x60, 0xb6, 0x68, 0xfc, 0xe5,
    0x78, 0x59, 0xf5, 0x7e, 0x54, 0x23, 0x7e, 0x7f,
    0xec, 0x42, 0x4, 0x60,

    /* U+5A92 "媒" */
    0x32, 0x11, 0x3f, 0xc8, 0x85, 0xf7, 0xe2, 0xa1,
    0x15, 0xf9, 0x22, 0xf, 0xff, 0x11, 0xe1, 0xd5,
    0x99, 0x26, 0x81, 0x0,

    /* U+5A9A "媚" */
    0x40, 0x6, 0x7f, 0x64, 0x94, 0x49, 0xf7, 0xf5,
    0x40, 0x55, 0xf9, 0x51, 0x95, 0xf6, 0x51, 0x39,
    0xf4, 0x9f, 0x99, 0x10,

    /* U+5AB3 "媳" */
    0x10, 0x40, 0x4f, 0xe1, 0x20, 0x9f, 0xfe, 0x16,
    0x8, 0x9f, 0xe2, 0xa0, 0x8a, 0xfe, 0x38, 0x40,
    0x7e, 0xa3, 0x59, 0x78, 0x3c,

    /* U+5AC1 "嫁" */
    0x0, 0x2, 0xc, 0x11, 0xfd, 0xe0, 0x2f, 0x0,
    0x2b, 0xf3, 0x48, 0x13, 0xa4, 0x92, 0xc3, 0x2d,
    0xe, 0xe8, 0xed, 0x2c, 0x18, 0x0, 0x80,

    /* U+5AC2 "嫂" */
    0x20, 0x81, 0x35, 0x91, 0x25, 0xfd, 0x65, 0x49,
    0x2b, 0xf9, 0x42, 0x1a, 0xfc, 0x32, 0x21, 0xca,
    0x18, 0x61, 0x9e, 0xf0, 0x81, 0x0,

    /* U+5AC9 "嫉" */
    0x20, 0xc1, 0x1f, 0xfc, 0x81, 0xf5, 0x5, 0x7f,
    0x29, 0xa1, 0x59, 0xb, 0x7e, 0x62, 0x41, 0xa5,
    0x11, 0x2d, 0x9a, 0x30,

    /* U+5ACC "嫌" */
    0x2, 0x4, 0x28, 0x4f, 0xf5, 0x28, 0xff, 0xe5,
    0x2a, 0x5f, 0xfa, 0x2a, 0xaf, 0xe6, 0x6c, 0x36,
    0xa4, 0xab, 0x92, 0x90,

    /* U+5AE1 "嫡" */
    0x20, 0xc1, 0x3f, 0xc8, 0x48, 0xf3, 0x41, 0x7f,
    0xab, 0x25, 0x5b, 0xae, 0xfd, 0x37, 0x29, 0xb9,
    0x4f, 0xfb, 0x8c, 0x20,

    /* U+5AE9 "嫩" */
    0x21, 0x10, 0x84, 0x42, 0x7d, 0x3e, 0x47, 0x6f,
    0xe9, 0x55, 0xe5, 0x7d, 0x9c, 0xc6, 0x1b, 0x50,
    0xb4, 0x44, 0x92, 0xc0, 0x50,

    /* U+5B09 "嬉" */
    0x41, 0x84, 0xff, 0x41, 0x8f, 0x66, 0x57, 0xe5,
    0x42, 0x97, 0xe9, 0x24, 0x6d, 0xb3, 0x7e, 0x54,
    0x28, 0x7e,

    /* U+5B50 "子" */
    0x7f, 0xe0, 0xc, 0x3, 0x0, 0x60, 0x6, 0xf,
    0xff, 0x6, 0x0, 0x60, 0x6, 0x0, 0x60, 0xe,
    0x0, 0x80,

    /* U+5B54 "孔" */
    0x0, 0x87, 0xf4, 0x3, 0x20, 0x31, 0x3, 0x8,
    0x1a, 0x40, 0xf2, 0x1e, 0x10, 0x30, 0x81, 0x84,
    0x8c, 0x26, 0xc1, 0xe0,

    /* U+5B55 "孕" */
    0x7f, 0x80, 0x88, 0x18, 0x81, 0x1e, 0x30, 0x27,
    0xfa, 0x1, 0xe0, 0x60, 0xff, 0xe0, 0x40, 0x4,
    0x0, 0xc0,

    /* U+5B57 "字" */
    0x4, 0x0, 0x40, 0xff, 0xe8, 0x2, 0x80, 0x23,
    0xf8, 0x1, 0x0, 0x60, 0xff, 0xf0, 0x40, 0x4,
    0x0, 0x40, 0xc, 0x0,

    /* U+5B58 "存" */
    0x2, 0x0, 0x20, 0x1f, 0xfe, 0x10, 0x1, 0xbf,
    0x18, 0x18, 0xc1, 0xa, 0x8, 0x17, 0xf8, 0x82,
    0x4, 0x10, 0x23, 0x80,

    /* U+5B59 "孙" */
    0x0, 0x41, 0xf1, 0x0, 0x84, 0x4, 0x14, 0x13,
    0x50, 0x7d, 0x63, 0xa4, 0x9c, 0x92, 0x12, 0x48,
    0x59, 0x21, 0x4, 0xc, 0x70, 0x0, 0x0,

    /* U+5B5D "孝" */
    0x8, 0x43, 0xf6, 0x8, 0x80, 0x98, 0xff, 0xf0,
    0x60, 0x1f, 0xc7, 0x18, 0xc2, 0x3, 0xff, 0x2,
    0x0, 0xe0, 0x4, 0x0,

    /* U+5B5F "孟" */
    0x1f, 0xf0, 0x3, 0x80, 0x10, 0x1f, 0xfe, 0x1,
    0x0, 0xc, 0x3, 0xff, 0x9, 0x24, 0x24, 0x90,
    0x92, 0x4f, 0xff, 0xc0,

    /* U+5B63 "季" */
    0x0, 0x61, 0xff, 0x0, 0x80, 0xff, 0xe0, 0xa8,
    0x19, 0x31, 0x7f, 0x40, 0x30, 0x3, 0x3, 0xff,
    0x80, 0x80, 0xc, 0x0,

    /* U+5B64 "孤" */
    0x0, 0x27, 0xff, 0x85, 0x50, 0x4a, 0x82, 0x54,
    0x1e, 0xa1, 0xd5, 0x14, 0xa4, 0x25, 0x21, 0x2b,
    0xa, 0xfd, 0xf0, 0xb0,

    /* U+5B66 "学" */
    0x24, 0x62, 0x64, 0x0, 0x8f, 0xff, 0x80, 0x1b,
    0xfd, 0x1, 0x80, 0x20, 0xff, 0xf0, 0x20, 0x2,
    0x0, 0xe0,

    /* U+5B69 "孩" */
    0x1, 0xf, 0x18, 0x3f, 0xf2, 0x30, 0x42, 0x64,
    0x4c, 0x3f, 0xac, 0x32, 0x46, 0x45, 0x8c, 0x43,
    0x6c, 0xe3, 0x8, 0x0,

    /* U+5B75 "孵" */
    0x10, 0x1b, 0x3f, 0x15, 0x62, 0xab, 0x67, 0x71,
    0x3b, 0xf9, 0x54, 0x8e, 0xbf, 0x55, 0x21, 0xb9,
    0x9, 0x8, 0x88, 0xc0,

    /* U+5B7D "孽" */
    0x9, 0xf, 0xff, 0x29, 0x87, 0xbf, 0x79, 0x54,
    0x2a, 0x7b, 0xf7, 0x88, 0x3f, 0xc0, 0x38, 0xff,
    0xf0, 0x20, 0x6, 0x0,

    /* U+5B81 "宁" */
    0x4, 0x0, 0x83, 0xff, 0xc0, 0x18, 0x2, 0x0,
    0x3f, 0xf8, 0x20, 0x4, 0x0, 0x80, 0x10, 0xe,
    0x0, 0x0,

    /* U+5B83 "它" */
    0x4, 0x0, 0xc3, 0xff, 0xc0, 0x19, 0x2, 0x20,
    0x4, 0xf0, 0xe0, 0x10, 0x2, 0x8, 0x41, 0xf,
    0xe0,

    /* U+5B85 "宅" */
    0xc, 0x0, 0x83, 0xff, 0xc0, 0x18, 0x1a, 0xfc,
    0x2, 0x7, 0xff, 0xc8, 0x1, 0x0, 0x21, 0x87,
    0xe0,

    /* U+5B87 "宇" */
    0x6, 0x0, 0x20, 0x7f, 0xf4, 0x1, 0x5f, 0xd0,
    0x20, 0x2, 0xf, 0xff, 0x2, 0x0, 0x20, 0x2,
    0x0, 0x60,

    /* U+5B88 "守" */
    0x6, 0x0, 0x10, 0x1f, 0xfc, 0x80, 0x20, 0x8,
    0x0, 0x43, 0xff, 0xe2, 0x10, 0x10, 0x80, 0xc4,
    0x0, 0x20, 0x3, 0x0,

    /* U+5B89 "安" */
    0x6, 0x0, 0x20, 0x7f, 0xe4, 0x2, 0x44, 0x20,
    0xc0, 0xff, 0xf1, 0x8, 0x11, 0x80, 0xf0, 0x7,
    0x8f, 0xc6, 0x40, 0x20,

    /* U+5B8B "宋" */
    0x0, 0x0, 0x10, 0x1f, 0xfc, 0x80, 0x20, 0x20,
    0x1, 0x1, 0xff, 0xc0, 0xe0, 0xa, 0x80, 0xd6,
    0x1c, 0x8e, 0x84, 0x20, 0x20, 0x0,

    /* U+5B8C "完" */
    0x2, 0x0, 0x20, 0x7f, 0xf4, 0x1, 0x40, 0x11,
    0xfc, 0x0, 0x7, 0xff, 0x9, 0x0, 0x90, 0x19,
    0x3, 0x11, 0x61, 0xf0,

    /* U+5B8F "宏" */
    0x2, 0x0, 0x30, 0x7f, 0xf6, 0x41, 0x6, 0x7,
    0xff, 0x8, 0x1, 0xb0, 0x36, 0xc6, 0x46, 0x5f,
    0xe0, 0x2,

    /* U+5B97 "宗" */
    0x4, 0x0, 0x40, 0xff, 0xe8, 0x2, 0xbf, 0xa3,
    0xf8, 0x0, 0xf, 0xff, 0x4, 0x3, 0x58, 0x64,
    0xcc, 0x46, 0xc, 0x0,

    /* U+5B98 "官" */
    0x4, 0x0, 0x60, 0xff, 0xf8, 0x1, 0xbf, 0x92,
    0x8, 0x20, 0x83, 0xf8, 0x20, 0x3, 0xfc, 0x20,
    0x43, 0xfc, 0x20, 0x40,

    /* U+5B99 "宙" */
    0x6, 0x0, 0x20, 0xff, 0xf8, 0x61, 0x86, 0x3,
    0xfe, 0x26, 0x63, 0xfe, 0x26, 0x62, 0x66, 0x3f,
    0xe2, 0x6,

    /* U+5B9A "定" */
    0x2, 0x3, 0xff, 0x90, 0x4, 0x80, 0x21, 0xfc,
    0x1, 0x0, 0x48, 0x2, 0x7c, 0x32, 0x1, 0xd0,
    0x13, 0x82, 0x87, 0xe0,

    /* U+5B9B "宛" */
    0x0, 0x0, 0x18, 0x1f, 0xfc, 0x80, 0x21, 0x1,
    0xe, 0xf0, 0x94, 0x8c, 0xa4, 0xdd, 0x20, 0x4b,
    0x6, 0x44, 0x62, 0x26, 0x1f, 0x0,

    /* U+5B9C "宜" */
    0x2, 0x0, 0x10, 0x1f, 0xfe, 0x80, 0x15, 0xfc,
    0x88, 0x20, 0x7f, 0x2, 0x8, 0x1f, 0xc0, 0x82,
    0x4, 0x11, 0xff, 0xf0,

    /* U+5B9D "宝" */
    0x4, 0x0, 0x83, 0xff, 0xc0, 0x1b, 0xfa, 0x8,
    0x1, 0x3, 0xfe, 0x4, 0x0, 0xb0, 0x12, 0x7f,
    0xf0,

    /* U+5B9E "实" */
    0x2, 0xf, 0xff, 0xc0, 0x3d, 0xb3, 0xa, 0x3,
    0x20, 0x12, 0xf, 0xff, 0x6, 0x0, 0xd8, 0xf0,
    0x64, 0x2,

    /* U+5BA0 "宠" */
    0x2, 0x3, 0xff, 0x91, 0xa4, 0x89, 0x80, 0x40,
    0x3f, 0xfc, 0x14, 0x0, 0xac, 0x9, 0xc0, 0xcc,
    0xd, 0xc6, 0xc3, 0xe0,

    /* U+5BA1 "审" */
    0x0, 0x0, 0x83, 0xff, 0xc0, 0x10, 0x40, 0xff,
    0x91, 0x13, 0xfe, 0x44, 0x4f, 0xf9, 0x11, 0x2,
    0x0, 0x40,

    /* U+5BA2 "客" */
    0x2, 0x7, 0xff, 0x48, 0x30, 0x80, 0x1f, 0x83,
    0x88, 0x7, 0xf, 0x8f, 0x1f, 0xc1, 0x4, 0x10,
    0x41, 0xfc,

    /* U+5BA3 "宣" */
    0x0, 0x0, 0x60, 0xff, 0xf8, 0x3, 0xff, 0xf0,
    0x0, 0x3f, 0xc2, 0x4, 0x3f, 0xc2, 0x4, 0x3f,
    0xc0, 0x0, 0xff, 0xf0,

    /* U+5BA4 "室" */
    0x0, 0x0, 0x60, 0xff, 0xf8, 0x3, 0x80, 0x33,
    0xfc, 0x9, 0x87, 0xfc, 0x6, 0x7, 0xfe, 0x6,
    0x0, 0x60, 0xff, 0xf0,

    /* U+5BA6 "宦" */
    0x6, 0x0, 0x60, 0xff, 0xf8, 0x3, 0x7f, 0xc6,
    0x20, 0x7f, 0xc6, 0x4, 0x7f, 0xc6, 0x20, 0x62,
    0x7, 0xfe,

    /* U+5BAA "宪" */
    0x2, 0x0, 0x20, 0x7f, 0xf4, 0x21, 0x1f, 0xe1,
    0x20, 0x22, 0x7, 0xff, 0x5, 0x0, 0xd0, 0x19,
    0x17, 0x1f,

    /* U+5BAB "宫" */
    0x4, 0x0, 0x83, 0xff, 0xc0, 0x1b, 0xfa, 0x41,
    0x8, 0x21, 0xfc, 0x0, 0xf, 0xf9, 0x1, 0x3f,
    0xe4, 0x4,

    /* U+5BB0 "宰" */
    0x2, 0x7, 0xff, 0x42, 0x10, 0x20, 0x7f, 0xe1,
    0x88, 0x9, 0xf, 0xff, 0x6, 0x7, 0xfe, 0x6,
    0x0, 0x60,

    /* U+5BB3 "害" */
    0x4, 0x1f, 0xfe, 0x0, 0xdf, 0xd0, 0x40, 0xff,
    0x81, 0x7, 0xff, 0x7f, 0xc8, 0x9, 0x1, 0x3f,
    0xe0,

    /* U+5BB4 "宴" */
    0x2, 0x3, 0xff, 0x90, 0x4, 0x3f, 0x81, 0x4,
    0xf, 0xe0, 0x7f, 0x0, 0x80, 0xff, 0xf8, 0x84,
    0x3, 0xf0, 0xf8, 0x60,

    /* U+5BB5 "宵" */
    0x4, 0xf, 0xff, 0x80, 0x23, 0x4c, 0x15, 0x87,
    0xfc, 0x60, 0x47, 0xfc, 0x60, 0x47, 0xfc, 0x60,
    0x46, 0x1c,

    /* U+5BB6 "家" */
    0x2, 0x3, 0xff, 0x90, 0x4, 0xff, 0xe0, 0x40,
    0xe, 0x31, 0x9b, 0x3, 0x68, 0x65, 0x40, 0xcb,
    0x38, 0xcc, 0xc, 0x0,

    /* U+5BB9 "容" */
    0x0, 0x0, 0x10, 0x1f, 0xfc, 0x90, 0x21, 0x8c,
    0x19, 0x30, 0x9c, 0x81, 0x30, 0x70, 0xfa, 0xfe,
    0x84, 0x10, 0x3f, 0x81, 0x4, 0x0,

    /* U+5BBD "宽" */
    0x4, 0xf, 0xff, 0x80, 0x10, 0x90, 0x7f, 0xe0,
    0x90, 0x3f, 0xc2, 0x4, 0x24, 0x46, 0xe4, 0x1a,
    0x1f, 0x3e, 0x80, 0x0,

    /* U+5BBE "宾" */
    0x0, 0x0, 0x18, 0x1f, 0xfc, 0x80, 0x25, 0xfd,
    0x8, 0x0, 0x40, 0x3, 0xfc, 0x10, 0x87, 0xff,
    0xc2, 0x20, 0x70, 0xc6, 0x2, 0x0,

    /* U+5BBF "宿" */
    0x1, 0x3, 0xff, 0xd4, 0x6, 0x30, 0x1, 0x7f,
    0x98, 0x41, 0xdf, 0xce, 0x42, 0x33, 0xf1, 0x90,
    0x8c, 0xfc, 0x6c, 0x20,

    /* U+5BC2 "寂" */
    0x0, 0x0, 0x20, 0x7f, 0xf4, 0x1, 0x18, 0x0,
    0xde, 0x8, 0x6f, 0xf4, 0x9, 0x46, 0xcc, 0x4a,
    0xcc, 0xb7, 0x3a, 0x10,

    /* U+5BC4 "寄" */
    0x2, 0x7, 0xff, 0x42, 0x13, 0xfc, 0xf, 0x3,
    0xc, 0xff, 0xf0, 0x4, 0x3f, 0x42, 0x14, 0x3f,
    0x42, 0x4, 0x0, 0x80,

    /* U+5BC6 "密" */
    0x4, 0x0, 0x83, 0xff, 0xc4, 0x10, 0x5a, 0xe6,
    0x95, 0x88, 0xc5, 0xff, 0x10, 0x0, 0x91, 0x32,
    0x27, 0xfc,

    /* U+5BC7 "寇" */
    0x1, 0x3, 0xff, 0xd0, 0x6, 0x3d, 0x1, 0xef,
    0x0, 0x41, 0xff, 0x82, 0xa4, 0x14, 0xc0, 0xad,
    0x89, 0x7, 0xcf, 0xe0,

    /* U+5BCC "富" */
    0x4, 0x1f, 0xfe, 0x0, 0x9f, 0xc3, 0xf8, 0x41,
    0xf, 0xe2, 0x0, 0x7f, 0xcf, 0xf9, 0x11, 0x3f,
    0xe0,

    /* U+5BD2 "寒" */
    0x3, 0x3, 0xff, 0x92, 0x24, 0x7f, 0xc0, 0x88,
    0x1f, 0xf3, 0xff, 0xc3, 0x18, 0x67, 0x7e, 0x44,
    0x83, 0xc0, 0x1, 0x0,

    /* U+5BD3 "寓" */
    0x4, 0xf, 0xff, 0x80, 0x13, 0xfc, 0x24, 0x43,
    0xfc, 0x3f, 0xc0, 0x40, 0x7f, 0xe4, 0x5a, 0x5f,
    0xa4, 0x6,

    /* U+5BDD "寝" */
    0x1, 0x3, 0xff, 0xd0, 0x2, 0x2f, 0xc5, 0x7e,
    0x28, 0x11, 0xdf, 0x86, 0xff, 0x5f, 0xf8, 0x9a,
    0x4, 0x60, 0x2c, 0xf0,

    /* U+5BDE "寞" */
    0x2, 0xf, 0xff, 0x89, 0x33, 0xfc, 0x9, 0x3,
    0x6c, 0x3f, 0xc2, 0x4, 0x1f, 0x8f, 0xff, 0xf,
    0xf, 0x1f, 0x0, 0x0,

    /* U+5BDF "察" */
    0x2, 0x3, 0xff, 0x96, 0x4, 0xbb, 0xe2, 0x52,
    0x24, 0x60, 0xff, 0x6, 0xe, 0x5f, 0xc0, 0x10,
    0xe, 0xb8, 0x8c, 0x60,

    /* U+5BE1 "寡" */
    0x3, 0x3, 0xff, 0xd0, 0x2, 0x3f, 0xc1, 0xfe,
    0xf, 0xf0, 0x7f, 0x8a, 0x5, 0x2f, 0xd1, 0xff,
    0xd1, 0x92, 0x79, 0x80, 0x0, 0x0,

    /* U+5BE5 "寥" */
    0x2, 0x3, 0xff, 0xd0, 0x6, 0xfb, 0xf1, 0x42,
    0xa, 0x10, 0xff, 0x80, 0xa0, 0x18, 0xc3, 0x31,
    0xc6, 0xe0, 0x79, 0x80, 0x30, 0x1e, 0x0,

    /* U+5BE8 "寨" */
    0x1, 0x3, 0xff, 0xd1, 0x22, 0x3f, 0xe0, 0x48,
    0xf, 0xf1, 0xff, 0xe1, 0x2c, 0x7f, 0xd8, 0x48,
    0xe, 0x58, 0x46, 0x0,

    /* U+5BF8 "寸" */
    0x0, 0x80, 0x8, 0x0, 0x8f, 0xff, 0x0, 0x83,
    0x8, 0x18, 0x80, 0x88, 0x8, 0x80, 0x8, 0x0,
    0x80, 0x38,

    /* U+5BF9 "对" */
    0x0, 0x20, 0x1, 0x3f, 0x8, 0x1f, 0xf6, 0x82,
    0x14, 0x90, 0x64, 0x83, 0x14, 0x38, 0x23, 0x21,
    0x30, 0x8, 0x0, 0xc0,

    /* U+5BFA "寺" */
    0x4, 0x0, 0x40, 0x7f, 0xe0, 0x40, 0x4, 0xf,
    0xff, 0x0, 0x0, 0x8, 0xff, 0xf0, 0x8, 0x10,
    0x80, 0x8, 0x3, 0x80,

    /* U+5BFB "寻" */
    0x7f, 0xc0, 0x4, 0x3f, 0xc0, 0x4, 0x7f, 0xc0,
    0x8, 0xff, 0xf1, 0x8, 0x10, 0x80, 0x8, 0x1,
    0x80,

    /* U+5BFC "导" */
    0x7f, 0xc4, 0x4, 0x40, 0x47, 0xfc, 0x40, 0x37,
    0xfe, 0x0, 0x0, 0x8, 0xff, 0xf2, 0x8, 0x30,
    0x80, 0x38,

    /* U+5BFF "寿" */
    0x4, 0x7, 0xff, 0x4, 0x7, 0xfe, 0x8, 0xf,
    0xff, 0x18, 0x41, 0x4, 0x2f, 0xf6, 0x44, 0xc4,
    0x40, 0x1c, 0x1, 0x0,

    /* U+5C01 "封" */
    0x10, 0x20, 0x81, 0x1f, 0x8, 0x23, 0xf1, 0x1f,
    0xff, 0x10, 0x42, 0x8f, 0x94, 0x10, 0x20, 0x91,
    0x3f, 0x88, 0x0, 0xc0,

    /* U+5C04 "射" */
    0x18, 0x10, 0xf8, 0x42, 0x21, 0xf, 0xbf, 0x22,
    0x10, 0xfb, 0x42, 0x25, 0x1f, 0x94, 0xa, 0x10,
    0x68, 0x46, 0x21, 0x11, 0x8c,

    /* U+5C06 "将" */
    0x0, 0x0, 0x88, 0x14, 0xfc, 0xa4, 0x45, 0x5e,
    0x38, 0x60, 0x4c, 0x86, 0x84, 0x77, 0xfe, 0x81,
    0x4, 0x48, 0x20, 0x41, 0x6, 0x0,

    /* U+5C09 "尉" */
    0x7e, 0x22, 0x11, 0x10, 0x88, 0xff, 0xf4, 0x12,
    0xaf, 0x11, 0x2, 0x8b, 0xd4, 0x44, 0x22, 0xb1,
    0x2d, 0x49, 0x58, 0xc0, 0x84, 0x0,

    /* U+5C0A "尊" */
    0x19, 0xf, 0xfe, 0xa, 0x7, 0xfc, 0x4a, 0x45,
    0x1c, 0x7f, 0xc4, 0x4, 0x3f, 0x8f, 0xff, 0x10,
    0x81, 0x38,

    /* U+5C0F "小" */
    0x2, 0x0, 0x10, 0x0, 0x80, 0x24, 0x83, 0x24,
    0x19, 0x30, 0x88, 0x8c, 0x46, 0x42, 0x12, 0x10,
    0x0, 0x80, 0xc, 0x0,

    /* U+5C11 "少" */
    0x4, 0x0, 0x40, 0x25, 0x82, 0x4c, 0x64, 0x64,
    0x43, 0xc4, 0x8, 0x4c, 0x4, 0x80, 0x10, 0x6,
    0xf, 0x80, 0x40, 0x0,

    /* U+5C14 "尔" */
    0x0, 0x0, 0x80, 0x18, 0x1, 0xff, 0x30, 0x26,
    0x26, 0x42, 0x1, 0xa8, 0x12, 0x42, 0x22, 0x62,
    0x34, 0x20, 0x6, 0x0,

    /* U+5C16 "尖" */
    0x6, 0x2, 0x40, 0x24, 0xc6, 0x46, 0xc4, 0x20,
    0x0, 0x4, 0xf, 0xff, 0x6, 0x0, 0xb0, 0x19,
    0x8e, 0x7,

    /* U+5C18 "尘" */
    0x4, 0x0, 0x48, 0x24, 0xc6, 0x44, 0x44, 0x6c,
    0x0, 0x4, 0x0, 0x40, 0x7f, 0xc0, 0x40, 0x4,
    0xf, 0xff,

    /* U+5C1A "尚" */
    0x4, 0x18, 0x8c, 0x93, 0x2, 0xf, 0xff, 0x0,
    0x67, 0xcc, 0x89, 0x91, 0x33, 0xe6, 0x0, 0xc0,
    0x70,

    /* U+5C1D "尝" */
    0x6, 0x2, 0x44, 0x14, 0x8f, 0xff, 0x80, 0x1b,
    0xfd, 0x0, 0xf, 0xff, 0xc, 0x1, 0x98, 0x30,
    0xc7, 0xfe, 0x0, 0x20,

    /* U+5C24 "尤" */
    0x6, 0x80, 0x4c, 0x4, 0x4f, 0xff, 0x4, 0x0,
    0x50, 0xd, 0x0, 0x90, 0x19, 0x1, 0x10, 0x61,
    0x1c, 0x1e,

    /* U+5C31 "就" */
    0x30, 0x80, 0x87, 0x3f, 0xa8, 0x1, 0x7, 0xff,
    0x22, 0xa1, 0xf5, 0x2, 0x28, 0x5d, 0x46, 0xba,
    0xa4, 0x94, 0x78, 0xe0,

    /* U+5C38 "尸" */
    0x3f, 0xe4, 0x4, 0x80, 0x90, 0x12, 0x2, 0x7f,
    0xc8, 0x9, 0x0, 0x20, 0xc, 0x1, 0x0, 0x60,
    0x0,

    /* U+5C3A "尺" */
    0x3f, 0xe2, 0x2, 0x20, 0x23, 0xfe, 0x22, 0x22,
    0x20, 0x23, 0x2, 0x10, 0x40, 0xcc, 0x7, 0x0,
    0x0,

    /* U+5C3C "尼" */
    0x3f, 0xe2, 0x2, 0x20, 0x23, 0xfe, 0x20, 0x2,
    0x42, 0x24, 0xe2, 0x78, 0x24, 0x6, 0x41, 0x44,
    0x14, 0x7f,

    /* U+5C3D "尽" */
    0x3f, 0xe0, 0x81, 0x4, 0x8, 0x7f, 0xc3, 0x10,
    0x10, 0x40, 0xbb, 0xc, 0x7e, 0xc0, 0x10, 0xf0,
    0x0, 0xe0, 0x1, 0x0,

    /* U+5C3E "尾" */
    0x3f, 0xf1, 0x0, 0x8f, 0xfc, 0x40, 0x2, 0x6,
    0x17, 0xc0, 0x84, 0x5, 0xfe, 0x21, 0x3, 0xff,
    0xd0, 0x43, 0x83, 0xf0,

    /* U+5C3F "尿" */
    0x3f, 0xf1, 0x0, 0x88, 0x4, 0x7f, 0xe2, 0x10,
    0x10, 0x88, 0xfc, 0xc4, 0xbc, 0x25, 0xc3, 0x6b,
    0x16, 0x4e, 0xa6, 0x0, 0x20, 0x0,

    /* U+5C40 "局" */
    0x3f, 0xe2, 0x2, 0x20, 0x23, 0xfe, 0x20, 0x3,
    0xff, 0x20, 0x12, 0xf9, 0x48, 0x94, 0xf9, 0xc0,
    0x70, 0x6,

    /* U+5C41 "屁" */
    0x3f, 0xf1, 0x0, 0x88, 0x4, 0x7f, 0xe2, 0x0,
    0x14, 0x40, 0xa2, 0x45, 0xd6, 0x28, 0xc2, 0x44,
    0x13, 0xa3, 0x91, 0xe0,

    /* U+5C42 "层" */
    0x3f, 0xe2, 0x2, 0x20, 0x23, 0xfe, 0x20, 0x2,
    0xfe, 0x20, 0x3, 0xff, 0x62, 0x4, 0x44, 0x4f,
    0xe4, 0x0,

    /* U+5C45 "居" */
    0x3f, 0xf1, 0x0, 0x88, 0x4, 0x7f, 0xe2, 0x10,
    0x1f, 0xfc, 0x84, 0x5, 0xfe, 0x28, 0x12, 0x40,
    0x93, 0xfd, 0x90, 0x20,

    /* U+5C48 "屈" */
    0x3f, 0xf1, 0x0, 0x88, 0x4, 0x7f, 0xe2, 0xc1,
    0x16, 0x48, 0xb2, 0x45, 0xfe, 0x28, 0x8b, 0x44,
    0x53, 0xfe, 0x80, 0x30,

    /* U+5C49 "屉" */
    0x7f, 0xe4, 0x2, 0x40, 0x27, 0xfe, 0x4a, 0x44,
    0xa4, 0x7f, 0xf4, 0xa4, 0x4a, 0x4c, 0xbc, 0x88,
    0x8, 0xff, 0x0, 0x0,

    /* U+5C4A "届" */
    0x3f, 0xf2, 0x1, 0x20, 0x13, 0xff, 0x21, 0x2,
    0xff, 0x29, 0x12, 0x91, 0x2f, 0xf4, 0x91, 0x4f,
    0xf4, 0x81,

    /* U+5C4B "屋" */
    0x3f, 0xf1, 0x0, 0x8f, 0xfc, 0x40, 0x3, 0xff,
    0x11, 0x20, 0x91, 0x85, 0xfe, 0x21, 0x2, 0x7f,
    0x90, 0x40, 0xbf, 0xf4, 0x0, 0x0,

    /* U+5C4E "屎" */
    0x3f, 0xf1, 0x0, 0x88, 0x4, 0x7f, 0xe2, 0x10,
    0x16, 0x98, 0x95, 0x7, 0xfe, 0x23, 0x83, 0x2a,
    0x12, 0x4e, 0xa2, 0x0,

    /* U+5C4F "屏" */
    0x3f, 0xf1, 0x0, 0x8f, 0xfc, 0x4c, 0xc2, 0x24,
    0x17, 0xf8, 0x89, 0x4, 0x48, 0x7f, 0xfa, 0x12,
    0x11, 0x10, 0xb0, 0x80,

    /* U+5C51 "屑" */
    0x3f, 0xf9, 0x0, 0xcf, 0xfc, 0x42, 0x2, 0xd3,
    0x12, 0xa0, 0xbf, 0xc5, 0x2, 0x4f, 0xf2, 0x7f,
    0x92, 0x4, 0x10, 0xe0,

    /* U+5C55 "展" */
    0x3f, 0xf1, 0x0, 0x8f, 0xfc, 0x44, 0x82, 0x24,
    0x17, 0xf8, 0x89, 0x7, 0xff, 0x25, 0x13, 0x25,
    0x11, 0x59, 0x9c, 0x70, 0x0, 0x0,

    /* U+5C5E "属" */
    0x3f, 0xf9, 0x0, 0x8f, 0xfe, 0x40, 0x62, 0xfc,
    0x17, 0xf8, 0xa4, 0x44, 0xfc, 0x3f, 0xfb, 0x8a,
    0x55, 0xfa, 0xa0, 0x70,

    /* U+5C60 "屠" */
    0x3f, 0xf1, 0x0, 0x8f, 0xfc, 0x42, 0x2, 0xfd,
    0x90, 0x90, 0xff, 0xe4, 0x20, 0x27, 0xf2, 0xe0,
    0x91, 0xfd, 0x8f, 0xe0,

    /* U+5C61 "屡" */
    0x7f, 0xe4, 0x2, 0x7f, 0xe5, 0xac, 0x7f, 0xf4,
    0xb8, 0x52, 0xf4, 0x40, 0x7f, 0xf4, 0x88, 0x87,
    0x8b, 0xc6,

    /* U+5C65 "履" */
    0x7f, 0xe2, 0x1, 0x1f, 0xf0, 0xb7, 0xe5, 0x40,
    0x25, 0xf1, 0x6f, 0x8e, 0x7c, 0x53, 0xe6, 0xba,
    0x24, 0x61, 0x2c, 0xe0,

    /* U+5C6F "屯" */
    0x4, 0x0, 0x40, 0xff, 0xf0, 0x40, 0x44, 0x44,
    0x44, 0x44, 0x47, 0xfc, 0x4, 0x40, 0x40, 0x4,
    0x10, 0x7e,

    /* U+5C71 "山" */
    0x8, 0x2, 0x0, 0x82, 0x21, 0x88, 0x62, 0x18,
    0x86, 0x21, 0x88, 0x62, 0x1f, 0xfc, 0x1,

    /* U+5C79 "屹" */
    0x0, 0x82, 0x10, 0x21, 0x1a, 0xbf, 0xae, 0xa,
    0xde, 0xa8, 0x6a, 0x88, 0xa8, 0x8a, 0x90, 0xf9,
    0x10, 0xb3, 0x0, 0xc0,

    /* U+5C7F "屿" */
    0x21, 0x2, 0x10, 0x21, 0xfa, 0x90, 0xa9, 0xa,
    0x9f, 0xa8, 0x1a, 0x81, 0xab, 0xdf, 0x81, 0x88,
    0x10, 0x6,

    /* U+5C81 "岁" */
    0x2, 0x4, 0x23, 0x42, 0x27, 0xfe, 0x4, 0x0,
    0xc0, 0x1f, 0xe3, 0x4, 0x26, 0xc0, 0x28, 0x7,
    0x7, 0x80,

    /* U+5C82 "岂" */
    0x88, 0x51, 0xb, 0xff, 0x0, 0x0, 0x1, 0xff,
    0x0, 0x27, 0xfc, 0x80, 0x90, 0xa, 0x1, 0xff,
    0xe0,

    /* U+5C94 "岔" */
    0x8, 0x80, 0x82, 0x8, 0xd, 0xff, 0xb0, 0x44,
    0x4, 0x20, 0x67, 0xc, 0x50, 0x22, 0x21, 0x11,
    0x8, 0x88, 0x7f, 0xc0,

    /* U+5C96 "岖" */
    0x20, 0x2, 0x3f, 0x22, 0xa, 0xab, 0xaa, 0xaa,
    0xa6, 0xaa, 0x4a, 0xa6, 0xaa, 0xab, 0xb9, 0xca,
    0x0, 0x3f,

    /* U+5C97 "岗" */
    0x84, 0x61, 0x1f, 0xfc, 0x0, 0xff, 0xe0, 0x1b,
    0x36, 0x39, 0x8f, 0x7c, 0x78, 0x6, 0x3,

    /* U+5C9B "岛" */
    0x0, 0x3, 0x1, 0xff, 0x20, 0x44, 0x88, 0x9f,
    0x10, 0x82, 0x0, 0x7f, 0xf2, 0x46, 0x48, 0xff,
    0x10, 0x2e, 0x0, 0x0,

    /* U+5CA9 "岩" */
    0x33, 0x11, 0x98, 0x8c, 0xc4, 0x7f, 0xe0, 0x0,
    0x3f, 0xfc, 0x10, 0x1, 0x80, 0x1f, 0xe3, 0xc1,
    0x13, 0xf8, 0x10, 0x40,

    /* U+5CAD "岭" */
    0x0, 0x81, 0xc, 0x8, 0x51, 0x54, 0x4a, 0xeb,
    0x54, 0x42, 0xa8, 0x55, 0x7c, 0xa8, 0x45, 0xde,
    0x3a, 0x60, 0x11, 0x80, 0x0, 0x0,

    /* U+5CB3 "岳" */
    0x0, 0x63, 0xfe, 0x30, 0x3, 0xfe, 0x31, 0x83,
    0x18, 0xff, 0xf0, 0x0, 0x22, 0x22, 0x22, 0x22,
    0x23, 0xfe,

    /* U+5CB8 "岸" */
    0x64, 0x24, 0x42, 0x7f, 0xe0, 0x0, 0x7f, 0xf4,
    0x0, 0x5f, 0xe4, 0x20, 0x42, 0x7, 0xff, 0x82,
    0x8, 0x20,

    /* U+5CE1 "峡" */
    0x20, 0x81, 0x4, 0x9, 0xfd, 0x55, 0x4a, 0xaa,
    0x54, 0x42, 0xbf, 0xf5, 0x18, 0xa9, 0x47, 0xdb,
    0x3, 0x8e, 0x10, 0x0,

    /* U+5CE6 "峦" */
    0x2, 0x0, 0x60, 0xff, 0xf0, 0x90, 0x29, 0xc4,
    0x96, 0x89, 0x20, 0x90, 0x0, 0x4, 0x64, 0x46,
    0x44, 0x64, 0x7f, 0xc0,

    /* U+5CED "峭" */
    0x20, 0xa2, 0x6a, 0x22, 0xaa, 0x88, 0xab, 0xea,
    0xa2, 0xab, 0xea, 0xa2, 0xab, 0xef, 0xa2, 0x8a,
    0x20, 0x26,

    /* U+5CF0 "峰" */
    0x1, 0x1, 0x8, 0x8, 0xf8, 0x46, 0x8a, 0x88,
    0x55, 0xba, 0xb2, 0x55, 0x7c, 0xa8, 0x85, 0x5f,
    0x3f, 0xfc, 0x1, 0x0, 0x8, 0x0,

    /* U+5CFB "峻" */
    0x0, 0x1, 0x4, 0x8, 0x48, 0x44, 0x6a, 0xbf,
    0x54, 0x82, 0xa8, 0xd5, 0x20, 0xab, 0xe5, 0x59,
    0x3e, 0x31, 0x13, 0xc0, 0x61, 0x0,

    /* U+5D07 "崇" */
    0x46, 0x24, 0x62, 0x7f, 0xe0, 0x60, 0xff, 0xf8,
    0x1, 0xbf, 0xd0, 0x0, 0xff, 0xf0, 0x20, 0x32,
    0xcc, 0xe3, 0x0, 0x0,

    /* U+5D0E "崎" */
    0x20, 0x82, 0x7f, 0xa9, 0xca, 0xb6, 0xaa, 0x2a,
    0xff, 0xa8, 0x2a, 0xba, 0xaa, 0xaf, 0xba, 0xe,
    0x20, 0x6,

    /* U+5D14 "崔" */
    0x22, 0x11, 0x10, 0x8f, 0xfc, 0x24, 0x3, 0xff,
    0x11, 0x1, 0xff, 0xc4, 0x40, 0x3f, 0xf1, 0x10,
    0x8, 0x80, 0x7f, 0xf0,

    /* U+5D16 "崖" */
    0x42, 0x27, 0xfe, 0x0, 0x7, 0xff, 0x42, 0x5,
    0xfc, 0x42, 0x7, 0xfe, 0x42, 0x5, 0xfc, 0xc2,
    0xb, 0xff,

    /* U+5D29 "崩" */
    0x23, 0x11, 0xff, 0x80, 0x0, 0x79, 0xe2, 0x49,
    0x12, 0x48, 0xf3, 0xc4, 0x92, 0x3c, 0xf1, 0x2c,
    0x91, 0x64, 0x96, 0x60,

    /* U+5D2D "崭" */
    0x42, 0x24, 0x22, 0x7f, 0xe3, 0x0, 0xfd, 0xe4,
    0x10, 0x51, 0xf, 0xdf, 0x12, 0x4f, 0xe4, 0x92,
    0x41, 0x64,

    /* U+5D4C "嵌" */
    0x22, 0x21, 0x11, 0xf, 0xf8, 0x9, 0x2, 0x48,
    0x7f, 0x78, 0x95, 0x44, 0xe8, 0x3c, 0x41, 0x25,
    0xf, 0x68, 0x4e, 0x30,

    /* U+5DCD "巍" */
    0x4, 0x4, 0x42, 0x7f, 0xe1, 0x98, 0xe7, 0xef,
    0xca, 0x67, 0xea, 0xca, 0xa7, 0xef, 0x9a, 0x49,
    0xd3, 0xab, 0xcc, 0xf0,

    /* U+5DDD "川" */
    0x20, 0x49, 0x12, 0x44, 0x91, 0x24, 0x49, 0x12,
    0x44, 0x91, 0x64, 0x51, 0x1c, 0x44, 0x1,

    /* U+5DDE "州" */
    0x12, 0x22, 0x45, 0x48, 0xad, 0x55, 0xaa, 0xb5,
    0x76, 0xb9, 0x91, 0x22, 0x2c, 0x47, 0x8, 0xa0,
    0x10,

    /* U+5DE1 "巡" */
    0x66, 0xd1, 0x24, 0x89, 0x48, 0x12, 0x4e, 0xb4,
    0x14, 0x90, 0x96, 0xc4, 0x92, 0x26, 0xd1, 0x0,
    0x1e, 0x1, 0x8f, 0xe0,

    /* U+5DE2 "巢" */
    0x12, 0x21, 0x93, 0xd, 0x90, 0x22, 0x43, 0xfe,
    0x11, 0x10, 0xff, 0x87, 0xfc, 0x2, 0x3, 0xff,
    0x86, 0xa1, 0xc4, 0xe0,

    /* U+5DE5 "工" */
    0x7f, 0xc0, 0x80, 0x10, 0x2, 0x0, 0x40, 0x8,
    0x1, 0x0, 0x20, 0xff, 0xe0,

    /* U+5DE6 "左" */
    0x2, 0x0, 0x10, 0x1f, 0xfe, 0x8, 0x0, 0x40,
    0x4, 0x0, 0x3f, 0xc2, 0x10, 0x30, 0x83, 0x4,
    0x30, 0x20, 0x3f, 0xf0,

    /* U+5DE7 "巧" */
    0x4, 0x1f, 0xff, 0x21, 0x2, 0x20, 0x22, 0x2,
    0x3e, 0x20, 0x22, 0x2, 0x78, 0x2c, 0x6, 0x0,
    0x60, 0x1c,

    /* U+5DE8 "巨" */
    0xff, 0xd0, 0x2, 0x0, 0x40, 0xf, 0xf9, 0x1,
    0x20, 0x27, 0xfc, 0x80, 0x10, 0x2, 0x0, 0x7f,
    0xf0,

    /* U+5DE9 "巩" */
    0x3, 0xc3, 0xe8, 0x82, 0x22, 0x8, 0xa8, 0x22,
    0xa0, 0x8a, 0x82, 0x2a, 0xe, 0x88, 0xf4, 0x22,
    0x10, 0xa0, 0x82, 0x84, 0xe,

    /* U+5DEB "巫" */
    0x7f, 0xf0, 0x20, 0x12, 0x61, 0x24, 0x32, 0x42,
    0xaa, 0x4e, 0x90, 0x20, 0x2, 0xf, 0xff,

    /* U+5DEE "差" */
    0x10, 0x80, 0x90, 0x7f, 0xe0, 0x40, 0x7f, 0xe0,
    0xc0, 0xff, 0xf1, 0x80, 0x3f, 0xc6, 0x20, 0xc2,
    0x3, 0xff,

    /* U+5DF1 "己" */
    0xff, 0x80, 0x10, 0x2, 0x0, 0x4f, 0xf9, 0x1,
    0x20, 0x4, 0x0, 0x80, 0x50, 0xb, 0xff, 0x0,

    /* U+5DF2 "已" */
    0xff, 0xc0, 0x4, 0x0, 0x44, 0x4, 0x7f, 0xc4,
    0x4, 0x40, 0x4, 0x0, 0x40, 0x34, 0x2, 0x7f,
    0xe0,

    /* U+5DF4 "巴" */
    0xff, 0xa2, 0x28, 0x8a, 0x22, 0xff, 0xa0, 0x28,
    0x2, 0x0, 0x80, 0x60, 0x1f, 0xfc,

    /* U+5DF7 "巷" */
    0x4, 0x40, 0x11, 0x3, 0xff, 0x81, 0x10, 0x7f,
    0xfc, 0x11, 0x0, 0xff, 0xe, 0xf, 0x68, 0x20,
    0x3f, 0x80, 0x81, 0x3, 0xfc,

    /* U+5DFE "巾" */
    0x8, 0x4, 0x2, 0x1f, 0xf8, 0x8c, 0x46, 0x23,
    0x11, 0x88, 0xc4, 0x62, 0x41, 0x0,

    /* U+5E01 "币" */
    0x1, 0xdf, 0xf4, 0x10, 0x2, 0x7, 0xfc, 0x88,
    0x91, 0x12, 0x22, 0x44, 0x48, 0x89, 0x13, 0x2,
    0x0,

    /* U+5E02 "市" */
    0x2, 0x0, 0x10, 0x3f, 0xfe, 0x4, 0x0, 0x20,
    0x1f, 0xf0, 0x88, 0x84, 0x44, 0x22, 0x21, 0x11,
    0x8, 0xb8, 0x4, 0x0,

    /* U+5E03 "布" */
    0x3, 0x0, 0x10, 0x1f, 0xfe, 0x9, 0x0, 0x88,
    0xf, 0xf8, 0xe2, 0x49, 0x12, 0x8, 0x90, 0x44,
    0x82, 0x2c, 0x1, 0x0,

    /* U+5E05 "帅" */
    0x10, 0x85, 0x8, 0x53, 0xf5, 0x29, 0x52, 0x95,
    0x29, 0x52, 0x95, 0x29, 0x52, 0x93, 0x2b, 0x20,
    0x8c, 0x8,

    /* U+5E06 "帆" */
    0x20, 0x2, 0x3c, 0xfa, 0x4a, 0xa4, 0xab, 0x4a,
    0xbc, 0xaa, 0xca, 0xa4, 0xba, 0x4b, 0x64, 0x24,
    0x52, 0x86,

    /* U+5E08 "师" */
    0x8, 0x0, 0x5f, 0xd2, 0x20, 0x91, 0x4, 0xbf,
    0x25, 0x49, 0x2a, 0x49, 0x52, 0x4a, 0x90, 0x97,
    0x8c, 0x21, 0xc1, 0x0,

    /* U+5E0C "希" */
    0x0, 0x83, 0xd8, 0x7, 0x7, 0x8c, 0x4, 0x4f,
    0xff, 0x12, 0x3, 0xfe, 0xd2, 0x21, 0x22, 0x12,
    0xe1, 0x20,

    /* U+5E10 "帐" */
    0x22, 0x22, 0x26, 0xfa, 0x4a, 0xa8, 0xaa, 0xa,
    0xff, 0xaa, 0x8a, 0xa8, 0xaa, 0x4b, 0xb6, 0x23,
    0x32, 0x20,

    /* U+5E15 "帕" */
    0x20, 0x84, 0x13, 0xef, 0xd5, 0x1a, 0xa3, 0x54,
    0x6a, 0xfd, 0x51, 0xaa, 0x37, 0x44, 0x8f, 0x91,
    0x10,

    /* U+5E16 "帖" */
    0x20, 0x82, 0x8, 0xf8, 0xfa, 0x88, 0xa8, 0x8a,
    0x88, 0xab, 0xfa, 0xa1, 0xaa, 0x1a, 0x21, 0x23,
    0xf2, 0x21,

    /* U+5E18 "帘" */
    0x2, 0x0, 0x10, 0x1f, 0xfc, 0x80, 0x21, 0x8c,
    0x39, 0x19, 0x8, 0x47, 0xfc, 0x32, 0x21, 0x91,
    0xc, 0x88, 0x64, 0xc0, 0x20, 0x0,

    /* U+5E1A "帚" */
    0x7f, 0xc0, 0x4, 0x3f, 0xc0, 0x4, 0x3f, 0x8f,
    0xff, 0x84, 0x30, 0x40, 0x3f, 0xc2, 0x44, 0x24,
    0x42, 0x4c,

    /* U+5E1C "帜" */
    0x20, 0x2, 0x3e, 0xfa, 0x2a, 0xa2, 0xaa, 0x2a,
    0xa2, 0xab, 0xea, 0x80, 0xb9, 0x42, 0x32, 0x26,
    0x32, 0x41,

    /* U+5E1D "帝" */
    0x4, 0xf, 0xfe, 0x11, 0x81, 0x90, 0xff, 0xe8,
    0x42, 0x4, 0x7, 0xfc, 0x44, 0x44, 0x44, 0x45,
    0xc0, 0x40,

    /* U+5E26 "带" */
    0x24, 0x8f, 0xff, 0x24, 0x80, 0x0, 0xff, 0xf8,
    0x41, 0x84, 0x17, 0xfe, 0x44, 0x64, 0x46, 0x45,
    0xe0, 0x40,

    /* U+5E2D "席" */
    0x6, 0xf, 0xfd, 0x0, 0x24, 0x45, 0xfe, 0x91,
    0x11, 0xc2, 0xff, 0x52, 0x72, 0x4e, 0x4b, 0x41,
    0x0,

    /* U+5E2E "帮" */
    0x11, 0xef, 0xd6, 0x11, 0x47, 0xd6, 0xfd, 0x23,
    0x16, 0x61, 0xf, 0xfc, 0x24, 0x42, 0x44, 0x24,
    0xc0, 0x40,

    /* U+5E38 "常" */
    0x24, 0x86, 0x93, 0xff, 0xc0, 0x1b, 0xfa, 0x41,
    0xf, 0xe0, 0x20, 0x7f, 0xc8, 0x89, 0x11, 0x22,
    0x60,

    /* U+5E3D "帽" */
    0x23, 0xf2, 0x21, 0xfb, 0xda, 0xa1, 0xab, 0xda,
    0x80, 0xab, 0xea, 0xbe, 0xaa, 0x2b, 0xbe, 0x23,
    0xe2, 0x22,

    /* U+5E45 "幅" */
    0x27, 0xf9, 0x0, 0x3e, 0xfd, 0x54, 0x2a, 0xbf,
    0x54, 0x2, 0xbf, 0xf5, 0x51, 0xab, 0xfd, 0x94,
    0x48, 0xfe, 0x44, 0x10,

    /* U+5E4C "幌" */
    0x27, 0xe1, 0x11, 0x3e, 0xf9, 0x54, 0x4a, 0xfe,
    0x55, 0x52, 0xab, 0x95, 0xfe, 0xa9, 0x45, 0xca,
    0x8, 0x96, 0x48, 0xe0,

    /* U+5E54 "幔" */
    0x47, 0xe4, 0x62, 0xf7, 0xed, 0x7e, 0xd0, 0xd,
    0x7f, 0xd5, 0x5d, 0x7f, 0xd7, 0xec, 0x24, 0x41,
    0x84, 0xf7,

    /* U+5E55 "幕" */
    0x4, 0x81, 0xff, 0xe0, 0x48, 0x6, 0xd8, 0x1f,
    0xe0, 0x40, 0x80, 0xfc, 0x1f, 0xfe, 0x9, 0x20,
    0xff, 0xe4, 0x92, 0x82, 0x58,

    /* U+5E62 "幢" */
    0x20, 0x81, 0x1f, 0xbe, 0x49, 0x5f, 0xfa, 0x80,
    0x55, 0xfa, 0xaf, 0xd5, 0x52, 0xa9, 0xe5, 0x7f,
    0x88, 0x20, 0x4f, 0xf0,

    /* U+5E72 "干" */
    0x7f, 0xc0, 0x80, 0x10, 0x2, 0xf, 0xfe, 0x8,
    0x1, 0x0, 0x20, 0x4, 0x0, 0x80, 0x10, 0x0,

    /* U+5E73 "平" */
    0x7f, 0xc0, 0x80, 0x90, 0x12, 0x62, 0x48, 0x6b,
    0x1, 0x7, 0xff, 0x4, 0x0, 0x80, 0x10, 0x2,
    0x0,

    /* U+5E74 "年" */
    0x18, 0x3, 0x0, 0x3f, 0xe4, 0x20, 0xc2, 0x3,
    0xfc, 0x22, 0x2, 0x20, 0xff, 0xf0, 0x20, 0x2,
    0x0, 0x20,

    /* U+5E76 "并" */
    0x0, 0x0, 0xc6, 0x2, 0x20, 0xff, 0xe0, 0x88,
    0x4, 0x40, 0x22, 0x1, 0x10, 0xff, 0xf8, 0x44,
    0x4, 0x20, 0x61, 0x6, 0x8, 0x0,

    /* U+5E78 "幸" */
    0x4, 0xf, 0xf8, 0x10, 0x2, 0xf, 0xfe, 0x22,
    0x6, 0x83, 0xfe, 0x4, 0x1f, 0xfc, 0x10, 0x2,
    0x0,

    /* U+5E7B "幻" */
    0x0, 0x1, 0x80, 0x31, 0xf2, 0x41, 0x44, 0x17,
    0xc1, 0x8, 0x11, 0x41, 0x36, 0x12, 0x61, 0x7b,
    0x10, 0x7,

    /* U+5E7C "幼" */
    0x31, 0x82, 0x10, 0x61, 0x4, 0xff, 0x99, 0x2f,
    0x12, 0x21, 0x27, 0x12, 0x4a, 0x2f, 0xa2, 0x86,
    0x21, 0xcc,

    /* U+5E7D "幽" */
    0x4, 0x2, 0x92, 0x94, 0xd6, 0xbf, 0x7b, 0x29,
    0x6d, 0x6d, 0x75, 0xff, 0xf0, 0x87, 0xff, 0x80,
    0x10,

    /* U+5E7F "广" */
    0x2, 0x0, 0x8, 0xf, 0xfe, 0x40, 0x2, 0x0,
    0x10, 0x0, 0x80, 0x4, 0x0, 0x20, 0x1, 0x0,
    0x10, 0x1, 0x80, 0x0,

    /* U+5E84 "庄" */
    0x3, 0x0, 0x8, 0xf, 0xfc, 0x40, 0x2, 0x10,
    0x10, 0x80, 0x84, 0x5, 0xfe, 0x21, 0x1, 0x8,
    0x10, 0x40, 0xbf, 0xf4, 0x0, 0x0,

    /* U+5E86 "庆" */
    0x1, 0x0, 0x8, 0xf, 0xfc, 0x42, 0x2, 0x10,
    0x17, 0xf8, 0x84, 0x4, 0x50, 0x22, 0x82, 0x32,
    0x13, 0xe, 0xb0, 0x20,

    /* U+5E87 "庇" */
    0x1, 0x0, 0xc, 0xf, 0xfe, 0x40, 0x2, 0x44,
    0x12, 0x20, 0x91, 0x64, 0xee, 0x24, 0x61, 0x22,
    0x19, 0x10, 0x8e, 0x94, 0x47, 0x80,

    /* U+5E8A "床" */
    0x0, 0x80, 0x2, 0x3, 0xff, 0x88, 0x0, 0x20,
    0x80, 0x82, 0x2, 0xff, 0x88, 0x70, 0x23, 0xc0,
    0x9a, 0x86, 0xc9, 0x96, 0x22, 0x40, 0x80,

    /* U+5E8F "序" */
    0x2, 0x0, 0x30, 0x3f, 0xf2, 0x0, 0x2f, 0xe2,
    0x24, 0x23, 0x82, 0xff, 0x21, 0x22, 0x10, 0x41,
    0x4, 0x10, 0x43, 0x0,

    /* U+5E90 "庐" */
    0x3, 0x0, 0x8, 0xf, 0xfe, 0x41, 0x2, 0x8,
    0x13, 0xf8, 0x90, 0x44, 0x82, 0x27, 0xf1, 0x20,
    0x91, 0x0, 0x90, 0xd, 0x80, 0x0, 0x0,

    /* U+5E93 "库" */
    0x0, 0x0, 0x20, 0x7f, 0xf4, 0x0, 0x42, 0x5,
    0xff, 0x44, 0x4, 0x90, 0x5f, 0xe4, 0x10, 0x9f,
    0xf8, 0x10, 0x81, 0x0,

    /* U+5E94 "应" */
    0x3, 0x0, 0x8, 0xf, 0xfe, 0x40, 0x2, 0x12,
    0x14, 0x98, 0xa4, 0x84, 0xa4, 0x25, 0xc1, 0x22,
    0x10, 0x20, 0xbf, 0xf0, 0x0, 0x0,

    /* U+5E95 "底" */
    0x2, 0x0, 0x20, 0x7f, 0xf4, 0x0, 0x40, 0xe5,
    0xf0, 0x59, 0x5, 0x90, 0x5f, 0xe5, 0x90, 0x58,
    0x8d, 0xe9, 0x9d, 0x78, 0x11,

    /* U+5E97 "店" */
    0x1, 0x0, 0x8, 0xf, 0xfe, 0x42, 0x2, 0x10,
    0x10, 0xfc, 0x84, 0x4, 0x20, 0x2f, 0xf1, 0x40,
    0x9a, 0x4, 0x9f, 0xe4, 0x81, 0x0,

    /* U+5E99 "庙" */
    0x2, 0x0, 0x30, 0x7f, 0xf4, 0x0, 0x41, 0x4,
    0x10, 0x5f, 0xe5, 0x12, 0x5f, 0xe5, 0x12, 0x91,
    0x29, 0xfe, 0x90, 0x20,

    /* U+5E9C "府" */
    0x1, 0x0, 0x8, 0xf, 0xfe, 0x40, 0x2, 0x62,
    0x12, 0x10, 0xbf, 0xe7, 0x84, 0x25, 0x21, 0x25,
    0x11, 0x8, 0x88, 0x44, 0x46, 0x0,

    /* U+5E9E "庞" */
    0x3, 0x0, 0x18, 0xf, 0xfe, 0x44, 0x82, 0x24,
    0x11, 0x20, 0xff, 0xe4, 0x50, 0x26, 0xb1, 0x26,
    0x19, 0x20, 0x97, 0x3d, 0xf, 0x0,

    /* U+5E9F "废" */
    0x1, 0x0, 0x8, 0xf, 0xfe, 0x40, 0x2, 0xd4,
    0x14, 0x80, 0xbf, 0xc4, 0x40, 0x23, 0xe1, 0x32,
    0x1a, 0x50, 0xa3, 0x4, 0xf7, 0xa6, 0x8,

    /* U+5EA6 "度" */
    0x0, 0x0, 0x18, 0xf, 0xfc, 0x40, 0x2, 0x44,
    0x1f, 0xfc, 0x91, 0x4, 0xf8, 0x2f, 0xe1, 0x22,
    0x18, 0xe0, 0x8f, 0x85, 0x83, 0x0,

    /* U+5EA7 "座" */
    0x1, 0x0, 0x6, 0x3, 0xff, 0xc8, 0x0, 0x26,
    0x90, 0x92, 0x82, 0xeb, 0x8e, 0x72, 0x20, 0x80,
    0x9f, 0xc4, 0x8, 0x10, 0x20, 0x4f, 0xfc,

    /* U+5EAD "庭" */
    0x1, 0x0, 0x86, 0x13, 0xff, 0xc8, 0x2, 0x2e,
    0xf8, 0x88, 0x82, 0x42, 0xb, 0xbe, 0x22, 0x20,
    0xa8, 0x86, 0xef, 0x91, 0x80, 0x78, 0xfc,

    /* U+5EB5 "庵" */
    0x6, 0x0, 0x20, 0x7f, 0xf4, 0x20, 0x7f, 0xe4,
    0xc8, 0x5a, 0x67, 0xff, 0x52, 0x45, 0xfc, 0x5f,
    0xcd, 0x21, 0x83, 0xe0,

    /* U+5EB6 "庶" */
    0x1, 0x0, 0x8, 0xf, 0xfe, 0x40, 0x82, 0x24,
    0x11, 0x20, 0xbf, 0xe4, 0x48, 0x23, 0xc1, 0x0,
    0x1b, 0x64, 0x92, 0xad, 0x95, 0x80,

    /* U+5EB7 "康" */
    0x1, 0x1, 0xff, 0x88, 0x40, 0x5f, 0xc2, 0x12,
    0x1f, 0xf8, 0x84, 0x85, 0xfc, 0x29, 0xa3, 0x1a,
    0x17, 0x4c, 0x6, 0x20,

    /* U+5EB8 "庸" */
    0x1, 0x0, 0x18, 0xf, 0xfe, 0x42, 0x2, 0xff,
    0x1f, 0xfc, 0x84, 0x45, 0xfc, 0x2f, 0xf1, 0x48,
    0x93, 0xfc, 0x9f, 0xec, 0x97, 0x0,

    /* U+5EC9 "廉" */
    0x1, 0x1, 0xff, 0xc9, 0x90, 0x7f, 0xf2, 0x28,
    0x17, 0xf8, 0x8a, 0x45, 0xff, 0x2f, 0xf3, 0x37,
    0x12, 0xac, 0xa5, 0x10,

    /* U+5ECA "廊" */
    0x2, 0x3, 0xff, 0x92, 0x0, 0xbd, 0xe5, 0x2a,
    0x2f, 0x51, 0x4a, 0x8b, 0xd2, 0x50, 0x92, 0xb4,
    0xa6, 0xed, 0x21, 0x0, 0x8, 0x0,

    /* U+5ED3 "廓" */
    0x0, 0x0, 0x20, 0x7f, 0xf4, 0x40, 0x7f, 0xf5,
    0xeb, 0x52, 0xa4, 0xca, 0x5e, 0x94, 0x69, 0x7e,
    0xf8, 0x4a, 0x8c, 0x80, 0x8,

    /* U+5EF6 "延" */
    0x0, 0x33, 0xde, 0x4, 0x10, 0x24, 0x82, 0x24,
    0x3d, 0x38, 0x29, 0xa, 0x48, 0x33, 0xf9, 0xc0,
    0xb, 0x1, 0x87, 0xf0,

    /* U+5EF7 "廷" */
    0xf7, 0xe1, 0x8, 0x20, 0x86, 0x8, 0x77, 0xf1,
    0x8, 0x50, 0x82, 0x7e, 0x30, 0x4, 0xff, 0x80,
    0x70,

    /* U+5EFA "建" */
    0x1, 0x3, 0xbf, 0x4, 0x48, 0x5f, 0xe2, 0x12,
    0x3b, 0xf0, 0x5f, 0x8a, 0x20, 0x6f, 0xf1, 0x8,
    0x96, 0x41, 0x8f, 0xe0,

    /* U+5F00 "开" */
    0x7f, 0xf0, 0x44, 0x2, 0x20, 0x11, 0xf, 0xff,
    0x84, 0x40, 0x22, 0x2, 0x10, 0x10, 0x83, 0x4,
    0x10, 0x20,

    /* U+5F02 "异" */
    0x3f, 0xc2, 0x4, 0x20, 0x43, 0xfc, 0x20, 0x11,
    0xfe, 0x8, 0x80, 0x88, 0xff, 0xf1, 0x8, 0x10,
    0x86, 0x8,

    /* U+5F03 "弃" */
    0x2, 0x0, 0x20, 0xff, 0xf0, 0x88, 0x10, 0xc3,
    0xfe, 0x0, 0x80, 0x88, 0xff, 0xf1, 0x88, 0x30,
    0x86, 0x8,

    /* U+5F04 "弄" */
    0x7f, 0xe0, 0x20, 0x2, 0x7, 0xfe, 0x2, 0xf,
    0xff, 0x0, 0x0, 0x88, 0xff, 0xf1, 0x88, 0x30,
    0x86, 0x8,

    /* U+5F0A "弊" */
    0x54, 0xc0, 0x84, 0x1f, 0xff, 0x27, 0x4b, 0xaa,
    0x59, 0x21, 0x5e, 0xe0, 0x10, 0x8, 0x87, 0xff,
    0xc2, 0x20, 0xe1, 0x0,

    /* U+5F0F "式" */
    0x2, 0x0, 0x2c, 0x2, 0xf, 0xff, 0x2, 0x0,
    0x20, 0x7d, 0x1, 0x10, 0x11, 0x1, 0x18, 0x7c,
    0x9e, 0x7, 0x0, 0x0,

    /* U+5F13 "弓" */
    0xff, 0x80, 0x20, 0x8, 0x2, 0xff, 0xb0, 0x8,
    0x3, 0xff, 0x0, 0x80, 0x20, 0x8, 0x1e,

    /* U+5F15 "引" */
    0xfc, 0x41, 0x10, 0x45, 0xf1, 0x40, 0x50, 0x17,
    0xc4, 0x11, 0x4, 0x41, 0x10, 0xc4, 0xe1,

    /* U+5F1B "弛" */
    0xe1, 0x2, 0x50, 0x25, 0x6e, 0x7a, 0x9d, 0x28,
    0x52, 0xe5, 0x22, 0x5e, 0x25, 0x42, 0x50, 0x24,
    0x36, 0x7e,

    /* U+5F1F "弟" */
    0x11, 0x83, 0x61, 0xff, 0x2, 0x20, 0x44, 0xff,
    0x91, 0x3, 0xff, 0xc, 0x26, 0x8d, 0x93, 0x42,
    0x0,

    /* U+5F20 "张" */
    0x4, 0xe, 0x44, 0x24, 0x82, 0x58, 0xe5, 0x9,
    0xfe, 0x85, 0xe, 0x50, 0x24, 0x82, 0x48, 0x25,
    0x4e, 0x62, 0x44, 0x0,

    /* U+5F25 "弥" */
    0x3, 0x7, 0x98, 0x4, 0xfc, 0x2c, 0x2f, 0x43,
    0x40, 0x43, 0xca, 0x82, 0xd4, 0x14, 0x90, 0xa4,
    0x9d, 0x24, 0xc3, 0x0,

    /* U+5F26 "弦" */
    0x1, 0x8f, 0x8, 0x17, 0xf1, 0x10, 0xf3, 0x8,
    0x26, 0xf7, 0xc1, 0x18, 0x11, 0x21, 0x23, 0x17,
    0xf6, 0x41,

    /* U+5F27 "弧" */
    0x0, 0x67, 0xbf, 0x85, 0x50, 0x2a, 0x8f, 0x54,
    0x42, 0xa3, 0xd5, 0x82, 0xa4, 0x35, 0xa1, 0xab,
    0xba, 0x76, 0x10, 0x0,

    /* U+5F2F "弯" */
    0x2, 0xf, 0xff, 0x9, 0x6, 0x96, 0x89, 0x37,
    0xfc, 0x0, 0x43, 0xfc, 0x20, 0x3, 0xfe, 0x0,
    0x40, 0x1c,

    /* U+5F31 "弱" */
    0x7b, 0xe1, 0x4, 0x20, 0xbc, 0xf4, 0x10, 0xf3,
    0xc2, 0xb, 0x45, 0x18, 0x6d, 0x77, 0x20, 0x8c,
    0x30,

    /* U+5F39 "弹" */
    0x2, 0x7, 0x93, 0x4, 0x10, 0x2f, 0xe7, 0x49,
    0x3a, 0x49, 0x1f, 0xc8, 0x92, 0x37, 0xf0, 0x84,
    0x7, 0xfe, 0x61, 0x4, 0x8, 0x0,

    /* U+5F3A "强" */
    0xf3, 0xf0, 0x90, 0x84, 0x84, 0x27, 0xe7, 0x8,
    0x21, 0xf9, 0xca, 0x42, 0x7e, 0x12, 0x80, 0x84,
    0x9d, 0xfe, 0x48, 0x10,

    /* U+5F52 "归" */
    0x8, 0x4, 0xbf, 0x48, 0x14, 0x81, 0x48, 0x14,
    0xbf, 0x48, 0x14, 0x81, 0x58, 0x11, 0x1, 0x37,
    0xfe, 0x1,

    /* U+5F53 "当" */
    0x4, 0x11, 0x16, 0x4c, 0xd2, 0x4, 0x3f, 0xf0,
    0x4, 0x1, 0x7f, 0xc0, 0x1f, 0xfc, 0x1,

    /* U+5F55 "录" */
    0x7f, 0xc0, 0x4, 0x3f, 0xc0, 0x4, 0xff, 0xf0,
    0x20, 0x33, 0x60, 0x3c, 0x1a, 0x86, 0x26, 0xe,
    0x30, 0x40,

    /* U+5F62 "形" */
    0x0, 0x23, 0xf9, 0x9, 0x18, 0x49, 0x2, 0x43,
    0x7f, 0x90, 0x93, 0x4, 0xb2, 0x24, 0x1a, 0x23,
    0x11, 0x30, 0xa, 0x0,

    /* U+5F64 "彤" */
    0x7c, 0x32, 0x23, 0x11, 0x30, 0xab, 0x5, 0x53,
    0x22, 0x33, 0xfb, 0x8, 0xb2, 0x44, 0x32, 0x23,
    0x31, 0x31, 0x1f, 0x0, 0x0, 0x0,

    /* U+5F69 "彩" */
    0x7, 0x13, 0xc1, 0x82, 0x48, 0x55, 0x82, 0x29,
    0x4, 0x19, 0xfd, 0x83, 0x18, 0x2e, 0x99, 0x59,
    0xb2, 0x18, 0x13, 0x0,

    /* U+5F6A "彪" */
    0x8, 0x10, 0x78, 0x82, 0x8, 0xfe, 0x84, 0x91,
    0xbf, 0x19, 0x3f, 0x8, 0x3, 0x4e, 0x22, 0x56,
    0x34, 0x83, 0x67, 0xf0,

    /* U+5F6C "彬" */
    0x22, 0x1, 0x11, 0x88, 0x99, 0xee, 0x82, 0x21,
    0x3b, 0x99, 0xb9, 0x95, 0x58, 0xba, 0x19, 0x11,
    0x88, 0x98, 0x47, 0x0,

    /* U+5F6D "彭" */
    0x10, 0x2f, 0xe4, 0x10, 0x8f, 0xf1, 0x0, 0x27,
    0xe4, 0x42, 0x8f, 0xf1, 0x24, 0x22, 0xe6, 0xfe,
    0xc0, 0x30,

    /* U+5F70 "彰" */
    0x0, 0x0, 0xc1, 0x9f, 0xc8, 0x4c, 0x8f, 0xfc,
    0x0, 0x9, 0xfc, 0x88, 0x48, 0x7e, 0x9b, 0xf0,
    0x82, 0x9, 0xfe, 0x80, 0x98, 0x0,

    /* U+5F71 "影" */
    0x7e, 0x22, 0x11, 0x1f, 0x90, 0x85, 0x3, 0xc1,
    0x7f, 0x90, 0x1, 0xf, 0xd2, 0x7e, 0x13, 0x51,
    0x32, 0xb0, 0x33, 0x0,

    /* U+5F79 "役" */
    0x0, 0x3, 0x3c, 0x22, 0x4d, 0x24, 0x96, 0x73,
    0x40, 0x60, 0xe, 0xfe, 0xa4, 0x42, 0x2c, 0x21,
    0x82, 0x7f, 0x28, 0x10,

    /* U+5F7B "彻" */
    0x34, 0x2, 0x5f, 0x44, 0x54, 0x75, 0x3e, 0x52,
    0x45, 0x64, 0x5a, 0x7d, 0x26, 0x92, 0x59, 0x23,
    0x72, 0x62,

    /* U+5F7C "彼" */
    0x10, 0x81, 0x84, 0x19, 0xff, 0xa9, 0x21, 0x48,
    0x13, 0xf9, 0x9c, 0x94, 0xa4, 0x25, 0x41, 0x46,
    0xa, 0x7c, 0x5c, 0x20,

    /* U+5F80 "往" */
    0x10, 0x81, 0x4, 0x11, 0xff, 0x21, 0x3, 0x8,
    0x30, 0x41, 0x9f, 0xd4, 0x10, 0x20, 0x81, 0x4,
    0x8, 0x20, 0x5f, 0xf0,

    /* U+5F81 "征" */
    0x10, 0x1, 0x3f, 0x90, 0x21, 0x21, 0x2, 0x8,
    0x32, 0x7b, 0x92, 0x14, 0x90, 0x24, 0x81, 0x24,
    0x9, 0x20, 0x5f, 0xf0,

    /* U+5F84 "径" */
    0x10, 0x1, 0xbf, 0x18, 0x11, 0x81, 0x1, 0x96,
    0x13, 0xd, 0x90, 0x1c, 0xfe, 0x20, 0x81, 0x4,
    0x8, 0x20, 0x5f, 0xf0,

    /* U+5F85 "待" */
    0x18, 0x81, 0x84, 0x19, 0xfd, 0xb1, 0x1, 0x7f,
    0x90, 0x11, 0x80, 0x94, 0xff, 0x22, 0x21, 0x19,
    0x8, 0x18, 0x40, 0xc0,

    /* U+5F88 "很" */
    0x37, 0xe1, 0x21, 0x11, 0x9, 0x2f, 0xc3, 0x42,
    0x33, 0xf3, 0x94, 0x14, 0xbc, 0x24, 0xc1, 0x2a,
    0x9, 0xcc, 0x48, 0x20,

    /* U+5F8A "徊" */
    0x30, 0x2, 0x7f, 0xc4, 0x11, 0x5d, 0x25, 0x56,
    0x55, 0xe5, 0x52, 0x55, 0x25, 0xd2, 0x41, 0x27,
    0xf2, 0x41,

    /* U+5F8B "律" */
    0x31, 0x1, 0x7f, 0x90, 0x44, 0x7f, 0xf2, 0x11,
    0x37, 0xfb, 0x84, 0x5, 0xfe, 0x21, 0x1, 0x7f,
    0x88, 0x40, 0x42, 0x0,

    /* U+5F90 "徐" */
    0x18, 0x81, 0x8c, 0x18, 0x50, 0xb4, 0x61, 0xdf,
    0x90, 0x41, 0x82, 0x1c, 0xff, 0x22, 0x81, 0x35,
    0x8b, 0x24, 0x43, 0x0,

    /* U+5F92 "徒" */
    0x10, 0x81, 0x84, 0x19, 0xfc, 0xb1, 0x1, 0xff,
    0x90, 0x41, 0x9a, 0x4, 0xde, 0x26, 0x81, 0x34,
    0xb, 0x60, 0x51, 0xf0,

    /* U+5F97 "得" */
    0x1f, 0xf1, 0x20, 0x99, 0xfd, 0xa8, 0x21, 0x7f,
    0x10, 0x1, 0x9f, 0xfc, 0x4, 0x2f, 0xf9, 0x31,
    0x8, 0x88, 0x41, 0xc0,

    /* U+5F98 "徘" */
    0x32, 0x41, 0x12, 0x33, 0x9e, 0x24, 0x82, 0x24,
    0x37, 0x3b, 0x89, 0x4, 0x48, 0x2e, 0x79, 0x12,
    0x8, 0x90, 0x44, 0x80,

    /* U+5FA1 "御" */
    0x4, 0x1, 0xa3, 0xd9, 0xf2, 0x94, 0x91, 0x24,
    0x97, 0xe4, 0x89, 0x2d, 0x49, 0xeb, 0xc9, 0x52,
    0x4a, 0xf2, 0x78, 0xa2, 0x4, 0x0,

    /* U+5FAA "循" */
    0x30, 0xf1, 0x3a, 0x11, 0x10, 0xaf, 0xf2, 0x44,
    0x32, 0xf9, 0x94, 0x44, 0xbe, 0x25, 0x11, 0x6f,
    0x8b, 0x7c, 0x52, 0x20,

    /* U+5FAE "微" */
    0x12, 0x21, 0x55, 0x12, 0xb8, 0xbf, 0xf2, 0x5,
    0x17, 0x89, 0x81, 0x4d, 0xea, 0x29, 0x71, 0x4d,
    0xe, 0x34, 0x42, 0x10,

    /* U+5FB7 "德" */
    0x10, 0x80, 0xbf, 0xe6, 0x8, 0x35, 0xfe, 0x35,
    0x50, 0x95, 0x46, 0x2a, 0x2b, 0xfe, 0x22, 0x90,
    0xaa, 0x62, 0xa3, 0xca, 0xf8,

    /* U+5FBD "徽" */
    0x32, 0x21, 0x55, 0x13, 0xe8, 0xe0, 0xf2, 0xfd,
    0x32, 0xeb, 0xbd, 0x44, 0xaa, 0x2e, 0xa1, 0x59,
    0xe, 0x94, 0x49, 0x30,

    /* U+5FC3 "心" */
    0x4, 0x0, 0x60, 0x3, 0x0, 0x0, 0x68, 0x46,
    0x86, 0x68, 0x24, 0x83, 0xc8, 0x14, 0x88, 0x8,
    0x80, 0xf8,

    /* U+5FC5 "必" */
    0x4, 0x0, 0x20, 0x0, 0x90, 0x11, 0x82, 0x88,
    0x14, 0xf1, 0xa4, 0xc9, 0x42, 0x4c, 0x10, 0x42,
    0x1e, 0x10, 0x9f, 0x80,

    /* U+5FC6 "忆" */
    0x10, 0x0, 0x9f, 0x94, 0xc, 0xa8, 0xc5, 0x4c,
    0x28, 0x43, 0x44, 0x2, 0x20, 0x12, 0x0, 0x90,
    0x85, 0x86, 0x27, 0xe0,

    /* U+5FCC "忌" */
    0x7f, 0xc0, 0x4, 0x3f, 0xc2, 0x2, 0x20, 0x33,
    0xfe, 0x2, 0x5, 0xa6, 0x52, 0xa9, 0xf, 0xf,
    0x80,

    /* U+5FCD "忍" */
    0x7f, 0xe0, 0x11, 0x4, 0x88, 0x6c, 0x40, 0xce,
    0x38, 0x60, 0x8, 0xd, 0x66, 0x68, 0x12, 0x42,
    0x83, 0xf0,

    /* U+5FD7 "志" */
    0x4, 0x0, 0x40, 0xff, 0xe0, 0x40, 0x4, 0x7,
    0xfc, 0x0, 0x0, 0x40, 0x52, 0x49, 0x2, 0x90,
    0xa1, 0xf0,

    /* U+5FD8 "忘" */
    0x4, 0x0, 0x60, 0xff, 0xf2, 0x0, 0x20, 0x3,
    0xfc, 0x0, 0x1, 0x20, 0x52, 0x6d, 0x3, 0x90,
    0x81, 0xf8,

    /* U+5FD9 "忙" */
    0x10, 0xc0, 0x82, 0x4, 0x10, 0xb7, 0xf5, 0x50,
    0x2a, 0x81, 0x44, 0x2, 0x20, 0x11, 0x0, 0x88,
    0x4, 0x7c, 0x20, 0x0,

    /* U+5FE0 "忠" */
    0x4, 0x0, 0x40, 0x7f, 0xc4, 0x44, 0x44, 0x47,
    0xfc, 0x4, 0x0, 0x0, 0x56, 0x4d, 0x26, 0x90,
    0xa1, 0xf8,

    /* U+5FE7 "忧" */
    0x21, 0x2, 0x16, 0xb1, 0xb, 0xff, 0xa9, 0xa,
    0x18, 0xa2, 0x82, 0x28, 0x26, 0x82, 0x48, 0x28,
    0x93, 0x8f,

    /* U+5FEB "快" */
    0x21, 0x2, 0x10, 0x27, 0xea, 0x92, 0xa9, 0x2a,
    0x12, 0xaf, 0xf2, 0x18, 0x22, 0x82, 0x24, 0x24,
    0x72, 0x83,

    /* U+5FF1 "忱" */
    0x20, 0x81, 0x4, 0x2d, 0xfd, 0x59, 0x2a, 0x49,
    0x50, 0x80, 0x85, 0x4, 0x30, 0x22, 0x81, 0x14,
    0x9, 0x26, 0x70, 0xe0,

    /* U+5FF5 "念" */
    0x3, 0x0, 0x28, 0x2, 0x30, 0x64, 0xee, 0x21,
    0x8f, 0xe0, 0x2, 0x0, 0x50, 0x2b, 0x32, 0x40,
    0x92, 0x14, 0x1f, 0x0,

    /* U+5FFD "忽" */
    0x18, 0x1, 0x0, 0x3f, 0xe6, 0xda, 0xc9, 0x21,
    0x32, 0x66, 0x20, 0xcc, 0x4, 0x5, 0x26, 0xd0,
    0xb9, 0xfd, 0x0, 0x0,

    /* U+5FFF "忿" */
    0xc, 0x80, 0xc2, 0xc, 0x8, 0xff, 0xb0, 0x44,
    0x6, 0x20, 0x67, 0x4, 0x40, 0x2b, 0x22, 0x48,
    0x92, 0x16, 0x9f, 0x80,

    /* U+6000 "怀" */
    0x20, 0x2, 0xff, 0x21, 0x8b, 0x10, 0xbb, 0xa,
    0x34, 0x25, 0x62, 0xd3, 0x39, 0x12, 0x10, 0x21,
    0x2, 0x10,

    /* U+6001 "态" */
    0x6, 0x0, 0x20, 0x1f, 0xfc, 0x12, 0x0, 0x98,
    0x1a, 0x63, 0x99, 0xc8, 0x0, 0x3a, 0x63, 0x91,
    0x94, 0x34, 0xbf, 0x0, 0x0, 0x0,

    /* U+600E "怎" */
    0x0, 0x1, 0x0, 0x3f, 0xe7, 0x0, 0xdf, 0xc1,
    0x0, 0x1f, 0xc1, 0x0, 0x54, 0x45, 0x26, 0xd0,
    0xb9, 0xf0,

    /* U+6012 "怒" */
    0x10, 0x0, 0x8f, 0xbf, 0x4, 0x4b, 0x42, 0x4a,
    0xe, 0x20, 0xd6, 0xe8, 0x0, 0xa, 0x21, 0x40,
    0x92, 0x36, 0x1f, 0x0,

    /* U+6014 "怔" */
    0x60, 0x3, 0x7f, 0x98, 0x21, 0xe1, 0xe, 0x48,
    0x72, 0x79, 0x92, 0xc, 0x90, 0x64, 0x83, 0x24,
    0x1f, 0xfe, 0xc0, 0x0,

    /* U+6015 "怕" */
    0x21, 0x82, 0x10, 0x27, 0xfb, 0x41, 0xbc, 0x1a,
    0x41, 0xa7, 0xf2, 0x41, 0x24, 0x12, 0x41, 0x27,
    0xf2, 0x41,

    /* U+6016 "怖" */
    0x21, 0x2, 0x10, 0x2f, 0xfb, 0x28, 0xac, 0x8a,
    0x7f, 0x2c, 0x93, 0x49, 0x24, 0x92, 0x4f, 0x20,
    0x82, 0x8,

    /* U+601C "怜" */
    0x21, 0x81, 0xc, 0x3e, 0x91, 0xdc, 0x4a, 0xd9,
    0xd4, 0x0, 0xbf, 0xc4, 0xc, 0x22, 0x41, 0x1c,
    0x8, 0x20, 0x40, 0x80,

    /* U+601D "思" */
    0x7f, 0xc4, 0x44, 0x44, 0x47, 0xfc, 0x44, 0x44,
    0x44, 0x7f, 0xc0, 0x40, 0xd6, 0x69, 0x2, 0x90,
    0xa1, 0xf8,

    /* U+6020 "怠" */
    0x6, 0x0, 0x66, 0xc, 0x18, 0xff, 0xe0, 0x1,
    0x1f, 0xf0, 0x80, 0x87, 0xfc, 0x0, 0x2, 0xd8,
    0x96, 0x16, 0x1f, 0x80,

    /* U+6025 "急" */
    0xc, 0x0, 0xfe, 0xc, 0x21, 0xbf, 0xc0, 0x2,
    0x1f, 0xf0, 0x0, 0x87, 0xfc, 0xa, 0x23, 0x49,
    0x92, 0x16, 0x9f, 0x80,

    /* U+6027 "性" */
    0x20, 0x82, 0x28, 0x24, 0x8b, 0x7f, 0xac, 0x8a,
    0xc8, 0xa0, 0x82, 0x7f, 0x20, 0x82, 0x8, 0x20,
    0x82, 0xff,

    /* U+6028 "怨" */
    0x0, 0x1, 0x0, 0x3d, 0xe2, 0x52, 0x55, 0x25,
    0x96, 0x19, 0x17, 0x1f, 0x42, 0x2, 0xb2, 0x68,
    0x34, 0x85, 0x4f, 0x80,

    /* U+602A "怪" */
    0x20, 0x1, 0x3f, 0x8a, 0x89, 0x53, 0x8a, 0x37,
    0xd6, 0x4c, 0x82, 0x4, 0xfe, 0x20, 0x81, 0x4,
    0xb, 0xfe, 0x40, 0x0,

    /* U+602F "怯" */
    0x20, 0x81, 0x4, 0xb, 0xfd, 0x51, 0xa, 0xc8,
    0x50, 0x42, 0x9f, 0xe4, 0x30, 0x21, 0x1, 0x11,
    0x9, 0x8c, 0x4f, 0xb0,

    /* U+603B "总" */
    0x0, 0x1, 0x88, 0x9, 0x3, 0xfc, 0x20, 0x42,
    0x4, 0x3f, 0xc0, 0x0, 0x52, 0x65, 0x2b, 0xd0,
    0x81, 0xf8,

    /* U+6043 "恃" */
    0x10, 0x80, 0x84, 0x5, 0xfc, 0xb1, 0x5, 0x7f,
    0xa8, 0x10, 0x40, 0x82, 0xff, 0x12, 0x20, 0x99,
    0x4, 0x8, 0x20, 0xc0,

    /* U+604B "恋" */
    0x2, 0x0, 0x18, 0x1f, 0xfe, 0x9, 0x1, 0x4a,
    0x12, 0x49, 0x92, 0x20, 0x90, 0xb, 0x1, 0x48,
    0x9a, 0x56, 0x90, 0xd0, 0xfc, 0x0,

    /* U+604D "恍" */
    0x21, 0x81, 0x6c, 0x8d, 0x6d, 0x6f, 0x4a, 0x18,
    0x57, 0xfc, 0x89, 0x4, 0x48, 0x22, 0x41, 0x22,
    0x9, 0x16, 0x70, 0xe0,

    /* U+6050 "恐" */
    0x3, 0xcf, 0xa4, 0x22, 0x42, 0x34, 0x2b, 0x4f,
    0x45, 0xc, 0x70, 0x20, 0x5b, 0x65, 0xa, 0xd0,
    0xb1, 0xf8,

    /* U+6052 "恒" */
    0x20, 0x1, 0x3f, 0xc8, 0x0, 0xef, 0xe6, 0xc1,
    0x32, 0xa, 0x9f, 0xc4, 0x82, 0x27, 0xf1, 0x30,
    0x88, 0x0, 0x5f, 0xf0,

    /* U+6055 "恕" */
    0x30, 0x2, 0x0, 0xfd, 0xe4, 0x52, 0x49, 0x23,
    0x92, 0x7d, 0xec, 0x0, 0x52, 0x45, 0x22, 0x90,
    0x91, 0xf8,

    /* U+6062 "恢" */
    0x22, 0x1, 0x10, 0xb, 0xfd, 0x6c, 0xb, 0x48,
    0x53, 0x58, 0xaa, 0x85, 0x5c, 0x31, 0xc1, 0xa,
    0x9, 0x8c, 0x58, 0x20,

    /* U+6064 "恤" */
    0x21, 0x80, 0x84, 0x2, 0x7f, 0x9b, 0x52, 0x6d,
    0x49, 0x95, 0x26, 0x54, 0x89, 0x52, 0x25, 0x48,
    0x95, 0x22, 0x54, 0x8b, 0xff,

    /* U+6068 "恨" */
    0x27, 0xe2, 0x42, 0x24, 0x2b, 0x7e, 0xac, 0x2a,
    0x7e, 0x25, 0xa2, 0x4a, 0x24, 0xc2, 0x54, 0x27,
    0x72, 0x40,

    /* U+6069 "恩" */
    0x3f, 0xe1, 0x1, 0x8, 0xc8, 0x5f, 0xc2, 0x32,
    0x16, 0x70, 0xff, 0x80, 0x40, 0x69, 0x22, 0x48,
    0x92, 0x14, 0x1f, 0x0,

    /* U+606C "恬" */
    0x20, 0x31, 0x3f, 0x88, 0x21, 0xd1, 0xa, 0xff,
    0xd0, 0x42, 0x82, 0x4, 0xfe, 0x24, 0x11, 0x20,
    0x89, 0xfc, 0x48, 0x60,

    /* U+606D "恭" */
    0x8, 0x83, 0xff, 0x82, 0x20, 0x11, 0xf, 0xff,
    0x84, 0x40, 0x49, 0x8c, 0x47, 0xdb, 0xa0, 0x95,
    0x88, 0x94, 0xc, 0x0,

    /* U+606F "息" */
    0x8, 0x3, 0xfc, 0x20, 0x43, 0xfc, 0x20, 0x43,
    0xfc, 0x20, 0x43, 0xfc, 0x12, 0x5, 0x26, 0x50,
    0xbd, 0xf8,

    /* U+6070 "恰" */
    0x21, 0x81, 0xc, 0x8, 0x91, 0x74, 0xca, 0x43,
    0x5d, 0xea, 0x80, 0x4, 0xfc, 0x24, 0x21, 0x21,
    0x9, 0xf8, 0x48, 0x40,

    /* U+6073 "恳" */
    0x3f, 0xc2, 0x4, 0x3f, 0xc2, 0x4, 0x3f, 0xc2,
    0x26, 0x29, 0x83, 0x27, 0x4a, 0x44, 0xa2, 0x48,
    0x94, 0xf8,

    /* U+6076 "恶" */
    0xff, 0xf0, 0x90, 0x49, 0x22, 0x94, 0x29, 0x40,
    0x90, 0xff, 0xf0, 0x60, 0x52, 0x6d, 0x23, 0x90,
    0x91, 0xf8,

    /* U+607C "恼" */
    0x20, 0x81, 0x2, 0x9, 0xff, 0x70, 0x8a, 0x94,
    0x52, 0x68, 0x92, 0x44, 0x9a, 0x25, 0x71, 0x20,
    0x89, 0xfc, 0x40, 0x20,

    /* U+6084 "悄" */
    0x21, 0x2, 0xd2, 0x27, 0x4b, 0x10, 0xbf, 0xea,
    0x42, 0x27, 0xe2, 0x42, 0x27, 0xe2, 0x42, 0x24,
    0x26, 0x46,

    /* U+6089 "悉" */
    0x0, 0x63, 0xff, 0x4, 0x90, 0x35, 0x87, 0xff,
    0x85, 0xc0, 0x4b, 0x9c, 0x46, 0xa, 0x21, 0x49,
    0x92, 0x16, 0x9f, 0x80,

    /* U+608D "悍" */
    0x0, 0x1, 0x3f, 0x9, 0x9, 0x6f, 0xcb, 0x42,
    0x53, 0xf2, 0x80, 0x5, 0xfe, 0x20, 0x81, 0x4,
    0xb, 0xfe, 0x41, 0x2, 0x8, 0x0,

    /* U+6094 "悔" */
    0x22, 0x1, 0x3f, 0xeb, 0x1, 0x7f, 0xeb, 0x49,
    0x52, 0x48, 0xff, 0xe4, 0x92, 0x24, 0x91, 0x20,
    0x89, 0xfe, 0x40, 0xe0,

    /* U+609F "悟" */
    0x27, 0xf1, 0x8, 0x8, 0x41, 0xff, 0xca, 0x92,
    0x50, 0x92, 0xbf, 0xe4, 0x0, 0x27, 0xe1, 0x31,
    0x9, 0xf8, 0x4c, 0x40,

    /* U+60A0 "悠" */
    0x11, 0x82, 0x10, 0x2b, 0xf6, 0xf4, 0xa9, 0x42,
    0x88, 0x23, 0x72, 0x63, 0x2, 0x6, 0xa2, 0x48,
    0xf4, 0xf8,

    /* U+60A3 "患" */
    0x4, 0x7, 0xfc, 0x44, 0x47, 0xfc, 0x4, 0x7,
    0xfc, 0x44, 0x47, 0xfc, 0x0, 0xd, 0x66, 0x91,
    0xa1, 0xf0,

    /* U+60A6 "悦" */
    0x66, 0x66, 0x24, 0x62, 0x8f, 0x7e, 0xf4, 0x2e,
    0x42, 0xe7, 0xe6, 0x28, 0x62, 0x86, 0x28, 0x64,
    0x97, 0x8f,

    /* U+60A8 "您" */
    0x11, 0x1, 0x10, 0x19, 0xfc, 0xd9, 0x2a, 0xa,
    0x13, 0x58, 0xb2, 0x44, 0x30, 0xb, 0x23, 0x48,
    0x92, 0x1e, 0x1f, 0x80,

    /* U+60AC "悬" */
    0x3f, 0xc2, 0x4, 0x3f, 0xc2, 0x4, 0x3f, 0xc2,
    0x4, 0xdf, 0xb7, 0xfe, 0x0, 0x5, 0x26, 0xd0,
    0xb1, 0xf8,

    /* U+60AF "悯" */
    0x24, 0x2, 0x6f, 0x20, 0x1b, 0x89, 0xbb, 0xfa,
    0x85, 0x29, 0x92, 0x89, 0x29, 0xd2, 0xf5, 0x28,
    0x12, 0x83,

    /* U+60B2 "悲" */
    0x9, 0x7, 0xcf, 0x82, 0x40, 0xf3, 0xc0, 0x90,
    0x4, 0x83, 0xe7, 0xc1, 0x20, 0x12, 0x26, 0x98,
    0xa4, 0x14, 0x3f, 0x80,

    /* U+60B4 "悴" */
    0x21, 0x82, 0x0, 0x2f, 0xfb, 0x24, 0xb6, 0x4a,
    0x7a, 0x28, 0x92, 0x10, 0x3f, 0xf2, 0x10, 0x21,
    0x2, 0x10,

    /* U+60BC "悼" */
    0x21, 0x81, 0xf, 0xc8, 0x41, 0xdf, 0xca, 0xc2,
    0x53, 0xf0, 0x90, 0x84, 0xfc, 0x20, 0x81, 0x7f,
    0xc8, 0x20, 0x41, 0x0,

    /* U+60C5 "情" */
    0x20, 0x81, 0x3f, 0xc8, 0x21, 0xff, 0xee, 0x8,
    0x53, 0xbc, 0x9f, 0xc4, 0x82, 0x27, 0xf1, 0x3f,
    0x89, 0x4, 0x48, 0x60,

    /* U+60CA "惊" */
    0x20, 0xc1, 0x2, 0x9, 0xfe, 0xd0, 0x6, 0xbf,
    0x31, 0x8, 0x88, 0x44, 0x7e, 0x22, 0x81, 0x34,
    0x8b, 0x26, 0x43, 0x0,

    /* U+60CB "惋" */
    0x21, 0x1, 0x7f, 0xae, 0x5, 0x68, 0xb, 0x4f,
    0x57, 0x48, 0xaa, 0x46, 0xd2, 0x22, 0xa1, 0x34,
    0xb, 0x22, 0x71, 0xe0,

    /* U+60D1 "惑" */
    0x2, 0x4f, 0xff, 0x3, 0x7, 0xd6, 0x45, 0x47,
    0xdc, 0x4, 0x9f, 0xb7, 0x6, 0x5, 0xa6, 0x58,
    0xb8, 0xf8,

    /* U+60D5 "惕" */
    0x67, 0xe6, 0x42, 0xf7, 0xef, 0x42, 0xe7, 0xee,
    0x60, 0x67, 0xf7, 0xbf, 0x66, 0xb7, 0xd2, 0x63,
    0x26, 0xcc,

    /* U+60DC "惜" */
    0x22, 0x42, 0x24, 0x2f, 0xfb, 0x24, 0xa2, 0x4a,
    0xdb, 0x27, 0xe2, 0x42, 0x27, 0xe2, 0x42, 0x27,
    0xe2, 0x42,

    /* U+60E0 "惠" */
    0x2, 0x3, 0xff, 0x8f, 0xf8, 0x44, 0x43, 0xfe,
    0x11, 0x10, 0xff, 0x80, 0x4c, 0x7f, 0xf3, 0xd9,
    0x16, 0x14, 0x9f, 0x0,

    /* U+60E6 "惦" */
    0x60, 0x86, 0x7f, 0xf4, 0x8f, 0xc8, 0xe4, 0xfe,
    0x48, 0x64, 0x86, 0x7e, 0x6e, 0x26, 0xa2, 0x7b,
    0xe6, 0x22,

    /* U+60E7 "惧" */
    0x27, 0xe2, 0x42, 0xb7, 0xeb, 0xc2, 0xa7, 0xea,
    0x42, 0x27, 0xe2, 0x42, 0x3f, 0xf2, 0x24, 0x26,
    0x23, 0x81,

    /* U+60E8 "惨" */
    0x21, 0x1, 0x12, 0x9, 0xf9, 0x62, 0xa, 0xff,
    0x51, 0x60, 0xb6, 0xe5, 0x6a, 0x24, 0x81, 0x1b,
    0x89, 0x70, 0x4c, 0x0,

    /* U+60E9 "惩" */
    0x0, 0x1, 0x7f, 0xb4, 0x20, 0x49, 0xe6, 0x48,
    0x52, 0x40, 0xff, 0xc4, 0x0, 0x1a, 0x22, 0x89,
    0x94, 0x14, 0x3f, 0x80,

    /* U+60EB "惫" */
    0xc, 0x1, 0xfc, 0x6c, 0x80, 0x78, 0xf8, 0xf3,
    0xfc, 0x22, 0x43, 0xfc, 0x3f, 0xc5, 0xa4, 0x5a,
    0xad, 0xf8,

    /* U+60ED "惭" */
    0x64, 0x12, 0x23, 0xd7, 0xd1, 0x50, 0x8c, 0xe7,
    0xef, 0x2b, 0x7d, 0x48, 0xca, 0x47, 0xd2, 0xf4,
    0x91, 0xa4, 0x8f, 0x20,

    /* U+60EF "惯" */
    0x27, 0xe1, 0x29, 0x2f, 0xff, 0x6a, 0x4a, 0x7e,
    0x50, 0x0, 0x9f, 0x84, 0x84, 0x24, 0xa1, 0x2d,
    0x8, 0xf8, 0x58, 0x60,

    /* U+60F0 "惰" */
    0x20, 0x81, 0x28, 0x48, 0xfd, 0x57, 0xea, 0xe4,
    0x56, 0xdc, 0x8f, 0xc4, 0x42, 0x23, 0xf1, 0x1f,
    0x88, 0x84, 0x44, 0x60,

    /* U+60F3 "想" */
    0x10, 0x0, 0x9f, 0x9f, 0x84, 0x67, 0xe3, 0xa1,
    0x2f, 0xfb, 0x48, 0x42, 0x7e, 0x4a, 0x23, 0x59,
    0x92, 0x36, 0x9f, 0x80,

    /* U+60F6 "惶" */
    0x20, 0x81, 0x3f, 0x89, 0x5, 0x5f, 0xea, 0xc1,
    0x53, 0xfa, 0x80, 0x4, 0xff, 0x20, 0x81, 0x3f,
    0x88, 0x20, 0x5f, 0xf0,

    /* U+60F9 "惹" */
    0x19, 0x8f, 0xff, 0x15, 0x8f, 0xff, 0x8, 0x3,
    0xfc, 0x70, 0x4d, 0x4, 0x1f, 0xc3, 0xa2, 0x50,
    0x74, 0xf8,

    /* U+6101 "愁" */
    0x8, 0x87, 0xaa, 0x12, 0xaf, 0xaa, 0x30, 0x83,
    0xd4, 0xd3, 0x61, 0x63, 0x46, 0x45, 0x22, 0x50,
    0xbd, 0xf8,

    /* U+6108 "愈" */
    0x2, 0x0, 0x6c, 0x7, 0xf8, 0xc0, 0x33, 0xe9,
    0x1f, 0x48, 0x8a, 0x47, 0xd2, 0x26, 0x30, 0x58,
    0x8a, 0x14, 0x9f, 0x90,

    /* U+6109 "愉" */
    0x0, 0x3, 0x8, 0x10, 0xa0, 0xac, 0x8d, 0xff,
    0xec, 0xb, 0x3d, 0x49, 0x2a, 0x4f, 0x52, 0x4a,
    0x93, 0xd4, 0xd2, 0x26, 0xb3, 0x0,

    /* U+610F "意" */
    0x6, 0x7, 0xfe, 0x19, 0x8f, 0xff, 0x0, 0x3,
    0xfc, 0x20, 0x43, 0xfc, 0x3f, 0xc7, 0x62, 0x50,
    0xb9, 0xf8,

    /* U+6115 "愕" */
    0x20, 0x1, 0x3b, 0x89, 0x55, 0xee, 0xeb, 0x80,
    0x53, 0xfa, 0x80, 0x5, 0xff, 0x22, 0x1, 0x1f,
    0x88, 0x8, 0x40, 0x42, 0xc, 0x0,

    /* U+611A "愚" */
    0x7f, 0x88, 0x91, 0xfe, 0x22, 0x43, 0xf1, 0xff,
    0xa1, 0x55, 0xfa, 0x84, 0xdc, 0xca, 0x85, 0xdf,
    0x80,

    /* U+611F "感" */
    0x1, 0x63, 0xff, 0x90, 0x60, 0xbd, 0x44, 0xa,
    0x2f, 0x61, 0x49, 0xb, 0xdf, 0x81, 0x33, 0x51,
    0x1a, 0x15, 0x9f, 0x20,

    /* U+6124 "愤" */
    0x21, 0x2, 0xff, 0x31, 0xb, 0x44, 0xbf, 0xfa,
    0x4, 0x27, 0xe2, 0x42, 0x25, 0x22, 0x52, 0x22,
    0xc3, 0xc6, 0x0, 0x20,

    /* U+6127 "愧" */
    0x21, 0x1, 0x3f, 0x89, 0x25, 0x69, 0x2a, 0xff,
    0x52, 0x4a, 0x9f, 0xc4, 0x36, 0x21, 0xf1, 0x17,
    0xcb, 0x22, 0x51, 0xf0,

    /* U+613F "愿" */
    0x3f, 0xf9, 0xc, 0xb, 0xfc, 0x50, 0x22, 0xff,
    0x17, 0xf8, 0x92, 0x5, 0x96, 0x71, 0x2, 0xe4,
    0xb5, 0xa, 0xf, 0xd0,

    /* U+6148 "慈" */
    0x10, 0x80, 0x90, 0xff, 0xf1, 0x8, 0x2d, 0x27,
    0xbc, 0x28, 0xa7, 0xfe, 0x0, 0x5, 0x26, 0xd0,
    0xb1, 0xf8,

    /* U+614C "慌" */
    0x22, 0x41, 0x7f, 0xec, 0x91, 0x62, 0xa, 0xff,
    0x52, 0x0, 0x9f, 0xc4, 0x0, 0x25, 0x41, 0x2a,
    0x9, 0x52, 0x52, 0xe0,

    /* U+614E "慎" */
    0x20, 0x81, 0x3f, 0xc8, 0x21, 0x7f, 0xeb, 0xc1,
    0x53, 0xfa, 0x9f, 0xc4, 0x82, 0x27, 0xf1, 0x7f,
    0x88, 0x88, 0x58, 0x30,

    /* U+6155 "慕" */
    0x9, 0x7, 0xff, 0x82, 0x40, 0x6d, 0x83, 0xfc,
    0x10, 0x20, 0x7e, 0x1f, 0xfe, 0x34, 0xc6, 0xa5,
    0x89, 0x50, 0x9a, 0x0,

    /* U+6162 "慢" */
    0x27, 0xf1, 0x20, 0x89, 0xfd, 0xef, 0xea, 0xff,
    0xd4, 0xa4, 0xbf, 0xe4, 0x0, 0x27, 0xf1, 0x13,
    0x8, 0x60, 0x5c, 0xf0,

    /* U+6167 "慧" */
    0x10, 0x87, 0xff, 0x7f, 0xe1, 0x28, 0x79, 0xe7,
    0xfe, 0x0, 0x63, 0xfe, 0x7f, 0xe0, 0x40, 0x52,
    0xe9, 0xf9,

    /* U+6168 "慨" */
    0x20, 0x1, 0x77, 0x8a, 0x89, 0x7d, 0x4a, 0xaa,
    0x57, 0x78, 0xa1, 0x5, 0x4c, 0x2b, 0x61, 0x65,
    0xa, 0x6a, 0x46, 0x60, 0x0, 0x0,

    /* U+6170 "慰" */
    0x0, 0x10, 0xfc, 0x42, 0x11, 0xf, 0xdf, 0x20,
    0x10, 0xbd, 0x47, 0xf5, 0x11, 0x44, 0x55, 0xb0,
    0x4, 0x3, 0x51, 0x9, 0x1a, 0x47, 0xc0,

    /* U+6177 "慷" */
    0x20, 0x81, 0x3f, 0xc9, 0x21, 0xef, 0xea, 0xc9,
    0x53, 0xfc, 0x9f, 0xc4, 0xd2, 0x26, 0xf1, 0x5d,
    0xa, 0xa6, 0x43, 0x0,

    /* U+618B "憋" */
    0x10, 0xc6, 0xb4, 0x14, 0x3d, 0xfa, 0x49, 0x7a,
    0x5e, 0x53, 0x71, 0x12, 0xbc, 0x7, 0x12, 0xf3,
    0x34, 0x2d, 0x3f, 0x0,

    /* U+618E "憎" */
    0x26, 0x62, 0x24, 0x2f, 0xfb, 0xab, 0xba, 0xda,
    0xff, 0x20, 0x2, 0x7e, 0x24, 0x22, 0x7e, 0x27,
    0xe2, 0xc2,

    /* U+6194 "憔" */
    0x26, 0x82, 0x48, 0x27, 0xfb, 0x48, 0xaf, 0xfb,
    0xc8, 0x27, 0xf2, 0x48, 0x27, 0xf2, 0x40, 0x2a,
    0xa2, 0xad,

    /* U+61A8 "憨" */
    0x0, 0x7, 0x98, 0x11, 0xf, 0xdf, 0x4b, 0x27,
    0xb4, 0x78, 0xcf, 0xde, 0x8b, 0x35, 0x40, 0x54,
    0x69, 0xb, 0x1f, 0x80,

    /* U+61BE "憾" */
    0x60, 0x52, 0x2, 0x93, 0xff, 0xb0, 0x8d, 0xfd,
    0x67, 0xd9, 0x32, 0xaa, 0xfb, 0x40, 0x92, 0x76,
    0xd3, 0x8a, 0x87, 0xc0,

    /* U+61C2 "懂" */
    0x42, 0x85, 0xff, 0x42, 0xad, 0x54, 0xcf, 0xfc,
    0x10, 0x4f, 0xe4, 0xfe, 0x49, 0x24, 0x7c, 0x4f,
    0xf5, 0xff,

    /* U+61C8 "懈" */
    0x24, 0x0, 0x9d, 0xe3, 0x92, 0x9b, 0xfe, 0x6a,
    0xd9, 0xab, 0x4a, 0xfd, 0xa, 0xbc, 0x2f, 0xfc,
    0xaa, 0x43, 0x29, 0x8, 0x64,

    /* U+61CA "懊" */
    0x21, 0x1, 0x7f, 0xae, 0xdd, 0x77, 0x6b, 0xbf,
    0x55, 0x98, 0xad, 0xc5, 0x6, 0x21, 0x1, 0xff,
    0xc8, 0xb0, 0x78, 0x60,

    /* U+61D2 "懒" */
    0x44, 0x42, 0x27, 0x97, 0xa9, 0x8a, 0x8d, 0xeb,
    0x6b, 0x69, 0x7b, 0x49, 0x9a, 0x4e, 0xd2, 0xa2,
    0x15, 0x2c, 0x8a, 0x20,

    /* U+61E6 "懦" */
    0x4f, 0xf2, 0xc, 0x13, 0xff, 0xd3, 0x1d, 0x7e,
    0xe3, 0xf3, 0x3f, 0xe8, 0x20, 0x4f, 0xf2, 0x54,
    0x92, 0xa4, 0x95, 0xe0,

    /* U+6208 "戈" */
    0x8, 0x0, 0x98, 0x8, 0x80, 0xbf, 0xfc, 0x8,
    0x4c, 0x4, 0x80, 0x50, 0x2, 0x0, 0xd0, 0x79,
    0x94, 0x7,

    /* U+620F "戏" */
    0x1, 0x0, 0xb, 0x3e, 0x48, 0x12, 0x4, 0x9f,
    0xb7, 0x90, 0xe4, 0x82, 0x1c, 0x38, 0xc1, 0x66,
    0x10, 0xd0, 0x8c, 0x70, 0x1, 0x0,

    /* U+6210 "成" */
    0x1, 0x60, 0x9, 0xf, 0xfc, 0x42, 0x2, 0x12,
    0x1e, 0x90, 0x95, 0x84, 0x98, 0x24, 0xc3, 0x6e,
    0x10, 0xde, 0x88, 0x60,

    /* U+6211 "我" */
    0x1, 0x3, 0xeb, 0x14, 0x48, 0x22, 0xf, 0xff,
    0x8, 0x80, 0x54, 0x8f, 0xa8, 0xd0, 0xc0, 0x8c,
    0x7, 0x96, 0x60, 0x60,

    /* U+6212 "戒" */
    0x1, 0x40, 0x12, 0xff, 0xf0, 0x10, 0x29, 0x22,
    0x92, 0xff, 0x62, 0x9c, 0x28, 0xc2, 0x8c, 0x4b,
    0x7c, 0x63,

    /* U+6216 "或" */
    0x1, 0x0, 0x9, 0x0, 0x41, 0xff, 0xe0, 0x10,
    0x3c, 0x91, 0x24, 0x89, 0x2c, 0x78, 0xc0, 0x6,
    0x7, 0x31, 0x86, 0xf0, 0x61, 0x0,

    /* U+6218 "战" */
    0x22, 0x2, 0x2c, 0x3e, 0x2, 0x3f, 0x27, 0x2,
    0x26, 0xfa, 0x48, 0x9c, 0x89, 0x8f, 0xb8, 0x8e,
    0xd0, 0x47, 0x0, 0x0,

    /* U+621A "戚" */
    0x0, 0xa0, 0x5, 0xf, 0xfe, 0x49, 0x2, 0x7b,
    0x12, 0x50, 0xfe, 0x84, 0x8c, 0x2d, 0x42, 0xa3,
    0x13, 0x2a, 0x82, 0x30,

    /* U+622A "截" */
    0x8, 0xa3, 0xfd, 0x82, 0x20, 0xff, 0xf3, 0xc8,
    0x14, 0xd9, 0xda, 0x97, 0xf4, 0x24, 0x61, 0xf2,
    0xf, 0xea, 0x42, 0x60,

    /* U+6233 "戳" */
    0x7f, 0x70, 0x35, 0x42, 0xf4, 0xe, 0xde, 0x45,
    0xc0, 0x91, 0x67, 0xe5, 0x1f, 0xd8, 0x24, 0x60,
    0xfb, 0xa3, 0xf9, 0x88, 0x2,

    /* U+6234 "戴" */
    0x10, 0x8f, 0xea, 0xff, 0xf0, 0x8, 0x7e, 0xa7,
    0xea, 0x52, 0xa2, 0xcc, 0xfe, 0xc2, 0x84, 0xff,
    0xd2, 0xdb, 0xc1, 0x10,

    /* U+6237 "户" */
    0x0, 0x0, 0x40, 0x8, 0x1f, 0xf2, 0x2, 0x40,
    0x48, 0x9, 0xff, 0x20, 0x24, 0x1, 0x80, 0x20,
    0xc, 0x0, 0x0, 0x0,

    /* U+623F "房" */
    0x3, 0x0, 0x8, 0xf, 0xfc, 0x40, 0x23, 0xff,
    0x10, 0x80, 0x86, 0x7, 0xff, 0x22, 0x1, 0x1f,
    0x99, 0x84, 0x88, 0x45, 0x86, 0x0, 0x0,

    /* U+6240 "所" */
    0x4, 0x11, 0xcf, 0x8, 0x40, 0x7a, 0x2, 0x5f,
    0x92, 0x90, 0x94, 0x87, 0xa4, 0x23, 0x22, 0x11,
    0x11, 0x89, 0x88, 0x40,

    /* U+6241 "扁" */
    0x1, 0x1, 0xff, 0x88, 0x4, 0x40, 0x23, 0xff,
    0x10, 0x0, 0xff, 0xc6, 0x52, 0x5f, 0xf2, 0x94,
    0xa4, 0xa4, 0x20, 0x60,

    /* U+6247 "扇" */
    0x1, 0x3, 0xff, 0x20, 0x13, 0xff, 0x20, 0x2,
    0xff, 0x21, 0x12, 0x55, 0x43, 0x34, 0xd5, 0xd1,
    0x90, 0x33,

    /* U+624B "手" */
    0x0, 0x67, 0xfe, 0x2, 0x0, 0x20, 0x3f, 0xe0,
    0x20, 0x2, 0xf, 0xff, 0x2, 0x0, 0x20, 0x2,
    0x0, 0xe0,

    /* U+624D "才" */
    0x0, 0x80, 0x4, 0x0, 0x20, 0xff, 0xf0, 0x18,
    0x1, 0x40, 0x1a, 0x1, 0x90, 0x18, 0x83, 0x4,
    0x10, 0x20, 0x7, 0x0,

    /* U+624E "扎" */
    0x10, 0x80, 0x84, 0x4, 0x21, 0xf9, 0x1, 0x8,
    0x8, 0x40, 0x72, 0x1e, 0x10, 0x10, 0x80, 0x84,
    0x4, 0x26, 0x61, 0xe0,

    /* U+6251 "扑" */
    0x21, 0x2, 0x10, 0x21, 0xf, 0x94, 0x21, 0x42,
    0x92, 0x39, 0x2e, 0x11, 0x21, 0x2, 0x10, 0x21,
    0x6, 0x10,

    /* U+6252 "扒" */
    0x23, 0x41, 0x12, 0x8, 0x91, 0xf4, 0x82, 0x24,
    0x15, 0x20, 0xe9, 0x1c, 0x88, 0x24, 0x61, 0x61,
    0xa, 0xc, 0xd0, 0x20,

    /* U+6253 "打" */
    0x20, 0x2, 0x7f, 0x27, 0xff, 0x84, 0x20, 0x42,
    0x4, 0x38, 0x4e, 0x4, 0xa0, 0x42, 0x4, 0x20,
    0x46, 0x1c, 0x0, 0x80,

    /* U+6254 "扔" */
    0x20, 0x2, 0x7f, 0x21, 0x2f, 0x92, 0x21, 0x22,
    0x93, 0x39, 0x1e, 0x21, 0x22, 0x12, 0x61, 0x2c,
    0x36, 0x86,

    /* U+6258 "托" */
    0x20, 0x22, 0x7e, 0x25, 0xf, 0x90, 0x21, 0x2,
    0x91, 0x37, 0xfe, 0xd0, 0xa1, 0x2, 0x10, 0x21,
    0x1e, 0x1f, 0x0, 0x0,

    /* U+625B "扛" */
    0x20, 0x1, 0x20, 0x89, 0xfd, 0xf1, 0x2, 0x8,
    0x10, 0x40, 0xe2, 0x1c, 0x10, 0x20, 0x81, 0x4,
    0xb, 0xfe, 0x80, 0x0,

    /* U+6263 "扣" */
    0x20, 0x4, 0x0, 0x8f, 0xfd, 0x12, 0x22, 0x44,
    0x4e, 0x8f, 0x11, 0x22, 0x24, 0x7c, 0x88, 0xf1,
    0x0,

    /* U+6267 "执" */
    0x21, 0x1, 0x8, 0x8, 0x49, 0xff, 0xc2, 0x12,
    0x1c, 0x91, 0xdd, 0x9c, 0x28, 0x22, 0xc1, 0x32,
    0xb, 0x16, 0xd0, 0xe0,

    /* U+6269 "扩" */
    0x21, 0x82, 0x8, 0x27, 0xff, 0xc0, 0x24, 0x2,
    0x40, 0x3c, 0xe, 0x40, 0xa4, 0x2, 0x40, 0x2c,
    0xe, 0x80, 0x0, 0x0,

    /* U+626B "扫" */
    0x10, 0x1, 0x21, 0x13, 0xf7, 0xc1, 0x10, 0x11,
    0xff, 0x70, 0x15, 0x1, 0x10, 0x11, 0x1, 0x17,
    0xf7, 0x1,

    /* U+626C "扬" */
    0x20, 0x22, 0x7e, 0x20, 0x4f, 0x98, 0x23, 0x2,
    0x7f, 0x39, 0x5e, 0x29, 0x24, 0xa2, 0xd2, 0x23,
    0x26, 0x66,

    /* U+626D "扭" */
    0x20, 0x1, 0x3f, 0x8, 0x49, 0xf2, 0x42, 0x12,
    0x1b, 0xf3, 0x84, 0x94, 0x24, 0x21, 0x21, 0x9,
    0x8, 0x48, 0xdf, 0xf4, 0x0, 0x0,

    /* U+626E "扮" */
    0x21, 0x41, 0x1a, 0x8, 0x91, 0xf4, 0x42, 0x63,
    0x17, 0xfc, 0xc4, 0x9c, 0x24, 0x21, 0x21, 0x11,
    0x9, 0x88, 0xd9, 0x80,

    /* U+626F "扯" */
    0x20, 0x82, 0x8, 0x20, 0x8f, 0xa8, 0x22, 0xf2,
    0xa8, 0x3a, 0x8e, 0x28, 0x22, 0x82, 0x28, 0x22,
    0x8e, 0xff, 0x40, 0x0,

    /* U+6270 "扰" */
    0x21, 0x2, 0x16, 0x21, 0xf, 0x7f, 0x21, 0x2,
    0x98, 0x3a, 0x8e, 0x28, 0x22, 0x82, 0x48, 0x2c,
    0x97, 0x8f,

    /* U+6273 "扳" */
    0x20, 0x11, 0x1f, 0x88, 0x81, 0xf4, 0x2, 0x3f,
    0x11, 0x18, 0xea, 0x9c, 0x54, 0x22, 0xa1, 0x22,
    0x9, 0x2c, 0xf6, 0x30,

    /* U+6276 "扶" */
    0x21, 0x2, 0x10, 0x21, 0xf, 0xfe, 0x21, 0x2,
    0x10, 0x3f, 0xfe, 0x10, 0x22, 0x82, 0x2c, 0x24,
    0x67, 0x83,

    /* U+6279 "批" */
    0x32, 0x41, 0x12, 0x8, 0x90, 0xf4, 0xb2, 0x3f,
    0x11, 0x30, 0xe9, 0xc, 0x48, 0x22, 0x41, 0x12,
    0x8, 0xd2, 0xcc, 0xf0,

    /* U+627C "扼" */
    0x20, 0x1, 0x3f, 0xab, 0x0, 0xeb, 0xc2, 0x52,
    0x1a, 0x93, 0x94, 0x94, 0xac, 0x25, 0x1, 0x68,
    0x8a, 0x46, 0xf3, 0xe0,

    /* U+627E "找" */
    0x22, 0x42, 0x26, 0x22, 0x6f, 0xa3, 0x2f, 0xf2,
    0x30, 0x3b, 0x6e, 0x14, 0x21, 0x82, 0x38, 0x26,
    0x5e, 0x83, 0x0, 0x0,

    /* U+627F "承" */
    0x3f, 0xe0, 0x3, 0x0, 0x30, 0x0, 0x90, 0x77,
    0xd8, 0x49, 0xc1, 0x7c, 0x4, 0x98, 0x2f, 0xa1,
    0x88, 0x64, 0x20, 0x1, 0x80,

    /* U+6280 "技" */
    0x21, 0x2, 0x10, 0x2f, 0xff, 0x10, 0x21, 0x2,
    0x7e, 0x38, 0x4e, 0x6c, 0x22, 0x82, 0x18, 0x23,
    0x87, 0xc7, 0x0, 0x0,

    /* U+6284 "抄" */
    0x20, 0x81, 0x4, 0x8, 0x29, 0xf5, 0x62, 0x69,
    0x12, 0x49, 0xd2, 0xd4, 0x14, 0x20, 0x61, 0x6,
    0x8, 0xe0, 0xdc, 0x0,

    /* U+628A "把" */
    0x20, 0x1, 0x3f, 0x89, 0x25, 0xf9, 0x22, 0x49,
    0x12, 0x48, 0xff, 0xdc, 0x82, 0x24, 0x1, 0x20,
    0x9, 0x6, 0xcf, 0xe0,

    /* U+6291 "抑" */
    0x20, 0x2, 0x7f, 0x24, 0x9f, 0x49, 0x24, 0x92,
    0x49, 0x34, 0x9e, 0x49, 0xa5, 0x92, 0x79, 0x26,
    0xb2, 0x48, 0x0, 0x80,

    /* U+6292 "抒" */
    0x20, 0x1, 0x3f, 0x88, 0x19, 0xf7, 0x82, 0xc,
    0x13, 0xf8, 0xc2, 0x5c, 0x16, 0x20, 0x81, 0x4,
    0x8, 0x21, 0xc7, 0x0, 0x0, 0x0,

    /* U+6293 "抓" */
    0x20, 0x11, 0x3f, 0xc9, 0x69, 0xfb, 0x42, 0x5a,
    0x16, 0xd1, 0xf6, 0x94, 0xb4, 0x25, 0xa1, 0x6c,
    0x8a, 0x66, 0xb3, 0x10,

    /* U+6295 "投" */
    0x0, 0x2, 0x3c, 0x22, 0x42, 0x24, 0xfa, 0x42,
    0x47, 0x3f, 0xce, 0x24, 0x22, 0x42, 0x18, 0x21,
    0x86, 0xe7, 0x48, 0x0,

    /* U+6296 "抖" */
    0x20, 0x42, 0x24, 0x23, 0x4f, 0x94, 0x20, 0x42,
    0x24, 0x79, 0x4a, 0xf, 0x2f, 0x42, 0x4, 0xe0,
    0x44, 0x4,

    /* U+6297 "抗" */
    0x20, 0x81, 0x4, 0x9, 0xff, 0xec, 0x32, 0x0,
    0x11, 0xf0, 0xe9, 0x9c, 0x4c, 0x22, 0x61, 0x13,
    0x9, 0x9a, 0xf8, 0xf0,

    /* U+6298 "折" */
    0x20, 0x22, 0x3f, 0x22, 0xf, 0xa0, 0x23, 0xf2,
    0xa4, 0xf2, 0x4a, 0x24, 0x26, 0x42, 0x44, 0xac,
    0x44, 0x84,

    /* U+629A "抚" */
    0x20, 0x2, 0xfe, 0x21, 0xf, 0x90, 0x21, 0x2,
    0xff, 0x31, 0x8e, 0x18, 0x22, 0x82, 0x28, 0x24,
    0x97, 0x8f,

    /* U+629B "抛" */
    0x24, 0x41, 0x22, 0x9, 0x11, 0xe9, 0xe2, 0x75,
    0x1a, 0xab, 0x95, 0x44, 0xaa, 0x2d, 0xb1, 0x4c,
    0x8a, 0x46, 0xc3, 0xe0,

    /* U+62A0 "抠" */
    0x20, 0x1, 0x3f, 0xc9, 0x1, 0xf8, 0x42, 0x56,
    0x12, 0x60, 0xf3, 0x1c, 0x98, 0x25, 0xa1, 0x39,
    0x89, 0x0, 0xcf, 0xe0,

    /* U+62A1 "抡" */
    0x21, 0x1, 0xc, 0x8, 0xa1, 0xfc, 0xc2, 0x43,
    0x95, 0x8, 0xc9, 0x9c, 0x70, 0x23, 0x1, 0x10,
    0x8, 0x8c, 0xc7, 0xc0,

    /* U+62A2 "抢" */
    0x21, 0x81, 0xc, 0x8, 0xd1, 0xf4, 0x42, 0x41,
    0x95, 0xf4, 0xc8, 0x9c, 0x44, 0x22, 0xe1, 0x10,
    0x8, 0x84, 0xc7, 0xe0,

    /* U+62A4 "护" */
    0x20, 0x82, 0xc, 0x23, 0xff, 0xa1, 0x22, 0x12,
    0x21, 0x3b, 0xfe, 0x21, 0x22, 0x2, 0x60, 0x24,
    0x6, 0xc0, 0x8, 0x0,

    /* U+62A5 "报" */
    0x27, 0xe2, 0x42, 0x24, 0x2f, 0xc2, 0x24, 0xc2,
    0xfe, 0x75, 0x2a, 0x54, 0x25, 0x42, 0x4c, 0x25,
    0xec, 0x61,

    /* U+62AB "披" */
    0x20, 0x81, 0x4, 0x9, 0xfd, 0xe9, 0x22, 0x48,
    0x1b, 0xf3, 0x90, 0x94, 0xa4, 0x25, 0x41, 0x46,
    0xa, 0x78, 0xdc, 0x60,

    /* U+62AC "抬" */
    0x21, 0x82, 0x10, 0x22, 0x4f, 0xa2, 0x27, 0xf2,
    0x41, 0x30, 0xe, 0x7e, 0x24, 0x22, 0x42, 0x27,
    0xe6, 0x42,

    /* U+62B1 "抱" */
    0x21, 0x1, 0x10, 0x8, 0xfd, 0xfc, 0x22, 0xf9,
    0x11, 0x49, 0xca, 0x5c, 0x72, 0x22, 0x71, 0x10,
    0x8, 0x86, 0xc7, 0xe0,

    /* U+62B5 "抵" */
    0x20, 0x21, 0x3f, 0x9, 0x21, 0xf9, 0x2, 0x48,
    0x17, 0xf8, 0xf2, 0x1c, 0x90, 0x24, 0x41, 0x2a,
    0x9, 0x9e, 0xc9, 0x60, 0x0, 0x0,

    /* U+62B9 "抹" */
    0x20, 0x81, 0x4, 0x8, 0x21, 0xef, 0xe2, 0x8,
    0x1f, 0xfb, 0xc7, 0x14, 0x58, 0x22, 0xa1, 0x64,
    0xca, 0x20, 0x81, 0x0,

    /* U+62BC "押" */
    0x20, 0x2, 0x7f, 0x24, 0x9f, 0xc9, 0x27, 0xf3,
    0x49, 0xe4, 0x9a, 0x7f, 0x24, 0x92, 0x8, 0xe0,
    0x84, 0x8,

    /* U+62BD "抽" */
    0x20, 0x82, 0x8, 0x20, 0x8f, 0xff, 0x24, 0x92,
    0x49, 0x7f, 0xfe, 0x49, 0x24, 0x92, 0x49, 0x27,
    0xf6, 0x41,

    /* U+62C2 "拂" */
    0x21, 0x41, 0xa, 0x9, 0xfd, 0xe2, 0xa2, 0x7f,
    0x1a, 0xa1, 0x95, 0x1c, 0xff, 0x21, 0x51, 0x12,
    0x89, 0x90, 0xc8, 0x80,

    /* U+62C4 "拄" */
    0x20, 0x82, 0x8, 0x27, 0xff, 0x88, 0x20, 0x82,
    0x88, 0x3f, 0xfe, 0x8, 0xa0, 0x82, 0x8, 0x20,
    0x86, 0xff, 0x40, 0x0,

    /* U+62C5 "担" */
    0x23, 0xe2, 0x22, 0x22, 0x2f, 0xa2, 0x23, 0xe2,
    0xa2, 0x7a, 0x2e, 0x22, 0x23, 0xe2, 0x0, 0x20,
    0xe, 0xff, 0x0, 0x0,

    /* U+62C6 "拆" */
    0x20, 0x31, 0x1f, 0x88, 0x81, 0xf4, 0x2, 0x3f,
    0x91, 0x21, 0xc9, 0x14, 0x58, 0x26, 0x71, 0x22,
    0x8b, 0x10, 0x90, 0x80,

    /* U+62C7 "拇" */
    0x27, 0xf1, 0x20, 0x89, 0x25, 0xf9, 0x22, 0x49,
    0x1f, 0xfd, 0xd2, 0x54, 0x92, 0x24, 0x11, 0x3f,
    0xc8, 0x4, 0x80, 0xc0,

    /* U+62C9 "拉" */
    0x21, 0x82, 0x8, 0x20, 0xf, 0xff, 0x20, 0x2,
    0x26, 0x3a, 0x4e, 0x24, 0xa3, 0x42, 0xc, 0x20,
    0x86, 0xff, 0x0, 0x0,

    /* U+62CC "拌" */
    0x20, 0x81, 0x24, 0x89, 0xad, 0xf7, 0x42, 0x8,
    0x17, 0xf8, 0xe2, 0x1c, 0x10, 0x27, 0xf9, 0x4,
    0x8, 0x20, 0xc1, 0x0,

    /* U+62CD "拍" */
    0x20, 0x84, 0x10, 0x8c, 0xfd, 0xf2, 0x22, 0x54,
    0x5e, 0xff, 0x11, 0x22, 0x24, 0x44, 0x8f, 0xb1,
    0x10,

    /* U+62D0 "拐" */
    0x23, 0xe2, 0x22, 0x22, 0x2f, 0xa2, 0x23, 0xe2,
    0x0, 0x38, 0x8e, 0x7f, 0xa1, 0x32, 0x13, 0x22,
    0x3e, 0xc6, 0x48, 0x40,

    /* U+62D2 "拒" */
    0x20, 0x2, 0x3f, 0x22, 0xf, 0xa0, 0x23, 0xe2,
    0xa2, 0x72, 0x2e, 0x3e, 0x22, 0x2, 0x20, 0x22,
    0x6, 0x3f, 0x40, 0x0,

    /* U+62D3 "拓" */
    0x20, 0x2, 0x7f, 0x21, 0xf, 0x90, 0x21, 0x2,
    0xbe, 0x72, 0x2e, 0x62, 0x2e, 0x22, 0xa2, 0x23,
    0xe6, 0x22,

    /* U+62D4 "拔" */
    0x21, 0x42, 0x12, 0xff, 0xf2, 0x20, 0x22, 0x3,
    0xbe, 0xe6, 0x62, 0x64, 0x29, 0x83, 0x98, 0xe6,
    0x70, 0xc2,

    /* U+62D6 "拖" */
    0x23, 0x1, 0x10, 0x9, 0xff, 0xf8, 0x2, 0x88,
    0x1a, 0x79, 0xde, 0x5d, 0x92, 0x24, 0xb1, 0x24,
    0x9, 0x2, 0xcf, 0xe0,

    /* U+62D7 "拗" */
    0x22, 0x42, 0x24, 0xa4, 0x46, 0x5f, 0x29, 0x52,
    0xe5, 0x72, 0x5e, 0x55, 0x2b, 0x92, 0xd9, 0x21,
    0x16, 0x37,

    /* U+62D8 "拘" */
    0x21, 0x2, 0x30, 0x23, 0xff, 0xe1, 0x2c, 0x12,
    0x39, 0x32, 0x9e, 0x29, 0x23, 0x92, 0x29, 0x20,
    0x36, 0xe,

    /* U+62D9 "拙" */
    0x20, 0x81, 0x4, 0x9, 0x25, 0xf9, 0x22, 0x49,
    0x13, 0xf8, 0xa2, 0x5e, 0x93, 0xa4, 0x91, 0x24,
    0x89, 0x24, 0x4f, 0xe0,

    /* U+62DB "招" */
    0x20, 0x2, 0x7e, 0x21, 0x2f, 0x92, 0x22, 0x22,
    0xee, 0x3c, 0xe, 0x7e, 0x24, 0x22, 0x42, 0x27,
    0xee, 0x42,

    /* U+62DC "拜" */
    0x1d, 0xfa, 0x82, 0x4, 0x10, 0x23, 0xe7, 0xc4,
    0x8, 0xfb, 0xf1, 0x1f, 0x88, 0x13, 0xf9, 0x2,
    0x18, 0x10, 0x80, 0x80,

    /* U+62DF "拟" */
    0x21, 0x21, 0x29, 0x9, 0x49, 0xeb, 0x42, 0x42,
    0x12, 0x10, 0xd0, 0x9c, 0xa4, 0x27, 0x61, 0x33,
    0x89, 0x64, 0xc6, 0x0,

    /* U+62E2 "拢" */
    0x21, 0x1, 0xb, 0x8, 0x49, 0xef, 0xf2, 0x18,
    0x14, 0xc9, 0xea, 0x9c, 0x54, 0x22, 0xc1, 0x24,
    0xb, 0x66, 0xf5, 0xe0,

    /* U+62E3 "拣" */
    0x21, 0x81, 0x8, 0xb, 0xfd, 0xe4, 0x2, 0xf8,
    0x1a, 0x43, 0xbf, 0xd4, 0x10, 0x22, 0xb1, 0x24,
    0x8a, 0x26, 0xc3, 0x0,

    /* U+62E5 "拥" */
    0x20, 0x2, 0x7f, 0x24, 0x9f, 0xc9, 0x27, 0xf2,
    0x49, 0x74, 0x9e, 0x7f, 0x24, 0x92, 0x49, 0x28,
    0x97, 0x8b,

    /* U+62E6 "拦" */
    0x22, 0x31, 0x13, 0x8, 0x11, 0xef, 0xe2, 0x0,
    0x14, 0x3, 0xdf, 0xd4, 0x0, 0x20, 0x1, 0x0,
    0xb, 0xfe, 0xc0, 0x0,

    /* U+62E7 "拧" */
    0x20, 0x82, 0x8, 0x27, 0xff, 0x41, 0x24, 0x12,
    0x0, 0x37, 0xfe, 0x8, 0xa0, 0x82, 0x8, 0x20,
    0x82, 0x18, 0x41, 0x0,

    /* U+62E8 "拨" */
    0x20, 0xc1, 0x34, 0x89, 0x21, 0xef, 0xe2, 0x10,
    0x18, 0xfb, 0x8c, 0x94, 0xe4, 0x2c, 0xc1, 0x46,
    0x8, 0xfc, 0xcc, 0x20,

    /* U+62E9 "择" */
    0x20, 0x1, 0x1f, 0xbe, 0xd8, 0x43, 0x82, 0x3f,
    0x9f, 0x4f, 0x82, 0x14, 0xfe, 0x20, 0x81, 0x7f,
    0xc8, 0x20, 0xc1, 0x0,

    /* U+62EC "括" */
    0x20, 0x21, 0x3f, 0x88, 0x21, 0xe1, 0x2, 0x7f,
    0x90, 0x40, 0xe2, 0x1c, 0xfc, 0x24, 0x21, 0x21,
    0x9, 0xf8, 0xc8, 0x40,

    /* U+62ED "拭" */
    0x20, 0x41, 0x2, 0x88, 0x11, 0xef, 0xf2, 0x4,
    0x1b, 0xa3, 0xc9, 0x14, 0x48, 0x22, 0x21, 0x7d,
    0x4a, 0xe, 0xc0, 0x30,

    /* U+62EF "拯" */
    0x20, 0x1, 0x3f, 0x88, 0x19, 0xe1, 0x2, 0x79,
    0x11, 0x50, 0xcb, 0x1c, 0x94, 0x2c, 0xb9, 0x5c,
    0x8, 0x0, 0xdf, 0xe4, 0x0, 0x0,

    /* U+62F1 "拱" */
    0x22, 0x42, 0x24, 0x22, 0x4f, 0x7f, 0x22, 0x42,
    0x24, 0x32, 0x4e, 0xff, 0x22, 0x42, 0x26, 0x24,
    0x27, 0x81,

    /* U+62F3 "拳" */
    0x13, 0x20, 0xd2, 0xf, 0xfc, 0x4, 0x7, 0xff,
    0x84, 0x20, 0x7f, 0xdc, 0x23, 0x1f, 0xe0, 0x8,
    0x1f, 0xfe, 0xe, 0x0,

    /* U+62F4 "拴" */
    0x20, 0x81, 0xe, 0x8, 0x51, 0xf4, 0x42, 0x63,
    0x97, 0xf8, 0xc2, 0x1c, 0xfe, 0x20, 0x81, 0x4,
    0x8, 0x21, 0xdf, 0xf0, 0x0, 0x0,

    /* U+62F7 "拷" */
    0x21, 0x1, 0x8, 0x89, 0xf9, 0xe2, 0x82, 0x7f,
    0x90, 0xc1, 0xcf, 0xf5, 0x90, 0x29, 0xf1, 0x1,
    0x88, 0x8, 0x81, 0xc0,

    /* U+62FC "拼" */
    0x22, 0x62, 0x24, 0x20, 0xcf, 0x7f, 0x22, 0x43,
    0x24, 0xef, 0xfa, 0x24, 0x22, 0x42, 0x64, 0x24,
    0x44, 0x84,

    /* U+62FE "拾" */
    0x21, 0x81, 0xc, 0x8, 0xb1, 0xf4, 0x82, 0x43,
    0x17, 0xe8, 0xc0, 0x1c, 0xfc, 0x24, 0x21, 0x21,
    0x29, 0xf8, 0x88, 0x40,

    /* U+62FF "拿" */
    0x2, 0x0, 0x68, 0x7, 0xf0, 0xe0, 0x7d, 0xff,
    0x8, 0x10, 0x3f, 0xf, 0xfc, 0x2, 0x1, 0xfe,
    0x3f, 0xfc, 0x4, 0x0, 0x60, 0x0,

    /* U+6301 "持" */
    0x20, 0x82, 0x8, 0x27, 0xff, 0x88, 0x20, 0x82,
    0x7f, 0x30, 0x6e, 0x7f, 0x20, 0x62, 0x36, 0x20,
    0x66, 0xc,

    /* U+6302 "挂" */
    0x20, 0x81, 0x4, 0x9, 0xfd, 0xf1, 0x2, 0x8,
    0x13, 0xf8, 0xc2, 0x1c, 0x10, 0x27, 0xf1, 0x4,
    0x8, 0x20, 0xdf, 0xf4, 0x0, 0x0,

    /* U+6307 "指" */
    0x24, 0x2, 0x46, 0x27, 0x8f, 0x40, 0x27, 0xf2,
    0x0, 0x77, 0xea, 0x42, 0x27, 0xe2, 0x42, 0x27,
    0xe6, 0x42,

    /* U+6309 "按" */
    0x20, 0x81, 0x4, 0x9, 0xff, 0xe8, 0x32, 0x18,
    0x10, 0x80, 0xdf, 0xfc, 0x4c, 0xa2, 0x41, 0xe,
    0x8, 0x78, 0xde, 0x20,

    /* U+630E "挎" */
    0x21, 0x1, 0x7f, 0xbc, 0x91, 0xec, 0x42, 0xfd,
    0x90, 0x3, 0xff, 0xd4, 0x40, 0x27, 0xe1, 0x1,
    0x18, 0x18, 0x83, 0x80,

    /* U+6311 "挑" */
    0x21, 0x41, 0xa, 0xb, 0x57, 0xea, 0xa2, 0x56,
    0x14, 0xa0, 0xe5, 0x9d, 0xea, 0x29, 0x41, 0x1a,
    0x8, 0x92, 0xd8, 0xf0, 0x0, 0x0,

    /* U+6316 "挖" */
    0x20, 0x81, 0x0, 0x9, 0xff, 0xea, 0x12, 0x33,
    0x18, 0x1, 0x9f, 0xd4, 0xc, 0x20, 0x81, 0x18,
    0x8, 0x82, 0xc7, 0xf0,

    /* U+631A "挚" */
    0x10, 0x83, 0xdf, 0x4, 0x28, 0xf7, 0x41, 0x3f,
    0x9b, 0x19, 0xff, 0x80, 0x40, 0x3f, 0xe0, 0x10,
    0x3f, 0xfc, 0x4, 0x0, 0x60, 0x0,

    /* U+631F "挟" */
    0x20, 0xc1, 0x4, 0x9, 0xff, 0xe1, 0x2, 0x29,
    0x11, 0x58, 0xc2, 0x1c, 0xff, 0x20, 0xc1, 0xa,
    0x8, 0xc8, 0xdc, 0x30, 0x80, 0x0,

    /* U+6320 "挠" */
    0x22, 0x1, 0x11, 0x8b, 0xf1, 0xe2, 0x62, 0x1c,
    0x13, 0xe5, 0xc0, 0xf5, 0xff, 0x22, 0x41, 0x12,
    0x9, 0x92, 0xd0, 0xf0,

    /* U+6321 "挡" */
    0x20, 0x81, 0x24, 0xc8, 0xa5, 0xf5, 0x42, 0x8,
    0x13, 0xf8, 0xe0, 0x5c, 0x7e, 0x20, 0x11, 0x0,
    0x89, 0xfc, 0xc0, 0x20,

    /* U+6323 "挣" */
    0x21, 0x1, 0x1f, 0x3c, 0x91, 0xe8, 0x82, 0xff,
    0x10, 0x49, 0xdf, 0xf4, 0x12, 0x27, 0xf1, 0x4,
    0xb8, 0x20, 0x83, 0x0,

    /* U+6324 "挤" */
    0x20, 0x81, 0x3f, 0xfc, 0x98, 0x46, 0x83, 0x18,
    0x19, 0xbf, 0xb9, 0x54, 0x4c, 0x22, 0x61, 0x13,
    0x9, 0x19, 0x98, 0xc0,

    /* U+6325 "挥" */
    0x20, 0x2, 0x7f, 0x25, 0x1f, 0x18, 0xf1, 0x2,
    0x7f, 0x32, 0x8e, 0x7f, 0xa0, 0x82, 0x8, 0x2f,
    0xf2, 0x8, 0x40, 0x80,

    /* U+6328 "挨" */
    0x20, 0x81, 0x9, 0x8, 0x89, 0xef, 0xe2, 0x30,
    0x11, 0xf1, 0xd2, 0x1c, 0x10, 0x27, 0xf9, 0xe,
    0x8, 0xd8, 0xdc, 0x70, 0x0, 0x0,

    /* U+632A "挪" */
    0x20, 0x1, 0x3b, 0xc8, 0xd4, 0xe6, 0xa2, 0x75,
    0x11, 0xa9, 0xcd, 0x5c, 0xea, 0x27, 0x49, 0x2a,
    0xcb, 0x50, 0x10, 0x80,

    /* U+632B "挫" */
    0x20, 0x81, 0x15, 0x88, 0xa9, 0xed, 0x42, 0x6b,
    0x12, 0xe8, 0xe3, 0x3c, 0x10, 0x27, 0xf1, 0x4,
    0x8, 0x21, 0xdf, 0xf4, 0x0, 0x0,

    /* U+632F "振" */
    0x20, 0x1, 0x3f, 0xc9, 0x1, 0xfb, 0xe2, 0x40,
    0x1f, 0xfd, 0x95, 0x14, 0xab, 0x25, 0x61, 0x6b,
    0xa, 0x76, 0xd2, 0x0,

    /* U+633A "挺" */
    0x20, 0x21, 0x7e, 0xbd, 0x10, 0x48, 0x82, 0xff,
    0x1d, 0x23, 0x89, 0x15, 0x88, 0x2d, 0xf1, 0x20,
    0xa, 0xe0, 0xd1, 0xe0,

    /* U+633D "挽" */
    0x21, 0x1, 0x1f, 0x3d, 0x91, 0xe8, 0x82, 0x7f,
    0x12, 0x48, 0xd2, 0x5c, 0xfe, 0xa1, 0x81, 0xc,
    0x8, 0xa1, 0xd9, 0x34, 0x87, 0x0,

    /* U+6342 "捂" */
    0x20, 0x1, 0x3f, 0xc8, 0x21, 0xff, 0xe2, 0x12,
    0x14, 0x91, 0xdf, 0xfc, 0x0, 0x27, 0xf1, 0x30,
    0x89, 0xfc, 0xcc, 0x20,

    /* U+6345 "捅" */
    0x20, 0x2, 0x7f, 0x20, 0x3f, 0x9c, 0x27, 0xf2,
    0x49, 0x2c, 0x97, 0x7f, 0xa4, 0x92, 0x7f, 0x24,
    0x92, 0x49, 0x64, 0x90,

    /* U+6346 "捆" */
    0x20, 0x2, 0x7f, 0x24, 0x9f, 0x49, 0x27, 0xf2,
    0x49, 0x35, 0xde, 0x5d, 0x26, 0xb2, 0x49, 0x27,
    0xf4, 0x41,

    /* U+6349 "捉" */
    0x20, 0x2, 0x3f, 0x22, 0x1f, 0xa1, 0x23, 0xf2,
    0x8c, 0x3a, 0xce, 0x2f, 0x22, 0xc2, 0x6c, 0x25,
    0xc7, 0x8f,

    /* U+634C "捌" */
    0x20, 0x12, 0x79, 0x24, 0xdf, 0x4d, 0x27, 0xd3,
    0x25, 0xe7, 0xd2, 0x2d, 0x26, 0xd2, 0x49, 0x2f,
    0x97, 0x93,

    /* U+634D "捍" */
    0x27, 0xf1, 0x20, 0x89, 0x5, 0xff, 0xe2, 0x41,
    0x19, 0xf3, 0x9f, 0xd4, 0x10, 0x20, 0x81, 0x7f,
    0xc8, 0x20, 0xc1, 0x0,

    /* U+634E "捎" */
    0x20, 0x82, 0x49, 0x26, 0xaf, 0x8a, 0x27, 0xf2,
    0x41, 0x77, 0xfa, 0x41, 0x27, 0xf2, 0x41, 0x24,
    0x16, 0x43,

    /* U+634F "捏" */
    0x20, 0x1, 0x3f, 0x89, 0x5, 0xff, 0xe2, 0x41,
    0x1f, 0xfb, 0x82, 0x14, 0x10, 0x27, 0xf1, 0x4,
    0x8, 0x20, 0xdf, 0xf0, 0x0, 0x0,

    /* U+6350 "捐" */
    0x27, 0xe4, 0xc7, 0xff, 0x90, 0x2, 0x7e, 0x68,
    0x4d, 0xf, 0x3f, 0x24, 0x24, 0xfc, 0x90, 0xb2,
    0x30,

    /* U+6355 "捕" */
    0x20, 0xa1, 0x4, 0x8b, 0xff, 0xe1, 0x2, 0x7f,
    0x12, 0x4b, 0xdf, 0xd4, 0x92, 0x27, 0xf1, 0x24,
    0x89, 0x24, 0xc9, 0x60,

    /* U+635E "捞" */
    0x21, 0x21, 0x9, 0x9, 0xff, 0xf2, 0x42, 0x7f,
    0x9e, 0x7, 0x82, 0x14, 0xfe, 0x21, 0x11, 0x8,
    0x88, 0x8c, 0xd8, 0xc0,

    /* U+635F "损" */
    0x27, 0xe2, 0x62, 0xfe, 0x2f, 0xfe, 0x20, 0x2,
    0x7e, 0x34, 0x2e, 0x4a, 0x24, 0xa2, 0x5a, 0x21,
    0x66, 0xe3, 0x40, 0x0,

    /* U+6361 "捡" */
    0x21, 0x81, 0xc, 0x2a, 0x90, 0xec, 0x72, 0xfe,
    0x94, 0x0, 0xf4, 0x9c, 0xa4, 0x26, 0xe1, 0x12,
    0x8, 0x10, 0xdf, 0xe4, 0x0, 0x0,

    /* U+6362 "换" */
    0x21, 0x1, 0x1f, 0x9, 0x91, 0xe8, 0x82, 0x7f,
    0x12, 0x49, 0xd2, 0x55, 0xff, 0x21, 0xc1, 0xa,
    0x9, 0x8c, 0xd8, 0x30,

    /* U+6363 "捣" */
    0x21, 0x2, 0x7e, 0xfd, 0xa2, 0x5a, 0x24, 0x62,
    0x46, 0xf7, 0xfa, 0x1, 0x2a, 0x52, 0xa5, 0x2f,
    0xf6, 0x6,

    /* U+6367 "捧" */
    0x20, 0x80, 0x9f, 0xe2, 0x8, 0x3d, 0xfc, 0x20,
    0x80, 0x9f, 0xe7, 0xae, 0x2b, 0xff, 0x20, 0x80,
    0x9f, 0xee, 0x8, 0x18, 0x20,

    /* U+636E "据" */
    0x27, 0xf2, 0x41, 0x24, 0x1f, 0xff, 0x24, 0x83,
    0xff, 0xe4, 0x8e, 0x48, 0x2f, 0xf2, 0xe1, 0x6b,
    0xf6, 0xa1,

    /* U+6376 "捶" */
    0x20, 0x22, 0x7f, 0x20, 0x8f, 0x7f, 0x22, 0xa2,
    0x2a, 0x37, 0xfe, 0x2a, 0x22, 0xa2, 0x7f, 0x20,
    0x8e, 0x7f,

    /* U+6377 "捷" */
    0x20, 0x81, 0x3f, 0xc8, 0x21, 0xef, 0xe2, 0x9,
    0x13, 0xfc, 0xc2, 0x5c, 0xfe, 0xa0, 0x81, 0x27,
    0x8b, 0xa0, 0xf3, 0xe0,

    /* U+637A "捺" */
    0x20, 0x81, 0x7f, 0xbe, 0x51, 0x54, 0x42, 0xdf,
    0x98, 0x0, 0xc0, 0x1d, 0xff, 0x20, 0x81, 0x35,
    0x8b, 0x26, 0xd1, 0x14, 0x18, 0x0,

    /* U+637B "捻" */
    0x21, 0x1, 0xc, 0x8, 0x91, 0xfa, 0x42, 0xd9,
    0x1d, 0xf3, 0xc1, 0x14, 0x38, 0x29, 0xa1, 0x50,
    0x8a, 0x9c, 0xd7, 0x80,

    /* U+6380 "掀" */
    0x20, 0x21, 0x3f, 0x9, 0x1e, 0xf8, 0x92, 0x79,
    0x96, 0x91, 0xd4, 0x9c, 0xac, 0x25, 0x61, 0x6a,
    0x8a, 0x64, 0xd3, 0x10, 0x10, 0x0,

    /* U+6382 "掂" */
    0x20, 0x81, 0x3f, 0xfd, 0x20, 0x49, 0x2, 0x4f,
    0x1a, 0x41, 0x92, 0x14, 0xbe, 0x26, 0x11, 0x30,
    0x8a, 0x7c, 0xf4, 0x20,

    /* U+6388 "授" */
    0x20, 0x31, 0x3e, 0x3c, 0xa4, 0x45, 0x42, 0x7f,
    0x9a, 0x5, 0xc0, 0x1c, 0x7c, 0x20, 0x21, 0xa,
    0x8, 0x70, 0x7e, 0xf4, 0xc1, 0x80,

    /* U+6389 "掉" */
    0x20, 0x81, 0x7, 0xc8, 0x21, 0xff, 0xe2, 0x41,
    0x13, 0xf8, 0xd0, 0x5c, 0xfe, 0x20, 0x81, 0x7f,
    0x88, 0x20, 0x81, 0x0,

    /* U+638C "掌" */
    0x12, 0x40, 0x96, 0x1b, 0x4c, 0xbf, 0xa1, 0x4,
    0xf, 0xe0, 0x0, 0x7, 0xfc, 0x2, 0x1, 0xfe,
    0x3f, 0xfe, 0x4, 0x0, 0x60, 0x0,

    /* U+638F "掏" */
    0x22, 0x2, 0x60, 0x27, 0xff, 0xf1, 0x2b, 0xd2,
    0x51, 0x7f, 0xde, 0x11, 0x25, 0x52, 0x55, 0x27,
    0xd6, 0x6,

    /* U+6390 "掐" */
    0x21, 0x82, 0x33, 0x23, 0xef, 0xe2, 0x24, 0x42,
    0x77, 0x74, 0x1e, 0x41, 0x27, 0x72, 0x41, 0x27,
    0xf4, 0x41,

    /* U+6392 "排" */
    0x22, 0x41, 0x12, 0xb, 0x9d, 0xe4, 0x82, 0x24,
    0x1b, 0x3b, 0x89, 0x14, 0x48, 0x2e, 0x79, 0x12,
    0x18, 0x90, 0x84, 0x80,

    /* U+6396 "掖" */
    0x20, 0xc1, 0x3f, 0xfc, 0x80, 0x46, 0x82, 0x2f,
    0x1b, 0x4b, 0xbf, 0x45, 0x72, 0x22, 0xa1, 0x13,
    0x8, 0xbc, 0xc6, 0x30,

    /* U+6398 "掘" */
    0x27, 0xf2, 0x41, 0x24, 0x16, 0x7f, 0x24, 0x42,
    0x55, 0x75, 0x5a, 0x5f, 0x27, 0x52, 0x75, 0x2b,
    0x57, 0xbf,

    /* U+63A0 "掠" */
    0x20, 0x81, 0x6, 0x9, 0xff, 0xf0, 0x2, 0x3f,
    0x11, 0x8, 0xc8, 0x5c, 0x7e, 0x20, 0x81, 0x35,
    0x8b, 0x26, 0xc3, 0x0,

    /* U+63A2 "探" */
    0x20, 0x2, 0xff, 0x2c, 0x1f, 0x16, 0x26, 0x32,
    0x8, 0x3f, 0xfe, 0x1c, 0x22, 0xc2, 0x4a, 0x2c,
    0x96, 0x8,

    /* U+63A5 "接" */
    0x20, 0x81, 0x3f, 0xfe, 0xcc, 0x42, 0x42, 0x14,
    0x17, 0xfd, 0xc6, 0x1d, 0xff, 0x23, 0x21, 0x1e,
    0x8, 0x38, 0xde, 0x30,

    /* U+63A7 "控" */
    0x20, 0x81, 0x6, 0x9, 0xff, 0xe8, 0x12, 0x36,
    0x13, 0xd, 0xc0, 0x1c, 0xfe, 0x20, 0x81, 0x4,
    0x8, 0x20, 0xdf, 0xf4, 0x0, 0x0,

    /* U+63A8 "推" */
    0x22, 0x41, 0x32, 0x9, 0x81, 0xef, 0xf2, 0xc4,
    0x13, 0xf9, 0xd1, 0x1c, 0xfe, 0x24, 0x41, 0x22,
    0x9, 0xfe, 0x88, 0x0,

    /* U+63A9 "掩" */
    0x20, 0x80, 0x92, 0x22, 0x7f, 0xbe, 0x48, 0x26,
    0x98, 0xbf, 0xe3, 0x29, 0x38, 0xfc, 0x22, 0x90,
    0x8f, 0xc2, 0x68, 0x18, 0x3e,

    /* U+63AA "措" */
    0x21, 0x41, 0xa, 0xb, 0xfd, 0xf2, 0x82, 0xff,
    0x98, 0x3, 0x8f, 0x94, 0x44, 0x23, 0xe1, 0x11,
    0x18, 0xf8, 0xc4, 0x40,

    /* U+63B0 "掰" */
    0x10, 0x37, 0xdf, 0xa, 0x48, 0x52, 0x4f, 0xff,
    0x16, 0xd0, 0x94, 0x9e, 0xaf, 0x25, 0x21, 0x49,
    0x16, 0xc9, 0x80, 0xc0,

    /* U+63B7 "掷" */
    0x20, 0x0, 0x97, 0xe2, 0x56, 0x9d, 0xfa, 0x22,
    0x70, 0xc9, 0xcf, 0x7f, 0x88, 0x9a, 0x23, 0x68,
    0x97, 0xe2, 0xcf, 0x1a, 0x18,

    /* U+63B8 "掸" */
    0x22, 0x21, 0xa, 0x9, 0xfd, 0xe9, 0x22, 0x7f,
    0x1a, 0x48, 0xd2, 0x5c, 0xfe, 0x20, 0x81, 0x7f,
    0xc8, 0x20, 0xc1, 0x0,

    /* U+63BA "掺" */
    0x21, 0x80, 0x84, 0x82, 0x3f, 0x3e, 0x24, 0x27,
    0xf8, 0x85, 0x3, 0x6b, 0x3b, 0x66, 0x26, 0x60,
    0x86, 0x42, 0x66, 0x1b, 0xe0,

    /* U+63C9 "揉" */
    0x27, 0xf0, 0x84, 0x8f, 0x9c, 0x9, 0xfe, 0x21,
    0x50, 0xe9, 0xe, 0x48, 0x28, 0x20, 0x27, 0xf8,
    0x8b, 0x2, 0x4b, 0x1a, 0x22,

    /* U+63CD "揍" */
    0x21, 0x81, 0x3f, 0xbf, 0xf8, 0x42, 0x2, 0xff,
    0x19, 0x23, 0x9f, 0xc5, 0x20, 0x27, 0xe1, 0x8,
    0x8, 0x90, 0xc8, 0x60,

    /* U+63CF "描" */
    0x23, 0x22, 0x12, 0x2f, 0xff, 0x32, 0x20, 0x2,
    0x7f, 0x74, 0x9e, 0x49, 0x27, 0xf2, 0x49, 0xe7,
    0xf6, 0x41,

    /* U+63D0 "提" */
    0x23, 0xf1, 0x10, 0x88, 0xfd, 0xf7, 0xe2, 0x3f,
    0x14, 0x0, 0xff, 0xfc, 0x10, 0x22, 0xf1, 0x34,
    0x9, 0x60, 0xd0, 0xf0,

    /* U+63D2 "插" */
    0x20, 0x31, 0x3e, 0x8, 0x21, 0xef, 0xf2, 0x8,
    0x1b, 0x59, 0x92, 0x5c, 0x92, 0x26, 0xf1, 0x24,
    0x89, 0xfc, 0xc8, 0x20,

    /* U+63D6 "揖" */
    0x27, 0xe1, 0x21, 0x9, 0x9, 0xff, 0xc2, 0xff,
    0x92, 0x10, 0xdf, 0x9c, 0x84, 0x27, 0xe1, 0x21,
    0xb, 0xfe, 0x80, 0x40,

    /* U+63E1 "握" */
    0x27, 0xf1, 0x20, 0x89, 0x5, 0xef, 0xe2, 0x40,
    0x12, 0xf8, 0xd2, 0x9c, 0xbe, 0x24, 0x41, 0x6f,
    0x8a, 0x10, 0xf7, 0xf0,

    /* U+63E3 "揣" */
    0x26, 0x91, 0x34, 0x89, 0xa5, 0xef, 0xe2, 0x0,
    0x13, 0xfc, 0xc2, 0x1c, 0xfe, 0x25, 0x51, 0x2a,
    0x89, 0x54, 0xca, 0xa0,

    /* U+63E9 "揩" */
    0x12, 0x20, 0x48, 0x91, 0x3f, 0x9e, 0x88, 0x12,
    0xa4, 0x4c, 0xf1, 0x8c, 0x1c, 0xfe, 0x12, 0x8,
    0x4f, 0xe1, 0x20, 0x9c, 0xfe,

    /* U+63EA "揪" */
    0x21, 0x20, 0xb8, 0x82, 0x2a, 0x3c, 0xaa, 0x27,
    0xa8, 0x8a, 0xa7, 0x72, 0x9, 0xc8, 0x2a, 0x50,
    0xa9, 0x42, 0x29, 0x98, 0xe2,

    /* U+63ED "揭" */
    0x27, 0xf1, 0x20, 0x89, 0xfd, 0xf8, 0x22, 0x7f,
    0x1d, 0x83, 0xdf, 0xf5, 0x91, 0x25, 0x69, 0x20,
    0xc9, 0xf6, 0xc0, 0x60,

    /* U+63F4 "援" */
    0x0, 0x11, 0x3f, 0xc8, 0x0, 0x55, 0x2f, 0xaa,
    0x13, 0xfc, 0x84, 0x1e, 0xff, 0xa3, 0xf1, 0x39,
    0xb, 0x70, 0x53, 0xc6, 0x61, 0x80,

    /* U+63FD "揽" */
    0x21, 0x22, 0x54, 0x25, 0x7f, 0x5a, 0x21, 0x32,
    0xfe, 0x74, 0x2e, 0x4a, 0x24, 0xe2, 0x14, 0x23,
    0x56, 0xc7,

    /* U+6400 "搀" */
    0x21, 0x1, 0x1f, 0x9, 0x91, 0xe0, 0x92, 0x7b,
    0x1f, 0xfb, 0x85, 0x14, 0x49, 0x2d, 0x31, 0x7,
    0x8, 0xe8, 0xc1, 0xc0, 0x2, 0x0,

    /* U+6401 "搁" */
    0x20, 0x2, 0x3f, 0x22, 0x16, 0x5d, 0x27, 0x53,
    0x49, 0xe7, 0x7a, 0x5d, 0x25, 0x52, 0x55, 0x25,
    0xd6, 0x43,

    /* U+6402 "搂" */
    0x20, 0xc1, 0x15, 0x88, 0x21, 0xef, 0xf2, 0x1a,
    0x1b, 0x4f, 0xc2, 0x15, 0xff, 0x23, 0x21, 0x1e,
    0x8, 0x3c, 0xce, 0x30,

    /* U+6405 "搅" */
    0x21, 0x21, 0x19, 0x8, 0x99, 0xef, 0xe2, 0x41,
    0x11, 0xf0, 0xc8, 0x9c, 0x64, 0x23, 0x21, 0xc,
    0x8, 0xa4, 0xdd, 0xe0,

    /* U+640F "搏" */
    0x20, 0xa1, 0x3f, 0xc8, 0x21, 0xef, 0xe2, 0x49,
    0x13, 0xf8, 0xdf, 0xdc, 0x92, 0x20, 0x21, 0x7f,
    0xc8, 0x88, 0xc2, 0x44, 0x4, 0x0,

    /* U+6413 "搓" */
    0x22, 0x62, 0x34, 0x27, 0xff, 0x10, 0x27, 0xe2,
    0x10, 0x7f, 0xfe, 0x20, 0x27, 0xe2, 0x48, 0x28,
    0x86, 0x7f,

    /* U+6414 "搔" */
    0x20, 0x1, 0x3f, 0x88, 0xa9, 0xe5, 0xc2, 0x1c,
    0x13, 0xfc, 0xf2, 0x3c, 0xfe, 0x24, 0x91, 0x3f,
    0x88, 0x2c, 0xdf, 0xf4, 0x0, 0x80,

    /* U+641C "搜" */
    0x20, 0x81, 0x3d, 0x89, 0x25, 0xed, 0x62, 0x49,
    0x17, 0xfb, 0xc2, 0x14, 0xfc, 0x22, 0x21, 0x1a,
    0x8, 0x60, 0xdc, 0xe0,

    /* U+641E "搞" */
    0x20, 0x82, 0x7f, 0x20, 0xf, 0xbe, 0x22, 0x22,
    0xbe, 0x38, 0xe, 0x7f, 0x25, 0xd2, 0x55, 0x25,
    0xd6, 0x43,

    /* U+642A "搪" */
    0x20, 0x81, 0x3f, 0xc9, 0x21, 0xef, 0xe2, 0x49,
    0x13, 0xfc, 0xd2, 0x4c, 0xfc, 0x27, 0xf1, 0x30,
    0x8a, 0x84, 0xd7, 0xe0,

    /* U+642C "搬" */
    0x24, 0x71, 0x7a, 0x8a, 0x54, 0xfa, 0xa2, 0x99,
    0x9f, 0xbd, 0xa4, 0x45, 0xaa, 0x2d, 0x51, 0x49,
    0x1c, 0xd6, 0x21, 0x0,

    /* U+642D "搭" */
    0x22, 0x21, 0x11, 0xb, 0xff, 0xf5, 0x42, 0x1c,
    0x19, 0x33, 0xbf, 0xf4, 0x0, 0x27, 0xf1, 0x21,
    0x89, 0xd, 0xcf, 0xe0,

    /* U+643A "携" */
    0x23, 0x41, 0x12, 0x3d, 0xfc, 0x5f, 0xe2, 0xa4,
    0x11, 0xfb, 0xcf, 0xf4, 0x40, 0x27, 0xe1, 0x9,
    0xc8, 0x84, 0x98, 0xe0,

    /* U+6444 "摄" */
    0x27, 0xf9, 0x11, 0x8, 0xf9, 0xf4, 0x42, 0x3e,
    0x19, 0x1d, 0x97, 0x95, 0xfe, 0x21, 0x11, 0x33,
    0x9, 0xd8, 0xf3, 0xf0, 0x0, 0x0,

    /* U+6446 "摆" */
    0x20, 0x1, 0x3f, 0x89, 0x55, 0xfa, 0xa2, 0x7f,
    0x10, 0x40, 0x82, 0x7, 0xfe, 0xe0, 0x85, 0x7f,
    0xc8, 0x60, 0x46, 0x4e, 0x7f, 0x0, 0x8,

    /* U+6447 "摇" */
    0x20, 0x31, 0x7f, 0x48, 0x0, 0x41, 0x2f, 0xcb,
    0x10, 0x10, 0xbf, 0xde, 0x90, 0xaf, 0xf9, 0x4,
    0x9, 0x24, 0x49, 0x26, 0x7f, 0x0,

    /* U+644A "摊" */
    0x20, 0xd0, 0x83, 0x42, 0xe8, 0x3c, 0xbf, 0x2b,
    0x90, 0x97, 0xef, 0x49, 0x9, 0xbe, 0x2a, 0x90,
    0xaa, 0x42, 0x8f, 0xd0, 0x20,

    /* U+6454 "摔" */
    0x20, 0x81, 0x2, 0x49, 0xff, 0xe9, 0x12, 0x55,
    0x10, 0xf8, 0xea, 0xc, 0xe5, 0xa5, 0xe9, 0x4,
    0xb, 0xfe, 0x41, 0x4, 0x8, 0x0,

    /* U+6458 "摘" */
    0x20, 0xc1, 0x3f, 0xc8, 0x49, 0xe2, 0x42, 0x7f,
    0x92, 0x44, 0xd7, 0xbc, 0x91, 0xa5, 0xe9, 0x29,
    0x49, 0x7a, 0xc8, 0x70,

    /* U+6467 "摧" */
    0x24, 0x92, 0x49, 0x27, 0xff, 0x28, 0x26, 0x43,
    0x7f, 0x6c, 0x8a, 0xff, 0x24, 0x82, 0x7f, 0x24,
    0x8e, 0x7f,

    /* U+6469 "摩" */
    0x1, 0x81, 0xff, 0xc8, 0x88, 0x5e, 0xf2, 0x77,
    0x15, 0x54, 0x8a, 0xa5, 0xfe, 0x20, 0x83, 0x7f,
    0x97, 0xff, 0x81, 0x0, 0x18, 0x0,

    /* U+6478 "摸" */
    0x21, 0x21, 0x7f, 0xc8, 0x49, 0xff, 0xe2, 0x41,
    0x17, 0xf9, 0xd0, 0x54, 0x7c, 0x2f, 0xf9, 0xa,
    0x19, 0xcc, 0x98, 0x30,

    /* U+6479 "摹" */
    0x9, 0xf, 0xff, 0x3f, 0xc3, 0xfc, 0x20, 0x41,
    0xf8, 0xff, 0xf3, 0x14, 0xce, 0x31, 0xf8, 0x7f,
    0xe0, 0x20, 0x4, 0x0,

    /* U+6487 "撇" */
    0x44, 0x22, 0xaf, 0x13, 0x51, 0xc8, 0xf5, 0xfd,
    0x2f, 0x8b, 0xfd, 0x5b, 0xea, 0x5d, 0x52, 0xe9,
    0x15, 0x5d, 0xa3, 0x30,

    /* U+6491 "撑" */
    0x22, 0xb1, 0x15, 0x3d, 0x56, 0x4f, 0xd2, 0x22,
    0x19, 0xf1, 0xc1, 0xd4, 0xf0, 0x27, 0xf1, 0x4,
    0xb, 0xfe, 0xc3, 0x0,

    /* U+6492 "撒" */
    0x25, 0x30, 0x94, 0xc2, 0xfa, 0x1d, 0x5f, 0x2f,
    0xc8, 0x81, 0x23, 0x7c, 0x99, 0x2a, 0x27, 0xb8,
    0x9e, 0xc2, 0x4b, 0x99, 0x73,

    /* U+6495 "撕" */
    0x4a, 0x14, 0xaf, 0x5f, 0x8e, 0xa8, 0x4e, 0xf4,
    0xaa, 0xee, 0xa4, 0xaa, 0x5f, 0xa4, 0xa, 0x5b,
    0x2d, 0x12,

    /* U+649E "撞" */
    0x20, 0x81, 0x3f, 0xc8, 0x59, 0xff, 0xf2, 0x0,
    0x1b, 0xf9, 0x9f, 0xc4, 0x92, 0x23, 0xe1, 0x3f,
    0x88, 0x20, 0xdf, 0xf0,

    /* U+64A4 "撤" */
    0x22, 0x21, 0x11, 0xb, 0xf1, 0xea, 0xf2, 0x89,
    0x13, 0xe8, 0xff, 0x5d, 0x2a, 0x2f, 0x71, 0x79,
    0xa, 0x5c, 0xd7, 0xb0,

    /* U+64A9 "撩" */
    0x20, 0x81, 0x3f, 0xc8, 0x31, 0xe6, 0xa2, 0x33,
    0x13, 0xfd, 0xf8, 0x54, 0x7e, 0x23, 0xf1, 0x14,
    0x9, 0xa6, 0xdb, 0x10, 0x0, 0x0,

    /* U+64AC "撬" */
    0x20, 0x21, 0x7e, 0x3f, 0xf8, 0x5f, 0xc2, 0x91,
    0x98, 0x73, 0xbb, 0xc4, 0xca, 0x2c, 0xe1, 0xf7,
    0x89, 0x52, 0xcc, 0xf0,

    /* U+64AD "播" */
    0x20, 0xf1, 0x3c, 0x3c, 0xa8, 0x4f, 0xf2, 0xae,
    0x1b, 0x4b, 0xbf, 0xe4, 0x92, 0x27, 0xf1, 0x24,
    0x89, 0xfc, 0xc8, 0x20,

    /* U+64AE "撮" */
    0x23, 0xf1, 0x1f, 0xbd, 0x4, 0x47, 0xe2, 0x0,
    0x17, 0xfd, 0xd4, 0x14, 0xee, 0x27, 0x51, 0x2d,
    0x8b, 0xdc, 0x83, 0x0,

    /* U+64B0 "撰" */
    0x27, 0x71, 0x2a, 0xbd, 0xdc, 0x4a, 0x92, 0x77,
    0x19, 0x13, 0x9f, 0xf4, 0x28, 0x21, 0x41, 0x7f,
    0xc8, 0x88, 0xcc, 0x60, 0x81, 0x0,

    /* U+64B5 "撵" */
    0x22, 0x20, 0xbd, 0xe2, 0x22, 0x3f, 0xde, 0x27,
    0x50, 0xe4, 0x2e, 0xff, 0x29, 0xa0, 0x2f, 0xf0,
    0x82, 0x2, 0xff, 0x98, 0x20,

    /* U+64BC "撼" */
    0x20, 0x51, 0x2, 0x89, 0xff, 0xe8, 0x82, 0x7d,
    0x12, 0xeb, 0xda, 0xb5, 0x7b, 0x22, 0x89, 0x74,
    0x9a, 0x8a, 0xc7, 0xc0,

    /* U+64C2 "擂" */
    0x27, 0xf1, 0x4, 0xb, 0xff, 0xf1, 0x12, 0x2e,
    0x10, 0x63, 0x9f, 0xd4, 0x92, 0x27, 0xf1, 0x24,
    0x99, 0xfc, 0x88, 0x20,

    /* U+64C5 "擅" */
    0x20, 0x81, 0x7f, 0xe9, 0xfc, 0xef, 0xa2, 0x75,
    0x1a, 0x49, 0xdf, 0xc4, 0xfe, 0x27, 0xf1, 0x20,
    0x88, 0xf8, 0xdf, 0xf0,

    /* U+64CD "操" */
    0x27, 0xe1, 0x21, 0x9, 0xf9, 0xe0, 0x2, 0xf7,
    0x14, 0xa9, 0xfd, 0xdc, 0x10, 0x2f, 0xf9, 0x16,
    0x9, 0x2c, 0xd1, 0x0,

    /* U+64CE "擎" */
    0x28, 0x8f, 0xef, 0x41, 0x2f, 0xfa, 0xf2, 0x45,
    0x2f, 0x24, 0x17, 0xfe, 0x3, 0x7, 0xfc, 0xff,
    0xf0, 0x30, 0xe, 0x0,

    /* U+64D2 "擒" */
    0x0, 0x81, 0xe, 0x8, 0xd9, 0xed, 0x7f, 0xff,
    0x90, 0xa0, 0xd7, 0x5c, 0xfe, 0x20, 0x81, 0x3f,
    0xc9, 0x56, 0x4b, 0xf6, 0x43, 0x80,

    /* U+64E6 "擦" */
    0x20, 0x81, 0x3f, 0xc9, 0x82, 0xe7, 0xf2, 0x55,
    0x19, 0xb3, 0x9f, 0xc5, 0x81, 0x27, 0xf1, 0x4,
    0x9, 0xac, 0xd3, 0x10,

    /* U+6500 "攀" */
    0x2a, 0x45, 0xb2, 0x9a, 0x38, 0xed, 0xea, 0xb5,
    0x42, 0x9, 0xef, 0x85, 0xe8, 0xc2, 0x30, 0xfc,
    0x1f, 0xfc, 0x4, 0x0, 0x40, 0x0,

    /* U+6512 "攒" */
    0x26, 0x61, 0x3b, 0xec, 0xa9, 0xde, 0xf2, 0x66,
    0x1b, 0xb5, 0xa2, 0x54, 0xfe, 0x24, 0xb1, 0x25,
    0x88, 0x70, 0xdc, 0x70, 0x80, 0x0,

    /* U+6518 "攘" */
    0x20, 0x81, 0x3f, 0xc8, 0x1, 0xfe, 0xe2, 0x36,
    0x1b, 0xfc, 0xc5, 0x1c, 0x7e, 0x2f, 0xf9, 0xa,
    0x89, 0xb8, 0xd6, 0x70, 0x0, 0x0,

    /* U+652F "支" */
    0x2, 0x0, 0x20, 0x7f, 0xf0, 0x20, 0x2, 0x3,
    0xfc, 0x0, 0xc0, 0x88, 0xd, 0x0, 0x20, 0x1d,
    0xc7, 0x7,

    /* U+6536 "收" */
    0x9, 0x80, 0x4c, 0x12, 0x40, 0x97, 0xf4, 0xb2,
    0x27, 0x91, 0x24, 0x89, 0x3c, 0xf8, 0xc0, 0x46,
    0x2, 0xce, 0x14, 0x20,

    /* U+6539 "改" */
    0x2, 0x0, 0x30, 0xf2, 0x1, 0x7e, 0x14, 0xc1,
    0xc8, 0xf8, 0x88, 0x48, 0x82, 0x89, 0x38, 0xb1,
    0xc, 0x7c, 0x9c, 0x60, 0x0,

    /* U+653B "攻" */
    0x0, 0x0, 0x18, 0x3e, 0x80, 0x47, 0xe2, 0x22,
    0x12, 0x30, 0xb9, 0x4, 0x28, 0x21, 0x41, 0xc4,
    0x38, 0x70, 0xc, 0xe0, 0x81, 0x0,

    /* U+653E "放" */
    0x0, 0x81, 0x18, 0x1, 0xf, 0xdf, 0x22, 0x23,
    0xd2, 0x2d, 0x22, 0xd6, 0x4c, 0xc4, 0x8c, 0x49,
    0xe9, 0xb3,

    /* U+653F "政" */
    0x0, 0x41, 0xfb, 0x0, 0x8f, 0xc2, 0x64, 0x29,
    0x10, 0xba, 0x42, 0x89, 0xa, 0x28, 0x2a, 0x60,
    0xfb, 0x86, 0x1b, 0x81, 0x82,

    /* U+6545 "故" */
    0x10, 0x80, 0x84, 0x4, 0x61, 0xff, 0xf1, 0x12,
    0x9, 0x91, 0xfc, 0x88, 0x9c, 0x44, 0xc3, 0xe7,
    0x11, 0x4c, 0x8c, 0x30, 0x40, 0x0,

    /* U+6548 "效" */
    0x18, 0x60, 0x21, 0x7, 0xec, 0x0, 0x3f, 0x3d,
    0x11, 0x98, 0x4c, 0x49, 0xe, 0x2c, 0x18, 0xe0,
    0x71, 0x83, 0x4e, 0x10, 0xc6, 0x6, 0x8,

    /* U+654C "敌" */
    0x5, 0x87, 0xec, 0x4, 0x42, 0x23, 0xff, 0xe2,
    0x9, 0x91, 0xf4, 0x88, 0xb8, 0x44, 0xc3, 0xef,
    0x11, 0xcc, 0xc, 0x20,

    /* U+654F "敏" */
    0x10, 0x40, 0x82, 0xf, 0xf0, 0xc1, 0xf7, 0xe9,
    0x15, 0x88, 0xaa, 0x4f, 0xf2, 0x22, 0xb1, 0x57,
    0x8, 0x98, 0x7e, 0xc0, 0xf9, 0x80,

    /* U+6551 "救" */
    0x10, 0xc1, 0x48, 0x14, 0x8f, 0xff, 0x11, 0x25,
    0x52, 0x5b, 0x23, 0xc, 0x56, 0xc9, 0xc, 0x11,
    0xe3, 0x61,

    /* U+6559 "教" */
    0x8, 0x61, 0xf5, 0x0, 0xa7, 0xc2, 0x9f, 0x7f,
    0x90, 0x66, 0x43, 0xf9, 0x33, 0x14, 0xb, 0x61,
    0xf1, 0x80, 0x8f, 0x6, 0xc2,

    /* U+655B "敛" */
    0x18, 0x40, 0x63, 0x2, 0x68, 0x18, 0xbe, 0xfd,
    0x90, 0xe, 0x45, 0x69, 0xd, 0x28, 0x3c, 0x60,
    0x1d, 0x87, 0xef, 0x1, 0xc6, 0x0, 0x0,

    /* U+655E "敞" */
    0x10, 0x89, 0x58, 0xd5, 0x5, 0x9f, 0x12, 0x2e,
    0xd2, 0xbd, 0x2a, 0xda, 0xac, 0xeb, 0xcc, 0x84,
    0xe8, 0xf3,

    /* U+6562 "敢" */
    0x0, 0x40, 0xf1, 0x0, 0x4c, 0x3, 0x3e, 0x7e,
    0xf8, 0x96, 0x43, 0xd9, 0x9, 0x24, 0x3c, 0x50,
    0x91, 0x83, 0xf6, 0x11, 0x66, 0x5, 0x8,

    /* U+6563 "散" */
    0x28, 0x81, 0x44, 0x3f, 0x20, 0x53, 0xff, 0xd2,
    0x1, 0x91, 0xfc, 0x88, 0xbc, 0x7c, 0xc3, 0xe6,
    0x11, 0x7c, 0x96, 0x30,

    /* U+6566 "敦" */
    0x10, 0x87, 0xf4, 0x0, 0x7c, 0xfa, 0x44, 0x72,
    0x1d, 0x93, 0xf6, 0x83, 0x18, 0x1c, 0xc7, 0x86,
    0x4, 0xcc, 0x68, 0x20,

    /* U+656C "敬" */
    0x28, 0x87, 0xfc, 0xa, 0x7c, 0x52, 0x44, 0x22,
    0x3e, 0xd3, 0xd2, 0x8a, 0x9c, 0x54, 0x43, 0xa7,
    0x11, 0x6c, 0x36, 0x20,

    /* U+6570 "数" */
    0x8, 0x41, 0x52, 0xa, 0x90, 0xff, 0xf1, 0x89,
    0x35, 0x68, 0x21, 0x4f, 0xca, 0x12, 0x61, 0xe1,
    0x3, 0xbc, 0xe7, 0x30,

    /* U+6572 "敲" */
    0x10, 0x47, 0xf2, 0x0, 0x1e, 0xf8, 0x84, 0x44,
    0x3e, 0xfa, 0x8, 0x5f, 0xd4, 0xba, 0xa5, 0x53,
    0x2e, 0x99, 0xf, 0x70,

    /* U+6574 "整" */
    0x18, 0x43, 0xf6, 0x6, 0x3e, 0xfe, 0x27, 0xe6,
    0x1e, 0x39, 0x7e, 0x67, 0xfe, 0x2, 0x0, 0x9f,
    0x4, 0x80, 0xff, 0xf0,

    /* U+6577 "敷" */
    0x14, 0x67, 0xf2, 0x4, 0x3e, 0xfd, 0xf7, 0xfd,
    0x3f, 0x29, 0x49, 0x41, 0xa, 0xf7, 0x61, 0xe3,
    0x19, 0x3f, 0x9e, 0x10,

    /* U+6587 "文" */
    0x4, 0x0, 0x83, 0xff, 0x80, 0x81, 0x10, 0x22,
    0x2, 0xc0, 0x70, 0xe, 0x3, 0x73, 0x83, 0x80,

    /* U+658B "斋" */
    0x3, 0x1, 0xff, 0xe0, 0x8c, 0x1, 0xe0, 0xf,
    0xc1, 0xc0, 0xe3, 0xfe, 0x0, 0x80, 0x3f, 0xf0,
    0x92, 0x42, 0x49, 0x9, 0x2c,

    /* U+6591 "斑" */
    0x2, 0x7, 0x97, 0xc8, 0x8, 0x4f, 0x42, 0x12,
    0x12, 0x93, 0xdf, 0xe4, 0x44, 0x23, 0x21, 0x79,
    0x3d, 0x8, 0x11, 0xf0,

    /* U+6597 "斗" */
    0x1, 0x2, 0x20, 0x34, 0x2, 0x86, 0x10, 0x32,
    0x0, 0x47, 0xff, 0xc1, 0x0, 0x20, 0x4, 0x0,
    0x80,

    /* U+6599 "料" */
    0x10, 0x22, 0xad, 0x15, 0x28, 0x20, 0x47, 0xd2,
    0x8, 0xd0, 0xf0, 0x86, 0x9f, 0x53, 0x26, 0x81,
    0x4, 0x8, 0x20, 0x40,

    /* U+659C "斜" */
    0x10, 0x21, 0xc9, 0xb, 0x68, 0x81, 0x4b, 0xc2,
    0x8, 0xd3, 0xf0, 0x82, 0x1f, 0x57, 0x26, 0xb1,
    0x24, 0x8, 0x60, 0x40,

    /* U+659F "斟" */
    0x24, 0x2f, 0xfa, 0x24, 0xa3, 0xc2, 0x25, 0x23,
    0xda, 0x24, 0xaf, 0xe2, 0x55, 0xf5, 0x42, 0x40,
    0x27, 0xe2,

    /* U+65A4 "斤" */
    0x0, 0x43, 0xfe, 0x20, 0x2, 0x0, 0x3f, 0xf2,
    0x10, 0x21, 0x2, 0x10, 0x61, 0x4, 0x10, 0xc1,
    0x0, 0x10,

    /* U+65A5 "斥" */
    0x1, 0xc3, 0xf0, 0x20, 0x2, 0x0, 0x3f, 0xf2,
    0x10, 0x25, 0x2, 0x30, 0x61, 0xc4, 0x13, 0xc1,
    0x8, 0x10,

    /* U+65A7 "斧" */
    0x8, 0x80, 0xc3, 0x1a, 0x24, 0xe, 0x0, 0x7c,
    0x7c, 0x3c, 0x7f, 0x2, 0x0, 0x1f, 0xf8, 0x84,
    0xc, 0x20, 0xc1, 0x0,

    /* U+65A9 "斩" */
    0x30, 0x11, 0xf, 0xbf, 0x40, 0x42, 0x5, 0x10,
    0x28, 0xff, 0xf4, 0x82, 0x24, 0x15, 0x27, 0xd1,
    0x4, 0x88, 0x28, 0x40,

    /* U+65AD "断" */
    0x10, 0x2d, 0x7e, 0xb5, 0x9, 0x10, 0xfd, 0xf9,
    0x14, 0xbd, 0x4d, 0x54, 0xd1, 0x48, 0x24, 0xfa,
    0x40, 0x44,

    /* U+65AF "斯" */
    0x48, 0x4, 0x9e, 0xfd, 0x4, 0x90, 0x79, 0x4,
    0x9f, 0x79, 0x44, 0x94, 0xfd, 0x47, 0x24, 0x4a,
    0x48, 0xc4,

    /* U+65B0 "新" */
    0x10, 0x1, 0x6, 0xfd, 0x84, 0x90, 0x69, 0xf,
    0xdf, 0x31, 0x43, 0x14, 0xfd, 0x43, 0x14, 0xfa,
    0x4b, 0x24, 0x64, 0x40,

    /* U+65B9 "方" */
    0x4, 0x0, 0x60, 0xff, 0xf0, 0x80, 0x8, 0x0,
    0xfc, 0x8, 0x41, 0x84, 0x10, 0xc3, 0xc, 0x60,
    0x8c, 0x38,

    /* U+65BD "施" */
    0x0, 0x1, 0x8c, 0x4, 0xc0, 0xff, 0xf2, 0x64,
    0x12, 0x28, 0xe9, 0xc5, 0xfa, 0x2a, 0x51, 0x53,
    0x9a, 0x90, 0xf4, 0x1d, 0xbf, 0x0, 0x0,

    /* U+65C1 "旁" */
    0x2, 0xf, 0xff, 0x8, 0x0, 0x90, 0xff, 0xf8,
    0x1, 0xff, 0xf0, 0x80, 0xf, 0xc1, 0x4, 0x20,
    0xcc, 0x18,

    /* U+65C5 "旅" */
    0x0, 0x0, 0x8c, 0x4, 0x7f, 0xfe, 0x2, 0x63,
    0x12, 0xe0, 0xe5, 0x5, 0x2a, 0x29, 0x63, 0x4a,
    0x12, 0x48, 0x93, 0x6d, 0x31, 0x80, 0x0,

    /* U+65CB "旋" */
    0x10, 0x0, 0x8c, 0x4, 0x7e, 0xfe, 0x2, 0x7f,
    0x1c, 0x28, 0xa5, 0x5, 0x2e, 0x2b, 0x42, 0x5a,
    0x17, 0xb0, 0x18, 0xf0,

    /* U+65CF "族" */
    0x0, 0x0, 0xc4, 0x1, 0x1f, 0xbf, 0xc0, 0x26,
    0x80, 0x87, 0xc3, 0x94, 0xa, 0x10, 0x2b, 0xf9,
    0xa1, 0x4, 0x8a, 0x16, 0x6c, 0x7, 0x18,

    /* U+65D7 "旗" */
    0x0, 0x0, 0x4c, 0x1, 0x3f, 0xff, 0x80, 0x2f,
    0xfc, 0x8f, 0xf3, 0x91, 0xa, 0x7c, 0x29, 0xf0,
    0xa4, 0x46, 0xbf, 0xd2, 0x48, 0xd3, 0x18, 0x10,
    0x20,

    /* U+65E0 "无" */
    0x7f, 0xe0, 0x40, 0x4, 0x0, 0x40, 0xff, 0xf0,
    0x50, 0xb, 0x0, 0xb0, 0x13, 0x6, 0x33, 0xc1,
    0xe0,

    /* U+65E2 "既" */
    0xf7, 0xe9, 0x8, 0xf4, 0x89, 0x50, 0xf7, 0xe8,
    0x18, 0x93, 0x8b, 0xa8, 0xc4, 0xb9, 0x8e, 0x0,
    0x0,

    /* U+65E5 "日" */
    0xff, 0x81, 0x81, 0x81, 0xff, 0x81, 0x81, 0x81,
    0x81, 0xff, 0x81,

    /* U+65E6 "旦" */
    0x3f, 0xe1, 0x1, 0x8, 0x8, 0x40, 0x43, 0xfe,
    0x10, 0x10, 0x80, 0x87, 0xfc, 0x0, 0x0, 0x0,
    0x3f, 0xfe,

    /* U+65E7 "旧" */
    0x9f, 0xe4, 0x19, 0x6, 0x41, 0x9f, 0xe4, 0x19,
    0x6, 0x41, 0x9f, 0xe4, 0x10,

    /* U+65E8 "旨" */
    0x80, 0x11, 0xfb, 0xc0, 0x40, 0x3f, 0xfc, 0x0,
    0x3f, 0xe4, 0x4, 0xff, 0x90, 0x12, 0x2, 0x7f,
    0xc0,

    /* U+65E9 "早" */
    0x3f, 0xe1, 0x1, 0x8, 0x8, 0x7f, 0xc2, 0x2,
    0x1f, 0xf0, 0x8, 0x0, 0x40, 0xff, 0xf8, 0x10,
    0x0, 0x80, 0x4, 0x0,

    /* U+65EC "旬" */
    0x8, 0x1, 0x80, 0x1f, 0xf2, 0x1, 0x5f, 0x91,
    0x9, 0x1f, 0x91, 0x9, 0x10, 0x91, 0xf9, 0x10,
    0x90, 0x7,

    /* U+65ED "旭" */
    0x20, 0x2, 0x1e, 0x21, 0x2f, 0xd2, 0x2d, 0x22,
    0xde, 0x2d, 0x22, 0xd2, 0x4d, 0xe4, 0xc0, 0x4c,
    0x18, 0x7f,

    /* U+65F1 "旱" */
    0x3f, 0xe1, 0x1, 0xf, 0xf8, 0x40, 0x43, 0xfe,
    0x0, 0x0, 0xff, 0xc0, 0x40, 0xff, 0xf8, 0x10,
    0x0, 0x80, 0x4, 0x0,

    /* U+65F6 "时" */
    0x0, 0x4f, 0x4, 0x90, 0x49, 0x7f, 0x90, 0x4f,
    0x24, 0x92, 0x49, 0x34, 0x90, 0x4f, 0x4, 0x90,
    0x48, 0x1c, 0x0, 0x0,

    /* U+65F7 "旷" */
    0x0, 0x80, 0xc, 0xf3, 0xf9, 0x20, 0x92, 0xf,
    0x20, 0x92, 0x9, 0x20, 0xf2, 0x9, 0x40, 0xc,
    0x0, 0x80,

    /* U+65FA "旺" */
    0x4, 0x2f, 0x7e, 0x91, 0x9, 0x10, 0xf1, 0x9,
    0x7e, 0x91, 0x9, 0x10, 0xf1, 0xf, 0x10, 0x8f,
    0xf0,

    /* U+6602 "昂" */
    0x3f, 0xe2, 0x2, 0x3f, 0xe2, 0x2, 0x3f, 0xe0,
    0x80, 0x7b, 0xf4, 0x21, 0x42, 0x15, 0xa1, 0x62,
    0x60, 0x20,

    /* U+6606 "昆" */
    0x7f, 0xc4, 0x4, 0x7f, 0xc4, 0x4, 0x7f, 0xc0,
    0x0, 0x42, 0x7, 0xbe, 0x42, 0x4, 0xa2, 0x7a,
    0x34, 0x3e,

    /* U+660C "昌" */
    0x7f, 0x90, 0x27, 0xf9, 0x2, 0x7f, 0x80, 0xf,
    0xfe, 0x1, 0xff, 0xe0, 0x1f, 0xfe, 0x1,

    /* U+660E "明" */
    0xf3, 0xf2, 0x46, 0x48, 0xc9, 0xff, 0x23, 0x24,
    0x64, 0x8c, 0x9f, 0xf2, 0x32, 0xc6, 0x10, 0x8c,
    0x30,

    /* U+660F "昏" */
    0x7, 0xe7, 0xa0, 0x42, 0x7, 0xff, 0x41, 0x7,
    0x8d, 0x3f, 0xf2, 0x4, 0x20, 0x43, 0xfc, 0x20,
    0x43, 0xfc,

    /* U+6613 "易" */
    0x3f, 0xc4, 0x8, 0xff, 0x10, 0x23, 0xfc, 0x30,
    0xf, 0xfe, 0x69, 0x19, 0x3c, 0x44, 0x31, 0x98,
    0x60,

    /* U+6614 "昔" */
    0x19, 0x1, 0x90, 0x7f, 0xe1, 0x90, 0xff, 0xf0,
    0x0, 0x3f, 0x82, 0x8, 0x3f, 0x82, 0x8, 0x20,
    0x83, 0xf8,

    /* U+6619 "昙" */
    0x3f, 0xe1, 0x1, 0xf, 0xf8, 0x40, 0x43, 0xfe,
    0x0, 0x0, 0xff, 0x80, 0x0, 0xff, 0xf8, 0x64,
    0x6, 0x10, 0x7f, 0xe0, 0x0, 0x0,

    /* U+661F "星" */
    0x3f, 0xe2, 0x2, 0x3f, 0xe2, 0x2, 0x3f, 0xe3,
    0x20, 0x3f, 0xe4, 0x20, 0xc2, 0x3, 0xfe, 0x2,
    0xf, 0xff,

    /* U+6620 "映" */
    0x0, 0x8f, 0x8, 0x97, 0xe9, 0x4a, 0x94, 0xaf,
    0x4a, 0x9f, 0xf9, 0x18, 0x91, 0x4f, 0x34, 0x96,
    0x21, 0x83,

    /* U+6625 "春" */
    0x1, 0x0, 0xff, 0xc0, 0x20, 0xf, 0xfc, 0x6,
    0x1, 0xff, 0xe0, 0x84, 0xf, 0xfc, 0x78, 0x28,
    0x7f, 0x81, 0x82, 0x7, 0xf8,

    /* U+6627 "昧" */
    0x1, 0xf, 0x10, 0x97, 0xe9, 0x10, 0x91, 0xf,
    0xfe, 0x93, 0x89, 0x38, 0xf5, 0x49, 0xd6, 0x19,
    0x30, 0x10,

    /* U+6628 "昨" */
    0x2, 0xf, 0x60, 0x97, 0xf9, 0x60, 0x9a, 0xf,
    0xbe, 0x92, 0x9, 0x20, 0x92, 0x6f, 0x3e, 0x92,
    0x0, 0x20,

    /* U+662D "昭" */
    0x7, 0xfe, 0x26, 0x44, 0xc8, 0x99, 0x23, 0xe8,
    0xe4, 0x4, 0xbf, 0x94, 0x3e, 0x86, 0x1f, 0x82,
    0x10,

    /* U+662F "是" */
    0x1f, 0xe0, 0x81, 0x7, 0xf8, 0x20, 0x41, 0xfe,
    0x0, 0x1, 0xff, 0xc2, 0x40, 0x13, 0xe1, 0x90,
    0x1a, 0x81, 0x8f, 0xe0,

    /* U+6635 "昵" */
    0x7, 0xef, 0x42, 0x94, 0x29, 0x7e, 0xf5, 0x9,
    0x52, 0x95, 0x79, 0x5c, 0xf5, 0x9, 0x90, 0x19,
    0x33, 0x1e,

    /* U+663C "昼" */
    0x3f, 0xf0, 0x40, 0xc1, 0x3, 0xf, 0xfc, 0x30,
    0x80, 0xc1, 0x87, 0xfb, 0x97, 0xf8, 0x10, 0x20,
    0x7f, 0x80, 0x0, 0x1f, 0xfe,

    /* U+663E "显" */
    0x3f, 0xe2, 0x2, 0x20, 0x23, 0xfe, 0x20, 0x23,
    0xfe, 0x9, 0x6, 0x93, 0x29, 0x63, 0x94, 0x9,
    0xf, 0xff,

    /* U+6643 "晃" */
    0x3f, 0xe2, 0x2, 0x3f, 0xe2, 0x2, 0x3f, 0xe3,
    0x24, 0x12, 0xcf, 0xff, 0xd, 0x0, 0x90, 0x19,
    0x16, 0x1e,

    /* U+664B "晋" */
    0xff, 0xf0, 0x48, 0xa, 0x58, 0x52, 0x8f, 0xff,
    0x80, 0x0, 0xff, 0x84, 0x8, 0x3f, 0xc1, 0x2,
    0xf, 0xf0, 0x40, 0x80,

    /* U+664C "晌" */
    0x1, 0x8f, 0x10, 0x97, 0xf9, 0x41, 0x95, 0xdf,
    0x55, 0x95, 0x59, 0x55, 0x95, 0x5f, 0x5d, 0x94,
    0x18, 0x43,

    /* U+6652 "晒" */
    0x1f, 0xfe, 0x28, 0xa2, 0x8a, 0x28, 0xaf, 0xee,
    0xaa, 0xaa, 0xaa, 0xaa, 0xac, 0xee, 0x82, 0x8f,
    0xe0, 0x82,

    /* U+6653 "晓" */
    0x2, 0xf, 0x3e, 0x9f, 0x29, 0x14, 0x91, 0x8f,
    0x7d, 0x90, 0x79, 0xff, 0xf2, 0x89, 0x28, 0x84,
    0x91, 0xcf,

    /* U+6655 "晕" */
    0x7f, 0xe3, 0x1, 0x1f, 0xf8, 0xff, 0xcf, 0xff,
    0x42, 0xb, 0xff, 0x82, 0x40, 0x7f, 0xe0, 0x10,
    0x3f, 0xfc, 0x4, 0x0,

    /* U+665A "晚" */
    0x1, 0x0, 0x30, 0xf3, 0xc9, 0x44, 0x94, 0x89,
    0x7e, 0xf4, 0xa9, 0x4a, 0x97, 0xe9, 0x18, 0xf3,
    0x89, 0x68, 0x98, 0xf0,

    /* U+6664 "晤" */
    0x7, 0xff, 0x10, 0x91, 0x9, 0x7e, 0xf2, 0x29,
    0xff, 0x90, 0x9, 0x7e, 0xf4, 0x29, 0x42, 0x87,
    0xe0, 0x42,

    /* U+6666 "晦" */
    0x2, 0xf, 0x7f, 0x94, 0x9, 0xfe, 0x95, 0x2f,
    0x4a, 0x9f, 0xf9, 0x52, 0x94, 0xaf, 0x7f, 0x90,
    0x28, 0xe,

    /* U+6668 "晨" */
    0x1f, 0xe0, 0xff, 0x4, 0x8, 0x1f, 0x83, 0xff,
    0x10, 0x0, 0xbf, 0x87, 0xfe, 0x29, 0x23, 0x4e,
    0x13, 0x9e, 0x90, 0x0,

    /* U+666E "普" */
    0x10, 0x80, 0x98, 0xff, 0xf2, 0x90, 0x29, 0x42,
    0x94, 0xff, 0xf0, 0x0, 0x3f, 0xc2, 0x4, 0x3f,
    0xc2, 0x4, 0x3f, 0xc0,

    /* U+666F "景" */
    0x3f, 0xc2, 0x4, 0x3f, 0xc3, 0xfc, 0x4, 0xf,
    0xff, 0x0, 0x43, 0xfc, 0x3f, 0xc1, 0x60, 0x66,
    0xe8, 0xc2,

    /* U+6670 "晰" */
    0x4, 0x1e, 0x4f, 0xa4, 0x8a, 0xe8, 0xa4, 0xfe,
    0xea, 0xaf, 0xab, 0xda, 0xb4, 0xae, 0x52, 0xa5,
    0x28, 0x72,

    /* U+6674 "晴" */
    0x1, 0xf, 0xfe, 0x91, 0x9, 0xfe, 0x91, 0xf,
    0xef, 0x97, 0xe9, 0x42, 0x97, 0xef, 0x7e, 0x94,
    0x20, 0x4e,

    /* U+6676 "晶" */
    0x7f, 0xc6, 0x4, 0x7f, 0xc6, 0x4, 0x7f, 0xc0,
    0x0, 0xfb, 0xf8, 0xa3, 0xfb, 0xf8, 0xa3, 0xfb,
    0xf8, 0xa3,

    /* U+667A "智" */
    0x10, 0x1, 0xff, 0xda, 0x26, 0xff, 0x30, 0x89,
    0x8b, 0x7d, 0x80, 0x3, 0xfc, 0x10, 0x20, 0xff,
    0x7, 0xf8, 0x20, 0x40,

    /* U+667E "晾" */
    0x3, 0xf, 0x10, 0x9f, 0xf9, 0x0, 0x97, 0xef,
    0x42, 0x94, 0x29, 0x3c, 0xf5, 0x69, 0x53, 0x89,
    0x10, 0x30,

    /* U+6682 "暂" */
    0x30, 0xb, 0xfb, 0xe6, 0x88, 0x3f, 0xbf, 0x8,
    0x93, 0xfe, 0x40, 0xb1, 0xf, 0xf8, 0x30, 0x20,
    0xff, 0x83, 0x2, 0xf, 0xf8,

    /* U+6687 "暇" */
    0x7, 0xef, 0x52, 0x95, 0x29, 0x7e, 0x94, 0xf,
    0x40, 0x97, 0xe9, 0x4a, 0x97, 0xcf, 0x44, 0x94,
    0xc0, 0x73,

    /* U+6691 "暑" */
    0x3f, 0xe1, 0x1, 0xf, 0xf8, 0x7f, 0xc0, 0x41,
    0x3f, 0xf0, 0x16, 0x1f, 0xce, 0x1f, 0xe7, 0x81,
    0x7, 0xf8, 0x3f, 0xc0,

    /* U+6696 "暖" */
    0x0, 0x37, 0xbe, 0x25, 0x29, 0x20, 0x8f, 0x7a,
    0x4b, 0xfa, 0x44, 0x12, 0x7c, 0xf7, 0x24, 0xaa,
    0x26, 0x30, 0xe, 0x60,

    /* U+6697 "暗" */
    0x1, 0x0, 0x18, 0xf7, 0xf9, 0x66, 0x92, 0x4f,
    0xff, 0x90, 0x9, 0x7e, 0x94, 0x29, 0x42, 0xf7,
    0xe9, 0x42, 0x87, 0xe0,

    /* U+66AE "暮" */
    0x4, 0x81, 0xff, 0xe1, 0xfe, 0x4, 0x8, 0x1f,
    0xe0, 0x7f, 0x80, 0x40, 0x1e, 0xfe, 0x1f, 0xf1,
    0xc0, 0xe1, 0xfe, 0x7, 0xf8,

    /* U+66B4 "暴" */
    0x1f, 0xf0, 0x40, 0x41, 0xff, 0x7, 0xfc, 0x4,
    0x40, 0xff, 0xc7, 0xff, 0x83, 0x58, 0x71, 0x39,
    0x1f, 0x23, 0x93, 0x0, 0xc0,

    /* U+66D9 "曙" */
    0xf, 0xff, 0xaa, 0x9f, 0xe9, 0x12, 0xf7, 0xa9,
    0x14, 0x9f, 0xf9, 0x10, 0xf7, 0xe8, 0xc2, 0x97,
    0xe0, 0x7e,

    /* U+66F2 "曲" */
    0x12, 0x4, 0x8f, 0xfe, 0x49, 0x92, 0x64, 0x9f,
    0xfe, 0x49, 0x92, 0x64, 0x9f, 0xfe, 0x1,

    /* U+66F4 "更" */
    0x7f, 0xf0, 0x10, 0x0, 0x80, 0x7f, 0xc2, 0x22,
    0x1f, 0xf0, 0x88, 0x87, 0xfc, 0x12, 0x0, 0xd0,
    0x3, 0x81, 0xf7, 0xe4, 0x0, 0x0,

    /* U+66F9 "曹" */
    0x9, 0xf, 0xff, 0x9, 0x7, 0xfe, 0x49, 0x27,
    0xfe, 0x7f, 0xe0, 0x0, 0x3f, 0xc2, 0x4, 0x3f,
    0xc3, 0xfc,

    /* U+66FC "曼" */
    0x3f, 0xe1, 0xff, 0x8, 0x8, 0x3f, 0x87, 0xff,
    0x24, 0x49, 0xff, 0xc0, 0x0, 0x7f, 0xe0, 0x86,
    0x3, 0xc1, 0xf3, 0xf0, 0x0, 0x0,

    /* U+66FE "曾" */
    0x11, 0x6, 0x8f, 0xfe, 0x11, 0xb5, 0x7f, 0xf0,
    0x1, 0xfe, 0x40, 0x9f, 0xe4, 0x9, 0xfe,

    /* U+66FF "替" */
    0x10, 0x83, 0xff, 0x84, 0x21, 0xff, 0xe1, 0x18,
    0x16, 0xa1, 0x88, 0xcb, 0xfa, 0x10, 0x40, 0xfe,
    0x7, 0xf0, 0x20, 0x80,

    /* U+6700 "最" */
    0x3f, 0xc2, 0x4, 0x3f, 0xc3, 0xfc, 0x0, 0xf,
    0xff, 0x48, 0x7, 0x9c, 0x7a, 0x44, 0x9c, 0xfd,
    0xc0, 0xa2,

    /* U+6708 "月" */
    0x1f, 0xc4, 0x11, 0x4, 0x7f, 0x10, 0x44, 0x11,
    0x4, 0x7f, 0x10, 0x4c, 0x12, 0x5, 0x83, 0x0,
    0x0,

    /* U+6709 "有" */
    0x4, 0x0, 0x40, 0xff, 0xf0, 0x80, 0x10, 0x3,
    0xfc, 0x70, 0x4d, 0xfc, 0x90, 0x41, 0x4, 0x1f,
    0xc1, 0x4, 0x10, 0xc0,

    /* U+670B "朋" */
    0x79, 0xe9, 0x25, 0x24, 0xa4, 0x97, 0x9e, 0x92,
    0x52, 0x4b, 0xcf, 0x49, 0x29, 0x67, 0x28, 0xcb,
    0x30, 0x40,

    /* U+670D "服" */
    0x7b, 0xe2, 0x51, 0x12, 0xa8, 0xf4, 0xc4, 0xa1,
    0x25, 0xf1, 0xea, 0x89, 0x54, 0x4a, 0x42, 0x53,
    0x22, 0xad, 0x34, 0x20,

    /* U+6717 "朗" */
    0x60, 0x4, 0x7f, 0xec, 0xc5, 0x9f, 0xbf, 0x16,
    0x62, 0xcf, 0xdf, 0x92, 0x33, 0x47, 0xa8, 0xc2,
    0x70, 0x44,

    /* U+671B "望" */
    0x13, 0xef, 0xe2, 0x43, 0xe4, 0x22, 0x4b, 0xef,
    0x62, 0x4, 0x4f, 0xfe, 0x4, 0x7, 0xfc, 0x4,
    0xf, 0xff,

    /* U+671D "朝" */
    0x10, 0xff, 0xe9, 0x10, 0x97, 0xc9, 0x44, 0xf7,
    0xc9, 0x44, 0x97, 0xcf, 0x10, 0x9f, 0xf9, 0x11,
    0x11, 0x63,

    /* U+671F "期" */
    0x24, 0xf2, 0x49, 0x7e, 0x92, 0x49, 0x3c, 0xf2,
    0x49, 0x3c, 0x92, 0x4f, 0xff, 0x92, 0x91, 0x67,
    0x14, 0x63,

    /* U+6726 "朦" */
    0x1, 0x21, 0xdf, 0xe5, 0x12, 0x15, 0xb6, 0x75,
    0xe1, 0x50, 0x25, 0x3f, 0x1c, 0xe4, 0x55, 0x61,
    0x5b, 0x45, 0x15, 0xbc, 0x92, 0x0, 0x80,

    /* U+6728 "木" */
    0x2, 0x0, 0x10, 0x0, 0x80, 0xff, 0xe0, 0x70,
    0x7, 0xc0, 0x2a, 0x2, 0x58, 0x32, 0x63, 0x11,
    0xd0, 0x80, 0x4, 0x0,

    /* U+672A "未" */
    0x0, 0x0, 0x10, 0x0, 0x80, 0x7f, 0xc0, 0x20,
    0x1, 0x1, 0xff, 0xc0, 0xe0, 0xa, 0x80, 0xd6,
    0xc, 0x9c, 0x84, 0x20, 0x20, 0x0,

    /* U+672B "末" */
    0x2, 0x0, 0x10, 0x1f, 0xfc, 0x4, 0x0, 0x20,
    0x1f, 0xf0, 0x1c, 0x1, 0x50, 0x1a, 0xc1, 0x93,
    0xd0, 0x84, 0x4, 0x0,

    /* U+672C "本" */
    0x2, 0x0, 0x10, 0x0, 0x80, 0xff, 0xe0, 0x70,
    0x5, 0x40, 0x2a, 0x2, 0x48, 0x22, 0x76, 0x7f,
    0xc0, 0x80, 0x4, 0x0,

    /* U+672F "术" */
    0x2, 0x0, 0x12, 0x0, 0x88, 0xff, 0xe0, 0x70,
    0x7, 0x80, 0x2a, 0x2, 0x58, 0x32, 0x63, 0x11,
    0x90, 0x80, 0x4, 0x0,

    /* U+6731 "朱" */
    0x12, 0x1, 0x90, 0xf, 0xf8, 0xc4, 0x0, 0x20,
    0x7f, 0xf8, 0x1c, 0x1, 0x50, 0x12, 0xc1, 0x13,
    0x30, 0x84, 0x4, 0x0,

    /* U+6734 "朴" */
    0x10, 0x80, 0x84, 0x4, 0x21, 0xf9, 0x41, 0xa,
    0x18, 0x48, 0xf2, 0x6a, 0xd1, 0xd0, 0x80, 0x84,
    0x4, 0x20, 0x21, 0x0,

    /* U+6735 "朵" */
    0xf, 0x80, 0x88, 0x8, 0x81, 0x89, 0x73, 0xf0,
    0x20, 0xff, 0xf0, 0xf8, 0x1a, 0x83, 0x26, 0xe2,
    0x30, 0x20,

    /* U+673A "机" */
    0x20, 0x2, 0x3c, 0x22, 0x4f, 0xa4, 0x22, 0x46,
    0x24, 0x7a, 0x4a, 0xa4, 0xa6, 0x42, 0x45, 0x2c,
    0x52, 0x87,

    /* U+673D "朽" */
    0x10, 0x0, 0xbf, 0xc5, 0x20, 0xfb, 0x1, 0x10,
    0x18, 0xf8, 0xf0, 0x4a, 0x2, 0xd0, 0x10, 0x81,
    0x84, 0x8, 0x21, 0xc0,

    /* U+6740 "杀" */
    0x0, 0x1, 0xc, 0xd, 0x80, 0x30, 0xc, 0xc3,
    0x26, 0x2, 0xf, 0xff, 0x2, 0x1, 0xac, 0x32,
    0x66, 0x23, 0x6, 0x0,

    /* U+6742 "杂" */
    0x4, 0x0, 0x40, 0x7f, 0x80, 0xc8, 0x8, 0x81,
    0x89, 0xe2, 0xf0, 0x20, 0xff, 0xf0, 0x20, 0x12,
    0xc6, 0x26, 0xce, 0x20, 0x0,

    /* U+6743 "权" */
    0x20, 0x1, 0x3f, 0x8, 0x9, 0xf4, 0x42, 0x22,
    0x31, 0x21, 0xad, 0x15, 0x38, 0xa1, 0x81, 0xe,
    0x9, 0x9c, 0x50, 0x0,

    /* U+6746 "杆" */
    0x10, 0x0, 0x9f, 0xc4, 0x10, 0xf8, 0x81, 0x4,
    0x18, 0x20, 0xef, 0xea, 0x88, 0xd0, 0x40, 0x82,
    0x4, 0x10, 0x20, 0x80,

    /* U+6748 "杈" */
    0x10, 0x0, 0x4f, 0xe1, 0x31, 0x9f, 0x46, 0x11,
    0x50, 0xe5, 0x43, 0xd9, 0x14, 0x28, 0x50, 0xe0,
    0x43, 0x81, 0x3b, 0x85, 0x3,

    /* U+6749 "杉" */
    0x10, 0x20, 0x81, 0x4, 0x10, 0xfb, 0x1, 0x13,
    0x1c, 0x10, 0xd3, 0xa, 0x72, 0xd0, 0x30, 0x83,
    0x4, 0x60, 0x24, 0x0,

    /* U+674E "李" */
    0x1, 0x1, 0xff, 0xe0, 0x58, 0x3, 0x50, 0x19,
    0x23, 0x84, 0x61, 0xfe, 0x0, 0x30, 0x1, 0x1,
    0xff, 0xe0, 0x10, 0x1, 0xc0,

    /* U+674F "杏" */
    0x2, 0x0, 0x10, 0x1f, 0xfe, 0x1e, 0x1, 0xa8,
    0x19, 0x33, 0x8, 0xc7, 0xf8, 0x20, 0x41, 0x2,
    0xf, 0xf0, 0x40, 0x80,

    /* U+6750 "材" */
    0x10, 0x20, 0x81, 0x4, 0x8, 0xff, 0xf1, 0x6,
    0x18, 0x50, 0xd2, 0x8a, 0xa4, 0x53, 0x20, 0xb1,
    0x4, 0x8, 0x21, 0xc0,

    /* U+6751 "村" */
    0x10, 0x20, 0x81, 0x4, 0x8, 0xff, 0xf1, 0x2,
    0x1c, 0x90, 0xd4, 0x8a, 0x14, 0xd0, 0x20, 0x81,
    0x4, 0x8, 0x20, 0xc0,

    /* U+6756 "杖" */
    0x20, 0x41, 0x2, 0x8, 0x11, 0xef, 0xe2, 0x4,
    0x39, 0x21, 0xe9, 0x15, 0x28, 0xa1, 0x81, 0xe,
    0x9, 0xde, 0x58, 0x20,

    /* U+675C "杜" */
    0x10, 0x40, 0x82, 0x4, 0x10, 0xf8, 0x83, 0x3f,
    0x98, 0x20, 0xf1, 0xa, 0xc8, 0x50, 0x40, 0x82,
    0x5, 0xfe, 0x20, 0x0,

    /* U+675F "束" */
    0x2, 0x0, 0x10, 0x3f, 0xfe, 0x4, 0x3, 0xfe,
    0x11, 0x10, 0x88, 0x87, 0xfc, 0xe, 0x80, 0xd6,
    0x18, 0x8e, 0x4, 0x0,

    /* U+6760 "杠" */
    0x10, 0x0, 0x9f, 0xc4, 0x10, 0xf8, 0x81, 0x4,
    0x1a, 0x20, 0xf1, 0xa, 0x88, 0xd0, 0x40, 0x82,
    0x4, 0xfe, 0x20, 0x0,

    /* U+6761 "条" */
    0x8, 0x0, 0xfe, 0xe, 0x30, 0xcb, 0x0, 0x78,
    0x7d, 0x38, 0x8, 0xf, 0xfc, 0x2, 0x1, 0xd6,
    0x38, 0x8c, 0xc, 0x0,

    /* U+6765 "来" */
    0x2, 0x0, 0x10, 0x1f, 0xfc, 0x4, 0x81, 0x24,
    0x1, 0x41, 0xff, 0xc1, 0xe0, 0xa, 0x81, 0x93,
    0x38, 0x8c, 0x4, 0x0,

    /* U+6768 "杨" */
    0x20, 0x2, 0x7f, 0x20, 0xcf, 0x90, 0x67, 0xf7,
    0x95, 0xab, 0x5a, 0x25, 0xa4, 0x92, 0x99, 0x23,
    0x22, 0x46,

    /* U+676D "杭" */
    0x21, 0x81, 0x4, 0x9, 0xff, 0xef, 0xf2, 0x0,
    0x39, 0xf1, 0xe8, 0x8d, 0x44, 0xa2, 0x21, 0x11,
    0x9, 0x8a, 0x58, 0x70,

    /* U+676F "杯" */
    0x10, 0x0, 0xbf, 0xc4, 0x10, 0xf9, 0x81, 0xc,
    0x1c, 0xf0, 0xd7, 0xca, 0x5b, 0x5c, 0xc8, 0x86,
    0x4, 0x30, 0x21, 0x80,

    /* U+6770 "杰" */
    0x2, 0x0, 0x10, 0x1f, 0xfc, 0xe, 0x0, 0xa8,
    0x9, 0x61, 0xc9, 0xe8, 0x42, 0x0, 0x1, 0x49,
    0x9b, 0x64, 0x9b, 0x20,

    /* U+677E "松" */
    0x23, 0xc1, 0x12, 0x8, 0x91, 0xf4, 0xc2, 0x42,
    0x36, 0xd9, 0xe4, 0x15, 0x20, 0xa2, 0x41, 0x11,
    0x9, 0xf8, 0x40, 0x40,

    /* U+677F "板" */
    0x20, 0x11, 0x1f, 0x88, 0x80, 0xe7, 0xe6, 0x22,
    0x39, 0xd1, 0xaa, 0x94, 0x54, 0xa4, 0xc1, 0x27,
    0xb, 0x6e, 0x56, 0x0,

    /* U+6781 "极" */
    0x20, 0x1, 0x3f, 0x8, 0x99, 0xf4, 0x82, 0x27,
    0x39, 0x99, 0xee, 0x94, 0x54, 0xa6, 0xe1, 0x22,
    0xa, 0x6c, 0x46, 0x20,

    /* U+6784 "构" */
    0x21, 0x2, 0x20, 0x23, 0xff, 0xe1, 0x24, 0x16,
    0x11, 0x7a, 0x1a, 0xad, 0xa7, 0xd2, 0x45, 0x20,
    0x12, 0x7,

    /* U+6789 "枉" */
    0x10, 0x0, 0x9f, 0xc4, 0x10, 0xf8, 0x81, 0x4,
    0x1d, 0xfc, 0xd1, 0xa, 0x88, 0x50, 0x40, 0x82,
    0x5, 0xfe, 0x20, 0x0,

    /* U+6790 "析" */
    0x20, 0x22, 0x3f, 0x22, 0xf, 0xa0, 0x23, 0xf7,
    0x24, 0x6a, 0x4a, 0x24, 0xa2, 0x42, 0x44, 0x2c,
    0x42, 0x84,

    /* U+6795 "枕" */
    0x20, 0x81, 0x4, 0x8, 0x21, 0xef, 0xe2, 0x49,
    0x30, 0x41, 0xe7, 0x15, 0x28, 0xa3, 0x41, 0x12,
    0xb, 0x16, 0x50, 0xe0,

    /* U+6797 "林" */
    0x30, 0x82, 0x8, 0x20, 0x8f, 0xbf, 0x21, 0x86,
    0x18, 0x6a, 0xc6, 0x2e, 0xa4, 0xba, 0xc9, 0x20,
    0x82, 0x8,

    /* U+679A "枚" */
    0x10, 0x80, 0x8c, 0x4, 0x40, 0xfb, 0xf1, 0x33,
    0x1d, 0x98, 0xf4, 0x8a, 0x94, 0x50, 0xe0, 0x86,
    0x4, 0xee, 0x28, 0x10,

    /* U+679C "果" */
    0x3f, 0xe1, 0x11, 0x8, 0x88, 0x7f, 0xc2, 0x22,
    0x1f, 0xf0, 0x8, 0xf, 0xff, 0xe, 0x80, 0xd6,
    0x18, 0x8c, 0x4, 0x0,

    /* U+679D "枝" */
    0x20, 0x81, 0x4, 0x9, 0xfd, 0xf1, 0x2, 0x8,
    0x3b, 0xf1, 0xe8, 0x95, 0x4c, 0xa1, 0x41, 0xc,
    0x9, 0xdc, 0x58, 0x20,

    /* U+67A2 "枢" */
    0x20, 0x2, 0x7f, 0x24, 0xf, 0xc2, 0x25, 0x46,
    0x4c, 0x74, 0xce, 0xcc, 0xa5, 0x2a, 0x73, 0x24,
    0x2, 0x7f,

    /* U+67A3 "枣" */
    0x2, 0x3, 0xff, 0x80, 0x80, 0x7f, 0xc2, 0x72,
    0x13, 0x90, 0x6b, 0xc, 0xf, 0x47, 0x90, 0x44,
    0x3, 0xc0, 0x3, 0x0,

    /* U+67AA "枪" */
    0x21, 0x2, 0x18, 0x22, 0x8f, 0xa4, 0x24, 0x36,
    0xbd, 0x7a, 0x4a, 0xa4, 0xa2, 0xca, 0x20, 0x22,
    0x22, 0x3e,

    /* U+67AB "枫" */
    0x20, 0x1, 0x3f, 0x9, 0x9, 0xfc, 0xc2, 0x7a,
    0x3a, 0xd1, 0xb2, 0x94, 0xb4, 0xa6, 0xa1, 0x73,
    0xa, 0xe, 0x40, 0x20,

    /* U+67AF "枯" */
    0x10, 0x40, 0x82, 0x4, 0x10, 0xf7, 0xf1, 0x4,
    0x1c, 0x20, 0xf7, 0xca, 0x22, 0x51, 0x10, 0x88,
    0x84, 0x7c, 0x22, 0x20,

    /* U+67B6 "架" */
    0x10, 0x3, 0xff, 0x85, 0xe4, 0x2b, 0x22, 0x59,
    0x26, 0xf9, 0x28, 0xf, 0xfe, 0x7, 0x0, 0xd6,
    0x1c, 0x9e, 0x84, 0x20,

    /* U+67B7 "枷" */
    0x22, 0x2, 0x20, 0x22, 0xff, 0x7d, 0x22, 0xd7,
    0x2d, 0x6a, 0xda, 0x2d, 0x25, 0x52, 0x57, 0x2b,
    0x52, 0x0,

    /* U+67C4 "柄" */
    0x20, 0x1, 0x3f, 0xc8, 0x21, 0xf1, 0x2, 0x7f,
    0x32, 0x49, 0xd2, 0x55, 0xaa, 0xa5, 0x71, 0x20,
    0x89, 0x4, 0x48, 0x60,

    /* U+67CF "柏" */
    0x20, 0x82, 0x8, 0x23, 0xff, 0xa1, 0x22, 0x17,
    0x21, 0x6b, 0xfa, 0xa1, 0xa2, 0x12, 0x21, 0x23,
    0xf2, 0x21,

    /* U+67D0 "某" */
    0x10, 0x47, 0xff, 0xc4, 0x10, 0x3f, 0x81, 0x4,
    0xf, 0xe0, 0x8, 0x0, 0x40, 0xff, 0xf8, 0x7c,
    0xc, 0x98, 0x84, 0x20,

    /* U+67D1 "柑" */
    0x22, 0x21, 0x11, 0x8, 0x89, 0xff, 0xf2, 0x22,
    0x19, 0x11, 0xaf, 0x8c, 0x44, 0xa2, 0x21, 0x11,
    0x8, 0xf8, 0x44, 0x40,

    /* U+67D2 "柒" */
    0x1, 0x81, 0x88, 0x0, 0x4c, 0xcf, 0x80, 0x91,
    0xc, 0x99, 0x83, 0x80, 0x40, 0x7f, 0xf8, 0x38,
    0x6, 0xb0, 0xc4, 0xf4, 0x21, 0x0,

    /* U+67D3 "染" */
    0x21, 0x1, 0x88, 0x1, 0xf8, 0xc2, 0x82, 0x24,
    0x19, 0x25, 0xb1, 0xc0, 0x40, 0xff, 0xf8, 0x7c,
    0xc, 0x98, 0x84, 0x20,

    /* U+67D4 "柔" */
    0x7f, 0xe0, 0x8c, 0x7, 0xf, 0xfe, 0xe, 0x23,
    0x22, 0xc6, 0x0, 0x60, 0xff, 0xf0, 0xd0, 0x34,
    0xec, 0x43,

    /* U+67DC "柜" */
    0x10, 0x0, 0x47, 0xe1, 0x10, 0x1f, 0x40, 0x31,
    0xf0, 0xc4, 0x43, 0xd1, 0x14, 0x7c, 0x51, 0x0,
    0x44, 0x1, 0x10, 0x4, 0x7f,

    /* U+67E0 "柠" */
    0x21, 0x82, 0x8, 0x27, 0xff, 0xc1, 0x20, 0x7,
    0x0, 0x77, 0xfe, 0x88, 0xa0, 0x82, 0x8, 0x20,
    0x82, 0x38,

    /* U+67E5 "查" */
    0x2, 0x0, 0xc, 0x7, 0xff, 0x81, 0xe0, 0x1b,
    0x60, 0xcc, 0xe5, 0xfe, 0x84, 0x8, 0x1f, 0xe0,
    0x40, 0x81, 0xfe, 0x0, 0x0, 0x7f, 0xf8,

    /* U+67EC "柬" */
    0x2, 0x3, 0xff, 0x80, 0x80, 0x7f, 0xc2, 0x22,
    0x15, 0x50, 0xaa, 0x87, 0xfc, 0xf, 0x0, 0xd6,
    0x18, 0x9e, 0x84, 0x0,

    /* U+67F1 "柱" */
    0x20, 0x82, 0x8, 0x20, 0xf, 0xff, 0x20, 0x87,
    0x8, 0x6b, 0xfa, 0x88, 0xa0, 0x82, 0x8, 0x20,
    0x82, 0xff,

    /* U+67F3 "柳" */
    0x21, 0x2, 0x67, 0x24, 0x5f, 0x55, 0x25, 0x57,
    0x55, 0x7d, 0x5a, 0x75, 0xa5, 0x52, 0x25, 0x26,
    0x42, 0x84,

    /* U+67F4 "柴" */
    0x9, 0x81, 0x49, 0xb, 0xfc, 0x52, 0x2, 0xf1,
    0xff, 0x78, 0x8, 0x0, 0x40, 0xff, 0xf8, 0x7c,
    0xc, 0x98, 0x84, 0x20,

    /* U+67FF "柿" */
    0x21, 0x81, 0x4, 0x9, 0xff, 0xf1, 0x2, 0x8,
    0x3b, 0xf9, 0xf2, 0x4c, 0x92, 0xa4, 0x91, 0x24,
    0x89, 0x2c, 0x41, 0x0,

    /* U+6805 "栅" */
    0x20, 0x1, 0x3b, 0x89, 0x54, 0x4a, 0xaf, 0x55,
    0x12, 0xa8, 0xff, 0xed, 0xaa, 0x65, 0x55, 0x2a,
    0x89, 0x54, 0x53, 0x22, 0xbb, 0x0,

    /* U+6807 "标" */
    0x20, 0x1, 0x1f, 0x88, 0x1, 0xf0, 0x2, 0x7f,
    0x30, 0x41, 0xe2, 0x15, 0xd6, 0xa4, 0x91, 0x64,
    0x4a, 0x20, 0x43, 0x0,

    /* U+6808 "栈" */
    0x21, 0x41, 0x9, 0x8, 0x45, 0xf7, 0xc2, 0x70,
    0x38, 0xbd, 0xbe, 0x1c, 0x16, 0xa0, 0xe1, 0xe,
    0xb, 0x8a, 0x40, 0x30,

    /* U+680B "栋" */
    0x10, 0xc0, 0x42, 0x1, 0x3f, 0x9f, 0x20, 0x11,
    0x40, 0xe5, 0x3, 0xff, 0x95, 0x10, 0x51, 0x50,
    0x49, 0x21, 0x64, 0xc4, 0x30,

    /* U+680F "栏" */
    0x13, 0x30, 0x89, 0x4, 0x48, 0xff, 0xf1, 0x0,
    0x1c, 0x0, 0xff, 0xca, 0x0, 0x50, 0x0, 0x80,
    0x5, 0xfe, 0x20, 0x0,

    /* U+6811 "树" */
    0x20, 0x11, 0x0, 0x89, 0xe5, 0xe2, 0xf2, 0x51,
    0x3b, 0xa9, 0xed, 0x5c, 0x6a, 0xa7, 0x91, 0x60,
    0x88, 0x4, 0x40, 0x40,

    /* U+6813 "栓" */
    0x20, 0x81, 0xa, 0x8, 0xd8, 0xec, 0x72, 0xff,
    0x38, 0x41, 0xa2, 0x15, 0xfe, 0xa0, 0x81, 0x4,
    0x8, 0x20, 0x5f, 0xf0,

    /* U+6816 "栖" */
    0x20, 0x1, 0x7f, 0xc8, 0x51, 0xf2, 0x82, 0x7f,
    0x12, 0xa9, 0xf5, 0x4d, 0xaa, 0xa6, 0x71, 0x20,
    0x89, 0xfc, 0x48, 0x20,

    /* U+6817 "栗" */
    0xff, 0xf0, 0x90, 0x9, 0x7, 0xfc, 0x49, 0x47,
    0xfc, 0x0, 0x0, 0x60, 0xff, 0xf1, 0xf0, 0x66,
    0xe8, 0x63,

    /* U+6821 "校" */
    0x21, 0x82, 0x8, 0x27, 0xff, 0x0, 0x23, 0x66,
    0x63, 0x78, 0x4a, 0x24, 0xa1, 0x82, 0x18, 0x27,
    0xc2, 0xc3,

    /* U+682A "株" */
    0x20, 0x81, 0x14, 0x8, 0xa1, 0xef, 0xe2, 0x48,
    0x3b, 0xf9, 0xa7, 0x14, 0x38, 0xa2, 0xa1, 0x25,
    0x8a, 0x26, 0x41, 0x0,

    /* U+6837 "样" */
    0x22, 0x22, 0x14, 0x24, 0x4f, 0xff, 0x20, 0x87,
    0xff, 0x68, 0x8a, 0x8, 0xa7, 0xf2, 0x8, 0x20,
    0x82, 0x8,

    /* U+6838 "核" */
    0x20, 0x81, 0x6, 0x9, 0xff, 0xf3, 0x2, 0x12,
    0x33, 0xf1, 0xe3, 0x74, 0x36, 0xa7, 0x21, 0x27,
    0x8, 0xe4, 0x4c, 0x10,

    /* U+6839 "根" */
    0x20, 0x1, 0x3f, 0x89, 0xd, 0xff, 0xe2, 0x43,
    0x3b, 0xf9, 0xb2, 0x54, 0x94, 0xa4, 0xc1, 0x23,
    0x9, 0xee, 0x48, 0x20,

    /* U+683C "格" */
    0x23, 0x2, 0x20, 0x27, 0xef, 0xe4, 0x29, 0x47,
    0x18, 0x6e, 0x7a, 0x7e, 0xa4, 0x22, 0x42, 0x27,
    0xe2, 0x42,

    /* U+683D "栽" */
    0x11, 0x1, 0x14, 0x7d, 0x21, 0x10, 0xff, 0xf1,
    0x10, 0xfd, 0x63, 0x1c, 0x3c, 0xc5, 0x48, 0x93,
    0x51, 0x23,

    /* U+6842 "桂" */
    0x10, 0x40, 0x41, 0x1, 0x3f, 0x9f, 0x10, 0x10,
    0x40, 0xcf, 0xf3, 0xc4, 0x1d, 0x10, 0x53, 0xf9,
    0x41, 0x1, 0x4, 0x5, 0xff,

    /* U+6843 "桃" */
    0x21, 0x41, 0xa, 0xb, 0x55, 0xea, 0xe2, 0x76,
    0x38, 0xa1, 0xed, 0x1d, 0xae, 0xa1, 0x55, 0x12,
    0x9, 0x96, 0x50, 0xe0,

    /* U+6845 "桅" */
    0x21, 0x1, 0x1f, 0x9, 0x91, 0xf1, 0x82, 0x7f,
    0xba, 0x1, 0xd7, 0x8d, 0xa4, 0xa5, 0x21, 0x2b,
    0xa, 0x46, 0x73, 0xe0,

    /* U+6846 "框" */
    0x20, 0x1, 0x3f, 0xc9, 0x1, 0xfb, 0xe2, 0x44,
    0x32, 0x21, 0xd7, 0x95, 0x88, 0xa4, 0x45, 0x3f,
    0x89, 0x0, 0x4f, 0xf0,

    /* U+6848 "案" */
    0x4, 0xf, 0xfe, 0x8c, 0x2f, 0xfe, 0x31, 0x0,
    0xf0, 0xf8, 0xe4, 0x40, 0xff, 0xf1, 0xf0, 0x64,
    0xf8, 0x42,

    /* U+684C "桌" */
    0x2, 0x0, 0x1f, 0x80, 0x80, 0x7f, 0xc2, 0x2,
    0x1f, 0xf0, 0xff, 0x80, 0x40, 0xff, 0xf8, 0x74,
    0xc, 0x98, 0x84, 0x20,

    /* U+6850 "桐" */
    0x20, 0x2, 0x7f, 0x24, 0x1f, 0xdd, 0x24, 0x17,
    0x5d, 0x7d, 0x5a, 0x55, 0xa5, 0x52, 0x5d, 0x24,
    0x12, 0x43,

    /* U+6851 "桑" */
    0x3f, 0xc0, 0x64, 0x1, 0xe0, 0x70, 0xc7, 0xde,
    0x14, 0x90, 0x73, 0x8c, 0x62, 0x7f, 0xf0, 0x7c,
    0xc, 0xb8, 0x84, 0x20,

    /* U+6863 "档" */
    0x20, 0x81, 0x24, 0xc8, 0xad, 0xf5, 0x42, 0x8,
    0x33, 0xf9, 0xe0, 0x54, 0xfe, 0xa0, 0x11, 0x0,
    0x89, 0xfc, 0x40, 0x20,

    /* U+6865 "桥" */
    0x20, 0x61, 0x3c, 0x8, 0x41, 0xef, 0xf6, 0x14,
    0x3d, 0x12, 0xb5, 0x75, 0x28, 0xa2, 0x41, 0x12,
    0x9, 0x90, 0x58, 0x80,

    /* U+6866 "桦" */
    0x23, 0x41, 0x12, 0xff, 0x9c, 0x4c, 0xc2, 0xbc,
    0x39, 0x25, 0xe9, 0xfc, 0x0, 0xa0, 0x81, 0x7f,
    0xc8, 0x20, 0x41, 0x0,

    /* U+6868 "桨" */
    0x19, 0x2, 0xdf, 0x9f, 0x88, 0x7b, 0xcd, 0x8c,
    0xd, 0x80, 0x8, 0x1f, 0xff, 0xf, 0x80, 0xd6,
    0x38, 0x9c, 0x4, 0x20,

    /* U+6869 "桩" */
    0x20, 0xc1, 0x0, 0x8, 0xff, 0xf4, 0x82, 0x24,
    0x31, 0x21, 0xef, 0xd5, 0x48, 0xa2, 0x41, 0x22,
    0x9, 0x10, 0x53, 0xf0,

    /* U+6876 "桶" */
    0x20, 0x2, 0x7f, 0x21, 0x6f, 0x9c, 0x27, 0xf7,
    0x49, 0x7f, 0xfa, 0x49, 0x27, 0xf2, 0x49, 0x24,
    0x92, 0x4b,

    /* U+6881 "梁" */
    0x20, 0x1, 0xbf, 0x0, 0x68, 0xca, 0x62, 0x53,
    0x88, 0x94, 0xcb, 0x88, 0x80, 0x2, 0x3, 0xff,
    0x83, 0xe0, 0x64, 0xe4, 0x21, 0x0,

    /* U+6885 "梅" */
    0x22, 0x1, 0x10, 0x9, 0xfd, 0xf8, 0x2, 0xfe,
    0x12, 0x11, 0xd2, 0x8d, 0xff, 0xa4, 0x25, 0x2d,
    0x9, 0x8, 0x4f, 0xe2, 0xe, 0x0,

    /* U+6886 "梆" */
    0x22, 0x1, 0x13, 0xfd, 0xd4, 0x44, 0xa2, 0x25,
    0x3b, 0xa9, 0xa9, 0x75, 0xe9, 0xa2, 0x59, 0x32,
    0x89, 0x10, 0x50, 0x80,

    /* U+6897 "梗" */
    0x20, 0x1, 0x7f, 0x88, 0x21, 0xff, 0xe2, 0x49,
    0x3b, 0xf9, 0xd2, 0x5c, 0xfe, 0xa4, 0x81, 0x1c,
    0x8, 0xf0, 0x58, 0x60,

    /* U+68A2 "梢" */
    0x20, 0x91, 0x24, 0x89, 0xad, 0xf1, 0x2, 0x7f,
    0x3a, 0x9, 0xdf, 0xd4, 0x82, 0xa7, 0xf1, 0x20,
    0x89, 0x4, 0x48, 0x60,

    /* U+68A6 "梦" */
    0x10, 0x8f, 0xff, 0x31, 0xc7, 0x5a, 0xd2, 0xb1,
    0xc8, 0xc, 0x1, 0xfc, 0x30, 0xc2, 0x48, 0x3,
    0x7, 0xe0, 0x60, 0x0,

    /* U+68A7 "梧" */
    0x27, 0xf1, 0x8, 0x2a, 0x41, 0xff, 0xc2, 0x12,
    0x30, 0x91, 0xdf, 0xed, 0x0, 0xa7, 0xf1, 0x30,
    0x89, 0xfc, 0x4c, 0x60,

    /* U+68A8 "梨" */
    0xe, 0x11, 0xc4, 0x92, 0x24, 0x7d, 0x23, 0xe9,
    0x35, 0x8, 0x29, 0xc0, 0x40, 0x7f, 0xf8, 0x7c,
    0xc, 0x9c, 0x84, 0x20,

    /* U+68AD "梭" */
    0x21, 0x81, 0x1a, 0x8, 0x89, 0xff, 0xe6, 0x34,
    0x3b, 0x19, 0xdc, 0x55, 0x7c, 0xa7, 0x41, 0x6a,
    0x8, 0x70, 0x5c, 0x60,

    /* U+68AF "梯" */
    0x22, 0x22, 0x4, 0x27, 0xff, 0x9, 0x67, 0xf7,
    0x48, 0x74, 0x8a, 0xff, 0xa1, 0x92, 0x29, 0x2c,
    0xb2, 0x8,

    /* U+68B0 "械" */
    0x20, 0x41, 0x2, 0x89, 0xff, 0xe0, 0x82, 0x55,
    0x3a, 0xa9, 0xff, 0x54, 0xaa, 0xa5, 0x61, 0x69,
    0xa, 0x3a, 0x41, 0x30,

    /* U+68B3 "梳" */
    0x20, 0x81, 0x4, 0x9, 0xff, 0xe3, 0x2, 0x22,
    0x33, 0xf9, 0xc0, 0x55, 0x54, 0xa2, 0xa1, 0x15,
    0x9, 0x2a, 0x59, 0x70,

    /* U+68C0 "检" */
    0x21, 0x81, 0xc, 0x8, 0xd0, 0xfc, 0x62, 0xdd,
    0x30, 0x1, 0xfa, 0xd5, 0x54, 0xa2, 0xa1, 0x12,
    0x8, 0x10, 0x5f, 0xe0,

    /* U+68C9 "棉" */
    0x10, 0x40, 0x9f, 0x84, 0x84, 0xff, 0xe1, 0x21,
    0x1d, 0xf8, 0xf1, 0xa, 0x7e, 0x52, 0x50, 0x92,
    0x84, 0x94, 0x20, 0x80,

    /* U+68CB "棋" */
    0x22, 0x21, 0x11, 0x9, 0xff, 0xe4, 0x46, 0x3e,
    0x39, 0x11, 0xaf, 0x94, 0x44, 0xaf, 0xf9, 0x0,
    0x9, 0xdc, 0x58, 0x20,

    /* U+68CD "棍" */
    0x27, 0xf1, 0x20, 0x89, 0x5, 0xef, 0xe2, 0x41,
    0x3b, 0xf9, 0xd2, 0x14, 0x92, 0xa7, 0xf1, 0x24,
    0x9, 0xe2, 0x49, 0xf0,

    /* U+68D2 "棒" */
    0x21, 0x1, 0x7f, 0x8a, 0x41, 0xff, 0xc6, 0x10,
    0x3f, 0xfb, 0xdd, 0x17, 0x7e, 0x21, 0x1, 0x7f,
    0x88, 0x40, 0x42, 0x0,

    /* U+68D5 "棕" */
    0x20, 0x81, 0x4, 0x9, 0xfd, 0xf8, 0x22, 0x3e,
    0x38, 0x1, 0x9f, 0xd4, 0x10, 0xa6, 0xa1, 0x65,
    0x8a, 0x24, 0x43, 0x0,

    /* U+68D8 "棘" */
    0x10, 0x40, 0x82, 0x3f, 0x7e, 0x20, 0x87, 0xdf,
    0x2a, 0xa9, 0x55, 0x4b, 0xbe, 0x38, 0xe2, 0xab,
    0xb4, 0x96, 0x28, 0x80,

    /* U+68DA "棚" */
    0x27, 0x72, 0x55, 0xf5, 0x52, 0x77, 0x65, 0x57,
    0x55, 0x7d, 0x5a, 0x77, 0xa5, 0x52, 0x55, 0x29,
    0xd2, 0xbb,

    /* U+68E0 "棠" */
    0x12, 0x41, 0x24, 0x7f, 0xf4, 0x1, 0x5f, 0xd1,
    0x4, 0x1f, 0xc0, 0x20, 0x7f, 0xf0, 0xb8, 0x32,
    0xe4, 0x21,

    /* U+68EE "森" */
    0x2, 0x3, 0xff, 0x83, 0xc0, 0x35, 0x86, 0x23,
    0x8, 0x40, 0x42, 0x1f, 0xfe, 0x31, 0xc1, 0xad,
    0x34, 0xa6, 0x29, 0x0,

    /* U+68F1 "棱" */
    0x20, 0x81, 0x3f, 0xa8, 0x20, 0xef, 0xf6, 0x0,
    0x3b, 0x99, 0xb4, 0x74, 0x7c, 0xa7, 0x21, 0x2a,
    0x8, 0x70, 0x5c, 0x60,

    /* U+68F5 "棵" */
    0x27, 0xf1, 0x24, 0x89, 0x25, 0xef, 0xe2, 0x49,
    0x1b, 0xf9, 0xa2, 0xd, 0xff, 0xa3, 0xc1, 0x35,
    0xb, 0x26, 0x41, 0x0,

    /* U+68FA "棺" */
    0x20, 0x82, 0x7f, 0xac, 0x1f, 0x80, 0x23, 0xe7,
    0x22, 0x7b, 0xea, 0x20, 0xa3, 0xf2, 0x23, 0x23,
    0xf2, 0x23,

    /* U+6905 "椅" */
    0x21, 0x2, 0x10, 0x27, 0xef, 0x3c, 0x24, 0x27,
    0x7f, 0x70, 0x2a, 0x7a, 0xa5, 0xa2, 0x7a, 0x25,
    0xa2, 0xe,

    /* U+690D "植" */
    0x20, 0x81, 0x3f, 0xc8, 0x21, 0xf1, 0x2, 0x77,
    0x3b, 0xf9, 0xf0, 0x54, 0xfe, 0xa4, 0x11, 0x3f,
    0x89, 0x4, 0x5f, 0xe0,

    /* U+690E "椎" */
    0x23, 0xc1, 0x32, 0x9, 0x3, 0xef, 0xf2, 0xc4,
    0x37, 0xf9, 0xd1, 0x17, 0x88, 0xa7, 0xf1, 0x22,
    0x9, 0xfe, 0x48, 0x0,

    /* U+6912 "椒" */
    0x22, 0x1, 0x17, 0x88, 0xe4, 0xf5, 0xa2, 0x75,
    0x3d, 0x29, 0xad, 0x4c, 0xfc, 0xaa, 0x21, 0x53,
    0x89, 0xb6, 0x43, 0x10,

    /* U+692D "椭" */
    0x20, 0x30, 0x9c, 0x82, 0x5f, 0xdf, 0xd0, 0x26,
    0xf9, 0xdf, 0x26, 0xd7, 0xa9, 0x52, 0x25, 0x78,
    0x99, 0x22, 0x44, 0x89, 0x16,

    /* U+6930 "椰" */
    0x20, 0x79, 0x3a, 0xbd, 0x54, 0x4e, 0xa2, 0x55,
    0x3a, 0xa9, 0xbd, 0x54, 0xa9, 0x27, 0xd9, 0x4a,
    0x88, 0x50, 0x42, 0x80,

    /* U+693F "椿" */
    0x21, 0x81, 0x7f, 0x88, 0x41, 0xef, 0xc2, 0x10,
    0x3f, 0xf9, 0xc9, 0x14, 0xfe, 0xbc, 0x31, 0x3e,
    0x9, 0x10, 0x4f, 0xc0,

    /* U+6954 "楔" */
    0x22, 0x1, 0x3f, 0x88, 0x95, 0xee, 0xa2, 0x25,
    0x33, 0xc9, 0xca, 0xd4, 0x0, 0xa7, 0xf1, 0xc,
    0x8, 0x90, 0x58, 0x60,

    /* U+695A "楚" */
    0x10, 0x87, 0xff, 0x38, 0xa5, 0x5f, 0x96, 0x90,
    0x0, 0x7f, 0xe1, 0x22, 0x13, 0xe3, 0x20, 0x4e,
    0x8, 0x3f,

    /* U+695E "楞" */
    0x27, 0xf2, 0x55, 0x25, 0x5f, 0x55, 0x27, 0xf7,
    0x8, 0x6f, 0xfa, 0x30, 0xa3, 0xe2, 0x22, 0x26,
    0x22, 0xc6,

    /* U+6963 "楣" */
    0x20, 0x2, 0x7f, 0x24, 0x9f, 0xff, 0x24, 0x7,
    0x5f, 0x75, 0x1b, 0x5f, 0xa5, 0x12, 0xdf, 0x29,
    0xf2, 0x91,

    /* U+6977 "楷" */
    0x24, 0x41, 0x22, 0x9, 0xd7, 0xf8, 0xc2, 0x54,
    0xb3, 0x3d, 0xc4, 0x1d, 0xfe, 0xa4, 0x11, 0x3f,
    0x89, 0xfc, 0x48, 0x20,

    /* U+697C "楼" */
    0x20, 0x81, 0x14, 0x88, 0x21, 0xef, 0xf2, 0x1a,
    0x33, 0x4d, 0xe2, 0x14, 0xff, 0xa1, 0x21, 0x1f,
    0x8, 0x7c, 0x5c, 0x30,

    /* U+6982 "概" */
    0x20, 0x0, 0xbd, 0xe2, 0x92, 0x1f, 0xe8, 0x29,
    0xa1, 0xfd, 0xe6, 0x82, 0x2a, 0x98, 0x29, 0x60,
    0xbf, 0x82, 0x9a, 0x88, 0xce,

    /* U+6984 "榄" */
    0x25, 0x42, 0x59, 0x25, 0xff, 0x5e, 0x25, 0x27,
    0x7e, 0x6c, 0x2a, 0x4a, 0xa4, 0xa2, 0x18, 0x23,
    0x92, 0xc7,

    /* U+6986 "榆" */
    0x21, 0x81, 0xa, 0x8, 0x99, 0xeb, 0xb3, 0x80,
    0x33, 0xd9, 0xff, 0x55, 0x9a, 0xa7, 0xd1, 0x25,
    0x89, 0x24, 0x4a, 0x60,

    /* U+6994 "榔" */
    0x22, 0x0, 0x89, 0xc2, 0x75, 0x3d, 0x54, 0x27,
    0x71, 0xd5, 0xc7, 0xf5, 0x29, 0x14, 0xa5, 0x58,
    0x9d, 0xc2, 0xc4, 0x8, 0x10,

    /* U+6995 "榕" */
    0x20, 0x81, 0x4, 0xb, 0xfd, 0xfa, 0x82, 0x22,
    0x3a, 0xc1, 0xed, 0x14, 0xc7, 0xab, 0xf1, 0x11,
    0x8, 0x88, 0x47, 0xc0,

    /* U+699B "榛" */
    0x20, 0x80, 0x9f, 0xef, 0x8, 0x8, 0xfc, 0x77,
    0xf9, 0xec, 0x8a, 0x7f, 0xaa, 0x22, 0x27, 0xf0,
    0x86, 0x82, 0xed, 0x88, 0x20,

    /* U+699C "榜" */
    0x20, 0x81, 0x3f, 0xc8, 0x49, 0xe2, 0x82, 0x7f,
    0xb2, 0x5, 0xe2, 0x14, 0xef, 0xa1, 0xf1, 0x18,
    0x89, 0x8c, 0x58, 0xc0,

    /* U+69A8 "榨" */
    0x21, 0x81, 0x44, 0xb, 0xdd, 0xf4, 0xa2, 0x66,
    0x32, 0x91, 0xef, 0xf5, 0x60, 0xa5, 0xf1, 0x8,
    0x8, 0x7c, 0x42, 0x0,

    /* U+69B4 "榴" */
    0x21, 0x2, 0x6f, 0x24, 0x52, 0x55, 0xf5, 0x92,
    0x6b, 0x74, 0x6, 0xff, 0xa4, 0x9a, 0x7f, 0x24,
    0x92, 0x49, 0x27, 0xf0,

    /* U+69D0 "槐" */
    0x21, 0x1, 0x3f, 0xbf, 0x24, 0x4f, 0xe6, 0x49,
    0x32, 0x49, 0xff, 0xd4, 0x14, 0xa1, 0xb1, 0x15,
    0x49, 0x22, 0x51, 0xf0,

    /* U+69FD "槽" */
    0x21, 0x41, 0x7f, 0xc8, 0x51, 0xef, 0xe2, 0x55,
    0x3b, 0xf9, 0xbf, 0xd4, 0x0, 0xa7, 0xf1, 0x20,
    0x89, 0xfc, 0x4f, 0xe0,

    /* U+6A0A "樊" */
    0x15, 0x20, 0xb9, 0x1e, 0xde, 0x68, 0x45, 0xf7,
    0x2d, 0xf4, 0x56, 0x86, 0x64, 0x7f, 0xf8, 0x18,
    0xf, 0x3c, 0xe0, 0x70,

    /* U+6A1F "樟" */
    0x20, 0x82, 0x7f, 0xa2, 0x47, 0xff, 0x20, 0x7,
    0x7e, 0x7f, 0xea, 0x42, 0xa7, 0xea, 0x8, 0x2f,
    0xf2, 0x8,

    /* U+6A21 "模" */
    0x23, 0x41, 0x7f, 0xc8, 0xd1, 0xe6, 0x82, 0x4a,
    0x3b, 0xf1, 0xd0, 0x94, 0x78, 0xaf, 0xf9, 0xc,
    0x9, 0x98, 0x50, 0x60,

    /* U+6A2A "横" */
    0x21, 0x41, 0x3f, 0xbe, 0x50, 0x4f, 0xe2, 0x8,
    0x3b, 0xf9, 0xf2, 0x54, 0xfe, 0xa4, 0x91, 0x3f,
    0x88, 0xd0, 0x58, 0x70,

    /* U+6A31 "樱" */
    0x20, 0x1, 0x7b, 0xca, 0x5b, 0xf6, 0xd2, 0xb6,
    0x9f, 0xb5, 0xec, 0x8c, 0xaf, 0xa9, 0x1, 0x7f,
    0xc8, 0x88, 0x43, 0x82, 0xf3, 0x0,

    /* U+6A44 "橄" */
    0x0, 0x1, 0x39, 0x8, 0x48, 0x44, 0x8f, 0x7f,
    0x92, 0xa8, 0x9f, 0x4f, 0xaa, 0x67, 0x51, 0x29,
    0x9, 0xe8, 0x52, 0xa2, 0x1c, 0x0,

    /* U+6A58 "橘" */
    0x27, 0xf1, 0x9, 0x8, 0x31, 0xff, 0xf2, 0x35,
    0x3a, 0x21, 0xff, 0xd4, 0x82, 0xa7, 0xf1, 0x2a,
    0x89, 0x74, 0x48, 0x60,

    /* U+6A59 "橙" */
    0x20, 0xa1, 0x3d, 0x8, 0x91, 0xfc, 0xe2, 0x7e,
    0x36, 0xd, 0xdf, 0x9d, 0x84, 0xa7, 0xe1, 0x12,
    0x8, 0x90, 0x5f, 0xe0,

    /* U+6A61 "橡" */
    0x23, 0x1, 0x1f, 0x9, 0x11, 0xff, 0xe6, 0x49,
    0x3b, 0xf9, 0xac, 0x95, 0xbc, 0xa2, 0xe1, 0x6b,
    0x89, 0x96, 0x53, 0x0,

    /* U+6A71 "橱" */
    0x27, 0xf9, 0x20, 0x2d, 0xe4, 0xc8, 0x22, 0x5f,
    0xbb, 0x49, 0xdb, 0x4c, 0xb6, 0xa4, 0xb1, 0x74,
    0x8a, 0x44, 0x75, 0x60,

    /* U+6A80 "檀" */
    0x20, 0x81, 0x7b, 0xdd, 0xfc, 0x4b, 0xa2, 0x55,
    0x3a, 0xe9, 0xdf, 0xcc, 0xfe, 0xa4, 0x11, 0x3f,
    0x89, 0xfc, 0x5f, 0xf0,

    /* U+6A90 "檐" */
    0x21, 0x1, 0x1f, 0x8, 0x91, 0xef, 0xf2, 0x75,
    0x3b, 0xfd, 0xb7, 0xd4, 0x80, 0xa5, 0xf1, 0x2f,
    0x8a, 0x44, 0x53, 0xe0,

    /* U+6AA9 "檩" */
    0x20, 0x81, 0x7f, 0xfd, 0xfc, 0x4b, 0xa2, 0x65,
    0x3a, 0xc9, 0xdf, 0xd4, 0x2, 0xa7, 0xf1, 0x7f,
    0xc8, 0xa8, 0x5b, 0x30,

    /* U+6AAC "檬" */
    0x21, 0x41, 0x3f, 0xfc, 0x50, 0x4d, 0x72, 0x1e,
    0x3d, 0xfd, 0xa4, 0x55, 0xdc, 0xa3, 0xa1, 0x2d,
    0x8b, 0xa6, 0x41, 0x0,

    /* U+6B20 "欠" */
    0x4, 0x0, 0x40, 0x3, 0xfc, 0x20, 0x23, 0x33,
    0x31, 0x80, 0xc, 0x0, 0x60, 0x4, 0x80, 0x66,
    0xe, 0x1e, 0xc0, 0x30,

    /* U+6B21 "次" */
    0x2, 0x0, 0x10, 0x11, 0x80, 0xcf, 0xe2, 0xc3,
    0x4, 0x90, 0xa4, 0x4, 0x20, 0x23, 0x2, 0x14,
    0x31, 0xb1, 0x38, 0xf1, 0x3, 0x0,

    /* U+6B22 "欢" */
    0x0, 0x0, 0x6, 0x7, 0xd0, 0x3, 0x7e, 0xb,
    0x18, 0xab, 0x43, 0xac, 0x6, 0x30, 0x18, 0xc0,
    0xf3, 0x2, 0x5a, 0x10, 0xc6, 0xe, 0x8,

    /* U+6B23 "欣" */
    0xd, 0x83, 0xcc, 0x10, 0x44, 0x87, 0xe7, 0xe1,
    0x25, 0x61, 0x23, 0x9, 0x18, 0x48, 0xc2, 0x4b,
    0x22, 0xcd, 0xc, 0x30,

    /* U+6B27 "欧" */
    0x5, 0x87, 0xe8, 0x22, 0x7d, 0x94, 0x2b, 0xeb,
    0x58, 0x42, 0x42, 0x15, 0x10, 0xed, 0x44, 0xa,
    0x3e, 0x8c, 0x18, 0x20,

    /* U+6B32 "欲" */
    0x0, 0x40, 0x73, 0x2, 0x6c, 0x1a, 0x3e, 0x19,
    0x88, 0x5d, 0xe2, 0x26, 0x1f, 0x18, 0x24, 0x60,
    0x92, 0xc3, 0xd9, 0x89, 0xc2,

    /* U+6B3A "欺" */
    0x49, 0x84, 0x90, 0xfd, 0x4, 0xbf, 0x7a, 0x34,
    0xea, 0x78, 0x84, 0x88, 0xfd, 0x40, 0x14, 0x4a,
    0x28, 0xe3, 0x0, 0x0,

    /* U+6B3E "款" */
    0x10, 0x87, 0xfc, 0x4, 0x7d, 0xfe, 0x20, 0x2f,
    0x7e, 0x60, 0x3, 0x1f, 0xd8, 0x10, 0xc2, 0xaa,
    0x24, 0xc8, 0x6c, 0x30,

    /* U+6B47 "歇" */
    0x0, 0x41, 0xf9, 0x4, 0x24, 0x10, 0xb0, 0x7e,
    0xfd, 0xa, 0x27, 0xfe, 0x8f, 0xd8, 0xca, 0x63,
    0x69, 0x87, 0x65, 0x10, 0xa6, 0x37, 0x88,

    /* U+6B49 "歉" */
    0x24, 0x47, 0xe6, 0xa, 0x3d, 0xfd, 0x22, 0xb7,
    0x7f, 0xa0, 0xa9, 0x1f, 0xc8, 0x28, 0xc3, 0x55,
    0x2a, 0x4c, 0x5e, 0x20,

    /* U+6B4C "歌" */
    0x0, 0x43, 0xfc, 0x0, 0xa0, 0xf5, 0xf7, 0xb9,
    0x1, 0x23, 0xfd, 0xf, 0x48, 0x4a, 0xc3, 0xd5,
    0x10, 0xec, 0x1e, 0x30,

    /* U+6B62 "止" */
    0x2, 0x0, 0x20, 0x2, 0x2, 0x20, 0x23, 0xe2,
    0x20, 0x22, 0x2, 0x20, 0x22, 0x2, 0x20, 0x22,
    0xf, 0xff,

    /* U+6B63 "正" */
    0x7f, 0xe0, 0x20, 0x2, 0x2, 0x20, 0x23, 0xe2,
    0x20, 0x22, 0x2, 0x20, 0x22, 0xf, 0xff,

    /* U+6B64 "此" */
    0x11, 0x1, 0x10, 0x51, 0x5, 0x13, 0x5d, 0x65,
    0x18, 0x51, 0x5, 0x10, 0x51, 0x5, 0xd1, 0xf9,
    0x18, 0x1f,

    /* U+6B65 "步" */
    0x2, 0x0, 0x90, 0x4, 0xf8, 0x24, 0x1, 0x20,
    0x7f, 0xfc, 0x8, 0x82, 0x4e, 0x32, 0x61, 0x16,
    0x0, 0xc0, 0xf8, 0x0,

    /* U+6B66 "武" */
    0x1, 0x7, 0xd6, 0x1, 0x20, 0x10, 0xff, 0xf1,
    0x90, 0x59, 0x5, 0xe8, 0x58, 0x85, 0x88, 0x5e,
    0x5e, 0x3,

    /* U+6B67 "歧" */
    0x10, 0x80, 0x84, 0x15, 0xfc, 0xa1, 0x5, 0x88,
    0x29, 0xf1, 0x40, 0x8a, 0x6c, 0x5d, 0x47, 0xcc,
    0x0, 0xf8, 0x18, 0x60,

    /* U+6B6A "歪" */
    0x7f, 0xf0, 0x10, 0x3, 0xb0, 0x74, 0xee, 0x21,
    0x1f, 0xf0, 0x8, 0x2, 0x7c, 0x12, 0x0, 0x90,
    0x3f, 0xfc,

    /* U+6B79 "歹" */
    0xff, 0xf0, 0xc0, 0x8, 0x1, 0xfc, 0x10, 0xc2,
    0xcc, 0x44, 0x80, 0x38, 0x3, 0x0, 0xc0, 0x70,
    0x0,

    /* U+6B7B "死" */
    0xff, 0xf1, 0x10, 0x11, 0x3, 0xd2, 0x25, 0x44,
    0xd8, 0x19, 0x1, 0x90, 0x31, 0x1e, 0x1f,

    /* U+6B7C "歼" */
    0x0, 0x2f, 0xfc, 0x20, 0x83, 0x88, 0x48, 0x84,
    0xff, 0xb8, 0x81, 0x8, 0x10, 0x82, 0x8, 0xc0,
    0x80, 0x8,

    /* U+6B83 "殃" */
    0x0, 0x8f, 0x88, 0x67, 0xe4, 0x6a, 0x76, 0xad,
    0x6a, 0x9f, 0xf3, 0x18, 0x21, 0x46, 0x24, 0xcc,
    0x30, 0x80,

    /* U+6B89 "殉" */
    0x3, 0xf, 0xa0, 0x23, 0xf4, 0x41, 0x7f, 0x9d,
    0x49, 0xd7, 0x93, 0x49, 0x27, 0x96, 0x49, 0xc0,
    0x70, 0x6,

    /* U+6B8A "殊" */
    0x0, 0x41, 0xf5, 0x7, 0xd4, 0x4, 0xfe, 0x3e,
    0x41, 0xbf, 0xe7, 0x8e, 0x6, 0x58, 0x1b, 0x50,
    0xd9, 0x66, 0xc4, 0x80, 0x10,

    /* U+6B8B "残" */
    0x1, 0x4f, 0x96, 0x41, 0x14, 0x1f, 0x7f, 0x5,
    0x17, 0x97, 0x8b, 0x12, 0x30, 0xc2, 0x19, 0xce,
    0x78, 0x3,

    /* U+6B96 "殖" */
    0x0, 0x80, 0x8, 0xfb, 0xf2, 0x8, 0x7b, 0x65,
    0xbe, 0xda, 0x2b, 0x3e, 0x32, 0x22, 0x3e, 0x62,
    0x28, 0xff,

    /* U+6BB4 "殴" */
    0xfd, 0xc8, 0x14, 0xc9, 0x4a, 0xa7, 0xb0, 0x9,
    0x3e, 0xa8, 0x2a, 0xa4, 0x89, 0x48, 0x8, 0xf9,
    0xc0, 0x63,

    /* U+6BB5 "段" */
    0x0, 0x7, 0xbc, 0x42, 0x44, 0x24, 0x7e, 0x74,
    0x40, 0x47, 0xe7, 0xfe, 0x42, 0x45, 0xac, 0xe1,
    0x84, 0x7e, 0x4c, 0x30,

    /* U+6BB7 "殷" */
    0x4, 0x3, 0xee, 0x10, 0x50, 0xfa, 0x84, 0x57,
    0x3f, 0x39, 0x10, 0xf, 0x3c, 0x7d, 0x42, 0x2a,
    0x33, 0x21, 0x33, 0xe8, 0x21, 0x0,

    /* U+6BBF "殿" */
    0x7e, 0xe4, 0x6a, 0x46, 0xa7, 0xf2, 0x55, 0x17,
    0xff, 0x54, 0x25, 0x4a, 0x7e, 0xa4, 0xe, 0xb6,
    0xce, 0x3b, 0x2, 0x0,

    /* U+6BC1 "毁" */
    0x21, 0xe2, 0x6d, 0x11, 0x68, 0xda, 0x74, 0x40,
    0x3e, 0xf8, 0x0, 0xcf, 0xa4, 0x10, 0xa0, 0x86,
    0x3f, 0x78, 0xe, 0x30,

    /* U+6BC5 "毅" */
    0x30, 0x1, 0x1e, 0xfd, 0x24, 0x92, 0x29, 0x3f,
    0xf3, 0xfc, 0x6, 0x1e, 0xbd, 0x25, 0x92, 0xb6,
    0xc4, 0x8c, 0xb7, 0x32, 0x0,

    /* U+6BCD "母" */
    0x3f, 0xe1, 0x1, 0x9, 0x88, 0x46, 0x42, 0x2,
    0x7f, 0xfc, 0x88, 0x84, 0x44, 0x22, 0x21, 0xff,
    0xc0, 0x18, 0x1, 0x80,

    /* U+6BCF "每" */
    0x10, 0x3, 0xfe, 0x60, 0xf, 0xfc, 0x24, 0x42,
    0x24, 0xff, 0xf2, 0x44, 0x22, 0x43, 0xfe, 0x0,
    0x40, 0x8,

    /* U+6BD2 "毒" */
    0x2, 0x3, 0xfe, 0x3f, 0xe0, 0x20, 0x7d, 0xf3,
    0xfc, 0x22, 0x42, 0x24, 0xff, 0xf2, 0x64, 0x3f,
    0xe0, 0xc, 0x0, 0x0,

    /* U+6BD4 "比" */
    0x84, 0x21, 0x8, 0x42, 0x13, 0xf5, 0xa1, 0x88,
    0x42, 0x10, 0x84, 0x2d, 0x1e, 0x46, 0x1f,

    /* U+6BD5 "毕" */
    0x21, 0x2, 0x12, 0x3d, 0x62, 0x18, 0x21, 0x2,
    0xd1, 0x39, 0xf0, 0x20, 0x2, 0xf, 0xff, 0x2,
    0x0, 0x20,

    /* U+6BD9 "毙" */
    0x42, 0x7, 0xbe, 0x42, 0x37, 0xbe, 0x0, 0xf,
    0xff, 0x22, 0x7, 0xe6, 0xcb, 0x8b, 0xa0, 0x32,
    0x3c, 0x1f,

    /* U+6BDB "毛" */
    0x3, 0xe7, 0xc0, 0x4, 0x1, 0xfc, 0x64, 0x0,
    0x43, 0x7f, 0xcc, 0x40, 0x4, 0x10, 0x43, 0x7,
    0xe0,

    /* U+6BE1 "毡" */
    0x0, 0x83, 0xc8, 0xe0, 0xf2, 0x8, 0x38, 0x8e,
    0x3e, 0x22, 0x23, 0xa2, 0xf2, 0x22, 0x3e, 0x20,
    0x13, 0xff,

    /* U+6BEB "毫" */
    0x4, 0x1f, 0xfc, 0x0, 0x1f, 0xc2, 0x8, 0x3e,
    0x3f, 0xfc, 0x9, 0x3e, 0x8f, 0xf0, 0x10, 0x3f,
    0xf0, 0x7e,

    /* U+6BEF "毯" */
    0x8, 0x87, 0xd5, 0x88, 0xa8, 0x42, 0xcf, 0xe3,
    0x10, 0x40, 0xaa, 0x9f, 0x50, 0x21, 0x41, 0x11,
    0x9, 0x6, 0x7f, 0xe0,

    /* U+6C0F "氏" */
    0x1, 0xc7, 0xfe, 0x46, 0x4, 0x60, 0x42, 0x7,
    0xff, 0x42, 0x4, 0x20, 0x41, 0x4, 0x90, 0x70,
    0x9e, 0x7, 0x0, 0x0,

    /* U+6C11 "民" */
    0x7f, 0xc4, 0x4, 0x40, 0x47, 0xfc, 0x44, 0x4,
    0x40, 0x7f, 0xe4, 0x20, 0x42, 0x5, 0x12, 0x70,
    0xf4, 0x6,

    /* U+6C13 "氓" */
    0x67, 0xe1, 0x21, 0x3f, 0xf8, 0x89, 0x4, 0x48,
    0x23, 0xf9, 0x12, 0x8, 0x90, 0x7d, 0x40, 0x3a,
    0x81, 0xc, 0x0, 0x0,

    /* U+6C14 "气" */
    0x10, 0x0, 0x80, 0xf, 0xfc, 0xc0, 0xd, 0xfc,
    0x0, 0x1, 0xff, 0x0, 0x8, 0x0, 0x40, 0x2,
    0x0, 0x16, 0x0, 0x60, 0x1, 0x0,

    /* U+6C1B "氛" */
    0x10, 0x3, 0xfe, 0x40, 0xb, 0xfc, 0x7f, 0xc0,
    0x4, 0x32, 0x44, 0x34, 0xbf, 0xc1, 0x24, 0x12,
    0x56, 0x63, 0x0, 0x0,

    /* U+6C22 "氢" */
    0x30, 0x3, 0xfe, 0x40, 0xb, 0xfc, 0x0, 0x7,
    0xfc, 0x7e, 0x40, 0xc4, 0xf3, 0xc3, 0xf4, 0x8,
    0x7f, 0xfb, 0x0, 0x0,

    /* U+6C27 "氧" */
    0x30, 0x1, 0xff, 0x90, 0x1, 0x7f, 0xc7, 0xfc,
    0x1, 0x20, 0x49, 0xf, 0xf8, 0x8, 0x41, 0xf9,
    0x1f, 0xea, 0x10, 0x20,

    /* U+6C28 "氨" */
    0x10, 0x1, 0xff, 0x18, 0x1, 0xbf, 0x87, 0xfe,
    0x6, 0x21, 0xff, 0x9, 0x38, 0x7f, 0xc0, 0x91,
    0x3, 0x8e, 0xf3, 0x60,

    /* U+6C2E "氮" */
    0x30, 0x3, 0xfe, 0x40, 0xb, 0xfc, 0x7f, 0xc0,
    0x84, 0x4a, 0x41, 0x64, 0xe9, 0x42, 0xa4, 0x1c,
    0x5e, 0x33, 0x1, 0x0,

    /* U+6C2F "氯" */
    0x10, 0x0, 0x80, 0xb, 0xfc, 0xbf, 0xc8, 0x0,
    0x3f, 0xf1, 0xfd, 0x80, 0x2c, 0x3f, 0x67, 0xff,
    0x1d, 0x48, 0xfe, 0x58, 0x89, 0x0,

    /* U+6C34 "水" */
    0x2, 0x0, 0x10, 0x0, 0x88, 0xf6, 0xc0, 0xbc,
    0xd, 0xc0, 0x4a, 0x6, 0x58, 0x22, 0x66, 0x11,
    0x80, 0x80, 0xc, 0x0,

    /* U+6C38 "永" */
    0x4, 0x0, 0x38, 0x0, 0x40, 0x7c, 0x0, 0x22,
    0x7d, 0xa0, 0x2e, 0x3, 0x50, 0x12, 0xc1, 0x13,
    0xb1, 0x84, 0x1c, 0x0,

    /* U+6C41 "汁" */
    0x41, 0x6, 0x10, 0x21, 0x8, 0x10, 0xff, 0xf0,
    0x10, 0x41, 0x4, 0x10, 0x41, 0xc, 0x10, 0xc1,
    0x0, 0x10,

    /* U+6C42 "求" */
    0x4, 0x80, 0x48, 0xff, 0xf0, 0x40, 0x44, 0x43,
    0x6c, 0xf, 0x81, 0xd0, 0x35, 0x8e, 0x4e, 0x4,
    0x20, 0xc0,

    /* U+6C47 "汇" */
    0x20, 0x3, 0x7f, 0x14, 0x0, 0x40, 0xe4, 0x2,
    0x40, 0x4, 0x2, 0x40, 0x24, 0x6, 0x40, 0x44,
    0x4, 0x7f,

    /* U+6C49 "汉" */
    0x40, 0x1, 0xff, 0x0, 0x19, 0x8, 0x8e, 0x44,
    0x3, 0x20, 0xa, 0x4, 0x70, 0x61, 0x2, 0x16,
    0x13, 0x1d, 0xb0, 0x60,

    /* U+6C57 "汗" */
    0x0, 0x1, 0xbf, 0x84, 0x20, 0x81, 0x7, 0x8,
    0x7, 0xfc, 0x2, 0x6, 0x10, 0x20, 0x83, 0x4,
    0x10, 0x20, 0x1, 0x0,

    /* U+6C5B "汛" */
    0x0, 0x5, 0xfc, 0x4, 0x48, 0x44, 0xc4, 0x41,
    0xf4, 0x64, 0x46, 0x44, 0x44, 0x44, 0x45, 0xc4,
    0x74, 0x40,

    /* U+6C5E "汞" */
    0x3f, 0xe0, 0x10, 0x0, 0x81, 0xff, 0xe0, 0x20,
    0x1, 0x11, 0xed, 0x81, 0x70, 0x12, 0x81, 0x93,
    0x38, 0x8c, 0xc, 0x0,

    /* U+6C5F "江" */
    0x40, 0x6, 0xff, 0x1, 0x0, 0x10, 0xc1, 0x0,
    0x10, 0x1, 0x2, 0x10, 0x61, 0x4, 0x10, 0xdf,
    0xf0, 0x0,

    /* U+6C60 "池" */
    0x0, 0x83, 0x84, 0x5, 0x20, 0x9, 0xe6, 0x79,
    0x1e, 0x48, 0x92, 0x44, 0x96, 0x24, 0x83, 0x20,
    0x51, 0x6, 0x8f, 0xe0,

    /* U+6C61 "污" */
    0x0, 0x6, 0xfe, 0x20, 0x0, 0x0, 0x80, 0xd,
    0xff, 0x46, 0x0, 0x40, 0x67, 0xe4, 0x6, 0x40,
    0x4c, 0x4, 0x81, 0xc0,

    /* U+6C64 "汤" */
    0x0, 0x1, 0xbf, 0x84, 0x18, 0x1, 0x8e, 0x30,
    0x13, 0xfc, 0x5, 0x64, 0x4a, 0x26, 0x53, 0xe4,
    0x90, 0x64, 0x8c, 0xe0, 0x80, 0x0,

    /* U+6C6A "汪" */
    0x40, 0x6, 0xff, 0x21, 0x8, 0x10, 0xe1, 0x0,
    0xfe, 0x1, 0x6, 0x10, 0x41, 0x4, 0x10, 0xdf,
    0xf0, 0x0,

    /* U+6C70 "汰" */
    0x0, 0x83, 0x84, 0x4, 0x20, 0x1, 0x4, 0xff,
    0xb0, 0x40, 0x5, 0x4, 0x28, 0x23, 0x41, 0x11,
    0x19, 0x6c, 0xb1, 0x30,

    /* U+6C79 "汹" */
    0x60, 0x63, 0x64, 0x2, 0x44, 0x99, 0x69, 0x92,
    0x99, 0x9, 0x92, 0xa5, 0x6e, 0x74, 0x81, 0x4f,
    0xf4, 0x1,

    /* U+6C7D "汽" */
    0x3, 0x3, 0x10, 0x5, 0xfe, 0x8, 0x6, 0xff,
    0x10, 0x0, 0x3f, 0x4, 0x8, 0x20, 0x41, 0x2,
    0x58, 0xa, 0x80, 0x70, 0x0, 0x0,

    /* U+6C83 "沃" */
    0x0, 0x63, 0xfc, 0x0, 0x40, 0x2, 0xc, 0x10,
    0x3f, 0xf8, 0x4, 0x4, 0x30, 0x22, 0x82, 0x32,
    0x13, 0x1c, 0xb0, 0x20,

    /* U+6C88 "沈" */
    0x1, 0x1, 0x88, 0x3, 0xfd, 0x92, 0x26, 0x91,
    0x0, 0xc0, 0xa, 0x4, 0x50, 0x62, 0x82, 0x24,
    0x12, 0x26, 0xb1, 0xe0,

    /* U+6C89 "沉" */
    0x0, 0x3, 0xff, 0x82, 0x4, 0x10, 0x26, 0x3c,
    0x11, 0x20, 0x89, 0x4, 0x48, 0x22, 0x43, 0x32,
    0x53, 0x16, 0x90, 0x60,

    /* U+6C90 "沐" */
    0x41, 0x6, 0x10, 0x21, 0x1, 0xff, 0xc1, 0x6,
    0x38, 0x3, 0x82, 0x54, 0x6d, 0x35, 0x91, 0x41,
    0x4, 0x10,

    /* U+6C99 "沙" */
    0x41, 0x7, 0x10, 0x5, 0x48, 0x56, 0xe9, 0x30,
    0x91, 0x19, 0x26, 0x16, 0x40, 0x44, 0x8, 0xc3,
    0x1, 0xc0,

    /* U+6C9B "沛" */
    0x41, 0x6, 0x10, 0x2f, 0xf8, 0x10, 0xc1, 0x4,
    0xfe, 0x9, 0x22, 0x92, 0x69, 0x24, 0x92, 0x49,
    0x64, 0x10,

    /* U+6C9F "沟" */
    0x23, 0x3, 0x20, 0x17, 0xf0, 0x41, 0xe9, 0x12,
    0x31, 0x2, 0x93, 0x49, 0x2f, 0xd2, 0x5, 0x40,
    0x14, 0x7,

    /* U+6CA1 "没" */
    0xc7, 0x86, 0x48, 0x24, 0x80, 0xce, 0xd8, 0xe4,
    0x0, 0xf, 0xc4, 0xcc, 0x44, 0x84, 0x30, 0xc7,
    0x8b, 0xce, 0x10, 0x0,

    /* U+6CA5 "沥" */
    0x0, 0x6, 0xff, 0x29, 0x8, 0x90, 0x6f, 0xe0,
    0x92, 0x49, 0x24, 0x92, 0x4b, 0x25, 0x22, 0xd6,
    0xe2, 0x48,

    /* U+6CA6 "沦" */
    0x1, 0x81, 0x9c, 0x4, 0xa0, 0x8, 0xce, 0xc3,
    0x1d, 0x8, 0x9, 0x86, 0x70, 0x23, 0x1, 0x10,
    0x10, 0x8c, 0x7, 0xc0,

    /* U+6CA7 "沧" */
    0x1, 0x3, 0x1c, 0xc, 0xa0, 0x8, 0x8c, 0xc3,
    0x1f, 0xe8, 0x11, 0x4, 0x88, 0x25, 0xc3, 0x2c,
    0x11, 0xc, 0x8f, 0xc0,

    /* U+6CAA "沪" */
    0x0, 0x8, 0x30, 0xc2, 0x3, 0xf0, 0x43, 0xc8,
    0x49, 0x8, 0x3f, 0x24, 0x2c, 0x81, 0x10, 0x24,
    0xd, 0x80, 0x0, 0x0,

    /* U+6CAB "沫" */
    0x41, 0x6, 0x10, 0xf, 0xf8, 0x10, 0xe1, 0x4,
    0xfe, 0x3, 0x86, 0x58, 0x45, 0x45, 0x97, 0xd1,
    0x0, 0x10,

    /* U+6CAE "沮" */
    0x67, 0xe1, 0xa1, 0x1, 0x8, 0x8, 0x4e, 0x7e,
    0x12, 0x10, 0x10, 0x84, 0xfc, 0x64, 0x22, 0x21,
    0x37, 0xfe, 0x0, 0x0,

    /* U+6CB3 "河" */
    0x40, 0x3, 0xff, 0x0, 0x2c, 0xf2, 0x69, 0x20,
    0x92, 0x9, 0x22, 0x92, 0x6f, 0x26, 0x92, 0x40,
    0x2c, 0xe, 0x0, 0x80,

    /* U+6CB8 "沸" */
    0x2, 0x86, 0x28, 0x2f, 0xf0, 0x29, 0x6f, 0xf0,
    0xa8, 0xa, 0x83, 0xff, 0x42, 0x94, 0x49, 0xcc,
    0xa1, 0x88,

    /* U+6CB9 "油" */
    0x1, 0x6, 0x10, 0x31, 0x0, 0xff, 0xc9, 0x12,
    0x91, 0xf, 0xf6, 0x91, 0x69, 0x14, 0x91, 0x4f,
    0xf4, 0x81,

    /* U+6CBB "治" */
    0x0, 0x0, 0x86, 0x3, 0x90, 0x0, 0x8c, 0x44,
    0x19, 0xff, 0xe0, 0x0, 0x80, 0x0, 0x37, 0xf0,
    0x90, 0x42, 0x41, 0x19, 0xfc, 0x24, 0x10,

    /* U+6CBC "沼" */
    0x0, 0x3, 0x3f, 0xc4, 0x44, 0x2, 0x2c, 0x31,
    0x31, 0x18, 0xb1, 0xc0, 0x0, 0x27, 0xf1, 0x20,
    0x99, 0x4, 0x8f, 0xe4, 0x41, 0x0,

    /* U+6CBD "沽" */
    0x41, 0x6, 0x10, 0x21, 0x0, 0xff, 0xc1, 0x2,
    0x10, 0xf, 0xc2, 0x84, 0x68, 0x44, 0x84, 0x4f,
    0xc4, 0x84,

    /* U+6CBE "沾" */
    0x21, 0x3, 0x10, 0x1, 0xfc, 0x10, 0x61, 0x2,
    0x10, 0xf, 0xe2, 0x82, 0x68, 0x24, 0x82, 0x4f,
    0xe4, 0x82,

    /* U+6CBF "沿" */
    0xc7, 0x8c, 0x90, 0x12, 0x44, 0x75, 0x8e, 0x0,
    0x13, 0xf2, 0x42, 0x48, 0x59, 0xa, 0x3f, 0x44,
    0x20,

    /* U+6CC4 "泄" */
    0x3, 0x44, 0xa4, 0x6a, 0x40, 0xa4, 0xdf, 0xf4,
    0xa4, 0xa, 0x46, 0xa4, 0x4b, 0xc4, 0x80, 0x48,
    0xc, 0xfe,

    /* U+6CC9 "泉" */
    0x4, 0x0, 0x20, 0xf, 0xf8, 0x40, 0x43, 0xfe,
    0x10, 0x10, 0xff, 0x80, 0x44, 0xfb, 0x70, 0xdc,
    0xc, 0xb0, 0xc4, 0xf0, 0xe0, 0x0,

    /* U+6CCA "泊" */
    0x21, 0x83, 0x10, 0x17, 0xf0, 0x41, 0xe4, 0x12,
    0x41, 0x7, 0xf2, 0x41, 0x24, 0x16, 0x41, 0x47,
    0xf4, 0x41,

    /* U+6CCC "泌" */
    0x2, 0x3, 0x99, 0x4, 0x58, 0x4, 0x8e, 0xa4,
    0x15, 0x28, 0x2a, 0x47, 0x53, 0x63, 0x2, 0x11,
    0x13, 0x88, 0xa7, 0xc0,

    /* U+6CD5 "法" */
    0x1, 0x6, 0x10, 0x2f, 0xe0, 0x10, 0xc1, 0x6,
    0x10, 0x1f, 0xf2, 0x30, 0x22, 0xc4, 0x44, 0x4f,
    0xe4, 0x82,

    /* U+6CDB "泛" */
    0x40, 0xe1, 0xfc, 0x0, 0x41, 0x3, 0xe, 0x0,
    0x17, 0xf8, 0x1, 0x84, 0x18, 0x21, 0x83, 0x30,
    0x13, 0x0, 0x97, 0xf0,

    /* U+6CDE "泞" */
    0x20, 0x81, 0x84, 0x1, 0xfc, 0x8, 0x2e, 0x41,
    0x10, 0x0, 0x3f, 0xe4, 0x10, 0x20, 0x81, 0x4,
    0x18, 0x20, 0x83, 0x0,

    /* U+6CE1 "泡" */
    0x2, 0x3, 0x30, 0xd, 0xfc, 0x18, 0x25, 0xf9,
    0x2, 0x48, 0x12, 0x44, 0xf2, 0x24, 0x73, 0x21,
    0x11, 0x2, 0x8f, 0xf0,

    /* U+6CE2 "波" */
    0x1, 0x6, 0x10, 0x2f, 0xe0, 0x92, 0xe9, 0x0,
    0xfc, 0xa, 0x46, 0xa4, 0x4a, 0x85, 0x18, 0xd3,
    0xe3, 0xc2,

    /* U+6CE3 "泣" */
    0x1, 0x3, 0xc, 0xc, 0x40, 0x1f, 0xe4, 0x4,
    0x32, 0x30, 0x19, 0x4, 0x48, 0x22, 0x43, 0x4,
    0x17, 0xfe, 0x80, 0x0,

    /* U+6CE5 "泥" */
    0x0, 0x6, 0x7e, 0x34, 0x20, 0x42, 0x4, 0x2e,
    0x7e, 0x25, 0x0, 0x52, 0x2d, 0x66, 0xd8, 0x49,
    0x5, 0x93, 0x71, 0xe0,

    /* U+6CE8 "注" */
    0x41, 0x6, 0x10, 0xf, 0xf8, 0x10, 0xc1, 0x0,
    0x10, 0xf, 0xe6, 0x10, 0x61, 0x4, 0x10, 0xc1,
    0xd, 0xff,

    /* U+6CEA "泪" */
    0x0, 0x7, 0x7f, 0x14, 0x10, 0x41, 0xe7, 0xf2,
    0x41, 0x4, 0x13, 0x7f, 0x24, 0x12, 0x41, 0x67,
    0xf4, 0x41,

    /* U+6CF0 "泰" */
    0x3, 0x1, 0xff, 0x80, 0x80, 0x7f, 0xe0, 0x40,
    0x3f, 0xfc, 0x29, 0x7, 0x4f, 0x42, 0xc8, 0x7e,
    0xc, 0x8c, 0xc, 0x0,

    /* U+6CF3 "泳" */
    0x2, 0x3, 0x1c, 0xc, 0x20, 0xe, 0x0, 0x11,
    0x60, 0x99, 0xff, 0x80, 0xb0, 0x65, 0x42, 0x6b,
    0x16, 0x4d, 0xa2, 0x20, 0x30, 0x0,

    /* U+6CF5 "泵" */
    0x7f, 0xf8, 0x10, 0x0, 0xc0, 0x7, 0xfc, 0x78,
    0x11, 0x3f, 0xc0, 0x19, 0xf, 0x6c, 0xd, 0x40,
    0x25, 0x83, 0x13, 0x90, 0xc2,

    /* U+6CFB "泻" */
    0x0, 0xf, 0xff, 0x10, 0x10, 0x40, 0xc7, 0xe0,
    0x40, 0x47, 0xe4, 0x2, 0x5f, 0xac, 0x2, 0x80,
    0xe0, 0x8,

    /* U+6CFC "泼" */
    0x1, 0x6, 0x94, 0x29, 0x61, 0xb0, 0x9f, 0xfc,
    0x20, 0x46, 0x0, 0x7e, 0x6e, 0x64, 0xa4, 0x51,
    0x8e, 0x18, 0x8e, 0xf0, 0x80,

    /* U+6CFD "泽" */
    0x6f, 0xe1, 0x82, 0x1, 0xb1, 0x7, 0xe, 0x7c,
    0xe, 0xb8, 0x4, 0x5, 0xfc, 0x41, 0x2, 0xff,
    0xb0, 0x40, 0x82, 0x0,

    /* U+6D01 "洁" */
    0x0, 0x81, 0x84, 0x7, 0xfe, 0x1, 0x4, 0x8,
    0x1b, 0xf8, 0x0, 0x2, 0xfe, 0x24, 0x11, 0x20,
    0x99, 0xfc, 0x88, 0x20,

    /* U+6D0B "洋" */
    0x0, 0x4, 0x64, 0x22, 0x80, 0xff, 0x1, 0xe,
    0x10, 0xf, 0xe0, 0x10, 0x21, 0x7, 0xff, 0x41,
    0x4, 0x10, 0x41, 0x0,

    /* U+6D12 "洒" */
    0x0, 0xd, 0xff, 0x62, 0x80, 0x28, 0x2, 0x8c,
    0xff, 0x4a, 0x90, 0xa9, 0x4a, 0x94, 0xcf, 0x48,
    0x1c, 0xff, 0x88, 0x10,

    /* U+6D17 "洗" */
    0x1, 0x3, 0x28, 0xd, 0x40, 0xf, 0xe4, 0x90,
    0x30, 0x80, 0x7f, 0xc0, 0x50, 0x22, 0x83, 0x14,
    0x11, 0xa0, 0x99, 0x15, 0x8f, 0x80,

    /* U+6D1B "洛" */
    0x0, 0x3, 0x10, 0xd, 0xf8, 0xc, 0xc0, 0xb4,
    0x70, 0xc0, 0x1d, 0xe3, 0x86, 0x27, 0xe1, 0x21,
    0x19, 0x8, 0x8f, 0xc4, 0x42, 0x0,

    /* U+6D1E "洞" */
    0x6f, 0xf2, 0x83, 0x8, 0x30, 0xbf, 0xe8, 0x30,
    0xbf, 0xa, 0x72, 0xa7, 0x6b, 0xf4, 0x83, 0xc8,
    0x34, 0x86,

    /* U+6D25 "津" */
    0x41, 0x3, 0xfe, 0x1, 0x2d, 0xff, 0x61, 0x20,
    0xfe, 0x21, 0x2, 0xfe, 0x41, 0x5, 0xff, 0xc1,
    0x0, 0x10,

    /* U+6D2A "洪" */
    0x22, 0x41, 0x92, 0x4, 0x90, 0x1f, 0xe6, 0x24,
    0x11, 0x20, 0x9, 0x5, 0xff, 0x20, 0x3, 0x13,
    0x11, 0xc, 0xb0, 0x20,

    /* U+6D32 "洲" */
    0x64, 0x17, 0x49, 0x4, 0x98, 0x49, 0x7e, 0xd1,
    0x6b, 0x15, 0xb6, 0x49, 0x64, 0x94, 0x89, 0x48,
    0x91, 0x81,

    /* U+6D3B "活" */
    0x0, 0x26, 0xfe, 0x21, 0x0, 0x10, 0xdf, 0xf6,
    0x10, 0x1, 0x6, 0xfe, 0x68, 0x24, 0x82, 0x4f,
    0xe4, 0x82,

    /* U+6D3C "洼" */
    0x41, 0x6, 0x10, 0x2f, 0xe0, 0x10, 0xc1, 0x6,
    0xff, 0x1, 0x2, 0x10, 0x6f, 0xe4, 0x10, 0x41,
    0xd, 0xff, 0x0, 0x0,

    /* U+6D3D "洽" */
    0x1, 0x83, 0xc, 0x4, 0xb0, 0xc, 0x8c, 0x43,
    0x3d, 0xfc, 0x0, 0x4, 0xfc, 0x24, 0x22, 0x21,
    0x11, 0xf8, 0x8, 0x40,

    /* U+6D3E "派" */
    0x60, 0xe1, 0x78, 0x2, 0x9, 0x97, 0xc6, 0xa8,
    0x5, 0x41, 0x2b, 0x89, 0x50, 0x4a, 0x46, 0x92,
    0x34, 0xe8, 0x64, 0x60,

    /* U+6D41 "流" */
    0x1, 0x6, 0x10, 0x2f, 0xf0, 0x24, 0xe4, 0x62,
    0xff, 0x0, 0x22, 0xb4, 0x2a, 0x44, 0xa4, 0x4a,
    0x57, 0x27,

    /* U+6D45 "浅" */
    0x42, 0x46, 0x24, 0x22, 0x20, 0x3e, 0xde, 0x6,
    0x27, 0xf, 0x85, 0xa6, 0x41, 0xc4, 0x18, 0xc6,
    0x98, 0x87,

    /* U+6D46 "浆" */
    0x12, 0xa, 0xfd, 0x51, 0xd, 0x27, 0x19, 0xae,
    0x5, 0x17, 0xec, 0x16, 0x4, 0xb3, 0x13, 0x86,
    0x0,

    /* U+6D47 "浇" */
    0x2, 0x3, 0x27, 0x1f, 0x80, 0x16, 0x61, 0x82,
    0xef, 0x0, 0x22, 0xff, 0x62, 0x84, 0x28, 0x46,
    0x95, 0xcf,

    /* U+6D4A "浊" */
    0x41, 0x6, 0x10, 0x2f, 0xe8, 0x92, 0xe9, 0x26,
    0x92, 0xf, 0xe6, 0x90, 0x41, 0x24, 0x12, 0xdf,
    0xf9, 0x1,

    /* U+6D4B "测" */
    0xdf, 0x17, 0x15, 0x15, 0x5d, 0x55, 0x55, 0x51,
    0x55, 0x55, 0x54, 0x45, 0x4e, 0x1d, 0x91, 0xb0,
    0x30,

    /* U+6D4E "济" */
    0x1, 0x83, 0x4, 0xf, 0xfe, 0x4, 0x44, 0x24,
    0x30, 0xe0, 0x8f, 0x83, 0x87, 0x22, 0x63, 0x13,
    0x18, 0x98, 0x8c, 0xc1, 0x86, 0x0,

    /* U+6D51 "浑" */
    0x6f, 0xf2, 0x81, 0x3, 0xe, 0xff, 0x26, 0x80,
    0x48, 0x2f, 0xf6, 0x8, 0x40, 0x85, 0xff, 0x40,
    0x80, 0x8,

    /* U+6D53 "浓" */
    0x0, 0x83, 0xc, 0xf, 0xfc, 0x12, 0x2c, 0xb1,
    0x31, 0x40, 0x1a, 0xc5, 0xd8, 0x7e, 0x42, 0xb3,
    0x11, 0xed, 0x8c, 0x20, 0x40, 0x0,

    /* U+6D59 "浙" */
    0x4, 0x11, 0xa7, 0xc1, 0x20, 0x9f, 0x6, 0x4f,
    0x82, 0x50, 0x3a, 0x87, 0x94, 0x64, 0xa2, 0x2d,
    0x11, 0x48, 0x9e, 0x40,

    /* U+6D66 "浦" */
    0x1, 0x46, 0x16, 0x2f, 0xf0, 0x10, 0x6f, 0xe0,
    0x92, 0x4f, 0xe6, 0x92, 0x49, 0x24, 0xfe, 0xc9,
    0x24, 0x96,

    /* U+6D69 "浩" */
    0x0, 0x81, 0xa4, 0x5, 0xfc, 0x9, 0xe, 0x8,
    0x17, 0xfc, 0x0, 0x6, 0xfe, 0x24, 0x11, 0x20,
    0x99, 0xfc, 0x8, 0x20,

    /* U+6D6A "浪" */
    0x1, 0x4, 0x10, 0x6f, 0xe0, 0x82, 0x8, 0x2c,
    0xfe, 0x68, 0x20, 0xfe, 0x69, 0x4, 0x93, 0x49,
    0xcc, 0xee, 0xcc, 0x30, 0x0,

    /* U+6D6E "浮" */
    0x40, 0x66, 0xff, 0x21, 0x68, 0xd4, 0xc0, 0x4,
    0xfe, 0x0, 0xc4, 0x10, 0x5f, 0xfc, 0x10, 0x81,
    0x0, 0x30,

    /* U+6D74 "浴" */
    0x0, 0x3, 0x33, 0xb, 0x4c, 0x13, 0x2c, 0x3c,
    0x33, 0x30, 0x30, 0xe3, 0xfe, 0x24, 0x23, 0x21,
    0x11, 0xf8, 0x88, 0x40,

    /* U+6D77 "海" */
    0x0, 0x3, 0x30, 0xd, 0xfc, 0x10, 0xd, 0xfe,
    0x32, 0x90, 0x92, 0x85, 0xff, 0x25, 0x23, 0x29,
    0x1b, 0x8, 0x9f, 0xe4, 0x2, 0x20, 0x70,

    /* U+6D78 "浸" */
    0xcf, 0xe6, 0x2, 0x2f, 0xe8, 0x2, 0xef, 0xe0,
    0x0, 0x5f, 0xf4, 0xfc, 0x44, 0xc4, 0x78, 0xc3,
    0x89, 0x87,

    /* U+6D82 "涂" */
    0x1, 0x2, 0x1c, 0xc, 0xa0, 0x8, 0x8c, 0xc7,
    0x3f, 0xe8, 0x4, 0x0, 0x20, 0x1f, 0xf2, 0x8,
    0x13, 0x58, 0xb2, 0x64, 0x30, 0x0,

    /* U+6D88 "消" */
    0x1, 0xd, 0x24, 0x95, 0xc0, 0x8c, 0xfe, 0x10,
    0x43, 0xfb, 0x41, 0x4f, 0xe9, 0x7, 0x20, 0x84,
    0x30,

    /* U+6D89 "涉" */
    0x20, 0x81, 0x84, 0x1, 0x3c, 0x9, 0xc, 0x48,
    0xf, 0xfc, 0x12, 0x4, 0x96, 0x2c, 0xa2, 0x47,
    0x10, 0x31, 0xbf, 0x0, 0x80, 0x0,

    /* U+6D8C "涌" */
    0x6f, 0xf3, 0x26, 0x1, 0x8c, 0xff, 0x69, 0x12,
    0x91, 0xf, 0xf2, 0x91, 0x2f, 0xf4, 0x91, 0x49,
    0x14, 0x93,

    /* U+6D8E "涎" */
    0x40, 0x27, 0xde, 0x4, 0x48, 0x84, 0xe9, 0x71,
    0xd4, 0x5, 0x47, 0x54, 0x55, 0xf4, 0x80, 0x5c,
    0xf, 0x3f,

    /* U+6D95 "涕" */
    0x44, 0x46, 0x28, 0x2f, 0xe8, 0x12, 0x6f, 0xe0,
    0x90, 0x9, 0x2, 0xff, 0x63, 0x14, 0x53, 0x49,
    0x65, 0x10,

    /* U+6D9B "涛" */
    0x41, 0x2, 0xff, 0x1, 0xc, 0xff, 0x62, 0x1,
    0xff, 0x2, 0x26, 0x62, 0x47, 0xf4, 0xf2, 0xd9,
    0x24, 0xe,

    /* U+6D9D "涝" */
    0x2, 0x47, 0x12, 0xf, 0xfe, 0x4, 0x8d, 0xff,
    0xc, 0x9, 0x4, 0x9, 0xfc, 0x43, 0x26, 0x11,
    0x21, 0x18, 0x31, 0x80,

    /* U+6DA1 "涡" */
    0x0, 0x3, 0xbf, 0x85, 0x4, 0x8, 0x2e, 0x7f,
    0x10, 0x40, 0x3f, 0xe5, 0x12, 0x29, 0xd3, 0x5a,
    0x93, 0x8d, 0x90, 0x24, 0x83, 0x0,

    /* U+6DA3 "涣" */
    0x0, 0x4, 0x60, 0x67, 0xc2, 0x8c, 0x8, 0x8c,
    0xfe, 0x49, 0x20, 0x92, 0x69, 0x25, 0xff, 0x42,
    0x8c, 0x6c, 0x9c, 0x71, 0x1,

    /* U+6DA4 "涤" */
    0x2, 0x4, 0x60, 0x67, 0xe2, 0xc4, 0x8a, 0x8e,
    0x3c, 0x1d, 0x74, 0x10, 0x6f, 0xe4, 0x10, 0x4d,
    0x6d, 0x93, 0x43, 0x0,

    /* U+6DA6 "润" */
    0x26, 0x3, 0x2f, 0x12, 0x14, 0x9f, 0x68, 0x92,
    0x89, 0x9, 0xf2, 0x89, 0x28, 0x96, 0xbf, 0x48,
    0x14, 0x83,

    /* U+6DA7 "涧" */
    0x4, 0x3, 0x7f, 0x0, 0x1c, 0xbd, 0x6a, 0x52,
    0xa5, 0xb, 0xd2, 0xa5, 0x6b, 0xd4, 0x81, 0x48,
    0x10, 0x83,

    /* U+6DA8 "涨" */
    0x1, 0x26, 0xe9, 0x1, 0x48, 0xa, 0x8d, 0xd4,
    0x9, 0xf9, 0x65, 0x9, 0x28, 0x49, 0x66, 0x4b,
    0x22, 0x66, 0x22, 0x0,

    /* U+6DA9 "涩" */
    0x0, 0x3, 0x3f, 0x8c, 0x24, 0x9, 0x2c, 0x51,
    0x11, 0xb8, 0x33, 0x84, 0x90, 0x64, 0xf2, 0x24,
    0x11, 0x21, 0xbf, 0xf0,

    /* U+6DAE "涮" */
    0x4f, 0x12, 0x95, 0x9, 0x5c, 0xf5, 0x6a, 0x51,
    0x45, 0x5f, 0x55, 0xd5, 0x5d, 0x5e, 0xb1, 0x8c,
    0x10, 0x43,

    /* U+6DAF "涯" */
    0x0, 0x6, 0xff, 0x28, 0x88, 0xbe, 0x68, 0x80,
    0xff, 0x48, 0x4, 0x88, 0x4f, 0xe5, 0x8, 0xd0,
    0x8b, 0x7f, 0x0, 0x0,

    /* U+6DB2 "液" */
    0x0, 0x4, 0x10, 0x7f, 0xf0, 0x58, 0xd, 0xc,
    0xbe, 0x5a, 0x27, 0xea, 0x49, 0x44, 0x94, 0x48,
    0x8c, 0xb7, 0x8, 0x10,

    /* U+6DB5 "涵" */
    0x68, 0x13, 0xff, 0x1, 0xc4, 0x93, 0x6b, 0x50,
    0x99, 0xb, 0x52, 0xd3, 0x29, 0x16, 0xb1, 0x4f,
    0xf4, 0x1,

    /* U+6DC0 "淀" */
    0x1, 0x83, 0x4, 0xf, 0xfc, 0x10, 0x2c, 0x0,
    0x37, 0xf8, 0x2, 0x0, 0xd0, 0x24, 0xf3, 0x64,
    0x13, 0xa0, 0x97, 0x5, 0xf, 0x0,

    /* U+6DC6 "淆" */
    0x0, 0x3, 0x33, 0x8c, 0x70, 0xe, 0xe4, 0x59,
    0x37, 0xfc, 0xc, 0x0, 0xfe, 0x2e, 0x11, 0x5f,
    0x98, 0xfc, 0x84, 0x24, 0x23, 0x0,

    /* U+6DCB "淋" */
    0x4, 0x43, 0x22, 0x9, 0x10, 0x3d, 0xec, 0x44,
    0x17, 0x60, 0x3f, 0x8f, 0xbc, 0x55, 0x52, 0x32,
    0x31, 0x10, 0x88, 0x80,

    /* U+6DCC "淌" */
    0x61, 0x83, 0x5b, 0x5, 0xa4, 0x18, 0x6f, 0xf0,
    0x81, 0xb, 0xd2, 0xa5, 0x2a, 0x54, 0xbd, 0x48,
    0x10, 0x83,

    /* U+6DD1 "淑" */
    0x4, 0x1, 0x91, 0xe2, 0x71, 0x81, 0x6, 0x44,
    0x51, 0xfd, 0x40, 0x45, 0x3, 0x54, 0x7d, 0x21,
    0x50, 0x84, 0x45, 0x13, 0x66, 0x41, 0x8,

    /* U+6DD8 "淘" */
    0x4, 0xc, 0x40, 0x6f, 0xf1, 0x81, 0xb4, 0x1c,
    0x79, 0x4a, 0x15, 0xfd, 0x4a, 0x94, 0xa9, 0xcf,
    0x98, 0x1, 0x0, 0xe0,

    /* U+6DE1 "淡" */
    0x1, 0x6, 0x52, 0x29, 0x40, 0x38, 0xc6, 0x65,
    0xd3, 0x1, 0x2, 0xd2, 0x69, 0xc4, 0x28, 0x46,
    0x4d, 0xc3, 0x0, 0x0,

    /* U+6DE4 "淤" */
    0x4, 0x42, 0x22, 0x18, 0x18, 0x3f, 0x4c, 0x99,
    0x27, 0x20, 0x29, 0x9, 0x44, 0x4a, 0x2, 0x96,
    0x34, 0x99, 0x4c, 0x40,

    /* U+6DEB "淫" */
    0x0, 0x25, 0xfe, 0x20, 0x0, 0x92, 0x8d, 0x44,
    0x2, 0xf, 0xf4, 0x10, 0x5f, 0xf4, 0x10, 0xc1,
    0x9, 0xfe, 0x0, 0x0,

    /* U+6DEE "淮" */
    0x0, 0x6, 0x28, 0x34, 0x0, 0x7f, 0x4, 0x8e,
    0xc8, 0x3f, 0xf0, 0x48, 0x37, 0xf2, 0x48, 0x24,
    0x84, 0x7f, 0x44, 0x0,

    /* U+6DF1 "深" */
    0x6f, 0xf1, 0x40, 0x80, 0x91, 0xd8, 0x60, 0x10,
    0x17, 0xf8, 0x8e, 0xc, 0xa8, 0x49, 0x62, 0xc9,
    0x90, 0x40,

    /* U+6DF3 "淳" */
    0x41, 0x6, 0xff, 0x20, 0x0, 0x7e, 0xe4, 0x20,
    0x3c, 0x4f, 0xe4, 0xc, 0x41, 0x85, 0xff, 0xc1,
    0x0, 0x30,

    /* U+6DF7 "混" */
    0x4f, 0xe3, 0x41, 0xa, 0x8, 0x1f, 0xcc, 0x82,
    0x37, 0xf0, 0x0, 0x9, 0x12, 0x4e, 0xe2, 0x44,
    0x33, 0xa6, 0x11, 0xe0,

    /* U+6DF9 "淹" */
    0x41, 0x0, 0xff, 0xe0, 0x24, 0x1, 0x88, 0x6c,
    0x98, 0xff, 0xe0, 0x49, 0x9, 0xfc, 0x24, 0x90,
    0x9f, 0xc4, 0x48, 0x10, 0x3e,

    /* U+6DFB "添" */
    0xcf, 0xe6, 0x30, 0x2, 0x1, 0xff, 0xc6, 0x84,
    0x64, 0x1a, 0x37, 0xa0, 0x4a, 0xad, 0xab, 0x92,
    0xd0, 0x60,

    /* U+6E05 "清" */
    0x1, 0xd, 0xff, 0x21, 0x0, 0xfe, 0xc1, 0x15,
    0xee, 0xf, 0xc4, 0x84, 0x4f, 0xc4, 0xfc, 0xc8,
    0x48, 0x8c,

    /* U+6E0A "渊" */
    0x48, 0x92, 0xb7, 0xb, 0x50, 0xb5, 0xe9, 0x12,
    0xff, 0x9, 0x12, 0xad, 0x2b, 0x74, 0xf1, 0x55,
    0x17, 0x11,

    /* U+6E10 "渐" */
    0x44, 0x36, 0x4f, 0x1f, 0x80, 0x88, 0xcc, 0xf5,
    0x4a, 0x1f, 0xa4, 0x4a, 0x47, 0xa5, 0xca, 0xc5,
    0xa4, 0x42,

    /* U+6E14 "渔" */
    0x0, 0x4, 0x60, 0x67, 0xc2, 0x88, 0x18, 0x8d,
    0xfe, 0x49, 0x20, 0xfe, 0x49, 0x26, 0x92, 0x4f,
    0xec, 0x0, 0x9f, 0xf0, 0x0,

    /* U+6E17 "渗" */
    0x0, 0x4, 0x30, 0x64, 0x42, 0xfe, 0x1, 0xd,
    0xff, 0x66, 0x81, 0x96, 0x56, 0x35, 0xdc, 0x47,
    0x6c, 0x9c, 0x8f, 0x0, 0x0,

    /* U+6E20 "渠" */
    0x67, 0xf1, 0x40, 0xc7, 0xe6, 0x42, 0x17, 0xe3,
    0x40, 0x67, 0xf0, 0x20, 0xff, 0xf0, 0xb0, 0x32,
    0xec, 0x23,

    /* U+6E21 "渡" */
    0x1, 0x3, 0xc, 0xb, 0xfc, 0x14, 0x8c, 0xff,
    0x35, 0x20, 0x2f, 0x1, 0x0, 0x6f, 0xe2, 0x52,
    0x14, 0xf1, 0xa3, 0x87, 0xe7, 0x0,

    /* U+6E23 "渣" */
    0x3, 0x3, 0x18, 0xf, 0xf8, 0xf, 0xc, 0xb4,
    0xf, 0xf9, 0x21, 0x9, 0xf8, 0x48, 0x42, 0x7e,
    0x30, 0x1, 0xbf, 0xe0, 0x0, 0x0,

    /* U+6E24 "渤" */
    0x4, 0x46, 0x44, 0x3f, 0x40, 0x4f, 0xdf, 0x57,
    0x15, 0x1e, 0x54, 0x45, 0x47, 0xd5, 0xcb, 0xc5,
    0xb0, 0xf6,

    /* U+6E29 "温" */
    0x0, 0x3, 0x7f, 0x7, 0x8, 0x1f, 0xce, 0xc2,
    0x17, 0xf0, 0x0, 0x5, 0xfe, 0x2a, 0x92, 0x54,
    0x92, 0xa5, 0xbf, 0xf0,

    /* U+6E2F "港" */
    0x2, 0x43, 0x12, 0xf, 0xfc, 0x4, 0x87, 0xff,
    0x91, 0x20, 0x11, 0x85, 0xff, 0x34, 0x4a, 0x3e,
    0x11, 0x4, 0x8f, 0xe0,

    /* U+6E34 "渴" */
    0x6f, 0xe3, 0x82, 0xf, 0xe8, 0x82, 0xef, 0xe0,
    0x40, 0xf, 0xf7, 0x91, 0x4a, 0xd4, 0x83, 0xcf,
    0xb0, 0x6,

    /* U+6E38 "游" */
    0x4, 0x42, 0x22, 0x19, 0x30, 0x3d, 0xf0, 0x98,
    0x64, 0xbc, 0xb8, 0x61, 0x44, 0x6a, 0xfa, 0x51,
    0x16, 0x89, 0xac, 0x44, 0x46, 0x0,

    /* U+6E3A "渺" */
    0x0, 0x43, 0xf2, 0x4, 0x90, 0x27, 0xad, 0xf5,
    0x89, 0xa4, 0x7d, 0x6a, 0x4a, 0x52, 0x32, 0xf1,
    0x34, 0xb1, 0x7, 0x0, 0x0, 0x0,

    /* U+6E43 "湃" */
    0x40, 0x3, 0x7f, 0xc9, 0x8, 0x8, 0x4c, 0x4f,
    0xbf, 0x10, 0x10, 0x80, 0x9f, 0x7e, 0x22, 0x2f,
    0xd3, 0x8, 0x90, 0x41, 0x2, 0x0,

    /* U+6E56 "湖" */
    0x44, 0xc, 0x9c, 0x92, 0x8f, 0x5c, 0x4e, 0xc9,
    0x47, 0xaa, 0x97, 0x5f, 0x3a, 0x67, 0x4, 0x83,
    0x30,

    /* U+6E58 "湘" */
    0x8, 0x1d, 0x3c, 0x24, 0x9f, 0x9c, 0x9e, 0x9a,
    0x47, 0x4a, 0xcf, 0xe9, 0x31, 0x26, 0x27, 0xc4,
    0x90,

    /* U+6E7E "湾" */
    0x0, 0x4, 0x10, 0x7f, 0xf0, 0x28, 0x8a, 0xbd,
    0x29, 0xf, 0xe0, 0x2, 0x6f, 0xe6, 0x80, 0x4f,
    0xe4, 0x2, 0x40, 0xe0,

    /* U+6E7F "湿" */
    0x67, 0xf1, 0xa0, 0x85, 0x4, 0xf, 0xe6, 0x41,
    0x13, 0xf8, 0x5, 0x5, 0x2b, 0x25, 0x51, 0x2b,
    0x98, 0x50, 0x9f, 0xf0,

    /* U+6E83 "溃" */
    0x41, 0x6, 0xfe, 0x29, 0x20, 0xfe, 0xe1, 0x0,
    0xef, 0x4f, 0xe4, 0x82, 0x49, 0x24, 0x2a, 0xcc,
    0xe1, 0x80,

    /* U+6E85 "溅" */
    0x0, 0x56, 0xf2, 0x84, 0x94, 0x34, 0xed, 0xbc,
    0x2d, 0x20, 0x6f, 0xcb, 0x4a, 0x5a, 0x52, 0x61,
    0x34, 0x9b, 0x46, 0x30, 0x0, 0x0,

    /* U+6E89 "溉" */
    0xde, 0xf3, 0x24, 0x12, 0x49, 0xf4, 0xd3, 0x41,
    0xef, 0x50, 0xc5, 0x2c, 0x56, 0xcd, 0xd4, 0x93,
    0x50, 0x27,

    /* U+6E90 "源" */
    0x40, 0x6, 0xff, 0x28, 0x80, 0x88, 0xb, 0xee,
    0xa2, 0x2b, 0xe0, 0xa2, 0x6b, 0xe4, 0x88, 0x52,
    0xa5, 0x49, 0x71, 0x80,

    /* U+6E9C "溜" */
    0x0, 0x6, 0xff, 0x2a, 0x50, 0xa5, 0x6c, 0xb0,
    0x90, 0xf, 0xf2, 0x89, 0x6f, 0xf4, 0x89, 0x4f,
    0xf4, 0x81,

    /* U+6EA2 "溢" */
    0x0, 0x4, 0x4c, 0x64, 0x81, 0xff, 0x80, 0x8c,
    0x6c, 0x58, 0x71, 0x0, 0x4f, 0xe4, 0xaa, 0x4a,
    0xac, 0xaa, 0xbf, 0xf0,

    /* U+6EAA "溪" */
    0x0, 0x66, 0xf8, 0x29, 0x20, 0x54, 0xc6, 0x66,
    0xf8, 0x2, 0x64, 0xff, 0x41, 0x5, 0xff, 0xc2,
    0x88, 0xc7, 0x18, 0x10,

    /* U+6EAF "溯" */
    0x0, 0xc, 0xaf, 0x6a, 0x9b, 0xf9, 0xc4, 0xf5,
    0x59, 0x15, 0x95, 0xff, 0x45, 0x98, 0xc9, 0x99,
    0x1b, 0x33,

    /* U+6EB6 "溶" */
    0x0, 0x82, 0x4, 0xf, 0xfc, 0x10, 0x20, 0xb5,
    0x33, 0xd8, 0xa6, 0x40, 0x48, 0x24, 0x71, 0xff,
    0xd9, 0x8, 0x8f, 0xc0, 0x42, 0x0,

    /* U+6EBA "溺" */
    0xde, 0xec, 0x44, 0x88, 0xc7, 0x7e, 0x88, 0x1d,
    0xd2, 0xaa, 0x55, 0x46, 0xeb, 0x77, 0x8, 0x86,
    0x30,

    /* U+6ECB "滋" */
    0x46, 0x46, 0x28, 0x1f, 0xf8, 0x44, 0xcc, 0x44,
    0xb8, 0x12, 0xb5, 0xde, 0x44, 0x44, 0xa8, 0x5f,
    0xb9, 0x1f, 0x0, 0x0,

    /* U+6ED1 "滑" */
    0x67, 0xe1, 0xa1, 0x1, 0xe8, 0x9, 0x47, 0xff,
    0x88, 0x4, 0x5f, 0xa4, 0x84, 0x27, 0xe2, 0x3f,
    0x11, 0x8, 0x88, 0xc0,

    /* U+6ED3 "滓" */
    0x43, 0x7, 0xff, 0x10, 0x28, 0x30, 0xdf, 0xe4,
    0x40, 0x4, 0x87, 0xff, 0x43, 0x5, 0xfe, 0xc3,
    0x0, 0x30,

    /* U+6ED4 "滔" */
    0x0, 0x36, 0xfe, 0x20, 0x0, 0x99, 0xc4, 0xa4,
    0x0, 0xe, 0x76, 0x81, 0x4e, 0x74, 0x81, 0xcf,
    0xf0, 0x81,

    /* U+6EDA "滚" */
    0x0, 0x83, 0xc, 0xf, 0xfe, 0xc, 0xc4, 0xdb,
    0x3d, 0xa8, 0x19, 0x80, 0xfc, 0x23, 0x81, 0x35,
    0x9b, 0x90, 0xa4, 0xcc, 0x33, 0x80, 0x0,

    /* U+6EDE "滞" */
    0x45, 0x44, 0x54, 0x3f, 0xf0, 0x54, 0xc0, 0x5,
    0xff, 0x11, 0x14, 0xfe, 0x49, 0x24, 0x92, 0xc9,
    0x64, 0x10,

    /* U+6EE1 "满" */
    0x62, 0x41, 0xff, 0xc0, 0x90, 0x84, 0x8e, 0xff,
    0x91, 0x20, 0x3f, 0xc5, 0x4a, 0x6b, 0x53, 0x75,
    0x92, 0x64, 0x90, 0x60,

    /* U+6EE4 "滤" */
    0x1, 0x1, 0x8f, 0x83, 0xfe, 0x92, 0x26, 0xfe,
    0x4, 0x88, 0x27, 0xc5, 0x0, 0x2f, 0x52, 0xaa,
    0xd5, 0x4a, 0xeb, 0xc0,

    /* U+6EE5 "滥" */
    0x2, 0x63, 0x52, 0xa, 0xbe, 0x15, 0xc, 0xb2,
    0x15, 0x18, 0x0, 0x5, 0xfe, 0x6a, 0x92, 0x54,
    0x92, 0xa5, 0xbf, 0xf4, 0x0, 0x0,

    /* U+6EE8 "滨" */
    0x0, 0x4, 0x10, 0x7f, 0xf0, 0x81, 0x8f, 0xd6,
    0x40, 0x7, 0xe0, 0x48, 0x64, 0x85, 0xff, 0x44,
    0x84, 0xc6, 0x18, 0x30,

    /* U+6EE9 "滩" */
    0x81, 0x45, 0xd4, 0x5, 0xf3, 0x54, 0x97, 0x4d,
    0xbf, 0x9, 0x44, 0x9f, 0x55, 0x47, 0x54, 0xa1,
    0xf8, 0x10,

    /* U+6EF4 "滴" */
    0x0, 0x3, 0x4, 0xf, 0xfe, 0x4, 0x80, 0x16,
    0x77, 0xfc, 0xa2, 0x61, 0x7f, 0x28, 0x9b, 0x4e,
    0xd2, 0x56, 0x93, 0xb4, 0xc3, 0x0,

    /* U+6F02 "漂" */
    0x5f, 0xf1, 0x14, 0x3, 0xfd, 0x95, 0x26, 0xff,
    0x0, 0x1, 0x3f, 0xc8, 0x0, 0x5f, 0xf2, 0x28,
    0x22, 0x5d, 0x26, 0x20,

    /* U+6F06 "漆" */
    0x1, 0x7, 0xff, 0x3, 0x0, 0x56, 0xf9, 0x0,
    0x28, 0xd, 0x77, 0x51, 0x45, 0x44, 0x7c, 0x5d,
    0x34, 0x30,

    /* U+6F0F "漏" */
    0x6f, 0xf1, 0x40, 0x83, 0xfc, 0x90, 0x6, 0xff,
    0x94, 0x40, 0x3f, 0xc5, 0x92, 0x6d, 0xb2, 0xa4,
    0x95, 0x2c, 0xe9, 0x60,

    /* U+6F13 "漓" */
    0x1, 0x5, 0xff, 0x24, 0x89, 0xb2, 0xde, 0xe5,
    0xfe, 0x3, 0x5, 0xfe, 0x52, 0xa9, 0x5a, 0x96,
    0x61, 0x6,

    /* U+6F14 "演" */
    0x20, 0x81, 0xff, 0xc2, 0x2, 0x97, 0xd6, 0x8,
    0x13, 0xf8, 0x12, 0x44, 0xfe, 0x24, 0x91, 0x3f,
    0x98, 0x98, 0x98, 0x30,

    /* U+6F20 "漠" */
    0x42, 0x43, 0xff, 0x2, 0x80, 0xfe, 0xe8, 0x22,
    0xfe, 0x8, 0x26, 0x7c, 0x5f, 0xf4, 0x28, 0xcc,
    0x71, 0x2,

    /* U+6F29 "漩" */
    0xc, 0x43, 0x22, 0x8, 0x3e, 0x3f, 0xc, 0x9f,
    0x87, 0x14, 0x2a, 0x85, 0x57, 0x6a, 0xa2, 0x55,
    0x15, 0xd8, 0xe6, 0x70,

    /* U+6F2B "漫" */
    0x67, 0xe1, 0xa1, 0x5, 0xf8, 0x8f, 0xc2, 0xff,
    0x5, 0x28, 0xbf, 0xc4, 0x0, 0x2f, 0xe3, 0x32,
    0x10, 0xe0, 0xbd, 0xe0, 0x0, 0x0,

    /* U+6F31 "漱" */
    0x4, 0x67, 0x22, 0x7, 0xd0, 0x8, 0xfd, 0xf9,
    0xaa, 0xf1, 0x7d, 0x89, 0x8c, 0x4e, 0x62, 0xa7,
    0xad, 0x24, 0xa, 0x10,

    /* U+6F3E "漾" */
    0x46, 0x47, 0xff, 0x1, 0x0, 0xfe, 0xc1, 0x5,
    0xff, 0x3, 0x84, 0xf2, 0x41, 0x65, 0xdc, 0xc5,
    0x69, 0xb1,

    /* U+6F58 "潘" */
    0x0, 0x23, 0x7f, 0x81, 0x59, 0x3f, 0xee, 0x3c,
    0x12, 0xb0, 0x24, 0xe3, 0xfe, 0x69, 0x22, 0x7f,
    0x12, 0x49, 0x9f, 0xc0,

    /* U+6F5C "潜" */
    0x44, 0x63, 0xf7, 0x81, 0x11, 0x3d, 0xee, 0xc6,
    0x27, 0x58, 0x46, 0x4d, 0xfc, 0x48, 0x22, 0x7f,
    0x32, 0x9, 0x1f, 0xc0,

    /* U+6F66 "潦" */
    0x0, 0x1, 0x82, 0x3, 0xff, 0x80, 0x54, 0x46,
    0x61, 0x9f, 0xe1, 0xc3, 0x89, 0xf8, 0x24, 0x20,
    0x9f, 0xc6, 0xa, 0x11, 0x2c, 0x5b, 0x88, 0x0,
    0x0,

    /* U+6F6D "潭" */
    0xdf, 0xf6, 0x48, 0x1f, 0xe9, 0x4a, 0xdf, 0xe4,
    0x0, 0x5f, 0xc5, 0xfc, 0x50, 0x48, 0xf8, 0xbf,
    0xf8, 0x30,

    /* U+6F6E "潮" */
    0x0, 0xc, 0x8f, 0x1e, 0x90, 0x89, 0xde, 0xf5,
    0xe9, 0x12, 0x95, 0xef, 0x48, 0x9f, 0xf9, 0x89,
    0x10, 0xa6,

    /* U+6F84 "澄" */
    0x5f, 0xe1, 0x94, 0x85, 0x2c, 0x19, 0xcc, 0xbc,
    0x2c, 0x18, 0x7f, 0x45, 0x8, 0x6f, 0xc2, 0x24,
    0x11, 0x21, 0xbf, 0xe0,

    /* U+6F88 "澈" */
    0x4, 0x4, 0x44, 0x3f, 0x80, 0xcf, 0x8a, 0xaf,
    0xfa, 0x0, 0xa1, 0xea, 0x72, 0xa5, 0xe4, 0x5e,
    0x45, 0x2e, 0xd3, 0xb0,

    /* U+6F8E "澎" */
    0x4, 0x27, 0xf2, 0x4, 0x69, 0xf4, 0x60, 0xb1,
    0xf2, 0x11, 0x45, 0xfc, 0x52, 0x34, 0xa2, 0x9f,
    0x49, 0x18, 0x1, 0x0,

    /* U+6F9C "澜" */
    0x8, 0x6, 0xff, 0x11, 0x19, 0x7d, 0x57, 0xd1,
    0x75, 0x57, 0x55, 0x7d, 0x51, 0x1d, 0x7d, 0x91,
    0x19, 0x6,

    /* U+6FA1 "澡" */
    0x27, 0xe1, 0xa1, 0x5, 0xf8, 0x0, 0x6, 0xf7,
    0x94, 0xac, 0x3d, 0xe4, 0x10, 0x2f, 0xfb, 0x16,
    0x11, 0x2c, 0x11, 0x10,

    /* U+6FB3 "澳" */
    0x41, 0x3, 0x7f, 0x82, 0xdd, 0x96, 0xa6, 0xbf,
    0x5, 0xa9, 0x3d, 0xc9, 0x22, 0x5f, 0xfa, 0x1c,
    0x31, 0xb8, 0x30, 0x70,

    /* U+6FC0 "激" */
    0x4, 0x21, 0x7a, 0x2, 0x5e, 0x9e, 0xa6, 0xfd,
    0x2, 0xe8, 0xfd, 0x44, 0x8e, 0x27, 0x23, 0x29,
    0x1a, 0x54, 0xb5, 0x30, 0x8, 0x0,

    /* U+6FD2 "濒" */
    0x4, 0x7, 0x5f, 0x16, 0x41, 0x5f, 0xff, 0x50,
    0x95, 0x1b, 0x55, 0xb5, 0x75, 0x58, 0x48, 0x89,
    0xab, 0x31,

    /* U+7011 "瀑" */
    0x27, 0xf1, 0xa0, 0x81, 0xfc, 0xf, 0xe6, 0x24,
    0x3, 0xf8, 0x3f, 0xe4, 0x54, 0x3e, 0xba, 0xe,
    0x13, 0xac, 0x3, 0x0,

    /* U+704C "灌" */
    0x4, 0x87, 0xff, 0x4, 0x81, 0xb6, 0xff, 0xe0,
    0xd0, 0xf, 0xe5, 0x90, 0x6f, 0xe4, 0xfe, 0xc9,
    0x8, 0xff, 0x0, 0x0,

    /* U+706B "火" */
    0x2, 0x0, 0x10, 0xc, 0x88, 0x64, 0x43, 0x22,
    0x11, 0x30, 0x8d, 0x0, 0xa0, 0x5, 0x80, 0x46,
    0xc, 0x19, 0xc0, 0x60,

    /* U+706D "灭" */
    0x7f, 0xf0, 0x10, 0x0, 0x80, 0x64, 0x42, 0x22,
    0x31, 0xa0, 0x14, 0x0, 0xa0, 0x8, 0xc1, 0x83,
    0x98, 0xc,

    /* U+706F "灯" */
    0x10, 0x0, 0x47, 0xf1, 0x2, 0x15, 0x88, 0x58,
    0x21, 0x40, 0x85, 0x2, 0x6, 0x8, 0x2c, 0x20,
    0x98, 0x84, 0x2, 0x30, 0x38,

    /* U+7070 "灰" */
    0x8, 0x1, 0x80, 0xff, 0xf1, 0x0, 0x11, 0x1,
    0xd2, 0x2b, 0x62, 0xb4, 0x63, 0x84, 0x68, 0xcc,
    0xcb, 0x87, 0x0, 0x0,

    /* U+7075 "灵" */
    0x3f, 0xe0, 0x1, 0x0, 0x8, 0x7f, 0xc0, 0x2,
    0x1f, 0xf0, 0xc, 0x2, 0x64, 0x33, 0x40, 0x3c,
    0x7, 0x38, 0xe0, 0x60,

    /* U+7076 "灶" */
    0x10, 0x40, 0x82, 0x4, 0x10, 0xac, 0x85, 0x9f,
    0xa8, 0x21, 0x41, 0x2, 0x8, 0x18, 0x41, 0x62,
    0x9, 0x10, 0x87, 0xf0, 0x0, 0x0,

    /* U+7078 "灸" */
    0x4, 0x0, 0x60, 0x7, 0xf0, 0x63, 0x0, 0x38,
    0x6, 0x71, 0xc8, 0xe0, 0x42, 0x12, 0x61, 0x2a,
    0x3, 0x60, 0x31, 0xe6, 0x3, 0x0,

    /* U+707C "灼" */
    0x10, 0x80, 0x84, 0x5, 0x7e, 0xba, 0x15, 0x20,
    0xa9, 0x44, 0x43, 0x22, 0x9, 0x1c, 0x9, 0x30,
    0x48, 0x7, 0x80, 0xe0,

    /* U+707E "灾" */
    0x2, 0x0, 0x18, 0x1f, 0xfc, 0x80, 0x24, 0x21,
    0xd, 0x10, 0xc9, 0x84, 0xe8, 0x5, 0x0, 0x6c,
    0x6, 0x39, 0xc0, 0x60, 0x0, 0x0,

    /* U+707F "灿" */
    0x10, 0x41, 0x4, 0x12, 0x55, 0xe5, 0x5a, 0x55,
    0x25, 0x12, 0x53, 0x25, 0x2a, 0x52, 0xe5, 0x43,
    0xf4, 0x1,

    /* U+7089 "炉" */
    0x10, 0x41, 0x4, 0x15, 0xf5, 0x51, 0x59, 0x15,
    0x11, 0x51, 0xf1, 0x11, 0x39, 0x2, 0xf0, 0x62,
    0xc, 0x60,

    /* U+708A "炊" */
    0x10, 0x80, 0x44, 0x5, 0x5f, 0xd6, 0x42, 0x52,
    0xc9, 0x4b, 0x1, 0xc, 0x6, 0x30, 0x2d, 0xe0,
    0x94, 0xc4, 0x63, 0x91, 0x2,

    /* U+708E "炎" */
    0x3, 0x0, 0x99, 0x84, 0x88, 0x7, 0x0, 0xc6,
    0x3c, 0xd, 0x8c, 0x2, 0x66, 0x13, 0x60, 0x3c,
    0x3, 0x30, 0xe0, 0xf4, 0x0, 0x80,

    /* U+7092 "炒" */
    0x20, 0x82, 0x8, 0x28, 0x8b, 0xaa, 0xa2, 0x9a,
    0x49, 0x24, 0xa3, 0xa, 0x58, 0x64, 0x84, 0xc1,
    0x88, 0xe0,

    /* U+7095 "炕" */
    0x10, 0xc0, 0x41, 0x1, 0x3f, 0x95, 0x0, 0x58,
    0x1, 0x47, 0x85, 0x12, 0x4, 0x48, 0x1d, 0x20,
    0x94, 0x82, 0x32, 0x51, 0x8e, 0x4, 0x0,

    /* U+70AB "炫" */
    0x10, 0xc0, 0x82, 0x4, 0xfe, 0xad, 0x85, 0x88,
    0x28, 0x99, 0x4f, 0x82, 0x8, 0x3c, 0x81, 0x24,
    0x88, 0xfc, 0x84, 0x10,

    /* U+70AC "炬" */
    0x10, 0x0, 0x8f, 0xc4, 0x40, 0xaa, 0x5, 0x9f,
    0x28, 0x88, 0x44, 0x42, 0x3e, 0x19, 0x1, 0x28,
    0x8, 0x40, 0x83, 0xf0,

    /* U+70AD "炭" */
    0x21, 0x11, 0x8, 0x8f, 0xfc, 0x18, 0x0, 0x80,
    0x3f, 0xfc, 0x26, 0x2, 0xb0, 0x15, 0xa1, 0x4d,
    0x18, 0x90, 0x8c, 0x71, 0x80, 0x0,

    /* U+70AE "炮" */
    0x11, 0x80, 0x44, 0x1, 0x3f, 0x96, 0x82, 0x57,
    0xc9, 0x79, 0x25, 0x24, 0x84, 0x92, 0x3b, 0xf8,
    0xb8, 0x46, 0x20, 0xf0, 0xfe,

    /* U+70B8 "炸" */
    0x21, 0x82, 0x10, 0x2b, 0xfb, 0xb0, 0xa5, 0xa,
    0xdf, 0x21, 0x3, 0x10, 0x79, 0xf4, 0x90, 0xc1,
    0x0, 0x10,

    /* U+70B9 "点" */
    0x4, 0x0, 0x40, 0x7, 0xe0, 0x40, 0x3f, 0xc2,
    0x4, 0x20, 0x43, 0xfc, 0x0, 0x4, 0xb2, 0x49,
    0x38, 0x90,

    /* U+70BC "炼" */
    0x21, 0x81, 0x8, 0x9, 0xfd, 0x74, 0xb, 0xf8,
    0x52, 0x42, 0xbf, 0xc6, 0x10, 0x5a, 0xa2, 0x24,
    0xb3, 0x27, 0x3, 0x0,

    /* U+70C1 "烁" */
    0x20, 0x21, 0x3f, 0x89, 0x1, 0x79, 0xb, 0x48,
    0x52, 0x42, 0x9f, 0xc4, 0x10, 0x72, 0xa2, 0xe5,
    0x91, 0x25, 0xb, 0x0, 0x10, 0x0,

    /* U+70C2 "烂" */
    0x24, 0x62, 0x24, 0x30, 0xcb, 0x7f, 0xa0, 0xa,
    0x0, 0xa0, 0x2, 0x7e, 0x60, 0x5, 0x0, 0x40,
    0xc, 0xff, 0x0, 0x0,

    /* U+70C8 "烈" */
    0x41, 0x13, 0xf8, 0x84, 0x24, 0x7d, 0x26, 0x29,
    0x2e, 0x48, 0x32, 0x4e, 0x6, 0x0, 0x91, 0x24,
    0x91, 0x26, 0x0, 0x0,

    /* U+70D8 "烘" */
    0x11, 0x20, 0x89, 0x4, 0x48, 0xb7, 0xf5, 0x12,
    0x28, 0x91, 0x44, 0x82, 0xff, 0x28, 0x1, 0x79,
    0x19, 0x84, 0x88, 0x20,

    /* U+70D9 "烙" */
    0x10, 0x80, 0x43, 0xc1, 0x51, 0x17, 0xe8, 0x52,
    0x61, 0x43, 0xc1, 0x71, 0x86, 0x7c, 0x2d, 0x10,
    0x94, 0x46, 0x1f, 0x10, 0x44,

    /* U+70DB "烛" */
    0x20, 0x82, 0x8, 0x20, 0x82, 0x7e, 0xb4, 0xaa,
    0x4a, 0xa4, 0xa2, 0x7e, 0x34, 0x85, 0x8a, 0x40,
    0xa8, 0xff,

    /* U+70DF "烟" */
    0x27, 0xf2, 0x41, 0x24, 0x9b, 0xc9, 0xa5, 0xfa,
    0x49, 0xa4, 0xd2, 0x55, 0x35, 0x34, 0xc1, 0x47,
    0xf8, 0x41,

    /* U+70E4 "烤" */
    0x10, 0x80, 0x4f, 0xe5, 0x49, 0x16, 0x28, 0x57,
    0xfd, 0x42, 0x1, 0x3f, 0x8f, 0x20, 0x2c, 0xf8,
    0x90, 0x44, 0x1, 0x0, 0x18,

    /* U+70E6 "烦" */
    0x10, 0x0, 0x9f, 0xc4, 0x10, 0xbf, 0xe5, 0x21,
    0x29, 0x28, 0x49, 0x42, 0x4a, 0x3a, 0xd1, 0x25,
    0x18, 0x64, 0x8c, 0x10,

    /* U+70E7 "烧" */
    0x11, 0x0, 0x8f, 0xc5, 0xc4, 0xb9, 0xc5, 0xc,
    0xab, 0xbc, 0x40, 0x6, 0xff, 0x29, 0x41, 0x4a,
    0x18, 0x92, 0x9c, 0xf0,

    /* U+70EB "烫" */
    0x0, 0x6, 0xfe, 0x1, 0xcc, 0x60, 0x4f, 0xf0,
    0x6b, 0x6d, 0x2d, 0xb6, 0x6, 0x2, 0x66, 0x6f,
    0xc1, 0x98, 0xe0, 0x70,

    /* U+70ED "热" */
    0x21, 0x2, 0x10, 0xf7, 0xc2, 0x14, 0x36, 0x4e,
    0x24, 0x23, 0x4a, 0x47, 0x48, 0x60, 0x4, 0x59,
    0x68, 0x92,

    /* U+70F9 "烹" */
    0x6, 0xf, 0xff, 0x0, 0x3, 0xfc, 0x20, 0x41,
    0xf8, 0x7f, 0xe0, 0x1e, 0x2, 0x0, 0xe0, 0x53,
    0x28, 0x93,

    /* U+710A "焊" */
    0x27, 0xe1, 0x21, 0x2f, 0xf9, 0x68, 0x4a, 0x7e,
    0x50, 0x0, 0x80, 0x6, 0xfe, 0x50, 0x82, 0x7f,
    0xf0, 0x20, 0x1, 0x0,

    /* U+7115 "焕" */
    0x21, 0x2, 0x3c, 0x26, 0x4a, 0x88, 0xb7, 0xea,
    0x4a, 0x24, 0xa2, 0xff, 0x31, 0x84, 0x14, 0xc6,
    0x20, 0x81,

    /* U+7119 "焙" */
    0x10, 0x40, 0x4f, 0xe5, 0x40, 0x16, 0x6c, 0x50,
    0x21, 0x4f, 0xf1, 0x0, 0x6, 0x7e, 0x3d, 0x18,
    0x9c, 0x66, 0x1f, 0x90, 0x46,

    /* U+711A "焚" */
    0x10, 0x80, 0x84, 0x3f, 0xfc, 0x63, 0x3, 0xde,
    0x6b, 0x48, 0x42, 0x0, 0xc0, 0x26, 0x61, 0x76,
    0x2, 0x61, 0xe1, 0xe4, 0x1, 0x0,

    /* U+7126 "焦" */
    0x12, 0x3, 0x30, 0x3f, 0xe6, 0x20, 0x7f, 0xea,
    0x20, 0x3f, 0xe2, 0x20, 0x3f, 0xe2, 0x0, 0x69,
    0x6c, 0x93,

    /* U+7130 "焰" */
    0x21, 0x82, 0x11, 0x23, 0xea, 0xe2, 0xb4, 0x4a,
    0x77, 0xa4, 0x12, 0x41, 0x37, 0x76, 0xc1, 0x47,
    0xf8, 0x41,

    /* U+7136 "然" */
    0x21, 0x2, 0x14, 0x79, 0xe, 0xfe, 0x99, 0x5,
    0x28, 0x32, 0xc6, 0x47, 0xc8, 0x4, 0xa4, 0xcb,
    0x68, 0x0,

    /* U+714C "煌" */
    0x10, 0x81, 0x1f, 0x88, 0x84, 0xdf, 0xe5, 0x21,
    0x31, 0xf9, 0x80, 0x4, 0xfe, 0x30, 0x81, 0x5f,
    0x98, 0x20, 0x9f, 0xf0,

    /* U+714E "煎" */
    0x10, 0x81, 0x90, 0xff, 0xf0, 0x2, 0x7d, 0x27,
    0xd2, 0x45, 0x27, 0xd2, 0x4c, 0xe0, 0xc, 0x49,
    0x2c, 0x93,

    /* U+715E "煞" */
    0x10, 0x81, 0x4, 0xf, 0x60, 0x93, 0xe4, 0x92,
    0x3f, 0x90, 0x12, 0x8f, 0x98, 0x4, 0xe3, 0xf9,
    0x80, 0x0, 0x52, 0x44, 0x9b, 0x0, 0x0,

    /* U+7164 "煤" */
    0x11, 0x10, 0x4f, 0xe1, 0x11, 0x15, 0x7c, 0x59,
    0x11, 0x47, 0xc5, 0x4, 0x4, 0xfe, 0x3c, 0xe0,
    0x95, 0x46, 0x24, 0xd1, 0x10,

    /* U+7167 "照" */
    0x7b, 0xf2, 0x44, 0x92, 0x24, 0x92, 0x67, 0xf0,
    0x24, 0xf9, 0x24, 0x49, 0x22, 0x79, 0xf0, 0x0,
    0x1a, 0x24, 0x91, 0x30, 0x0, 0x0,

    /* U+716E "煮" */
    0x4, 0x3, 0xfe, 0x4, 0xc7, 0xff, 0x6, 0x1,
    0xfc, 0x70, 0x41, 0xfc, 0x1f, 0xc2, 0x12, 0x69,
    0x24, 0xd2,

    /* U+7184 "熄" */
    0x21, 0x2, 0x7e, 0x24, 0x2b, 0xfe, 0xb4, 0x2a,
    0x7e, 0xa4, 0x22, 0x7e, 0x31, 0x87, 0x6a, 0x4a,
    0x1c, 0xa5, 0x83, 0xc0,

    /* U+718A "熊" */
    0x31, 0x2, 0xd7, 0xff, 0x80, 0x13, 0x7c, 0xc7,
    0xd2, 0x45, 0xc7, 0xd1, 0x4d, 0xf0, 0x2, 0x49,
    0x38, 0x91,

    /* U+718F "熏" */
    0x0, 0x1, 0xff, 0x0, 0x80, 0xff, 0xf0, 0x20,
    0x1f, 0xf0, 0xaa, 0x87, 0xfc, 0x2, 0x21, 0xfe,
    0x3f, 0xfe, 0x42, 0x44, 0xd9, 0x0,

    /* U+7194 "熔" */
    0x21, 0x82, 0xff, 0x28, 0x1b, 0xac, 0xa5, 0xba,
    0x98, 0x42, 0x67, 0xc3, 0x77, 0xf5, 0x42, 0x87,
    0xe0, 0x42,

    /* U+7199 "熙" */
    0x7f, 0xf2, 0x48, 0x92, 0x44, 0xba, 0x25, 0x5f,
    0x2e, 0x81, 0x24, 0x9, 0x21, 0x7f, 0xf8, 0x0,
    0x12, 0x4d, 0x9b, 0x30,

    /* U+719F "熟" */
    0x10, 0x87, 0xe4, 0x0, 0x20, 0xff, 0xc7, 0xca,
    0x7d, 0xd0, 0x46, 0x9f, 0xa6, 0x12, 0x31, 0x81,
    0x12, 0x49, 0x13, 0x20,

    /* U+71AC "熬" */
    0x10, 0x87, 0xf4, 0x4, 0x7c, 0xfe, 0x41, 0x12,
    0x36, 0x70, 0xf3, 0x8, 0x9c, 0xdf, 0x38, 0x0,
    0x12, 0x49, 0x92, 0x60,

    /* U+71C3 "燃" */
    0x26, 0x41, 0x22, 0x89, 0xd4, 0x6a, 0x8f, 0x9f,
    0x55, 0x32, 0x9a, 0x84, 0x96, 0x2d, 0x12, 0x88,
    0x15, 0xad, 0x95, 0xa0, 0x81, 0x0,

    /* U+71CE "燎" */
    0x21, 0x1, 0x7f, 0x88, 0x61, 0xf4, 0xce, 0x66,
    0x77, 0xfb, 0x90, 0x84, 0xfc, 0x37, 0xe2, 0xa4,
    0x13, 0x2d, 0x3, 0x20,

    /* U+71D5 "燕" */
    0x5, 0x83, 0xff, 0xc1, 0x60, 0x2f, 0x81, 0x4,
    0x3b, 0xa8, 0x55, 0x86, 0xa9, 0x57, 0x78, 0x80,
    0xb, 0x4c, 0x8b, 0x20, 0x0, 0x0,

    /* U+71E5 "燥" */
    0x33, 0xf1, 0x91, 0x8e, 0xfc, 0xf0, 0x7, 0x77,
    0xba, 0xa5, 0xdd, 0xe6, 0x10, 0x2f, 0xf9, 0x56,
    0x11, 0xae, 0x91, 0x0,

    /* U+7206 "爆" */
    0x27, 0xf1, 0x20, 0x8d, 0xfd, 0x6f, 0xea, 0x22,
    0x53, 0xf1, 0x3f, 0xce, 0x4c, 0x4c, 0xb2, 0x97,
    0x23, 0xec, 0x3, 0x20,

    /* U+722A "爪" */
    0x0, 0xf0, 0x7f, 0x1, 0x24, 0x4, 0x90, 0x12,
    0x40, 0x49, 0x1, 0x26, 0xc, 0x98, 0x22, 0x20,
    0x88, 0xc6, 0x21, 0x90, 0x80,

    /* U+722C "爬" */
    0x7, 0x0, 0xfb, 0xe2, 0xaa, 0x8a, 0xaa, 0x2a,
    0xa8, 0xab, 0xe2, 0xa8, 0x8a, 0xa2, 0x6b, 0xf9,
    0x24, 0x4, 0x9e, 0x12, 0x1e,

    /* U+7231 "爱" */
    0x0, 0x11, 0xff, 0xc4, 0x88, 0x36, 0xc7, 0xff,
    0xa1, 0x4, 0x18, 0x7, 0xfe, 0xc, 0x0, 0xff,
    0xd, 0x10, 0x87, 0x3, 0xff, 0x98, 0xc,

    /* U+7235 "爵" */
    0x0, 0xf7, 0xfa, 0xd, 0xb0, 0xff, 0xe4, 0x91,
    0x3f, 0xf9, 0x8, 0x8f, 0xff, 0x7e, 0x23, 0xfd,
    0x11, 0x8, 0xfd, 0xc4, 0x0, 0x0,

    /* U+7236 "父" */
    0x10, 0x1, 0x8c, 0x20, 0x6c, 0x3, 0x10, 0x81,
    0x98, 0x9, 0x0, 0xe0, 0x6, 0x0, 0xf0, 0x70,
    0xfc, 0x2,

    /* U+7237 "爷" */
    0x8, 0x80, 0xc7, 0x1a, 0x68, 0xe, 0x0, 0x70,
    0x3c, 0xf9, 0x0, 0x47, 0xf8, 0x4, 0x40, 0x22,
    0x1, 0x70, 0x8, 0x0,

    /* U+7238 "爸" */
    0x8, 0x1, 0x8c, 0x68, 0xf0, 0x70, 0xf, 0xf,
    0xf, 0x3f, 0xc2, 0x24, 0x22, 0x43, 0xfc, 0x20,
    0x23, 0xfe,

    /* U+7239 "爹" */
    0x19, 0xc3, 0x4b, 0x91, 0x80, 0x37, 0xe, 0x67,
    0xf, 0xc0, 0xa6, 0x1, 0xc0, 0x73, 0xe0, 0xe2,
    0x8, 0xe0, 0xf8, 0x0,

    /* U+723D "爽" */
    0x2, 0x3, 0xff, 0x82, 0xa8, 0x75, 0xc3, 0xaa,
    0x25, 0x0, 0xab, 0x82, 0xcc, 0x6d, 0x90, 0x6c,
    0xe, 0x3e, 0xc0, 0x60,

    /* U+7247 "片" */
    0x21, 0x4, 0x20, 0x84, 0x1f, 0xf2, 0x0, 0x40,
    0x8, 0x1, 0xfc, 0x20, 0x8c, 0x11, 0x2, 0x40,
    0x40,

    /* U+7248 "版" */
    0x48, 0x2, 0x4f, 0x92, 0x80, 0x94, 0x7, 0xdf,
    0x21, 0x11, 0xec, 0x89, 0x54, 0x4a, 0xc2, 0x56,
    0x32, 0xb9, 0xa, 0x20, 0x0, 0x0,

    /* U+724C "牌" */
    0x50, 0xc1, 0x4f, 0xc5, 0x25, 0x14, 0x94, 0x7b,
    0xf1, 0x9, 0x46, 0x3f, 0x14, 0x30, 0x51, 0x41,
    0x5f, 0xf9, 0x4, 0x24, 0x10,

    /* U+724D "牍" */
    0x50, 0x42, 0x9f, 0xd4, 0x10, 0xa7, 0xf7, 0x87,
    0xa0, 0xe9, 0xc9, 0xa, 0x28, 0x57, 0xfa, 0x86,
    0x14, 0x6d, 0x2e, 0x30,

    /* U+7259 "牙" */
    0x7f, 0xe0, 0x10, 0x21, 0x6, 0x10, 0x7f, 0xf0,
    0x70, 0x5, 0x1, 0x90, 0x31, 0xe, 0x10, 0x7,
    0x0,

    /* U+725B "牛" */
    0x2, 0x1, 0x20, 0x32, 0x3, 0xfe, 0x62, 0x4,
    0x20, 0x2, 0xf, 0xff, 0x2, 0x0, 0x20, 0x2,
    0x0, 0x20,

    /* U+7261 "牡" */
    0x10, 0x81, 0x8, 0x50, 0x87, 0x88, 0x57, 0xfd,
    0x8, 0x14, 0x83, 0x88, 0xd0, 0x81, 0x8, 0x17,
    0xf1, 0x0,

    /* U+7262 "牢" */
    0x6, 0x0, 0x20, 0x7f, 0xf4, 0x1, 0x52, 0x1,
    0xfe, 0x22, 0x0, 0x20, 0xff, 0xf0, 0x20, 0x2,
    0x0, 0x20,

    /* U+7267 "牧" */
    0x11, 0x82, 0x88, 0x14, 0x40, 0xff, 0xfd, 0x22,
    0x4b, 0x90, 0x65, 0x8e, 0x28, 0x50, 0xc0, 0x8e,
    0x5, 0xcc, 0x28, 0x20,

    /* U+7269 "物" */
    0x33, 0x3, 0x20, 0x73, 0xf7, 0xd5, 0x7d, 0x5b,
    0x15, 0x3a, 0x97, 0x2b, 0xf5, 0xb3, 0x12, 0x32,
    0xe3, 0x44,

    /* U+7272 "牲" */
    0x10, 0x40, 0x8a, 0x14, 0x50, 0xff, 0xf5, 0x24,
    0x2a, 0x20, 0xff, 0xce, 0x8, 0x10, 0x40, 0x82,
    0x4, 0x10, 0x2f, 0xf0,

    /* U+7275 "牵" */
    0x4, 0x1f, 0xfc, 0x3c, 0x38, 0x6f, 0xff, 0x0,
    0x6d, 0x1, 0xfe, 0x44, 0x1f, 0xfc, 0x10, 0x2,
    0x0,

    /* U+7279 "特" */
    0x10, 0x80, 0x84, 0x14, 0xfc, 0xf1, 0x5, 0x7f,
    0x88, 0x10, 0x60, 0x8e, 0xff, 0x50, 0x20, 0x99,
    0x4, 0x8, 0x21, 0xc0,

    /* U+727A "牺" */
    0x20, 0x2, 0xff, 0xa2, 0x8b, 0x28, 0xf7, 0xfa,
    0x69, 0x36, 0x9e, 0x69, 0xa6, 0xf2, 0x41, 0x27,
    0xf2, 0x41,

    /* U+7280 "犀" */
    0x3f, 0xf1, 0x0, 0x8f, 0xfc, 0x52, 0x22, 0x76,
    0x17, 0xb0, 0x94, 0x44, 0xfe, 0x69, 0x2, 0xff,
    0xd0, 0x40, 0x82, 0x0,

    /* U+7281 "犁" */
    0x7f, 0x11, 0x42, 0x82, 0x54, 0xfc, 0xa2, 0xe5,
    0x24, 0x98, 0x44, 0x3, 0xfe, 0x21, 0x0, 0x8,
    0x1f, 0xfe, 0x2, 0x0,

    /* U+72AC "犬" */
    0x2, 0x0, 0x16, 0x0, 0x98, 0x4, 0x7, 0xff,
    0x1, 0x80, 0x14, 0x0, 0xa0, 0x4, 0x80, 0xc6,
    0xc, 0x1c, 0xc0, 0x20,

    /* U+72AF "犯" */
    0x48, 0x7, 0xbe, 0x32, 0x27, 0x22, 0x92, 0x23,
    0x22, 0x72, 0x4d, 0x20, 0x92, 0x1, 0x21, 0x73,
    0xf0, 0x0,

    /* U+72B6 "状" */
    0x10, 0x80, 0x85, 0x24, 0x2c, 0xa1, 0x7, 0xff,
    0x88, 0x40, 0xc2, 0xa, 0x28, 0xd1, 0x40, 0x9b,
    0x5, 0x8c, 0x28, 0x20,

    /* U+72B9 "犹" */
    0x1, 0x5, 0x96, 0x61, 0x2f, 0xff, 0xb1, 0x3,
    0x18, 0x51, 0x8d, 0x28, 0x92, 0x81, 0x68, 0x34,
    0x97, 0xcf,

    /* U+72C2 "狂" */
    0x40, 0x7, 0xbf, 0x20, 0x85, 0x8, 0x90, 0x83,
    0x3f, 0x50, 0x8d, 0x8, 0x10, 0x81, 0x8, 0x77,
    0xf0, 0x0,

    /* U+72C8 "狈" */
    0x0, 0xd, 0x7e, 0x24, 0x26, 0x4a, 0x94, 0xa3,
    0x4a, 0x54, 0xad, 0x4a, 0x95, 0xa1, 0x14, 0xb3,
    0x64, 0xc3,

    /* U+72D0 "狐" */
    0x0, 0x11, 0x6f, 0xe3, 0x2a, 0x18, 0xa8, 0x92,
    0xa0, 0xca, 0x83, 0x2a, 0x15, 0xac, 0x94, 0x90,
    0x53, 0x43, 0x5f, 0x9b, 0x4a, 0x0, 0x0,

    /* U+72D7 "狗" */
    0x1, 0x82, 0xd0, 0x13, 0xf7, 0x21, 0x5c, 0x11,
    0xbd, 0x3a, 0x56, 0xa5, 0x4b, 0xd0, 0x81, 0x78,
    0x32, 0x2,

    /* U+72DE "狞" */
    0x0, 0xc3, 0x62, 0xc, 0xfe, 0x64, 0x17, 0xa0,
    0xac, 0x0, 0xff, 0xed, 0x8, 0x48, 0x40, 0x42,
    0x6, 0x10, 0x61, 0x80,

    /* U+72E0 "狠" */
    0x8, 0x3, 0x5f, 0x8c, 0x84, 0xe7, 0xe1, 0xa1,
    0xd, 0xf8, 0xaa, 0x59, 0x4e, 0xa, 0x60, 0xd5,
    0x1c, 0xee, 0x4, 0x0,

    /* U+72E1 "狡" */
    0x0, 0x82, 0xc4, 0xd, 0xfe, 0xc0, 0x9, 0x36,
    0x1a, 0xc, 0xc9, 0x8a, 0x48, 0x91, 0x40, 0x8c,
    0x4, 0x70, 0xfc, 0x70, 0x0, 0x0,

    /* U+72EC "独" */
    0x0, 0x86, 0xc4, 0x1c, 0x20, 0x4f, 0xef, 0x49,
    0x4a, 0x48, 0xd2, 0x4a, 0xfe, 0xd4, 0x80, 0x84,
    0x84, 0x2c, 0xde, 0x90,

    /* U+72ED "狭" */
    0x0, 0x82, 0xc4, 0xd, 0xfc, 0xe1, 0xd, 0x6b,
    0x9, 0x50, 0xc2, 0xe, 0xff, 0xd0, 0xc0, 0x8a,
    0x4, 0xd8, 0xfc, 0x74, 0x0, 0x0,

    /* U+72EE "狮" */
    0x5a, 0x2, 0x97, 0xc9, 0x88, 0xed, 0x55, 0x6f,
    0x9b, 0x54, 0xda, 0xaa, 0xd5, 0x16, 0xa8, 0xa5,
    0x4d, 0x28, 0x90, 0x40,

    /* U+72F0 "狰" */
    0x59, 0x2, 0xdf, 0xc, 0x98, 0xc8, 0x8d, 0xff,
    0x8, 0x48, 0xdf, 0xea, 0x12, 0x17, 0xf0, 0x84,
    0x8c, 0x20, 0xc3, 0x0,

    /* U+72F1 "狱" */
    0x4, 0x43, 0xa2, 0x99, 0x15, 0xc0, 0x82, 0xdf,
    0x92, 0x21, 0xd1, 0x12, 0x88, 0xb7, 0xa1, 0xb5,
    0x9, 0x64, 0x86, 0x20,

    /* U+72F8 "狸" */
    0x0, 0x6, 0xff, 0x89, 0x24, 0xcf, 0xe9, 0x49,
    0x1a, 0x49, 0x5f, 0xda, 0x10, 0x17, 0xf0, 0x84,
    0xc, 0x20, 0xdf, 0xf0, 0x0, 0x0,

    /* U+72FC "狼" */
    0x0, 0x82, 0x46, 0x1e, 0xfc, 0x64, 0x27, 0x21,
    0x69, 0xf8, 0x48, 0x47, 0x7e, 0x7a, 0xc6, 0xd2,
    0x86, 0x98, 0x35, 0x63, 0x31, 0x80, 0x0,

    /* U+730E "猎" */
    0x41, 0x23, 0xc9, 0xd, 0xfe, 0xe2, 0x45, 0x7f,
    0x88, 0x0, 0xcf, 0xda, 0x42, 0x1b, 0xf0, 0xd0,
    0x9c, 0xfc, 0x44, 0x20,

    /* U+7316 "猖" */
    0x0, 0x6, 0xff, 0x3a, 0x13, 0x3f, 0x7a, 0x11,
    0xbf, 0x18, 0x2, 0xbf, 0xca, 0x10, 0xbf, 0xa,
    0x17, 0xbf, 0x22, 0x10,

    /* U+731B "猛" */
    0xdb, 0xf1, 0x3, 0x35, 0xfe, 0x20, 0x83, 0x8c,
    0x3c, 0x3, 0x6f, 0xd3, 0x5a, 0x1a, 0xd1, 0xd6,
    0x9f, 0xfe,

    /* U+731C "猜" */
    0x0, 0x82, 0xbf, 0xc8, 0x20, 0xcf, 0xe1, 0x8,
    0x1b, 0xbc, 0xcf, 0xda, 0x42, 0x13, 0xf0, 0x9f,
    0x8c, 0x84, 0xc4, 0xe0,

    /* U+7329 "猩" */
    0x4f, 0xf1, 0x90, 0x8c, 0xfc, 0xa4, 0x20, 0xbf,
    0xc, 0x20, 0xed, 0xd, 0x7e, 0x4e, 0x40, 0x4f,
    0x86, 0x10, 0x6f, 0xf0,

    /* U+732A "猪" */
    0x1, 0x82, 0x6c, 0xcc, 0xfc, 0x63, 0x45, 0x7f,
    0x88, 0x40, 0xaf, 0xd9, 0xc2, 0xb, 0xf0, 0x50,
    0x84, 0x84, 0xc7, 0xe0,

    /* U+732B "猫" */
    0x2, 0x45, 0x24, 0x2f, 0xf6, 0x24, 0x90, 0x13,
    0x7e, 0x74, 0xad, 0x7e, 0x14, 0xa1, 0x4a, 0x77,
    0xe4, 0x42,

    /* U+732C "猬" */
    0x97, 0xf7, 0x49, 0x67, 0xfe, 0x49, 0x37, 0xf3,
    0x0, 0x37, 0xfd, 0x41, 0x97, 0xf1, 0x7f, 0x34,
    0x16, 0x47,

    /* U+732E "献" */
    0x10, 0x81, 0xe, 0xfe, 0xa1, 0x8, 0xfd, 0xea,
    0xcc, 0xbc, 0xc9, 0x4c, 0xbd, 0x49, 0x54, 0x95,
    0x20, 0x62,

    /* U+7334 "猴" */
    0x2, 0x6, 0xf7, 0x89, 0x4, 0xdb, 0xf9, 0xc8,
    0x1a, 0xfd, 0x55, 0x1a, 0xbf, 0x14, 0x61, 0xa6,
    0x9d, 0x66, 0x8a, 0x10,

    /* U+733E "猾" */
    0x5b, 0xe3, 0xd1, 0x8, 0xe8, 0xc5, 0x45, 0xff,
    0x1e, 0x8, 0xcf, 0x9a, 0x44, 0x13, 0xe0, 0x9f,
    0x1c, 0x88, 0x4, 0xc0,

    /* U+733F "猿" */
    0x20, 0x40, 0xef, 0xe1, 0x4, 0x1d, 0xff, 0x58,
    0x0, 0x6f, 0xc3, 0xa1, 0xa, 0xfc, 0xc9, 0xc8,
    0x2c, 0xc1, 0xd7, 0x1c, 0x76, 0x1, 0x0,

    /* U+7384 "玄" */
    0x6, 0x0, 0x20, 0xff, 0xf0, 0xc0, 0x18, 0xc2,
    0x10, 0x3e, 0x0, 0x40, 0x9, 0x81, 0xc, 0x7f,
    0xc4, 0x6,

    /* U+7387 "率" */
    0x2, 0x3, 0xff, 0x81, 0x80, 0xcb, 0x40, 0xf4,
    0x1, 0x0, 0xf2, 0xc9, 0xfa, 0x2, 0x7, 0xff,
    0xc0, 0x80, 0x4, 0x0,

    /* U+7389 "玉" */
    0x7f, 0xe0, 0x40, 0x4, 0x0, 0x40, 0x7f, 0xc0,
    0x40, 0x5, 0x80, 0x4c, 0x4, 0xf, 0xff,

    /* U+738B "王" */
    0x7f, 0xf0, 0x10, 0x0, 0x80, 0x4, 0x3, 0xfe,
    0x1, 0x0, 0x8, 0x0, 0x40, 0x2, 0x7, 0xff,
    0xc0,

    /* U+7396 "玖" */
    0x1, 0x7, 0xd8, 0x3e, 0xf8, 0x44, 0x82, 0x24,
    0x7e, 0x20, 0x92, 0x4, 0x18, 0x21, 0x41, 0xd9,
    0x31, 0x8c, 0x18, 0x30, 0x80, 0x0,

    /* U+739B "玛" */
    0x7, 0xef, 0x82, 0x20, 0x22, 0x22, 0x22, 0x6f,
    0xa6, 0x23, 0xf2, 0x1, 0x3f, 0xde, 0x1, 0x0,
    0x30, 0x6,

    /* U+73A9 "玩" */
    0xfb, 0xf1, 0x0, 0x8, 0x0, 0x4f, 0xff, 0x14,
    0x10, 0xa0, 0x85, 0x4, 0x68, 0xfa, 0x46, 0x22,
    0x46, 0x1c,

    /* U+73AB "玫" */
    0x1, 0x87, 0xc8, 0x8, 0x40, 0x47, 0xf2, 0x22,
    0x7f, 0x90, 0x94, 0x84, 0x2c, 0x21, 0xc1, 0xc6,
    0x30, 0xf8, 0x3c, 0x60, 0x0, 0x0,

    /* U+73AF "环" */
    0xff, 0xf2, 0x8, 0x21, 0x8f, 0x98, 0x22, 0xe2,
    0x2a, 0x2a, 0xb7, 0xc9, 0xcc, 0x90, 0x8, 0x0,
    0x80,

    /* U+73B0 "现" */
    0x3, 0xf7, 0xd1, 0x88, 0x8c, 0x45, 0x62, 0x2b,
    0x7d, 0x58, 0x8a, 0xc4, 0x18, 0x39, 0x47, 0x9a,
    0x21, 0x96, 0x10, 0xe0,

    /* U+73B2 "玲" */
    0x0, 0x80, 0xc, 0x3e, 0x50, 0x46, 0xc2, 0x2b,
    0x16, 0x4f, 0xc0, 0x4, 0xfe, 0x20, 0x21, 0xd2,
    0x3c, 0xf0, 0x1, 0x80, 0x6, 0x0,

    /* U+73B7 "玷" */
    0x0, 0x87, 0xc4, 0x8, 0x3e, 0x41, 0x2, 0x8,
    0x7c, 0x40, 0x9f, 0xc4, 0x82, 0x2c, 0x17, 0xa0,
    0xa1, 0xfc, 0x8, 0x20,

    /* U+73BB "玻" */
    0x0, 0x40, 0x1, 0xf, 0xbf, 0x88, 0x96, 0x22,
    0x43, 0xef, 0xe2, 0x29, 0x8, 0xa4, 0x2e, 0xa3,
    0xf1, 0x88, 0xdb, 0x6, 0xc6,

    /* U+73CA "珊" */
    0x7, 0x73, 0xea, 0x89, 0x54, 0x4a, 0xa2, 0x55,
    0x3f, 0xfc, 0x95, 0x44, 0xaa, 0x25, 0x57, 0xaa,
    0xa2, 0x64, 0x35, 0x60,

    /* U+73CD "珍" */
    0x0, 0x0, 0xc, 0x3e, 0x50, 0x44, 0x82, 0x63,
    0x16, 0x4b, 0xe6, 0x4, 0x6c, 0x24, 0xc1, 0xc,
    0xbe, 0x89, 0x1, 0x80, 0x70, 0x0, 0x0,

    /* U+73E0 "珠" */
    0x0, 0x87, 0xd4, 0x9, 0xfc, 0x49, 0xf, 0x8,
    0x13, 0xfc, 0x87, 0x4, 0x38, 0x3a, 0xa6, 0x25,
    0x86, 0x24, 0x1, 0x0,

    /* U+73ED "班" */
    0x1, 0x3, 0xcf, 0xc8, 0x48, 0x4a, 0x42, 0x52,
    0x3a, 0xfc, 0x94, 0x84, 0x24, 0x22, 0x21, 0xf1,
    0x13, 0x3e, 0x10, 0x0,

    /* U+7403 "球" */
    0x0, 0x80, 0x5, 0xbe, 0x20, 0x4f, 0xf2, 0x8,
    0x10, 0x4b, 0xfb, 0x44, 0x5c, 0x21, 0xa1, 0xd5,
    0x19, 0x25, 0x1, 0x10, 0x18, 0x0,

    /* U+7405 "琅" */
    0x0, 0x80, 0x8, 0xfb, 0xe2, 0x22, 0x23, 0xef,
    0xa2, 0x23, 0xe2, 0x2a, 0x22, 0xef, 0xa4, 0x83,
    0xe0, 0x61,

    /* U+7406 "理" */
    0xff, 0xf1, 0x24, 0x89, 0xfc, 0x49, 0x2f, 0x49,
    0x13, 0xf8, 0x82, 0x4, 0xfe, 0x70, 0x86, 0x4,
    0x3, 0xfe,

    /* U+7409 "琉" */
    0x0, 0x0, 0x6, 0xf, 0x7f, 0x88, 0x40, 0x22,
    0x40, 0x91, 0x8f, 0x7f, 0x89, 0x50, 0x25, 0x40,
    0x95, 0x7, 0x54, 0x22, 0x53, 0x19, 0x78,

    /* U+7410 "琐" */
    0x0, 0x0, 0x4, 0xbf, 0x24, 0x45, 0x42, 0x8,
    0x13, 0xfb, 0xf2, 0x44, 0x92, 0x24, 0x91, 0x24,
    0x9c, 0x41, 0x86, 0xe0, 0xe1, 0x80,

    /* U+7422 "琢" */
    0x7, 0xf3, 0xc4, 0x8, 0x40, 0x4e, 0x22, 0xd2,
    0x3e, 0xe0, 0x9a, 0x85, 0xf4, 0x29, 0x63, 0xd2,
    0x93, 0x34, 0x17, 0x0, 0x10, 0x0,

    /* U+7433 "琳" */
    0x4, 0x47, 0x22, 0x11, 0x10, 0xbd, 0xe4, 0x44,
    0x77, 0x61, 0x37, 0x8a, 0x9e, 0x55, 0x5f, 0x22,
    0x21, 0x10, 0x8, 0x80,

    /* U+7434 "琴" */
    0x7d, 0xf0, 0x82, 0x1f, 0x7c, 0x20, 0x87, 0xbf,
    0x2, 0x80, 0x62, 0xe, 0x4f, 0xc0, 0x19, 0xfe,
    0x0, 0x30, 0x3, 0x0, 0x30, 0x0,

    /* U+743C "琼" */
    0x1, 0x80, 0x4, 0x3f, 0xfe, 0x40, 0x2, 0x0,
    0x13, 0xfb, 0xf0, 0xc4, 0xfe, 0x28, 0x81, 0xf5,
    0x31, 0x24, 0x11, 0x10, 0x10, 0x0,

    /* U+745E "瑞" */
    0x0, 0x80, 0x14, 0xbc, 0xa5, 0xe5, 0x22, 0x3f,
    0x10, 0x0, 0x9f, 0xee, 0x10, 0x27, 0xf9, 0x2a,
    0x4d, 0x53, 0xca, 0x90, 0x41, 0x80,

    /* U+745F "瑟" */
    0x7d, 0xf0, 0x82, 0x4, 0x10, 0xfb, 0xe1, 0x4,
    0x7e, 0xfc, 0x1, 0xd, 0x78, 0x49, 0xb2, 0x52,
    0xc7, 0x13, 0xdf, 0x80,

    /* U+7470 "瑰" */
    0x1, 0x7, 0xff, 0x89, 0x24, 0x4f, 0xef, 0xc9,
    0x13, 0xf8, 0x92, 0x84, 0x34, 0x39, 0xb7, 0x97,
    0x61, 0x22, 0x10, 0xf0,

    /* U+7483 "璃" */
    0x0, 0x8f, 0xff, 0x21, 0x42, 0x59, 0x25, 0xdf,
    0x45, 0x27, 0xf2, 0x7f, 0x3d, 0x1e, 0x7d, 0x4,
    0x10, 0x43,

    /* U+74A7 "璧" */
    0x0, 0x41, 0xef, 0x89, 0x2c, 0x77, 0xf5, 0xc4,
    0x32, 0xf8, 0x71, 0x7, 0xfe, 0x2, 0x0, 0xff,
    0x0, 0x90, 0xff, 0xf0,

    /* U+74DC "瓜" */
    0x0, 0xe1, 0xfc, 0x9, 0x20, 0x49, 0x2, 0x48,
    0x12, 0x40, 0x93, 0x4, 0x88, 0x25, 0x42, 0x29,
    0x11, 0xed, 0x99, 0x20, 0x0, 0x0,

    /* U+74E2 "瓢" */
    0x0, 0x7, 0xff, 0x8c, 0xa9, 0xfd, 0x4b, 0x6a,
    0x5b, 0x53, 0xfa, 0x80, 0x54, 0x7a, 0xa7, 0xf5,
    0x4, 0xa5, 0xad, 0xab, 0x7b, 0x0,

    /* U+74E3 "瓣" */
    0x41, 0x42, 0xf4, 0xfd, 0xf5, 0xdb, 0x6d, 0x6f,
    0xdf, 0x2d, 0x62, 0xd4, 0xf5, 0xf5, 0x6c, 0x55,
    0xc8, 0x4,

    /* U+74E4 "瓤" */
    0x20, 0x0, 0x83, 0xbb, 0xe9, 0xfd, 0x4b, 0x6a,
    0x35, 0x53, 0xfa, 0x85, 0x54, 0x7a, 0xa7, 0xf5,
    0x8d, 0xa5, 0xd5, 0x63, 0x5e, 0x82, 0x0,

    /* U+74E6 "瓦" */
    0xff, 0xf1, 0x0, 0x10, 0x1, 0xf8, 0x30, 0x83,
    0x48, 0x24, 0x82, 0x8, 0x22, 0x83, 0xe9, 0x60,
    0xf0,

    /* U+74EE "瓮" */
    0x1, 0x0, 0x84, 0x9, 0x91, 0x92, 0x63, 0xf8,
    0x0, 0x3, 0xff, 0xc2, 0x0, 0x1f, 0x81, 0x24,
    0x8, 0xa4, 0x71, 0xe0,

    /* U+74F6 "瓶" */
    0xc, 0x1, 0x5f, 0x9f, 0x40, 0x53, 0xc2, 0x92,
    0x14, 0xf3, 0xf5, 0x85, 0x2c, 0x29, 0x21, 0x49,
    0x12, 0xeb, 0x96, 0x70,

    /* U+74F7 "瓷" */
    0x46, 0x2, 0x7e, 0x9, 0x23, 0x28, 0xc6, 0xe0,
    0x82, 0xff, 0xf1, 0x0, 0x3f, 0x82, 0x88, 0x26,
    0x97, 0x8e,

    /* U+7518 "甘" */
    0x10, 0x40, 0x82, 0x4, 0x11, 0xff, 0xf1, 0x4,
    0x8, 0x20, 0x41, 0x3, 0xf8, 0x10, 0x40, 0x82,
    0x7, 0xf0, 0x20, 0x80,

    /* U+751A "甚" */
    0x10, 0x47, 0xff, 0xc4, 0x10, 0x3f, 0x81, 0x4,
    0xf, 0xe0, 0x41, 0x1f, 0xff, 0x20, 0x81, 0x73,
    0xa, 0x8, 0x7f, 0xe0,

    /* U+751C "甜" */
    0x1, 0x27, 0xe9, 0x8, 0x48, 0x47, 0xff, 0x92,
    0x10, 0x90, 0x87, 0x8f, 0x24, 0x49, 0x22, 0x49,
    0x1e, 0x78, 0x92, 0x40,

    /* U+751F "生" */
    0x2, 0x3, 0x20, 0x22, 0x3, 0xfe, 0x42, 0x4,
    0x20, 0x2, 0x3, 0xfe, 0x2, 0x0, 0x20, 0x2,
    0xf, 0xff,

    /* U+7525 "甥" */
    0x10, 0x1, 0x3f, 0x52, 0x97, 0xff, 0x52, 0x91,
    0x3f, 0x38, 0x81, 0x3f, 0x10, 0x93, 0xd1, 0x63,
    0x30, 0x66,

    /* U+7528 "用" */
    0x3f, 0xe4, 0x44, 0x88, 0x9f, 0xf2, 0x22, 0x44,
    0x48, 0x89, 0xff, 0x22, 0x24, 0x45, 0x8, 0xe1,
    0x30, 0x0,

    /* U+7529 "甩" */
    0x3f, 0xe1, 0x11, 0x8, 0x88, 0x7f, 0xc2, 0x22,
    0x11, 0x10, 0xff, 0x84, 0x44, 0x22, 0x62, 0x12,
    0xb0, 0x87, 0x7, 0xe0,

    /* U+752B "甫" */
    0x2, 0x40, 0x13, 0x3f, 0xfe, 0x4, 0x3, 0xfe,
    0x11, 0x10, 0xff, 0x84, 0x44, 0x3f, 0xe1, 0x11,
    0x8, 0x88, 0x44, 0xc0,

    /* U+7530 "田" */
    0xff, 0xc4, 0x62, 0x31, 0x1f, 0xfc, 0x46, 0x23,
    0x11, 0x88, 0xff, 0xe0, 0x20,

    /* U+7531 "由" */
    0x8, 0x2, 0x0, 0x83, 0xff, 0x88, 0x62, 0x1f,
    0xfe, 0x21, 0x88, 0x62, 0x1f, 0xfe, 0x1,

    /* U+7532 "甲" */
    0xff, 0xe2, 0x18, 0x86, 0x21, 0xff, 0xe2, 0x18,
    0x87, 0xff, 0x88, 0x42, 0x0, 0x80, 0x20,

    /* U+7533 "申" */
    0x8, 0x2, 0xf, 0xfe, 0x21, 0x88, 0x7f, 0xf8,
    0x86, 0x21, 0xff, 0xe2, 0x10, 0x80, 0x20,

    /* U+7535 "电" */
    0x8, 0x0, 0x80, 0xff, 0xc8, 0x84, 0x88, 0x4f,
    0xfc, 0x88, 0x48, 0x84, 0xff, 0xc8, 0x80, 0x8,
    0x30, 0xfe,

    /* U+7537 "男" */
    0x7f, 0xe8, 0x85, 0x10, 0xbf, 0xf4, 0x42, 0xff,
    0xc0, 0x0, 0x60, 0xff, 0xe1, 0x4, 0xc1, 0xe0,
    0xe0,

    /* U+7538 "甸" */
    0x18, 0x1, 0x0, 0x3f, 0xf6, 0x1, 0xff, 0x92,
    0x49, 0x3f, 0x92, 0x49, 0x24, 0x93, 0xf9, 0x20,
    0x90, 0x7, 0x0, 0x40,

    /* U+753B "画" */
    0xff, 0xe0, 0x0, 0x0, 0x5f, 0xda, 0x4b, 0x7f,
    0x69, 0x2d, 0x25, 0xbf, 0xb0, 0x7, 0xff, 0x80,
    0x10,

    /* U+7545 "畅" */
    0x20, 0x2, 0x7e, 0xf8, 0xca, 0x98, 0xaa, 0xf,
    0xbf, 0xa9, 0x9f, 0xa9, 0xaa, 0x92, 0xd9, 0x23,
    0x32, 0x46,

    /* U+754C "界" */
    0x3f, 0xe1, 0x11, 0x8, 0x88, 0x7f, 0xc2, 0x22,
    0x1f, 0xf0, 0x22, 0xf, 0x1f, 0x48, 0x80, 0x44,
    0x6, 0x20, 0x41, 0x0,

    /* U+754F "畏" */
    0x3f, 0xe2, 0x22, 0x3f, 0xe2, 0x22, 0x3f, 0xe0,
    0x0, 0xff, 0xf2, 0x22, 0x23, 0xc2, 0xd8, 0x38,
    0xf2, 0x1,

    /* U+7554 "畔" */
    0x0, 0x8f, 0xab, 0xaa, 0xaa, 0xaa, 0xa8, 0x8f,
    0xff, 0xa8, 0x8a, 0xff, 0xf8, 0x88, 0x88, 0x80,
    0x80, 0x8,

    /* U+7559 "留" */
    0x0, 0x7, 0xff, 0x40, 0x94, 0x99, 0x5d, 0x36,
    0x66, 0x0, 0x7, 0xfe, 0x62, 0x27, 0xfe, 0x62,
    0x26, 0x22, 0x7f, 0xe0,

    /* U+755C "畜" */
    0x4, 0x0, 0x20, 0xff, 0xf1, 0x98, 0x3f, 0x0,
    0xcc, 0x7f, 0xe6, 0x2, 0x3f, 0xc2, 0x44, 0x3f,
    0xc2, 0x44, 0x3f, 0xc0,

    /* U+7565 "略" */
    0x1, 0x0, 0x8, 0x3e, 0x7d, 0x54, 0x4a, 0xd6,
    0x54, 0x63, 0xe7, 0x15, 0xc7, 0xab, 0xe7, 0xd1,
    0x22, 0x89, 0x17, 0xc0, 0x22, 0x0,

    /* U+7566 "畦" */
    0x0, 0x8f, 0x88, 0xab, 0xea, 0x88, 0xa8, 0x8f,
    0xbf, 0xa8, 0x8a, 0x88, 0xab, 0xef, 0x88, 0x88,
    0x88, 0x7f,

    /* U+756A "番" */
    0x0, 0x7, 0xfe, 0x2, 0x81, 0x28, 0xff, 0xf0,
    0xa8, 0x32, 0xee, 0x3, 0xbf, 0xd2, 0x24, 0x3f,
    0xc2, 0x24, 0x3f, 0xc0,

    /* U+7574 "畴" */
    0x0, 0x0, 0x10, 0xff, 0xea, 0x90, 0xaf, 0xef,
    0x90, 0xaf, 0xfa, 0xa4, 0xab, 0xff, 0xc4, 0x8d,
    0x48, 0x84, 0x1, 0xc0,

    /* U+7578 "畸" */
    0x0, 0x8f, 0xbf, 0xa9, 0x8a, 0xb6, 0xaa, 0x2f,
    0xff, 0xa8, 0x2a, 0xba, 0xaa, 0xaf, 0xba, 0x8a,
    0x20, 0x6,

    /* U+7586 "疆" */
    0x77, 0xf8, 0x90, 0x84, 0xfc, 0xe7, 0xe4, 0x3f,
    0x1b, 0xfd, 0x40, 0xe, 0x7e, 0x53, 0xf3, 0x94,
    0x94, 0xfc, 0x6f, 0xf0,

    /* U+758F "疏" */
    0x1, 0x87, 0xc4, 0x5, 0xfc, 0x46, 0x2, 0x66,
    0x53, 0xf2, 0xc0, 0x14, 0xa8, 0xa5, 0x45, 0xaa,
    0x3d, 0x56, 0x32, 0xe0,

    /* U+7591 "疑" */
    0x25, 0xf1, 0xe0, 0x89, 0xb8, 0x78, 0xc2, 0x3f,
    0x9e, 0x15, 0x40, 0xd2, 0x14, 0xfc, 0xb0, 0xcd,
    0x9, 0x58, 0xc4, 0x70,

    /* U+7597 "疗" */
    0x1, 0x0, 0x8, 0x7, 0xfe, 0xa0, 0x5, 0x0,
    0x2b, 0xf8, 0x41, 0xce, 0x10, 0x10, 0x80, 0x84,
    0x4, 0x20, 0x43, 0x6, 0x38, 0x0,

    /* U+7599 "疙" */
    0x0, 0x80, 0xff, 0xd4, 0x0, 0xa6, 0x5, 0x3f,
    0x8a, 0x1, 0xcf, 0xd2, 0xc, 0x30, 0xc1, 0x18,
    0x18, 0x82, 0x87, 0xe0,

    /* U+759A "疚" */
    0x1, 0x1, 0xff, 0xdc, 0x40, 0xe6, 0x7, 0x3e,
    0x1b, 0x33, 0xd1, 0x17, 0x18, 0x21, 0xc1, 0x19,
    0x1b, 0x86, 0xb0, 0x0,

    /* U+759F "疟" */
    0x0, 0x80, 0x4, 0x7, 0xfe, 0xa0, 0x5, 0x3f,
    0x9, 0x0, 0xc8, 0xa, 0xff, 0x12, 0x0, 0x90,
    0x8, 0x80, 0x47, 0xe0, 0x0, 0x0,

    /* U+75A4 "疤" */
    0x0, 0x0, 0x10, 0xf, 0xfd, 0x40, 0xa, 0x0,
    0x57, 0xf0, 0xa4, 0x9d, 0x24, 0xaf, 0xe1, 0x40,
    0x12, 0x4, 0x90, 0x28, 0x7f, 0x0,

    /* U+75AB "疫" */
    0x0, 0x80, 0x4, 0x7, 0xfe, 0xa0, 0x5, 0x3e,
    0x29, 0x10, 0x58, 0xee, 0x87, 0x17, 0xf0, 0x91,
    0x8, 0x50, 0x43, 0x86, 0xe7, 0x80,

    /* U+75AE "疮" */
    0x1, 0x0, 0xff, 0xd4, 0x20, 0xa3, 0x5, 0x24,
    0xb, 0x1d, 0xff, 0xca, 0x4c, 0x12, 0x41, 0x16,
    0x88, 0x84, 0xc7, 0xe0,

    /* U+75AF "疯" */
    0x1, 0x0, 0x8, 0xf, 0xfd, 0x40, 0xa, 0xfe,
    0x34, 0x10, 0xbb, 0x9d, 0x54, 0x29, 0x21, 0x5d,
    0x1b, 0xb8, 0xa8, 0x37, 0x1, 0x0,

    /* U+75B2 "疲" */
    0x0, 0x0, 0x30, 0x3f, 0xf2, 0x10, 0xa1, 0xa,
    0xff, 0x69, 0x32, 0x90, 0xef, 0xe2, 0xa4, 0x2a,
    0x44, 0x98, 0x57, 0xf9, 0x41,

    /* U+75B9 "疹" */
    0x3, 0x1, 0xff, 0xa8, 0x41, 0x45, 0xa, 0x46,
    0x1c, 0xdb, 0x98, 0x5, 0x90, 0x23, 0x32, 0x62,
    0x10, 0x61, 0x9c, 0x0,

    /* U+75BC "疼" */
    0x1, 0x0, 0xc, 0x7, 0xfe, 0xa2, 0x5, 0x3e,
    0x2b, 0x10, 0x65, 0xe, 0x38, 0x1e, 0x38, 0x8e,
    0x8, 0x10, 0x47, 0x4, 0x6, 0x0,

    /* U+75BE "疾" */
    0x0, 0x0, 0x30, 0x3f, 0xfa, 0x40, 0xa4, 0xa,
    0xff, 0x39, 0xe, 0x10, 0x2f, 0xf2, 0x18, 0x62,
    0x84, 0x46, 0xd8, 0x30,

    /* U+75C5 "病" */
    0x0, 0x0, 0x30, 0x3f, 0xf2, 0x0, 0xa0, 0xa,
    0xff, 0xa1, 0xe, 0xff, 0xa9, 0x12, 0xa9, 0x6e,
    0x74, 0x81, 0x48, 0x70,

    /* U+75C7 "症" */
    0x2, 0x0, 0x20, 0x3f, 0xfa, 0x0, 0xa0, 0xa,
    0xfe, 0x21, 0x6, 0x10, 0xa9, 0xe2, 0x90, 0x69,
    0x4, 0x90, 0xff, 0xf0, 0x0,

    /* U+75CA "痊" */
    0x2, 0x0, 0x30, 0x3f, 0xfa, 0x10, 0xe2, 0x8e,
    0x6c, 0x2c, 0x37, 0x7f, 0xa1, 0x2, 0xfe, 0x21,
    0x4, 0x10, 0xdf, 0xf0, 0x0,

    /* U+75D2 "痒" */
    0x1, 0x0, 0x10, 0x3f, 0xfa, 0x4, 0xa2, 0x8a,
    0xff, 0x21, 0x6, 0x10, 0xaf, 0xf2, 0x10, 0x3f,
    0xf4, 0x10, 0xc1, 0x0,

    /* U+75D5 "痕" */
    0x1, 0x3, 0xff, 0xa0, 0xa, 0xfe, 0xac, 0x22,
    0xfe, 0xec, 0x2a, 0xfe, 0x2d, 0x26, 0xce, 0x4e,
    0xcc, 0xe7, 0x8, 0x0,

    /* U+75D8 "痘" */
    0x1, 0x80, 0xff, 0xd4, 0x0, 0xaf, 0xf5, 0x0,
    0xb, 0xf9, 0xd0, 0x42, 0xfe, 0x10, 0x21, 0x91,
    0x8, 0x50, 0xdf, 0xf0, 0x0, 0x0,

    /* U+75DB "痛" */
    0x1, 0x80, 0xff, 0xc4, 0x0, 0xaf, 0xe5, 0x34,
    0xb, 0xf9, 0xd2, 0x4a, 0xfe, 0x14, 0x91, 0xbf,
    0x89, 0x24, 0xc9, 0x60, 0x0, 0x0,

    /* U+75E2 "痢" */
    0x0, 0x0, 0x10, 0xf, 0xff, 0xc0, 0xf, 0xf1,
    0x32, 0x28, 0xfd, 0x5c, 0x8a, 0xae, 0x51, 0x6a,
    0x8d, 0x4, 0x88, 0x24, 0x47, 0x0,

    /* U+75EA "痪" */
    0x1, 0x0, 0x30, 0x3f, 0xfa, 0x20, 0xa7, 0xcb,
    0x88, 0x2f, 0xee, 0x5a, 0xa5, 0x23, 0xff, 0x41,
    0x84, 0x6c, 0xd8, 0x30,

    /* U+75F0 "痰" */
    0x3, 0x3, 0xff, 0xa1, 0xa, 0x96, 0xa9, 0x42,
    0x2c, 0xfc, 0x3a, 0x90, 0x29, 0x64, 0xb0, 0x46,
    0xc9, 0x83,

    /* U+75F4 "痴" */
    0x1, 0x0, 0xc, 0xf, 0xfe, 0xe8, 0x6, 0x4f,
    0xb7, 0xe4, 0x89, 0x3d, 0xf9, 0x22, 0x49, 0x3a,
    0x49, 0x5e, 0xd0, 0x90, 0x0, 0x0,

    /* U+75F9 "痹" */
    0x1, 0x1, 0xff, 0xe8, 0x1, 0x5f, 0xea, 0xda,
    0x17, 0xf1, 0xb6, 0x94, 0x48, 0x2f, 0xf9, 0x12,
    0x10, 0x91, 0x98, 0x80,

    /* U+761F "瘟" */
    0x0, 0x0, 0x10, 0x3f, 0xf2, 0x0, 0xaf, 0xca,
    0x84, 0xaf, 0xc6, 0x84, 0xa7, 0x82, 0xfe, 0x4a,
    0xa4, 0xaa, 0xff, 0xf0,

    /* U+7624 "瘤" */
    0x3, 0x3, 0xff, 0x22, 0xa, 0xff, 0xaa, 0xda,
    0xf9, 0xe1, 0x2a, 0xff, 0x29, 0x14, 0xff, 0x49,
    0x1c, 0xff,

    /* U+7626 "瘦" */
    0x0, 0x0, 0x18, 0xf, 0xfd, 0x42, 0xa, 0xf7,
    0x34, 0x88, 0xb5, 0xcd, 0x22, 0xa7, 0xe1, 0xff,
    0x89, 0x18, 0x87, 0x8d, 0xef, 0x0, 0x0,

    /* U+7629 "瘩" */
    0x3, 0x0, 0x8, 0xf, 0xfd, 0x48, 0x8b, 0xff,
    0xd2, 0xa0, 0x8e, 0x1c, 0x88, 0xb7, 0xf1, 0x0,
    0xb, 0xf8, 0x90, 0x44, 0xfe, 0x0,

    /* U+762A "瘪" */
    0x3, 0x3, 0xff, 0xa2, 0xa, 0xde, 0x6f, 0xe2,
    0x82, 0x6f, 0xea, 0xfe, 0x24, 0xe5, 0xdb, 0x56,
    0x2c, 0x7e,

    /* U+762B "瘫" */
    0x2, 0x1, 0xff, 0xe8, 0x69, 0x7a, 0x46, 0x5f,
    0x93, 0x91, 0xdf, 0xf5, 0x24, 0x2d, 0xf9, 0x69,
    0x15, 0xfe, 0x82, 0x0,

    /* U+7638 "瘸" */
    0x3, 0x1, 0xff, 0xeb, 0x1, 0x7f, 0xee, 0xb9,
    0x1b, 0xfb, 0xff, 0xc5, 0x32, 0x2e, 0x52, 0x48,
    0x93, 0xb5, 0x90, 0xe0,

    /* U+763E "瘾" */
    0x0, 0x80, 0x7f, 0xe5, 0x4, 0x17, 0xfc, 0x5a,
    0x90, 0x6b, 0xe3, 0xa0, 0x9a, 0x9e, 0x29, 0xf8,
    0xa9, 0x6, 0x98, 0x92, 0xbc,

    /* U+764C "癌" */
    0x1, 0x80, 0xff, 0xd4, 0x0, 0xa7, 0xe5, 0x21,
    0x9, 0xf8, 0xdd, 0xea, 0xad, 0x17, 0x79, 0x24,
    0x49, 0x22, 0xcf, 0xf0,

    /* U+765E "癞" */
    0x1, 0x1, 0xff, 0xa9, 0x11, 0x7f, 0xea, 0x52,
    0x1f, 0xfb, 0xd6, 0x57, 0xf6, 0x2e, 0xd2, 0x76,
    0x9d, 0x28, 0x8a, 0x20,

    /* U+7663 "癣" */
    0x1, 0x1, 0xff, 0xcb, 0x5, 0x5e, 0xab, 0x21,
    0x1f, 0xfd, 0xd4, 0x95, 0xff, 0x55, 0x22, 0x57,
    0xf7, 0xc9, 0x0, 0x40,

    /* U+767B "登" */
    0x1, 0x21, 0xfb, 0x0, 0x49, 0x8a, 0x18, 0x1f,
    0xe0, 0xc0, 0x75, 0xfe, 0x84, 0x8, 0x1f, 0xe0,
    0x23, 0x0, 0x48, 0x1f, 0xfe,

    /* U+767D "白" */
    0x18, 0xc, 0xf, 0xfe, 0x1, 0x80, 0x60, 0x1f,
    0xfe, 0x1, 0x80, 0x60, 0x1f, 0xfe, 0x1,

    /* U+767E "百" */
    0xff, 0xf8, 0x10, 0x1, 0x80, 0x7f, 0xc2, 0x6,
    0x10, 0x30, 0x81, 0x87, 0xfc, 0x20, 0x61, 0x3,
    0xf, 0xf8, 0x40, 0xc0,

    /* U+7682 "皂" */
    0xc, 0x0, 0x40, 0xf, 0xf8, 0x40, 0x43, 0xfe,
    0x10, 0x10, 0x80, 0x87, 0xfc, 0x8, 0x0, 0x47,
    0xff, 0xe1, 0x10, 0x40, 0xc7, 0x3, 0xe0,

    /* U+7684 "的" */
    0x1, 0x4, 0x20, 0x84, 0x7d, 0xf8, 0xa3, 0x1c,
    0x62, 0xf, 0xc9, 0x89, 0x31, 0x6, 0x20, 0xfc,
    0x18, 0x8c,

    /* U+7686 "皆" */
    0x42, 0x27, 0xbc, 0x42, 0x4, 0xa1, 0x73, 0xe0,
    0x80, 0x7f, 0xc6, 0x4, 0x7f, 0xc6, 0x4, 0x7f,
    0xc6, 0x4,

    /* U+7687 "皇" */
    0x0, 0x0, 0x60, 0xf, 0xf8, 0x40, 0x43, 0xfe,
    0x10, 0x10, 0xff, 0x80, 0x0, 0x7f, 0xf0, 0x10,
    0xf, 0xf8, 0x4, 0xf, 0xff, 0x80,

    /* U+76AE "皮" */
    0x2, 0x0, 0x20, 0x3f, 0xe2, 0x22, 0x22, 0x3,
    0xfc, 0x20, 0xc2, 0x48, 0x27, 0x86, 0x30, 0x5c,
    0xf5, 0x0,

    /* U+76B1 "皱" */
    0x20, 0x41, 0x2, 0x1e, 0xfe, 0x94, 0xa9, 0x24,
    0x7d, 0xf8, 0x28, 0x4f, 0x52, 0xa, 0xa0, 0x57,
    0x3f, 0xb8, 0xf, 0x30, 0x0, 0x0,

    /* U+76BF "皿" */
    0x3f, 0xe1, 0x25, 0x9, 0x28, 0x49, 0x42, 0x4a,
    0x12, 0x50, 0x92, 0x84, 0x94, 0x24, 0xa7, 0xff,
    0xc0,

    /* U+76C5 "盅" */
    0x6, 0x0, 0x30, 0x1f, 0xf8, 0x8c, 0x44, 0x62,
    0x3f, 0xf0, 0x18, 0xf, 0xfc, 0x49, 0x22, 0x49,
    0x12, 0x49, 0xff, 0xf0,

    /* U+76C6 "盆" */
    0xd, 0x80, 0xc6, 0x8, 0x19, 0xbf, 0xb0, 0x44,
    0xc, 0xe1, 0x83, 0x7, 0xfc, 0x25, 0x21, 0x29,
    0x9, 0x49, 0xff, 0xf0,

    /* U+76C8 "盈" */
    0x7f, 0xc0, 0x42, 0x7, 0xdc, 0x22, 0x23, 0x63,
    0x33, 0xd1, 0x20, 0x87, 0xfc, 0x25, 0x21, 0x29,
    0x3f, 0xfe,

    /* U+76CA "益" */
    0x11, 0x81, 0xb0, 0xff, 0xe0, 0x0, 0x1b, 0x87,
    0xe, 0xc0, 0x27, 0xfc, 0x6a, 0x46, 0xa4, 0x6a,
    0x4f, 0xff,

    /* U+76CF "盏" */
    0x9, 0x80, 0xfe, 0x74, 0x0, 0x7f, 0xfe, 0x40,
    0x38, 0x7f, 0x90, 0x6, 0x3f, 0xe2, 0x92, 0x29,
    0x2f, 0xff,

    /* U+76D0 "盐" */
    0x18, 0x81, 0x8, 0xfc, 0xa1, 0xa, 0x10, 0x91,
    0xc8, 0xe0, 0x83, 0xfe, 0x25, 0x22, 0x52, 0x25,
    0x2f, 0xff,

    /* U+76D1 "监" */
    0x9, 0x82, 0x48, 0x12, 0x7c, 0x96, 0x4, 0xac,
    0x27, 0x30, 0x20, 0x8f, 0xfc, 0x49, 0x22, 0x49,
    0x12, 0x49, 0xff, 0xf0,

    /* U+76D2 "盒" */
    0x3, 0x0, 0x12, 0x1, 0x86, 0x1f, 0xfe, 0x40,
    0x8, 0x7f, 0x81, 0x2, 0x3, 0xf0, 0x3f, 0xf0,
    0x92, 0x42, 0x49, 0x3f, 0xfe,

    /* U+76D4 "盔" */
    0xc, 0x3, 0xff, 0xc6, 0x0, 0x2b, 0x2, 0xda,
    0x31, 0xf1, 0x19, 0x83, 0x3, 0x3f, 0xf1, 0x24,
    0x89, 0x25, 0xff, 0xf0,

    /* U+76D6 "盖" */
    0x8, 0x40, 0x64, 0x1f, 0xfe, 0x6, 0x3, 0xfe,
    0x1, 0x81, 0xff, 0xe0, 0x0, 0x3f, 0xe1, 0x25,
    0x9, 0x29, 0xff, 0xf0,

    /* U+76D7 "盗" */
    0x2, 0x2, 0x10, 0x9, 0xfc, 0xa, 0x21, 0x19,
    0x19, 0x43, 0x99, 0x81, 0x6, 0x3f, 0xe1, 0x29,
    0x9, 0x48, 0x4a, 0x4f, 0xff, 0x80,

    /* U+76D8 "盘" */
    0x2, 0x1, 0xfc, 0x12, 0x41, 0x24, 0xff, 0xf1,
    0x4, 0x32, 0xc6, 0x0, 0x3f, 0xe2, 0x54, 0x25,
    0x4f, 0xff,

    /* U+76DB "盛" */
    0x2, 0xc0, 0x24, 0x7f, 0xf4, 0x24, 0x7b, 0x44,
    0x98, 0x59, 0x88, 0x67, 0x7f, 0xc4, 0xa4, 0x4a,
    0x4f, 0xff,

    /* U+76DF "盟" */
    0x79, 0xf2, 0x50, 0x92, 0x7c, 0xf4, 0x24, 0xbf,
    0x3d, 0x18, 0x19, 0x80, 0x80, 0x7f, 0xe2, 0x49,
    0x12, 0x49, 0xff, 0xf0,

    /* U+76EE "目" */
    0xff, 0xc0, 0x60, 0x30, 0x1f, 0xfc, 0x6, 0x3,
    0xff, 0x80, 0xc0, 0x7f, 0xf0, 0x10,

    /* U+76EF "盯" */
    0xf7, 0xf2, 0x13, 0xc2, 0x48, 0x49, 0x9, 0xe1,
    0x24, 0x24, 0x84, 0xf0, 0x92, 0x10, 0x6, 0x0,

    /* U+76F2 "盲" */
    0x2, 0xf, 0xff, 0x20, 0x2, 0x0, 0x3f, 0xe0,
    0x0, 0x3f, 0xe3, 0xfe, 0x20, 0x63, 0xfe, 0x20,
    0x63, 0xfe,

    /* U+76F4 "直" */
    0x2, 0x3, 0xff, 0x80, 0x80, 0x3f, 0xc1, 0x2,
    0xf, 0xf0, 0x40, 0x83, 0xfc, 0x10, 0x20, 0xff,
    0x4, 0x9, 0xff, 0xf0,

    /* U+76F8 "相" */
    0x20, 0x4, 0x7c, 0x88, 0xfd, 0x12, 0x3e, 0xe4,
    0x5a, 0x8d, 0x5f, 0xa2, 0x24, 0x44, 0x8f, 0x91,
    0x10,

    /* U+76F9 "盹" */
    0x1, 0xf, 0x10, 0x9f, 0xe9, 0x10, 0xf5, 0x29,
    0x52, 0xf5, 0x29, 0x7e, 0x91, 0x2f, 0x10, 0x91,
    0x20, 0x1e,

    /* U+76FC "盼" */
    0x0, 0x8f, 0x6c, 0x94, 0x4f, 0x46, 0x94, 0x79,
    0xfc, 0xf2, 0x49, 0x24, 0x92, 0x4f, 0x44, 0x9c,
    0x41, 0x98,

    /* U+76FE "盾" */
    0x0, 0x31, 0xff, 0xc8, 0x40, 0x7f, 0xf2, 0x10,
    0x17, 0xf8, 0xa0, 0x45, 0xfe, 0x68, 0x12, 0x7f,
    0x93, 0xfc, 0x10, 0x20,

    /* U+7701 "省" */
    0x2, 0x0, 0x93, 0x4, 0xa4, 0xc7, 0x0, 0xe0,
    0x7f, 0xf1, 0x40, 0x83, 0xfc, 0x10, 0x20, 0xff,
    0x4, 0x8, 0x3f, 0xc0,

    /* U+7709 "眉" */
    0x3f, 0xf2, 0x11, 0x21, 0x13, 0xff, 0x20, 0x2,
    0xff, 0x28, 0x12, 0xff, 0x28, 0x14, 0xff, 0x4f,
    0xf4, 0x81,

    /* U+770B "看" */
    0x0, 0x3, 0xff, 0x81, 0x0, 0xff, 0xc0, 0xc0,
    0x7f, 0xfc, 0x40, 0x7, 0xfc, 0x5f, 0xe4, 0x81,
    0x7, 0xf8, 0x3f, 0xc1, 0x2, 0x0,

    /* U+771F "真" */
    0x4, 0xf, 0xfe, 0x4, 0x3, 0xfc, 0x20, 0x43,
    0xfc, 0x3f, 0xc2, 0x4, 0x3f, 0xcf, 0xff, 0x19,
    0x8e, 0xe,

    /* U+7720 "眠" */
    0x7, 0xef, 0x42, 0x94, 0x2f, 0x7e, 0x94, 0x89,
    0x48, 0xf7, 0xf9, 0x48, 0x94, 0x8f, 0x54, 0x97,
    0x70, 0x43,

    /* U+7728 "眨" */
    0x0, 0x4f, 0xfe, 0x94, 0x9, 0x10, 0xf1, 0x9,
    0x7e, 0xf0, 0xc9, 0x18, 0x93, 0xf, 0x60, 0x9e,
    0x8, 0x9e,

    /* U+772F "眯" */
    0x1, 0xf, 0x52, 0x95, 0x4f, 0x54, 0x9f, 0xe9,
    0x38, 0xf3, 0x89, 0x58, 0x95, 0x4f, 0x96, 0x99,
    0x30, 0x10,

    /* U+7736 "眶" */
    0xf7, 0xf4, 0xa0, 0x3d, 0x3d, 0x28, 0x89, 0x5f,
    0x7a, 0x22, 0x51, 0x12, 0x88, 0xf5, 0xfc, 0xa0,
    0x21, 0xfc,

    /* U+7737 "眷" */
    0x26, 0x41, 0xa4, 0x1f, 0xf8, 0x8, 0xf, 0xff,
    0xc, 0x40, 0xef, 0x9c, 0x8e, 0xbf, 0xc1, 0x2,
    0xf, 0xf0, 0x7f, 0x80,

    /* U+773C "眼" */
    0x7, 0xe7, 0xa1, 0x25, 0x9, 0xef, 0xc9, 0x42,
    0x4b, 0xf3, 0xd4, 0x12, 0x9c, 0xf4, 0xc4, 0xab,
    0x21, 0x8c, 0x8, 0x0,

    /* U+7740 "着" */
    0x19, 0x8f, 0xfe, 0x4, 0x7, 0xfe, 0x8, 0xf,
    0xff, 0x10, 0x3, 0xfc, 0x5f, 0xc9, 0x4, 0x1f,
    0xc1, 0xfc,

    /* U+7741 "睁" */
    0x2, 0xf, 0x20, 0x97, 0xc9, 0x4c, 0x98, 0x8f,
    0xfe, 0x91, 0x2f, 0xff, 0x91, 0x29, 0xfe, 0xf1,
    0x29, 0x10, 0x83, 0x0,

    /* U+775B "睛" */
    0x0, 0x8f, 0x7f, 0x90, 0x89, 0x7e, 0xf0, 0x89,
    0x77, 0xf7, 0xe9, 0x7e, 0x94, 0x2f, 0x7e, 0x94,
    0x20, 0x46,

    /* U+7761 "睡" */
    0x0, 0x27, 0xff, 0x24, 0x41, 0xef, 0xe9, 0x52,
    0x4f, 0xfb, 0xd4, 0x92, 0xa4, 0x95, 0x27, 0xff,
    0xe4, 0x40, 0x1f, 0xc0,

    /* U+7763 "督" */
    0x1d, 0xf0, 0x84, 0xbf, 0xac, 0xa1, 0xc5, 0x4e,
    0x49, 0xcc, 0xff, 0x84, 0x4, 0x3f, 0xe1, 0x1,
    0xf, 0xf8, 0x7f, 0xc0,

    /* U+7766 "睦" */
    0x1, 0x1e, 0xfe, 0x44, 0x48, 0x8f, 0xff, 0x2d,
    0xbf, 0x4c, 0x88, 0x97, 0xfe, 0x22, 0x44, 0x47,
    0xf0,

    /* U+776C "睬" */
    0x0, 0x6f, 0x7e, 0x91, 0x2f, 0x54, 0x94, 0x49,
    0x10, 0xff, 0xe9, 0x38, 0x95, 0x4f, 0x56, 0x99,
    0x30, 0x10,

    /* U+7779 "睹" */
    0x3, 0xf, 0x22, 0x97, 0xe9, 0x24, 0xff, 0xf9,
    0x10, 0xf7, 0xe9, 0xc2, 0x97, 0xef, 0x42, 0x94,
    0x28, 0x7e,

    /* U+7784 "瞄" */
    0x2, 0x4f, 0x24, 0x97, 0xf9, 0x24, 0xf2, 0x49,
    0x7e, 0x95, 0x2f, 0x52, 0x97, 0xef, 0x52, 0x97,
    0xe0, 0x42,

    /* U+778E "瞎" */
    0x1, 0x0, 0x10, 0xff, 0xf9, 0x91, 0x97, 0xcf,
    0x10, 0x97, 0xef, 0xff, 0x91, 0x9, 0x7e, 0xf4,
    0x29, 0x7e, 0x4, 0x20,

    /* U+7792 "瞒" */
    0x2, 0x4e, 0xff, 0xa2, 0x4a, 0x0, 0xef, 0xfa,
    0x24, 0xef, 0xfa, 0xa5, 0xab, 0x5e, 0xab, 0xad,
    0x98, 0x82,

    /* U+77A7 "瞧" */
    0x2, 0x8f, 0x48, 0x97, 0xf9, 0x48, 0xff, 0xe9,
    0x48, 0xf7, 0xe9, 0x48, 0x97, 0xff, 0x0, 0x9a,
    0xb0, 0xad,

    /* U+77AA "瞪" */
    0x0, 0x47, 0xbb, 0x24, 0x55, 0x2c, 0xef, 0x3e,
    0x4e, 0xf, 0xcf, 0x92, 0x44, 0x93, 0xe7, 0x9b,
    0x24, 0x51, 0xf, 0xe0,

    /* U+77AC "瞬" */
    0x0, 0xf, 0x7f, 0x92, 0xb9, 0x2a, 0xff, 0xf9,
    0x81, 0x94, 0x2f, 0x7f, 0x99, 0xa9, 0xda, 0xf2,
    0xf9, 0x62, 0x8, 0x20,

    /* U+77B3 "瞳" */
    0x1, 0xf, 0x7e, 0x92, 0xcf, 0xff, 0x97, 0xe9,
    0x52, 0xf7, 0xe9, 0x52, 0x93, 0xcf, 0x7e, 0x91,
    0x0, 0xff,

    /* U+77BB "瞻" */
    0x2, 0x0, 0x3c, 0xe4, 0x8a, 0xff, 0xab, 0x6e,
    0xea, 0xaf, 0xfa, 0x80, 0xeb, 0xea, 0xbe, 0xaa,
    0xf, 0x3e, 0x93, 0xe0,

    /* U+77D7 "矗" */
    0xff, 0xf3, 0xfc, 0x3f, 0xc3, 0xfc, 0x3f, 0xcf,
    0xff, 0xff, 0xf7, 0xde, 0x7d, 0xe7, 0xde, 0x7d,
    0xef, 0xff,

    /* U+77DB "矛" */
    0x3f, 0xe0, 0xc, 0xd, 0x80, 0x60, 0x3, 0xf,
    0xff, 0x5, 0x10, 0x92, 0x11, 0x6, 0x10, 0xc3,
    0x0, 0x60,

    /* U+77E2 "矢" */
    0x10, 0x6, 0x0, 0xff, 0x13, 0x4, 0x60, 0xc,
    0x3f, 0xf8, 0x30, 0xe, 0x1, 0x20, 0xc6, 0x70,
    0x30, 0x0,

    /* U+77E5 "知" */
    0x10, 0x3, 0xf, 0x3e, 0x92, 0x89, 0x48, 0x90,
    0x89, 0x7e, 0x90, 0x89, 0x1c, 0x91, 0x6f, 0x22,
    0x94, 0x8,

    /* U+77E9 "矩" */
    0x30, 0x2, 0x3f, 0x3e, 0x5, 0x20, 0xd3, 0xf1,
    0x21, 0x7e, 0x11, 0x3f, 0x2a, 0x2, 0xa0, 0x66,
    0xc, 0x3f,

    /* U+77EB "矫" */
    0x20, 0x10, 0x8f, 0xa7, 0x84, 0x14, 0xfe, 0x10,
    0xa1, 0xe4, 0x81, 0x19, 0x5, 0xaa, 0x38, 0xa0,
    0xb2, 0x86, 0x12, 0x11, 0x88,

    /* U+77ED "短" */
    0x20, 0x1, 0x1f, 0xdf, 0x0, 0xa7, 0xe1, 0x21,
    0x3f, 0x8, 0x4f, 0xc2, 0x4, 0x29, 0x31, 0x69,
    0x18, 0x9, 0x8f, 0xf0,

    /* U+77EE "矮" */
    0x20, 0x11, 0x1f, 0x88, 0x10, 0xff, 0xf5, 0x16,
    0x9, 0x2d, 0xf3, 0x2, 0x7f, 0x39, 0x21, 0x2f,
    0x18, 0x3c, 0x86, 0x10,

    /* U+77F3 "石" */
    0xff, 0xf0, 0xc0, 0x8, 0x1, 0x80, 0x1f, 0xc3,
    0x4, 0x50, 0x49, 0x4, 0x10, 0x41, 0xfc, 0x10,
    0x40,

    /* U+77FE "矾" */
    0x1, 0xf1, 0xf4, 0x41, 0x11, 0x8, 0x54, 0x3d,
    0x51, 0x95, 0x4a, 0x55, 0x9, 0x54, 0x3f, 0x10,
    0x98, 0x62, 0x61, 0x81, 0x0,

    /* U+77FF "矿" */
    0x0, 0x80, 0xc, 0xfb, 0xf2, 0x20, 0x42, 0x7,
    0x20, 0xd2, 0xd, 0x20, 0x52, 0x7, 0x20, 0x54,
    0x0, 0xc0, 0x0, 0x0,

    /* U+7801 "码" */
    0x7d, 0xf0, 0x80, 0x8c, 0x44, 0x7a, 0x26, 0x53,
    0x32, 0xfc, 0x90, 0x27, 0xfd, 0x24, 0x9, 0x0,
    0x40, 0xc,

    /* U+7802 "砂" */
    0x0, 0x8f, 0xc8, 0x20, 0xa2, 0x2a, 0x62, 0x97,
    0xa9, 0xca, 0x9c, 0x89, 0x48, 0x37, 0x86, 0x48,
    0xc6, 0x70, 0x0, 0x0,

    /* U+780C "砌" */
    0x1, 0x3, 0xeb, 0xc4, 0x4a, 0x63, 0x52, 0x3a,
    0x9c, 0x95, 0xa4, 0xb5, 0x35, 0x29, 0x49, 0xda,
    0x4a, 0x22, 0x43, 0x30,

    /* U+780D "砍" */
    0x2, 0x0, 0x20, 0xfa, 0x2, 0x3f, 0x42, 0x24,
    0x5a, 0x75, 0x6d, 0x18, 0xd1, 0x85, 0x38, 0x72,
    0xc5, 0x66, 0x4c, 0x30, 0x80,

    /* U+7814 "研" */
    0x3, 0xf7, 0xc9, 0x8, 0x48, 0x82, 0x47, 0x92,
    0x67, 0xfd, 0x24, 0x89, 0x24, 0x79, 0x22, 0x51,
    0x11, 0x88, 0x18, 0x40,

    /* U+7816 "砖" */
    0x0, 0x8f, 0x88, 0x27, 0xf2, 0x10, 0x41, 0x7,
    0xff, 0xc9, 0xc, 0xbe, 0x48, 0x27, 0xa4, 0x4b,
    0xc4, 0xc, 0x0, 0x40,

    /* U+781A "砚" */
    0x1, 0xf3, 0xe8, 0x84, 0x54, 0x42, 0xa3, 0xd5,
    0x36, 0xa9, 0xb5, 0x45, 0x98, 0x3c, 0xc1, 0x6a,
    0x0, 0x92, 0x8, 0xf0,

    /* U+7830 "砰" */
    0x7f, 0xf8, 0x82, 0x8, 0x54, 0x7a, 0xa6, 0x57,
    0x32, 0x20, 0x9f, 0xe7, 0x88, 0x24, 0x40, 0x2,
    0x0, 0x10,

    /* U+7834 "破" */
    0x0, 0x42, 0x22, 0x1f, 0x7e, 0x22, 0xb2, 0x14,
    0x1e, 0xf9, 0xb4, 0x55, 0xb2, 0x2e, 0xa1, 0xf3,
    0xb, 0x98, 0x4f, 0x70, 0x10, 0x0,

    /* U+7838 "砸" */
    0x0, 0x7, 0xff, 0xc9, 0x10, 0x8b, 0xe7, 0x55,
    0x6a, 0xab, 0x55, 0x4a, 0xaa, 0x55, 0x73, 0xa2,
    0x15, 0x0, 0x8f, 0xf0,

    /* U+783E "砾" */
    0x0, 0x13, 0xef, 0xcc, 0xd0, 0x46, 0x83, 0xe4,
    0x33, 0xfd, 0x91, 0x4, 0xaa, 0x25, 0x51, 0xea,
    0xcb, 0x92, 0x41, 0x80,

    /* U+7840 "础" */
    0x0, 0x87, 0xf4, 0x89, 0xa4, 0x4d, 0x24, 0x69,
    0x3b, 0xfb, 0x42, 0x1a, 0xd2, 0x56, 0x93, 0xb4,
    0x95, 0xa4, 0x8f, 0xe0,

    /* U+7845 "硅" */
    0x0, 0x8d, 0x88, 0xff, 0xf6, 0x8, 0x40, 0x8f,
    0xff, 0xc8, 0x84, 0x88, 0x4f, 0xf7, 0x88, 0x58,
    0x80, 0x7f,

    /* U+7855 "硕" */
    0x3, 0xfd, 0xf1, 0x1, 0x4, 0x8, 0x7e, 0x3d,
    0x9, 0x95, 0x26, 0x54, 0x89, 0x52, 0x3d, 0x48,
    0x92, 0xc2, 0x31, 0x80, 0x80,

    /* U+785D "硝" */
    0x0, 0x97, 0xd5, 0x88, 0xa8, 0x41, 0x6, 0x3f,
    0x3d, 0xb, 0x2f, 0xc9, 0x42, 0x4a, 0x13, 0xdf,
    0x92, 0x84, 0x84, 0x60,

    /* U+786B "硫" */
    0x0, 0x80, 0x6, 0x3f, 0xfc, 0x42, 0x6, 0x16,
    0x21, 0x11, 0xff, 0xd9, 0x2, 0xca, 0xa2, 0x55,
    0x1f, 0x28, 0x99, 0x64, 0xcb, 0x0,

    /* U+786C "硬" */
    0x7, 0xff, 0x84, 0x11, 0xfc, 0x89, 0x27, 0x7f,
    0x6a, 0x49, 0x5f, 0xca, 0x90, 0x77, 0x82, 0x98,
    0x11, 0xbe, 0x10, 0x0,

    /* U+786E "确" */
    0x0, 0x80, 0xc, 0x1f, 0x7c, 0x24, 0x42, 0x7f,
    0x9d, 0x24, 0xa9, 0x2d, 0x7f, 0xea, 0x49, 0x5f,
    0xce, 0x92, 0x54, 0x90, 0xc5, 0x80,

    /* U+787C "硼" */
    0x7, 0xbb, 0xe5, 0x49, 0x2a, 0x4f, 0x77, 0x4a,
    0xea, 0x55, 0x5e, 0xea, 0x95, 0x34, 0xaa, 0xa5,
    0x4b, 0xf6, 0x10, 0xa0,

    /* U+7889 "碉" */
    0x3, 0xfb, 0xf2, 0x44, 0x92, 0x67, 0xd2, 0x24,
    0xbd, 0xf5, 0xa8, 0x25, 0x5d, 0x3a, 0xa9, 0x57,
    0x49, 0x82, 0x18, 0x30,

    /* U+788C "碌" */
    0x1, 0xf1, 0xf0, 0x41, 0x1f, 0x8, 0x4, 0x3f,
    0xfd, 0x91, 0xa, 0x74, 0xc9, 0x5c, 0x3c, 0xe0,
    0x9d, 0x42, 0x64, 0x80, 0x30,

    /* U+788D "碍" */
    0x3, 0xf7, 0xd0, 0x88, 0xfc, 0x84, 0x27, 0x9e,
    0x65, 0xf9, 0x20, 0x89, 0xff, 0x78, 0x22, 0x49,
    0x10, 0x48, 0x0, 0xc0,

    /* U+788E "碎" */
    0x0, 0x43, 0xe2, 0x4, 0xfe, 0x20, 0x22, 0x1b,
    0x3e, 0xd9, 0x9e, 0xe4, 0xc1, 0x24, 0x41, 0x3f,
    0xcf, 0xfe, 0x48, 0x82, 0x4, 0x0,

    /* U+7891 "碑" */
    0x1, 0x87, 0xbf, 0x91, 0x24, 0x89, 0x24, 0x7f,
    0x7a, 0xcb, 0x5f, 0xca, 0x68, 0x52, 0x43, 0xbf,
    0xd0, 0x10, 0x0, 0x80,

    /* U+7897 "碗" */
    0x0, 0xc0, 0x1, 0x7, 0xff, 0x89, 0x82, 0x23,
    0x8, 0x88, 0xe7, 0xbb, 0x9b, 0xaa, 0xac, 0xa8,
    0xae, 0xe3, 0x92, 0xa, 0xc9, 0x26, 0x38, 0x10,
    0x0,

    /* U+7898 "碘" */
    0x1, 0x47, 0xca, 0x2b, 0xfc, 0x8a, 0xa4, 0x55,
    0x7b, 0xfb, 0x55, 0x4a, 0xaa, 0x5f, 0xfb, 0x80,
    0x14, 0xd8, 0x9c, 0x60, 0x81, 0x0,

    /* U+789F "碟" */
    0x5, 0x27, 0xa9, 0x13, 0xfe, 0x8a, 0x44, 0x5e,
    0x7a, 0x3, 0x5f, 0xca, 0x20, 0x5f, 0xfb, 0x9b,
    0x15, 0x4c, 0x13, 0x0,

    /* U+78A7 "碧" */
    0x1, 0x87, 0xfe, 0x12, 0x27, 0xbe, 0x12, 0x2f,
    0xfe, 0x0, 0xf, 0xff, 0x18, 0x3, 0xfc, 0xf0,
    0x4d, 0xfc,

    /* U+78B0 "碰" */
    0x1, 0xb1, 0xf2, 0x81, 0x3f, 0x84, 0x28, 0x30,
    0xa0, 0xfa, 0xa6, 0x6a, 0x99, 0xaa, 0x26, 0xb0,
    0xf2, 0x82, 0x4a, 0x8, 0xff,

    /* U+78B1 "碱" */
    0x0, 0x4f, 0x5, 0x4f, 0xf4, 0x84, 0x4b, 0xdf,
    0x85, 0xdb, 0xd5, 0xae, 0x5a, 0xe7, 0xbe, 0x58,
    0x75, 0x9b, 0x0, 0x0,

    /* U+78B3 "碳" */
    0x2, 0x97, 0xd4, 0x88, 0xfc, 0x82, 0x4, 0x90,
    0x7b, 0xff, 0x49, 0xa, 0x6a, 0x75, 0xf2, 0xe5,
    0x10, 0x4c, 0xc, 0x30,

    /* U+78B4 "碴" */
    0x0, 0x87, 0xff, 0xc8, 0x70, 0x85, 0x47, 0xc9,
    0xed, 0xf3, 0x68, 0x8b, 0x7c, 0x5a, 0x23, 0xdf,
    0x16, 0x0, 0xf, 0xf0,

    /* U+78BE "碾" */
    0x7, 0xf7, 0xe0, 0x89, 0xfc, 0x89, 0x47, 0x7f,
    0xea, 0x51, 0x5f, 0xea, 0xa8, 0x75, 0x52, 0xc9,
    0x12, 0x66, 0x12, 0x10,

    /* U+78C1 "磁" */
    0x0, 0x20, 0x9, 0x1e, 0x8, 0x4f, 0xf2, 0x32,
    0x11, 0x11, 0xea, 0xad, 0x99, 0xaf, 0x71, 0x48,
    0x8e, 0xa8, 0x5b, 0x50, 0x6f, 0x80,

    /* U+78C5 "磅" */
    0x0, 0x47, 0xff, 0xc8, 0xc8, 0xc3, 0x44, 0x7f,
    0xfe, 0x27, 0x3f, 0xe9, 0x10, 0x48, 0x93, 0xcf,
    0x92, 0x44, 0x8c, 0xc0, 0x80, 0x0,

    /* U+78D5 "磕" */
    0x0, 0x87, 0xff, 0x88, 0x20, 0x9f, 0xf4, 0x1a,
    0x79, 0x13, 0x5f, 0xca, 0x0, 0x57, 0xf3, 0xaa,
    0x95, 0x54, 0x1f, 0xf0,

    /* U+78E8 "磨" */
    0x2, 0x3, 0xff, 0xd2, 0x10, 0xff, 0xe4, 0x8e,
    0x2d, 0xb9, 0xad, 0x4f, 0xff, 0x44, 0x2, 0x7f,
    0x2e, 0x9, 0x1f, 0xc0,

    /* U+78F7 "磷" */
    0x2, 0xa7, 0xcd, 0x9, 0xfc, 0x83, 0xc7, 0x6b,
    0xee, 0x4b, 0x48, 0x8a, 0xfe, 0x55, 0xe3, 0x97,
    0xd0, 0xa8, 0x18, 0x40,

    /* U+78FA "磺" */
    0x2, 0x47, 0xbf, 0x90, 0x90, 0x9f, 0xf7, 0x18,
    0x6b, 0xfb, 0x56, 0xca, 0xfe, 0x75, 0xb2, 0xbf,
    0x90, 0x98, 0x18, 0x60,

    /* U+7901 "礁" */
    0x1, 0x47, 0xd2, 0x3e, 0xfc, 0x4c, 0x84, 0x7f,
    0x3d, 0x23, 0x2f, 0xc9, 0x48, 0x4b, 0xf3, 0xd0,
    0x12, 0xd4, 0x8a, 0xd0,

    /* U+793A "示" */
    0x3f, 0xe0, 0x0, 0x0, 0xf, 0xff, 0x2, 0x0,
    0x20, 0x32, 0x62, 0x22, 0x42, 0x3c, 0x20, 0x6,
    0x0,

    /* U+793C "礼" */
    0x10, 0x80, 0x84, 0x0, 0x21, 0xf9, 0x0, 0x88,
    0xc, 0x40, 0xd2, 0xe, 0xd0, 0x50, 0x80, 0x84,
    0x4, 0x26, 0x20, 0xe0,

    /* U+793E "社" */
    0x10, 0x40, 0xc2, 0x0, 0x10, 0xf0, 0x80, 0xbf,
    0x88, 0x20, 0xf1, 0xa, 0x88, 0x10, 0x40, 0x82,
    0x5, 0xfe, 0x20, 0x0,

    /* U+7948 "祈" */
    0x10, 0x10, 0x4f, 0xdf, 0x40, 0x12, 0x0, 0x9f,
    0x88, 0x90, 0xf4, 0x8a, 0xa4, 0x11, 0x20, 0x91,
    0x4, 0x88, 0x28, 0x40,

    /* U+7956 "祖" */
    0x20, 0x1, 0x1f, 0x0, 0x89, 0xf4, 0x41, 0x3e,
    0x11, 0x11, 0xa8, 0x95, 0x7c, 0x22, 0x21, 0x11,
    0x8, 0x88, 0x5f, 0xf0,

    /* U+795D "祝" */
    0x20, 0x1, 0x1f, 0x88, 0x84, 0xf4, 0x21, 0x21,
    0x11, 0xf9, 0xa5, 0x1c, 0xa8, 0x21, 0x41, 0x12,
    0x9, 0x96, 0x58, 0xe0,

    /* U+795E "神" */
    0x20, 0x83, 0x8, 0x4, 0x9f, 0x7f, 0x14, 0x92,
    0x7f, 0x74, 0x9a, 0x49, 0x27, 0xf2, 0x49, 0x20,
    0x82, 0x8,

    /* U+795F "祟" */
    0x62, 0x24, 0x22, 0x7f, 0xe4, 0x22, 0x7f, 0xe0,
    0x0, 0x7f, 0xe0, 0x0, 0xff, 0xf1, 0x28, 0x32,
    0x64, 0x60,

    /* U+7960 "祠" */
    0x20, 0x1, 0x1f, 0xc8, 0x3, 0xe0, 0x11, 0x7e,
    0x90, 0x5, 0xcf, 0x3d, 0x49, 0xaa, 0x49, 0x1e,
    0x48, 0x92, 0x40, 0x32, 0x3, 0x0,

    /* U+7965 "祥" */
    0x22, 0x21, 0xa, 0x8, 0x11, 0xef, 0xe3, 0x8,
    0x13, 0xf9, 0xe2, 0x15, 0x10, 0xa7, 0xf9, 0x4,
    0x8, 0x20, 0x41, 0x0,

    /* U+7968 "票" */
    0xff, 0xf0, 0x90, 0x7f, 0xe4, 0x92, 0x7f, 0xe0,
    0x0, 0x7f, 0xc0, 0x0, 0xff, 0xf0, 0x68, 0x66,
    0x68, 0xc2,

    /* U+796D "祭" */
    0x0, 0x0, 0xc0, 0xf, 0xfc, 0x49, 0x44, 0xca,
    0x14, 0x20, 0x5e, 0xcc, 0x3, 0x5f, 0xe0, 0x10,
    0x6, 0xb0, 0xe4, 0x60, 0x60, 0x0,

    /* U+7977 "祷" */
    0x21, 0x81, 0x8, 0x9, 0xff, 0xe2, 0x1, 0x7f,
    0x10, 0x80, 0xff, 0xef, 0x44, 0xea, 0x25, 0x3f,
    0xc9, 0x48, 0x52, 0x42, 0xe, 0x0, 0x30,

    /* U+7978 "祸" */
    0x0, 0x1, 0x1f, 0x88, 0x85, 0xf4, 0x21, 0x3f,
    0x18, 0x40, 0x82, 0xc, 0xfe, 0xfc, 0x95, 0x2e,
    0x89, 0xdc, 0x48, 0x22, 0x43, 0x0,

    /* U+7980 "禀" */
    0x6, 0xf, 0xff, 0x0, 0x7, 0xfe, 0x5f, 0xa5,
    0xfa, 0x7f, 0xe0, 0x0, 0x3f, 0xcf, 0xff, 0x36,
    0x8c, 0xe6,

    /* U+7981 "禁" */
    0x8, 0x43, 0xff, 0xc6, 0x38, 0x5e, 0xa4, 0xb5,
    0x80, 0x0, 0x7f, 0x80, 0x0, 0x7f, 0xf8, 0x4a,
    0xe, 0x58, 0xce, 0x20,

    /* U+798F "福" */
    0x0, 0x2, 0x7f, 0x20, 0xf, 0xbe, 0x12, 0x22,
    0x3e, 0x20, 0x7, 0x7f, 0xac, 0x9a, 0x7f, 0x24,
    0x92, 0x7f, 0x24, 0x10,

    /* U+79BB "离" */
    0x6, 0xf, 0xff, 0x1, 0x6, 0xe6, 0x79, 0xe7,
    0xfe, 0x6, 0x7, 0xfe, 0x49, 0x25, 0x1a, 0x5e,
    0xa4, 0x6,

    /* U+79BD "禽" */
    0x4, 0x0, 0x60, 0x9, 0x3, 0x4e, 0xff, 0xb2,
    0x64, 0x39, 0x43, 0xfc, 0x4, 0x7, 0xfe, 0x49,
    0x25, 0xfa, 0x40, 0xe0,

    /* U+79BE "禾" */
    0x1, 0xe1, 0xfc, 0x0, 0x80, 0x4, 0x7, 0xff,
    0x3, 0x80, 0x2a, 0x3, 0x50, 0x32, 0x63, 0x11,
    0x90, 0x84, 0x4, 0x0,

    /* U+79C0 "秀" */
    0x0, 0xc7, 0xfe, 0x4, 0xf, 0xff, 0xd, 0x3,
    0x4c, 0xdf, 0xb0, 0x90, 0x9, 0xe1, 0x4, 0xe1,
    0xc4, 0x18,

    /* U+79C1 "私" */
    0x4, 0x7, 0xec, 0x10, 0x81, 0x8, 0xfe, 0x81,
    0x18, 0x39, 0x27, 0x52, 0x51, 0x39, 0x23, 0x13,
    0xd1, 0x0,

    /* U+79C3 "秃" */
    0x0, 0x23, 0xfe, 0x2, 0xf, 0xff, 0xa, 0x81,
    0xac, 0x62, 0x7c, 0xf8, 0x8, 0x80, 0x88, 0x10,
    0xbe, 0xe,

    /* U+79C6 "秆" */
    0x4, 0x3, 0xef, 0x84, 0x10, 0x20, 0x87, 0xe4,
    0x9, 0xfc, 0xf1, 0xa, 0xc8, 0xd0, 0x40, 0x82,
    0x4, 0x10, 0x20, 0x80,

    /* U+79C9 "秉" */
    0x0, 0x21, 0xff, 0x0, 0x80, 0xff, 0xe3, 0xfe,
    0x1, 0x11, 0xff, 0xe0, 0x44, 0x3f, 0xe0, 0x74,
    0xc, 0x9c, 0x84, 0x20,

    /* U+79CB "秋" */
    0x4, 0x1, 0xf9, 0x1, 0x4, 0x4, 0x56, 0x7d,
    0x50, 0x4d, 0x43, 0xa5, 0x1d, 0x30, 0x50, 0xa0,
    0x46, 0x81, 0x31, 0x85, 0x82,

    /* U+79CD "种" */
    0xc, 0x47, 0x84, 0x10, 0x41, 0x3f, 0x7e, 0x51,
    0x25, 0x3a, 0x55, 0x7f, 0x52, 0x51, 0x4, 0x10,
    0x41, 0x4,

    /* U+79D1 "科" */
    0x4, 0x23, 0xc1, 0x4, 0x68, 0x21, 0x4f, 0xc2,
    0x8, 0x90, 0xf2, 0x8a, 0x87, 0xd3, 0xe0, 0x81,
    0x4, 0x8, 0x20, 0x40,

    /* U+79D2 "秒" */
    0x4, 0x41, 0xe1, 0x1, 0x5, 0x4, 0x54, 0x7d,
    0x48, 0x49, 0x23, 0xa5, 0x9d, 0x14, 0xd0, 0x30,
    0x41, 0x81, 0xc, 0x5, 0xc0,

    /* U+79D5 "秕" */
    0xa, 0x21, 0xc8, 0x81, 0x22, 0x4, 0x8b, 0x7f,
    0xb8, 0x48, 0x83, 0xa2, 0xd, 0x88, 0x52, 0x21,
    0x4a, 0x81, 0x3a, 0x44, 0x8f,

    /* U+79D8 "秘" */
    0x0, 0xf, 0x96, 0x20, 0xe2, 0x4, 0xf9, 0x42,
    0x77, 0x75, 0x56, 0xd9, 0xad, 0x8a, 0x12, 0x27,
    0x62, 0xc,

    /* U+79DF "租" */
    0x4, 0x3, 0xff, 0x84, 0x44, 0x22, 0x27, 0xdf,
    0x18, 0x88, 0xf4, 0x4e, 0xfe, 0xd1, 0x10, 0x88,
    0x84, 0xfe, 0x20, 0x0,

    /* U+79E4 "秤" */
    0x37, 0xf6, 0x8, 0x22, 0x82, 0x2a, 0xfa, 0xa2,
    0x2a, 0x70, 0x86, 0xff, 0xa0, 0x8a, 0x8, 0x20,
    0x82, 0x8,

    /* U+79E6 "秦" */
    0x3, 0x0, 0xff, 0xc0, 0x20, 0xf, 0xfc, 0x4,
    0x1, 0xff, 0xe0, 0x86, 0xf, 0xe6, 0x7f, 0xe0,
    0x36, 0x3, 0x97, 0x8, 0xc4,

    /* U+79E7 "秧" */
    0x10, 0x8f, 0x8, 0x24, 0xa2, 0x7e, 0xf4, 0xa2,
    0x4a, 0x7f, 0xfb, 0x18, 0xa1, 0x42, 0x34, 0x26,
    0x32, 0x81,

    /* U+79E9 "秩" */
    0x18, 0x87, 0x14, 0x8, 0xa0, 0x47, 0xef, 0xe8,
    0x10, 0x41, 0xdf, 0xdd, 0x10, 0xa1, 0x41, 0x1a,
    0x9, 0x8c, 0x58, 0x20,

    /* U+79EB "秫" */
    0x4, 0x41, 0xf9, 0x41, 0x5, 0x84, 0x10, 0x7f,
    0xfc, 0x43, 0x83, 0x8e, 0x1d, 0x54, 0x53, 0x58,
    0x59, 0x31, 0x4, 0x4, 0x10,

    /* U+79EF "积" */
    0x0, 0x3, 0xef, 0x94, 0x44, 0x22, 0x2f, 0xd1,
    0x8, 0x88, 0xe7, 0xcb, 0x80, 0x51, 0xb0, 0x98,
    0x84, 0x86, 0x28, 0x0,

    /* U+79F0 "称" */
    0x5, 0x81, 0xf6, 0x1, 0x1f, 0x84, 0x42, 0x7e,
    0x50, 0x41, 0x3, 0x95, 0xd, 0xd4, 0x52, 0x59,
    0x59, 0x21, 0x4, 0x4, 0x70,

    /* U+79F8 "秸" */
    0x10, 0x8e, 0x8, 0x27, 0xf2, 0x8, 0xf8, 0x82,
    0x7f, 0x70, 0xe, 0xfe, 0xa4, 0x22, 0x42, 0x27,
    0xe2, 0x42,

    /* U+79FB "移" */
    0x0, 0x0, 0x64, 0x1c, 0x7c, 0x26, 0x21, 0x2a,
    0x3e, 0x60, 0x4f, 0x7, 0x9f, 0x55, 0x1e, 0x94,
    0x84, 0x18, 0x21, 0x81, 0x70, 0x0,

    /* U+79FD "秽" */
    0x8, 0x43, 0xf2, 0x44, 0x92, 0x24, 0x97, 0xff,
    0x98, 0xc0, 0xe7, 0xee, 0xe2, 0x52, 0xd0, 0x83,
    0x4, 0x30, 0x26, 0x0,

    /* U+7A00 "稀" */
    0x16, 0x6e, 0xbc, 0x23, 0xe2, 0xe2, 0xf1, 0x2,
    0xff, 0x72, 0x86, 0x7f, 0xac, 0x9a, 0x49, 0x24,
    0xb2, 0x8,

    /* U+7A0B "程" */
    0x0, 0xf, 0x3e, 0x22, 0x22, 0x22, 0xfb, 0xe2,
    0x0, 0x77, 0xf6, 0x88, 0xa7, 0xfa, 0x8, 0x20,
    0x82, 0x7f,

    /* U+7A0D "稍" */
    0x10, 0x87, 0xa4, 0x89, 0xac, 0x41, 0xf, 0x7f,
    0x12, 0x9, 0xdf, 0xd5, 0x82, 0xa7, 0xf1, 0x20,
    0x89, 0x4, 0x48, 0xe0,

    /* U+7A0E "税" */
    0x0, 0x23, 0xe9, 0x4, 0x58, 0x27, 0xe7, 0xe1,
    0x9, 0x8, 0xef, 0xc6, 0xa8, 0x51, 0x42, 0x8a,
    0x4, 0x92, 0x2c, 0xf0,

    /* U+7A1A "稚" */
    0x17, 0x8e, 0x48, 0x27, 0xf2, 0x48, 0xfc, 0x82,
    0xfe, 0x74, 0x8e, 0xfe, 0xa4, 0x82, 0x48, 0x27,
    0xf2, 0x40,

    /* U+7A20 "稠" */
    0x0, 0xf, 0xff, 0xe4, 0x12, 0x49, 0x25, 0xdf,
    0xc9, 0x25, 0xd7, 0x41, 0x6d, 0xda, 0x55, 0xad,
    0xd2, 0x81, 0x28, 0x30,

    /* U+7A33 "稳" */
    0x0, 0x3, 0x30, 0xe3, 0xc2, 0x44, 0x2f, 0xef,
    0x82, 0x27, 0xe7, 0x2, 0x77, 0xea, 0x8, 0xaa,
    0xa2, 0xa5, 0x2b, 0xc0,

    /* U+7A3B "稻" */
    0x0, 0x67, 0xbf, 0x88, 0x65, 0x59, 0x67, 0x0,
    0x13, 0xb9, 0xd0, 0x4d, 0x82, 0xa7, 0x75, 0x20,
    0x89, 0xfc, 0x48, 0x20,

    /* U+7A3C "稼" */
    0x0, 0x87, 0xc4, 0x9, 0xfe, 0x48, 0x12, 0x0,
    0x7d, 0xf8, 0x84, 0x4e, 0xd6, 0x6b, 0x65, 0x66,
    0x88, 0xd6, 0x58, 0x92, 0x18, 0x0,

    /* U+7A3D "稽" */
    0x13, 0x4e, 0xff, 0x22, 0x9f, 0xcf, 0x24, 0x22,
    0x7e, 0x74, 0x16, 0x9c, 0xa7, 0xea, 0x42, 0x27,
    0xe2, 0x7e,

    /* U+7A3F "稿" */
    0x10, 0x8e, 0x7f, 0x20, 0x2, 0x3e, 0xfa, 0x22,
    0x3e, 0x77, 0xf6, 0xc1, 0xa5, 0xda, 0x55, 0x25,
    0xd2, 0x43,

    /* U+7A46 "穆" */
    0x1, 0x8f, 0xfe, 0x24, 0x2a, 0xfe, 0xff, 0xe2,
    0x28, 0x7c, 0xb6, 0x9c, 0xa6, 0x6a, 0x78, 0x20,
    0xe2, 0xf8,

    /* U+7A57 "穗" */
    0x10, 0x87, 0x3f, 0xc8, 0x20, 0x5f, 0xef, 0xff,
    0x32, 0x49, 0xcf, 0x94, 0xfe, 0xa0, 0x1, 0x76,
    0x8a, 0x8e, 0x47, 0xc0,

    /* U+7A74 "穴" */
    0x2, 0x0, 0x10, 0x1f, 0xfc, 0x80, 0x24, 0x9,
    0x6, 0x40, 0x22, 0x3, 0x10, 0x10, 0x41, 0x83,
    0x18, 0xc, 0x80, 0x20,

    /* U+7A76 "究" */
    0x2, 0x0, 0x10, 0x1f, 0xfc, 0x80, 0x21, 0x98,
    0x18, 0x71, 0x90, 0xc0, 0x80, 0x7f, 0x80, 0x24,
    0x2, 0x20, 0x31, 0x3e, 0xf, 0x0,

    /* U+7A77 "穷" */
    0x2, 0x7, 0xff, 0x40, 0x14, 0xdd, 0x18, 0x66,
    0x23, 0x2, 0x3, 0xfe, 0x6, 0x20, 0x42, 0x18,
    0x26, 0xc,

    /* U+7A7A "空" */
    0xc, 0x0, 0x83, 0xff, 0xc0, 0x19, 0xb2, 0xc1,
    0xb0, 0x19, 0xfc, 0x4, 0x0, 0x80, 0x10, 0x7f,
    0xf0,

    /* U+7A7F "穿" */
    0x2, 0x7, 0xff, 0x40, 0x11, 0x8c, 0x0, 0x47,
    0xfe, 0x10, 0x83, 0xff, 0x3, 0x80, 0xc8, 0x78,
    0x84, 0x18,

    /* U+7A81 "突" */
    0x0, 0x0, 0x60, 0xff, 0xec, 0x2, 0x19, 0x86,
    0x46, 0x5, 0x80, 0x40, 0xff, 0xf0, 0x60, 0xb,
    0x3, 0x1c, 0xc0, 0x60,

    /* U+7A83 "窃" */
    0x0, 0x0, 0x60, 0xff, 0xf8, 0x91, 0x39, 0xc4,
    0x6, 0x27, 0xef, 0x92, 0x21, 0x22, 0x92, 0x32,
    0x26, 0x56, 0x8, 0xc0,

    /* U+7A84 "窄" */
    0x0, 0x0, 0xc3, 0xff, 0xc8, 0x13, 0x99, 0x90,
    0x87, 0xf9, 0x40, 0xcf, 0xc1, 0x0, 0x3f, 0x4,
    0x0, 0x80,

    /* U+7A8D "窍" */
    0x2, 0x0, 0x60, 0xff, 0xfc, 0x1, 0x1c, 0xc7,
    0x6, 0x3, 0xff, 0xbf, 0x21, 0x2, 0x1e, 0x20,
    0x2f, 0xc2, 0x80, 0xe0, 0x8,

    /* U+7A91 "窑" */
    0x2, 0x3, 0xff, 0x90, 0x4, 0x3b, 0xc3, 0x82,
    0xf, 0xf0, 0x88, 0x4, 0x40, 0xff, 0xf9, 0x10,
    0x8, 0x88, 0x7f, 0xc0,

    /* U+7A92 "窒" */
    0x2, 0x0, 0x20, 0x7f, 0xf8, 0x91, 0x38, 0xe2,
    0x0, 0x7f, 0xf1, 0x88, 0x3f, 0xe0, 0x20, 0x7f,
    0xe0, 0x20, 0xff, 0xf0,

    /* U+7A96 "窖" */
    0x4, 0xf, 0xff, 0x81, 0x3b, 0x1f, 0x74, 0x43,
    0xf8, 0x4, 0xf, 0xbe, 0x7f, 0xc6, 0x4, 0x60,
    0x47, 0xfc,

    /* U+7A97 "窗" */
    0x4, 0x1f, 0xfe, 0x40, 0x9a, 0xe4, 0xc4, 0xff,
    0x92, 0x12, 0xfa, 0x71, 0x48, 0xc9, 0x61, 0x3f,
    0xe0,

    /* U+7A98 "窘" */
    0x6, 0xf, 0xff, 0x99, 0xb2, 0x4, 0x7f, 0xc0,
    0x84, 0xff, 0xf1, 0x4, 0x3f, 0x83, 0xfc, 0xd0,
    0x49, 0xfc,

    /* U+7A9C "窜" */
    0x4, 0xf, 0xfe, 0x91, 0xae, 0x4e, 0x7f, 0xc4,
    0x44, 0x7f, 0xc0, 0x40, 0x7f, 0xe4, 0x46, 0x7f,
    0xe4, 0x46,

    /* U+7A9D "窝" */
    0x6, 0xf, 0xff, 0x89, 0x17, 0xe, 0x7f, 0xe2,
    0x4, 0x3f, 0xc0, 0x20, 0x7f, 0xe4, 0x62, 0x59,
    0xa4, 0x6,

    /* U+7A9F "窟" */
    0x2, 0xf, 0xff, 0x8d, 0x93, 0x6, 0x3f, 0xe2,
    0x2, 0x3f, 0xe3, 0x92, 0x5f, 0xe4, 0x10, 0x51,
    0x29, 0xfe,

    /* U+7AA5 "窥" */
    0x1, 0x3, 0xff, 0xd1, 0x22, 0x70, 0xc1, 0x1f,
    0x3e, 0x88, 0x45, 0x4f, 0xaa, 0x19, 0x71, 0x66,
    0x19, 0x72, 0x8c, 0x70,

    /* U+7ABF "窿" */
    0x4, 0xf, 0xfe, 0x91, 0x26, 0x4c, 0xf7, 0xca,
    0xe8, 0xa7, 0xfa, 0xfc, 0xa5, 0xe, 0xbc, 0xa7,
    0xe8, 0xfe,

    /* U+7ACB "立" */
    0x0, 0x0, 0x60, 0x4, 0x7, 0xfe, 0x0, 0x3,
    0x8, 0x10, 0x81, 0x8, 0x19, 0x0, 0x90, 0x1,
    0xf, 0xff,

    /* U+7AD6 "竖" */
    0x18, 0x5, 0xfe, 0x5a, 0x45, 0xbc, 0x59, 0x85,
    0xe7, 0x6, 0x7, 0xfe, 0x11, 0x1, 0x98, 0x9,
    0xf, 0xff,

    /* U+7AD9 "站" */
    0x0, 0x81, 0x84, 0x4, 0x21, 0xf9, 0xf0, 0x8,
    0x24, 0x41, 0x6f, 0x8a, 0x44, 0x12, 0x20, 0xd1,
    0x38, 0xf8, 0x4, 0x40,

    /* U+7ADE "竞" */
    0x6, 0x7, 0xff, 0x4, 0x20, 0x12, 0xf, 0xff,
    0x80, 0x0, 0xff, 0x4, 0x8, 0x3f, 0xc0, 0x48,
    0x6, 0x47, 0xc3, 0xe0,

    /* U+7ADF "竟" */
    0x6, 0x7, 0xfe, 0x11, 0x8f, 0xff, 0x0, 0x3,
    0xfc, 0x20, 0x43, 0xfc, 0x3f, 0xc0, 0x90, 0x19,
    0x3e, 0x1e,

    /* U+7AE0 "章" */
    0x3, 0x1, 0xff, 0x83, 0x31, 0xff, 0xf0, 0x0,
    0xf, 0xf0, 0x40, 0x83, 0xfc, 0x1f, 0xe0, 0x18,
    0x1f, 0xfe, 0x6, 0x0,

    /* U+7AE3 "竣" */
    0x20, 0x81, 0x9, 0x0, 0x85, 0xff, 0xf1, 0xb2,
    0x2f, 0xcd, 0x47, 0x8a, 0x64, 0x53, 0x61, 0x6e,
    0x3c, 0x30, 0x1e, 0x70, 0x40, 0x0,

    /* U+7AE5 "童" */
    0x2, 0x3, 0xff, 0x2, 0x61, 0xff, 0xf3, 0xfc,
    0x11, 0x20, 0xff, 0x4, 0x48, 0x1f, 0x83, 0xff,
    0x0, 0x81, 0xff, 0xf0,

    /* U+7AED "竭" */
    0x0, 0x3, 0x1f, 0x89, 0x5, 0xf7, 0xe8, 0xc1,
    0xd, 0xfa, 0x48, 0xa, 0xfe, 0x5c, 0x92, 0xaa,
    0x9f, 0xd, 0x7, 0xa0, 0x3, 0x0,

    /* U+7AEF "端" */
    0x20, 0x81, 0x34, 0x89, 0xa5, 0xff, 0xe0, 0x0,
    0x2b, 0xfd, 0x42, 0xa, 0xfe, 0x55, 0x51, 0x6a,
    0xbd, 0x54, 0x8, 0x60,

    /* U+7AF9 "竹" */
    0x10, 0x40, 0x86, 0x4, 0x20, 0x7d, 0xf3, 0x12,
    0x29, 0x90, 0x40, 0x82, 0x4, 0x10, 0x20, 0x81,
    0x4, 0x8, 0x21, 0x80,

    /* U+7AFF "竿" */
    0x18, 0xc0, 0x84, 0xf, 0xbe, 0xd2, 0xc4, 0x2,
    0x1f, 0xf8, 0x8, 0x0, 0x40, 0x7f, 0xf8, 0x10,
    0x0, 0x80, 0x4, 0x0,

    /* U+7B06 "笆" */
    0x10, 0x80, 0x84, 0xf, 0xfe, 0xe2, 0x84, 0xb6,
    0x20, 0x0, 0xff, 0x84, 0x44, 0x3f, 0xe1, 0x1,
    0x8, 0x4, 0x40, 0x23, 0xff, 0x0,

    /* U+7B0B "笋" */
    0x20, 0x82, 0x18, 0x7d, 0xfd, 0x24, 0x84, 0x7,
    0xfc, 0x8, 0x4f, 0xff, 0x8, 0x40, 0x84, 0x7f,
    0xc1, 0x4, 0x70, 0x4, 0x0,

    /* U+7B11 "笑" */
    0x21, 0x2, 0x10, 0x7f, 0xfd, 0x28, 0x94, 0x40,
    0xc, 0x3f, 0x0, 0x40, 0xff, 0xe0, 0xe0, 0xa,
    0x3, 0x18, 0xe0, 0x60,

    /* U+7B14 "笔" */
    0x10, 0x82, 0x18, 0x3d, 0xf5, 0xa4, 0x8a, 0x7,
    0xfe, 0x4, 0x7, 0xfe, 0x4, 0xf, 0xff, 0x4,
    0x10, 0x7f,

    /* U+7B19 "笙" */
    0x10, 0x81, 0x84, 0xf, 0x7e, 0x96, 0x80, 0x20,
    0x19, 0x0, 0xff, 0xc8, 0x40, 0x1f, 0xe0, 0x10,
    0x0, 0x81, 0xff, 0xe0,

    /* U+7B1B "笛" */
    0x18, 0x83, 0x8, 0x3d, 0xf5, 0xb4, 0xc8, 0x40,
    0x20, 0x3f, 0xe2, 0x22, 0x3f, 0xe2, 0x22, 0x3f,
    0xe2, 0x2,

    /* U+7B24 "笤" */
    0x0, 0x2, 0x10, 0x7f, 0xfd, 0x28, 0x0, 0x7,
    0xfc, 0x8, 0x41, 0x8c, 0x30, 0xf, 0xfc, 0x20,
    0x43, 0xfc, 0x20, 0x40,

    /* U+7B26 "符" */
    0x0, 0x2, 0x8, 0x7d, 0xf5, 0x34, 0x82, 0x43,
    0x4, 0x20, 0x46, 0xff, 0xe0, 0x4a, 0x64, 0x22,
    0x42, 0x4, 0x20, 0xc0,

    /* U+7B28 "笨" */
    0x0, 0x81, 0x84, 0xf, 0x7c, 0xa6, 0x8d, 0x84,
    0x1, 0x1, 0xff, 0xc1, 0xe0, 0xa, 0x80, 0x96,
    0x18, 0x99, 0xbf, 0x60, 0x20, 0x0,

    /* U+7B2C "第" */
    0x0, 0x4, 0x21, 0xff, 0xe9, 0x49, 0x40, 0xff,
    0x81, 0x13, 0xfe, 0x44, 0xf, 0xfc, 0x30, 0x9a,
    0x6c, 0x40,

    /* U+7B3C "笼" */
    0x10, 0x80, 0x84, 0xf, 0xfe, 0xd6, 0x84, 0x8a,
    0x2, 0x61, 0xff, 0xe0, 0xa0, 0xd, 0x60, 0x4c,
    0xd, 0xc6, 0xc3, 0xe0,

    /* U+7B49 "等" */
    0x0, 0x81, 0x84, 0xf, 0x7e, 0x96, 0x40, 0x20,
    0x1f, 0xf0, 0x8, 0x1f, 0xff, 0x0, 0x43, 0xff,
    0xc2, 0x10, 0x18, 0x80, 0x1c, 0x0,

    /* U+7B4B "筋" */
    0x21, 0x2, 0x10, 0x7f, 0xf5, 0x24, 0x90, 0x47,
    0x90, 0x4f, 0xe7, 0x92, 0x49, 0x27, 0x92, 0x4a,
    0x2c, 0xa2, 0x9c, 0xe0, 0x40,

    /* U+7B4F "筏" */
    0x0, 0x3, 0x8, 0x3d, 0xf4, 0xa4, 0x3, 0x1,
    0x24, 0x22, 0x16, 0xfe, 0xe1, 0x22, 0x14, 0x23,
    0x82, 0xcd, 0x20, 0x70,

    /* U+7B50 "筐" */
    0x21, 0x2, 0x18, 0x7f, 0xfd, 0x64, 0x7f, 0xe4,
    0x0, 0x5f, 0xe4, 0x20, 0x5f, 0xc4, 0x20, 0x5f,
    0xe4, 0x0, 0x7f, 0xf0,

    /* U+7B51 "筑" */
    0x21, 0x2, 0x10, 0x7b, 0xfd, 0x6c, 0x0, 0xf,
    0xfc, 0x24, 0x42, 0x54, 0x25, 0x4f, 0x45, 0xec,
    0x51, 0x86,

    /* U+7B52 "筒" */
    0x0, 0x3, 0x18, 0x7d, 0xfd, 0xa4, 0x82, 0x7,
    0xfe, 0x40, 0x25, 0xfa, 0x40, 0x24, 0xf2, 0x49,
    0x24, 0xf2, 0x40, 0xe0,

    /* U+7B54 "答" */
    0x0, 0x0, 0x41, 0x3, 0xef, 0x9a, 0x48, 0x4b,
    0x20, 0x16, 0x0, 0x8c, 0xf, 0xfe, 0x40, 0x8,
    0x7f, 0x81, 0x2, 0x4, 0x8, 0x1f, 0xe0,

    /* U+7B56 "策" */
    0x30, 0x81, 0xff, 0x96, 0xd0, 0x4, 0x7, 0xff,
    0x1, 0x0, 0xff, 0x84, 0x44, 0x27, 0x60, 0xd4,
    0x1c, 0x9c, 0x84, 0x20,

    /* U+7B5B "筛" */
    0x0, 0x82, 0x8, 0x3e, 0xf5, 0x12, 0x0, 0x5,
    0x7f, 0x50, 0x85, 0x3f, 0x52, 0x95, 0x29, 0x12,
    0x92, 0x2b, 0x40, 0x80,

    /* U+7B5D "筝" */
    0x0, 0x80, 0x86, 0xf, 0xfe, 0xd6, 0x4c, 0xc2,
    0xf, 0xc0, 0xc4, 0xb, 0xfc, 0x2, 0x23, 0xff,
    0x8f, 0xf8, 0x4, 0x40, 0x60, 0x0,

    /* U+7B77 "筷" */
    0x21, 0x87, 0xdf, 0xd2, 0x42, 0x34, 0x21, 0xb,
    0x7e, 0xa9, 0x2a, 0x12, 0xaf, 0xf2, 0x28, 0x26,
    0x42, 0x83,

    /* U+7B79 "筹" */
    0x31, 0x83, 0xdf, 0x52, 0x40, 0x40, 0x7f, 0xe0,
    0x40, 0x7f, 0xe8, 0x81, 0x7f, 0xe3, 0xff, 0x6c,
    0xc0, 0x1c,

    /* U+7B7E "签" */
    0x10, 0x81, 0x84, 0x1f, 0xff, 0xb2, 0xc0, 0x70,
    0x4, 0x40, 0xff, 0xf8, 0x2, 0x12, 0x40, 0x96,
    0x4, 0x20, 0xff, 0xe0,

    /* U+7B80 "简" */
    0x31, 0x7, 0xdf, 0x52, 0x48, 0xa0, 0x3f, 0xe5,
    0x2, 0x4f, 0x24, 0x92, 0x4f, 0x24, 0x92, 0x4f,
    0x24, 0xe,

    /* U+7B8D "箍" */
    0x10, 0x1, 0x86, 0xf, 0xfe, 0xb2, 0x4a, 0xa0,
    0x13, 0xfb, 0xd1, 0x4, 0xbe, 0x35, 0x57, 0x2a,
    0x89, 0x54, 0x48, 0x86, 0x7f, 0x0,

    /* U+7B95 "箕" */
    0x30, 0x81, 0xff, 0xd6, 0xd0, 0x20, 0x87, 0xff,
    0x8, 0x20, 0x7f, 0x2, 0x8, 0x1f, 0xc7, 0xff,
    0xc2, 0x31, 0xe0, 0x60,

    /* U+7B97 "算" */
    0x18, 0xc1, 0xf7, 0xda, 0xc8, 0x3f, 0xe1, 0x1,
    0xf, 0xf8, 0x7f, 0xc2, 0x2, 0xf, 0xe3, 0xff,
    0xc3, 0x10, 0x60, 0x80,

    /* U+7BA1 "管" */
    0x21, 0x7, 0xff, 0xd6, 0x80, 0x40, 0xfb, 0xfb,
    0xf9, 0x20, 0x83, 0xf8, 0x20, 0x3, 0xfc, 0x20,
    0xc3, 0xfc,

    /* U+7BA9 "箩" */
    0x10, 0xc1, 0xf7, 0xdb, 0x48, 0x7f, 0xe2, 0x49,
    0x12, 0x48, 0xff, 0xc1, 0x80, 0x1f, 0xe3, 0x83,
    0x1, 0xa0, 0xe, 0x3, 0x80, 0x0,

    /* U+7BAB "箫" */
    0x30, 0xc1, 0xff, 0xd2, 0xc8, 0x84, 0x3, 0xfe,
    0x1, 0x11, 0xff, 0xc7, 0xfc, 0x22, 0x1, 0x55,
    0xa, 0xa8, 0x84, 0x40,

    /* U+7BAD "箭" */
    0x21, 0x2, 0x10, 0x7d, 0xfd, 0x24, 0x19, 0x8f,
    0xff, 0x0, 0x7, 0xd2, 0x7d, 0x24, 0x52, 0x7d,
    0x24, 0x42, 0x4c, 0x40,

    /* U+7BB1 "箱" */
    0x10, 0x81, 0xff, 0xda, 0x48, 0x94, 0x1, 0x3f,
    0x3f, 0x8, 0x4f, 0xc7, 0x42, 0x77, 0xf6, 0x90,
    0x84, 0xfc, 0x24, 0x20,

    /* U+7BC7 "篇" */
    0x10, 0x81, 0xff, 0xda, 0xd0, 0x84, 0x3, 0xfe,
    0x10, 0x10, 0xff, 0x84, 0x0, 0x3f, 0xf2, 0xff,
    0xb5, 0x25, 0x29, 0x40,

    /* U+7BD3 "篓" */
    0x31, 0x83, 0xdf, 0x52, 0x48, 0x20, 0x12, 0xc7,
    0xff, 0x7b, 0xe4, 0x43, 0xff, 0xf1, 0x8, 0xf,
    0x7, 0xce,

    /* U+7BD9 "篙" */
    0x21, 0x7, 0xdf, 0xd6, 0x4f, 0xff, 0x20, 0x43,
    0xfc, 0x3f, 0xc0, 0x0, 0x7f, 0xe5, 0xf2, 0x51,
    0x25, 0xf2,

    /* U+7BE1 "篡" */
    0x31, 0x3, 0xdf, 0xca, 0x43, 0xfc, 0x3f, 0xc3,
    0xfc, 0x20, 0x41, 0xf8, 0xff, 0xf3, 0x48, 0x69,
    0x79, 0xf9, 0x0, 0x0,

    /* U+7BEE "篮" */
    0x11, 0x83, 0xdf, 0x52, 0x42, 0x90, 0x29, 0xf2,
    0xa0, 0x2e, 0x40, 0x4, 0x3f, 0xe2, 0x92, 0x29,
    0x2f, 0xff,

    /* U+7BF1 "篱" */
    0x21, 0x7, 0xff, 0x90, 0x4f, 0xff, 0x1, 0x2,
    0xe2, 0x39, 0xa3, 0xfe, 0x7f, 0xf4, 0x93, 0x5f,
    0xb4, 0x7,

    /* U+7BF7 "篷" */
    0x31, 0x3, 0xdf, 0xca, 0x42, 0x7c, 0x2a, 0x8e,
    0xd7, 0x2f, 0xe2, 0x10, 0x27, 0xc2, 0xff, 0x71,
    0x0, 0xff,

    /* U+7C07 "簇" */
    0x0, 0x81, 0x84, 0xf, 0xfe, 0x92, 0x84, 0xb0,
    0x8, 0xff, 0xe8, 0x4, 0xbe, 0x39, 0x41, 0x44,
    0xa, 0xfe, 0x91, 0x85, 0x93, 0x41, 0xc,

    /* U+7C38 "簸" */
    0x21, 0x7, 0xdf, 0xd2, 0x44, 0x88, 0xff, 0xf4,
    0xaa, 0x7a, 0x87, 0xbe, 0x4b, 0x2f, 0xec, 0x56,
    0xcc, 0xdf, 0x6, 0x0,

    /* U+7C3F "簿" */
    0x23, 0x7, 0xbf, 0x86, 0xcf, 0xfe, 0x2, 0x9,
    0xfe, 0xdf, 0xe1, 0x22, 0x5f, 0xe7, 0xff, 0xcc,
    0x48, 0xc,

    /* U+7C4D "籍" */
    0x10, 0x81, 0xef, 0xda, 0x90, 0x22, 0x47, 0xff,
    0x88, 0x91, 0xff, 0xe2, 0x0, 0x7f, 0xf1, 0xff,
    0x95, 0x84, 0xa7, 0xe0,

    /* U+7C73 "米" */
    0x2, 0x0, 0x91, 0x4, 0x90, 0x35, 0x80, 0x20,
    0x3f, 0xf8, 0x1c, 0x1, 0x50, 0x12, 0xc1, 0x93,
    0xb8, 0x84, 0x4, 0x0,

    /* U+7C7B "类" */
    0x6, 0x43, 0x4c, 0x4, 0x8f, 0xff, 0xd, 0x3,
    0x4c, 0xe4, 0x60, 0x40, 0xff, 0xf0, 0x60, 0x9,
    0xf, 0xf, 0x40, 0x20,

    /* U+7C7D "籽" */
    0x10, 0x2, 0xaf, 0xd5, 0x4, 0xa8, 0x41, 0x4,
    0x3e, 0x20, 0x47, 0xe7, 0x88, 0x56, 0x46, 0x82,
    0x4, 0x10, 0x23, 0x80,

    /* U+7C89 "粉" */
    0x11, 0xa1, 0x56, 0x85, 0x53, 0x16, 0x44, 0x7f,
    0x18, 0x4f, 0xf3, 0x29, 0xf, 0x24, 0x50, 0x91,
    0x44, 0x41, 0x31, 0x5, 0x98,

    /* U+7C92 "粒" */
    0x10, 0x82, 0xa2, 0x15, 0xfe, 0x20, 0x7, 0xd3,
    0x8, 0x90, 0xe4, 0x86, 0xa4, 0x51, 0xa6, 0x82,
    0x4, 0x10, 0x2f, 0xf0,

    /* U+7C97 "粗" */
    0x10, 0x2, 0xaf, 0x95, 0x44, 0xaa, 0x21, 0x1f,
    0x3e, 0x88, 0x44, 0x47, 0xa2, 0x35, 0xf2, 0x88,
    0x84, 0x44, 0x27, 0xf1, 0x0, 0x0,

    /* U+7C98 "粘" */
    0x10, 0x82, 0xa4, 0x15, 0x3e, 0x21, 0x7, 0xc8,
    0x3e, 0x40, 0xcf, 0xc7, 0xc2, 0x56, 0x12, 0x90,
    0x84, 0xfc, 0x24, 0x20,

    /* U+7C9F "粟" */
    0xff, 0xf0, 0x90, 0x7f, 0xe4, 0x92, 0x49, 0x27,
    0xfe, 0x6, 0x3, 0x6c, 0xff, 0xf0, 0xf0, 0x36,
    0xec, 0x63,

    /* U+7CA4 "粤" */
    0x2, 0x1, 0xff, 0x8b, 0x74, 0x5f, 0xa2, 0x69,
    0x14, 0x28, 0xff, 0xc0, 0x0, 0xff, 0xf8, 0xc0,
    0x7, 0xf8, 0x0, 0x40, 0xc, 0x0,

    /* U+7CA5 "粥" */
    0x4, 0x1c, 0x9c, 0xd4, 0x9b, 0x1e, 0x4f, 0x3f,
    0x23, 0x27, 0x77, 0x2d, 0x26, 0xa4, 0xd0, 0xe2,
    0x70,

    /* U+7CAA "粪" */
    0x32, 0x40, 0x94, 0x3f, 0xfc, 0x1e, 0x1, 0x2c,
    0x71, 0x38, 0x22, 0xf, 0xfc, 0x8, 0x87, 0xff,
    0x82, 0x20, 0xe1, 0xc4, 0x2, 0x0,

    /* U+7CAE "粮" */
    0x20, 0x8b, 0xbe, 0xba, 0x2b, 0x22, 0x23, 0xef,
    0xa2, 0x23, 0xe6, 0xaa, 0xa2, 0xaa, 0x24, 0x23,
    0x62, 0x23,

    /* U+7CB1 "粱" */
    0x37, 0xe0, 0x89, 0x19, 0x4e, 0x2a, 0x53, 0x3e,
    0x33, 0x0, 0x59, 0x2, 0x48, 0x7f, 0xf8, 0x7c,
    0xc, 0x9c, 0x84, 0x10,

    /* U+7CB9 "粹" */
    0x20, 0x8a, 0x88, 0xb7, 0xf2, 0x26, 0xfa, 0x42,
    0x57, 0x74, 0x86, 0x8, 0xa7, 0xfa, 0x8, 0x20,
    0x82, 0x8,

    /* U+7CBE "精" */
    0x10, 0x62, 0xbf, 0xd5, 0x10, 0x73, 0xf7, 0xc4,
    0x9, 0xdc, 0xe7, 0xe6, 0xa1, 0x51, 0xf8, 0x8f,
    0xc4, 0x42, 0x22, 0x30,

    /* U+7CCA "糊" */
    0x2a, 0x7d, 0x52, 0x5d, 0xd2, 0x44, 0xff, 0x24,
    0x93, 0xa5, 0xd5, 0x2e, 0xaf, 0xa5, 0x4d, 0x3e,
    0x49, 0x62, 0x42, 0x30,

    /* U+7CD5 "糕" */
    0x11, 0x11, 0x54, 0x85, 0x5f, 0x84, 0x10, 0x7c,
    0x41, 0xf7, 0xe1, 0x84, 0xf, 0xfe, 0x50, 0x1,
    0x40, 0x1, 0x32, 0x85, 0x6b,

    /* U+7CD6 "糖" */
    0x20, 0x85, 0x7f, 0xad, 0x20, 0x6b, 0xef, 0xc9,
    0x13, 0xfd, 0xd7, 0xcc, 0x90, 0xa7, 0xf5, 0x50,
    0x8a, 0xfc, 0x54, 0x20,

    /* U+7CD9 "糙" */
    0x20, 0x21, 0x25, 0x2b, 0x7c, 0xe2, 0x42, 0x2,
    0x7e, 0xf8, 0x93, 0xce, 0x92, 0x64, 0x95, 0x27,
    0x8b, 0x80, 0x53, 0xe0,

    /* U+7CDC "糜" */
    0x3, 0x3, 0xff, 0x91, 0x10, 0xfd, 0xf4, 0xcc,
    0x2b, 0x79, 0x95, 0x8, 0xac, 0x7f, 0xf2, 0x3c,
    0x23, 0x59, 0x62, 0x20,

    /* U+7CDF "糟" */
    0x21, 0x43, 0x7f, 0xda, 0x50, 0xdf, 0xe7, 0xd5,
    0x13, 0xf8, 0xff, 0xcd, 0x0, 0xe7, 0xf1, 0x3f,
    0x89, 0x4, 0x4f, 0xe0,

    /* U+7CE0 "糠" */
    0x20, 0x85, 0x7f, 0xad, 0x20, 0xef, 0xef, 0x49,
    0x13, 0xf9, 0xdf, 0xcc, 0xd2, 0xa6, 0xf5, 0x4d,
    0xa, 0xa6, 0x43, 0x0,

    /* U+7CEF "糯" */
    0x20, 0x1, 0x3f, 0xaa, 0x21, 0x6f, 0xf7, 0x9,
    0xfd, 0x40, 0x8b, 0x8e, 0xff, 0x69, 0x5, 0x3f,
    0xaa, 0xa4, 0x55, 0x22, 0x13, 0x0,

    /* U+7CFB "系" */
    0x3, 0xdf, 0xf8, 0x60, 0x10, 0xc7, 0xe0, 0x19,
    0xc, 0x37, 0xff, 0x4, 0x4, 0xb1, 0x93, 0x46,
    0x0,

    /* U+7D0A "紊" */
    0x2, 0x3, 0xff, 0x83, 0x20, 0x6, 0xf, 0xdf,
    0xa2, 0x48, 0x7c, 0x0, 0x88, 0x3f, 0xe0, 0x10,
    0xe, 0x98, 0x8c, 0x40,

    /* U+7D20 "素" */
    0x2, 0x3, 0xff, 0x80, 0x80, 0x7f, 0xcf, 0xff,
    0x82, 0x20, 0xfe, 0x0, 0x88, 0x3f, 0xe1, 0x10,
    0xe, 0xbc, 0x8c, 0x20,

    /* U+7D22 "索" */
    0x4, 0x1f, 0xfc, 0x10, 0x7f, 0xf8, 0xc3, 0x23,
    0x4f, 0x80, 0x44, 0x7f, 0xc0, 0x81, 0xd7, 0x46,
    0x30, 0x0,

    /* U+7D27 "紧" */
    0x57, 0xe5, 0x6, 0x51, 0xc5, 0x1c, 0x1e, 0x31,
    0x88, 0x3f, 0x0, 0x8c, 0x7f, 0xe1, 0x28, 0x72,
    0x64, 0x61,

    /* U+7D2B "紫" */
    0x8, 0x81, 0x77, 0x8a, 0x20, 0x5d, 0x37, 0xcf,
    0x4, 0x60, 0xfd, 0x0, 0x8c, 0x3f, 0xf1, 0x90,
    0xe, 0x98, 0xdc, 0x20, 0x0, 0x0,

    /* U+7D2F "累" */
    0x7f, 0xe4, 0x42, 0x7f, 0xe4, 0x42, 0x7f, 0xe1,
    0x8c, 0x7f, 0x1, 0x8c, 0x7f, 0xe0, 0x40, 0x65,
    0xcc, 0xc2,

    /* U+7D6E "絮" */
    0x0, 0x1, 0x0, 0xff, 0xf2, 0x49, 0x1c, 0x93,
    0x6f, 0x8c, 0x83, 0xf0, 0xc, 0xc7, 0xfe, 0x2,
    0x7, 0x26, 0x86, 0x10,

    /* U+7E41 "繁" */
    0x20, 0x42, 0xf7, 0xff, 0xa4, 0x54, 0xc5, 0x66,
    0x3f, 0xf8, 0x12, 0x67, 0xf8, 0xe, 0x61, 0xff,
    0x82, 0xd0, 0xec, 0x60,

    /* U+7EA0 "纠" */
    0x30, 0x24, 0x24, 0xa4, 0xa4, 0x97, 0x12, 0x62,
    0x58, 0x4b, 0xcf, 0x0, 0x2f, 0x87, 0x0, 0x80,
    0x10,

    /* U+7EA2 "红" */
    0x30, 0x2, 0x7f, 0x40, 0x84, 0xc8, 0xb8, 0x8d,
    0x8, 0x20, 0x86, 0x8, 0xf8, 0x88, 0x8, 0x0,
    0x8f, 0xff,

    /* U+7EA4 "纤" */
    0x30, 0x62, 0x7e, 0x48, 0x8d, 0x88, 0xf0, 0x82,
    0x7f, 0x40, 0x8f, 0x88, 0x0, 0x87, 0x88, 0xc0,
    0x80, 0x8,

    /* U+7EA6 "约" */
    0x0, 0x3, 0x8, 0x21, 0x86, 0xdf, 0x4b, 0x17,
    0xa1, 0x12, 0x92, 0x9, 0x7c, 0xd0, 0x1, 0xc,
    0x17, 0x7, 0x0, 0x60,

    /* U+7EA7 "级" */
    0x10, 0x1, 0xbf, 0x8, 0x48, 0x9a, 0x47, 0x97,
    0x88, 0xc8, 0x86, 0x4f, 0x52, 0x2, 0xa0, 0x53,
    0x3f, 0x18, 0x17, 0x70, 0x0, 0x80,

    /* U+7EAA "纪" */
    0x20, 0x6, 0x3e, 0x48, 0x28, 0x82, 0xf0, 0x22,
    0x3e, 0x42, 0x2f, 0xa0, 0x2, 0x0, 0xa1, 0xfa,
    0x10, 0x3f,

    /* U+7EAB "纫" */
    0x0, 0x4, 0x1, 0x8f, 0xac, 0x59, 0xb, 0xe5,
    0x49, 0xaa, 0x29, 0xf1, 0x20, 0x25, 0xec, 0xe3,
    0x70, 0xc0,

    /* U+7EAC "纬" */
    0x10, 0x82, 0x8, 0x2b, 0xf4, 0x88, 0xf0, 0x85,
    0x3f, 0x20, 0x87, 0xff, 0x0, 0x93, 0x89, 0x60,
    0xa0, 0x8,

    /* U+7EAF "纯" */
    0x10, 0x81, 0x4, 0x9, 0xfe, 0x91, 0xf, 0x4a,
    0x1a, 0x50, 0x92, 0x8f, 0xfc, 0x40, 0xa0, 0x44,
    0x3e, 0x26, 0x1, 0xe0,

    /* U+7EB1 "纱" */
    0x20, 0x83, 0x4, 0x10, 0x29, 0x25, 0x4f, 0x29,
    0x13, 0x49, 0x12, 0xde, 0x14, 0x0, 0x67, 0xc6,
    0x30, 0x60, 0xc, 0x0,

    /* U+7EB2 "纲" */
    0x20, 0x2, 0x7f, 0x44, 0x19, 0xe7, 0xf5, 0x52,
    0x49, 0x44, 0x9f, 0x55, 0x7, 0x51, 0x41, 0xf4,
    0x10, 0x47,

    /* U+7EB3 "纳" */
    0x20, 0x82, 0x8, 0x57, 0xf9, 0x49, 0xf4, 0x92,
    0x59, 0x45, 0x5f, 0x57, 0x86, 0x11, 0x41, 0xf4,
    0x10, 0x47,

    /* U+7EB5 "纵" */
    0x32, 0x42, 0x24, 0x42, 0x44, 0xa4, 0xf2, 0x42,
    0x24, 0x23, 0x4f, 0xb6, 0x44, 0xa0, 0x4a, 0xfd,
    0x91, 0x91,

    /* U+7EB7 "纷" */
    0x30, 0x41, 0xa, 0x10, 0x88, 0xb4, 0x4f, 0x21,
    0x13, 0xfc, 0x94, 0x9f, 0x24, 0xe1, 0x20, 0x51,
    0x3e, 0x88, 0x19, 0x80,

    /* U+7EB8 "纸" */
    0x30, 0x11, 0x1f, 0xca, 0x90, 0x94, 0x87, 0x24,
    0x9, 0xfc, 0x89, 0xf, 0x48, 0x2, 0x20, 0x55,
    0x1e, 0xce, 0x4, 0x30,

    /* U+7EB9 "纹" */
    0x0, 0x1, 0x84, 0x8, 0x20, 0x8f, 0xf4, 0x82,
    0x79, 0x10, 0x89, 0x88, 0x68, 0x79, 0x40, 0x4,
    0x3f, 0x70, 0xc, 0x70, 0x40, 0x0,

    /* U+7EBA "纺" */
    0x0, 0x1, 0x84, 0x8, 0x30, 0x9f, 0xfd, 0x90,
    0x78, 0x80, 0x87, 0xc8, 0x24, 0xf9, 0x20, 0x11,
    0xe, 0x89, 0xc8, 0x40, 0xce, 0x0,

    /* U+7EBD "纽" */
    0x20, 0x1, 0x3f, 0x10, 0x49, 0xb2, 0x4f, 0x12,
    0x13, 0xf1, 0x24, 0x9f, 0x24, 0x3, 0x27, 0x91,
    0x31, 0xfe,

    /* U+7EBF "线" */
    0x31, 0xa1, 0xd, 0xa, 0x60, 0x97, 0xff, 0x58,
    0x10, 0xfd, 0x9e, 0xf, 0x16, 0x0, 0xe1, 0xc6,
    0x18, 0xda, 0x8, 0x30,

    /* U+7EC3 "练" */
    0x20, 0x83, 0x18, 0x67, 0xfc, 0x90, 0xf7, 0x82,
    0x28, 0x47, 0xf7, 0x88, 0x3, 0xa7, 0xeb, 0xe4,
    0x90, 0x18,

    /* U+7EC4 "组" */
    0x10, 0x1, 0x9f, 0x88, 0x84, 0x94, 0x27, 0xbf,
    0x9, 0x8, 0x88, 0x4f, 0x7e, 0x2, 0x10, 0x10,
    0xbe, 0x84, 0x8f, 0xf0,

    /* U+7EC5 "绅" */
    0x20, 0x8c, 0x11, 0x3f, 0xca, 0x5f, 0x4a, 0x4f,
    0xc9, 0x2e, 0xa5, 0xf7, 0xe0, 0x97, 0xc2, 0x0,
    0x40,

    /* U+7EC6 "细" */
    0x20, 0xc, 0xfd, 0x52, 0xca, 0x5f, 0x4a, 0x4f,
    0xd1, 0x2f, 0xa5, 0x84, 0xa0, 0x97, 0xdf, 0x82,
    0x10,

    /* U+7EC7 "织" */
    0x10, 0x2, 0x3e, 0x6a, 0x24, 0xa2, 0xf2, 0x23,
    0x22, 0x23, 0xe7, 0x80, 0x1, 0x40, 0xb6, 0xf6,
    0x30, 0x40,

    /* U+7EC8 "终" */
    0x21, 0x1, 0x8, 0x10, 0xf9, 0xb6, 0xcf, 0x54,
    0x12, 0x41, 0xd, 0x96, 0xc6, 0xc1, 0x80, 0x43,
    0x3f, 0xc1, 0x1, 0x80, 0x4, 0x0,

    /* U+7ECA "绊" */
    0x20, 0x82, 0x69, 0x42, 0xb5, 0xaa, 0xf0, 0x82,
    0x7f, 0x40, 0x8f, 0x88, 0x87, 0xf1, 0x88, 0xe0,
    0x80, 0x8,

    /* U+7ECD "绍" */
    0x20, 0x2, 0x7f, 0x61, 0x94, 0x99, 0xb9, 0x1d,
    0x37, 0x24, 0x5, 0xbf, 0xe2, 0x10, 0xa1, 0xfb,
    0xf0, 0x21,

    /* U+7ECE "绎" */
    0x30, 0x1, 0x1f, 0x8, 0x8, 0x96, 0x8d, 0x1c,
    0x78, 0xf8, 0x98, 0xc8, 0x10, 0x7b, 0xf0, 0x4,
    0xf, 0xfd, 0x81, 0x0, 0x8, 0x0,

    /* U+7ECF "经" */
    0x20, 0x1, 0x3f, 0x8, 0x10, 0x99, 0x8f, 0x9e,
    0xb, 0x1c, 0x90, 0xb, 0xfe, 0x70, 0x80, 0x4,
    0x3e, 0x21, 0xcf, 0xe0,

    /* U+7ED1 "绑" */
    0x22, 0x1, 0x13, 0xd5, 0xd5, 0x24, 0xae, 0x25,
    0x13, 0xb1, 0x9, 0x5e, 0x4b, 0x8f, 0x48, 0x93,
    0xf9, 0x10, 0x18, 0x80,

    /* U+7ED2 "绒" */
    0x30, 0xd0, 0x81, 0x46, 0x5, 0x13, 0xfe, 0xd8,
    0x40, 0xc9, 0x42, 0x75, 0x1c, 0x9c, 0x2, 0x20,
    0x69, 0xa6, 0x5b, 0x82, 0x46,

    /* U+7ED3 "结" */
    0x30, 0x82, 0x8, 0x27, 0xf4, 0x88, 0xf0, 0x81,
    0x7f, 0x20, 0x5, 0xbf, 0x62, 0x10, 0x21, 0xfb,
    0xf0, 0x21,

    /* U+7ED5 "绕" */
    0x33, 0x2, 0x36, 0x47, 0x8d, 0x96, 0xf1, 0x82,
    0xef, 0x40, 0xf, 0x7e, 0x82, 0x81, 0x28, 0xf6,
    0x91, 0xce,

    /* U+7ED8 "绘" */
    0x20, 0xc1, 0x6, 0x18, 0x50, 0x96, 0xc5, 0x23,
    0xfe, 0xf8, 0x80, 0x8, 0xfe, 0x71, 0x80, 0xb,
    0x3e, 0x89, 0xf, 0xe0, 0x1, 0x0,

    /* U+7ED9 "给" */
    0x0, 0x1, 0x84, 0x8, 0x50, 0xda, 0xc4, 0xa3,
    0x3b, 0xf8, 0xc0, 0x4, 0x7c, 0x7a, 0x20, 0x11,
    0x1e, 0xf8, 0x4, 0x40,

    /* U+7EDC "络" */
    0x0, 0x1, 0x88, 0x8, 0xf8, 0x96, 0x44, 0xf4,
    0x38, 0x40, 0x85, 0x4, 0xc6, 0x77, 0xe0, 0x11,
    0x2, 0x88, 0xf7, 0xc0, 0x22, 0x0,

    /* U+7EDD "绝" */
    0x0, 0x1, 0x88, 0x8, 0xf8, 0x54, 0xc4, 0xcc,
    0x3d, 0xf8, 0x4a, 0x44, 0x52, 0x5b, 0xf3, 0x10,
    0x80, 0x81, 0xf4, 0x30, 0x3f, 0x0,

    /* U+7EDE "绞" */
    0x21, 0x82, 0x8, 0x47, 0xf5, 0x80, 0xf2, 0x6a,
    0x63, 0x24, 0x45, 0xa4, 0xf1, 0x40, 0x18, 0xf9,
    0x80, 0x67, 0x8, 0x0,

    /* U+7EDF "统" */
    0x20, 0x81, 0x2, 0x11, 0xff, 0x93, 0xf, 0x92,
    0x9, 0x18, 0x9f, 0xc8, 0x28, 0x79, 0x40, 0xa,
    0x3e, 0x92, 0x18, 0xf0,

    /* U+7EE2 "绢" */
    0x20, 0x2, 0x7e, 0x24, 0x24, 0x42, 0xdf, 0xef,
    0x0, 0xe7, 0xf2, 0x42, 0x47, 0xef, 0x42, 0x7,
    0xef, 0x42, 0x4, 0x60,

    /* U+7EE3 "绣" */
    0x0, 0x1, 0x9f, 0x88, 0x20, 0x9f, 0xfd, 0x9c,
    0x19, 0x58, 0x9f, 0xaf, 0x28, 0x41, 0x70, 0x8,
    0x9e, 0x8c, 0x8, 0xe0,

    /* U+7EE7 "继" */
    0x20, 0x41, 0x2a, 0x99, 0x54, 0x9a, 0xaf, 0x44,
    0x5a, 0xfc, 0x93, 0x8, 0x9e, 0xf5, 0x50, 0x3a,
    0x3f, 0x10, 0xf, 0xf0,

    /* U+7EE9 "绩" */
    0x30, 0x81, 0x3f, 0x90, 0x20, 0xbf, 0xef, 0x8,
    0x13, 0xfc, 0x9f, 0xcb, 0x86, 0x74, 0xb0, 0x65,
    0xbc, 0x58, 0x1c, 0x60,

    /* U+7EEA "绪" */
    0x21, 0x2, 0x13, 0x47, 0xad, 0x94, 0x9f, 0xf6,
    0x10, 0x43, 0xef, 0x62, 0xb, 0xe7, 0x22, 0xc3,
    0xe0, 0x22,

    /* U+7EED "续" */
    0x30, 0x82, 0x7f, 0x48, 0x85, 0x7f, 0xf0, 0x32,
    0x3a, 0x24, 0x87, 0xa8, 0x7, 0xf1, 0x98, 0xf3,
    0x60, 0x43,

    /* U+7EF0 "绰" */
    0x21, 0x2, 0x1f, 0x41, 0xd, 0x7e, 0xf4, 0x22,
    0x7e, 0x44, 0x2f, 0x7e, 0xc1, 0x0, 0xff, 0xf1,
    0x0, 0x10,

    /* U+7EF3 "绳" */
    0x0, 0x1, 0x9f, 0x88, 0x88, 0x94, 0x44, 0xbe,
    0x78, 0x41, 0x5f, 0xc4, 0x92, 0x6f, 0xf3, 0xe4,
    0x81, 0xfc, 0xf1, 0x10, 0xf, 0x80,

    /* U+7EF4 "维" */
    0x0, 0x1, 0x9a, 0x8, 0x80, 0x97, 0xf5, 0x64,
    0x7b, 0x20, 0x9f, 0xc4, 0x48, 0x7b, 0xf0, 0x12,
    0x6, 0x90, 0xe7, 0xf0, 0x20, 0x0,

    /* U+7EF5 "绵" */
    0x0, 0x3, 0x18, 0x27, 0xe4, 0xc2, 0x97, 0xef,
    0x42, 0x27, 0xe2, 0x8, 0xf7, 0xf6, 0x4a, 0x4,
    0xaf, 0xca, 0x84, 0xa0,

    /* U+7EF7 "绷" */
    0x20, 0x1, 0x3b, 0xc9, 0x52, 0x9a, 0x95, 0x54,
    0xfb, 0xbc, 0x95, 0x24, 0xa9, 0x77, 0x7a, 0x2a,
    0x41, 0x53, 0xf3, 0x90, 0xbb, 0x84, 0x40,

    /* U+7EF8 "绸" */
    0x20, 0x6, 0x7f, 0x44, 0x99, 0x5d, 0xf4, 0x92,
    0x5f, 0x44, 0x1f, 0x5d, 0x15, 0x5f, 0xdd, 0x88,
    0x11, 0x83,

    /* U+7EFC "综" */
    0x21, 0x6, 0x18, 0x47, 0xfd, 0x81, 0xa4, 0x26,
    0x3c, 0x47, 0xff, 0x18, 0x7, 0xef, 0x5a, 0xc9,
    0xb0, 0x30,

    /* U+7EFD "绽" */
    0x21, 0x82, 0x8, 0x47, 0xfd, 0xc1, 0xb7, 0xf2,
    0x8, 0x46, 0x87, 0x4f, 0x4, 0x8f, 0x68, 0xef,
    0x81, 0x8f,

    /* U+7EFF "绿" */
    0x33, 0xe1, 0x1, 0x12, 0xf8, 0xb0, 0x4f, 0x2,
    0x2b, 0xfc, 0x82, 0x9, 0x5e, 0x71, 0xe0, 0x95,
    0x1d, 0x26, 0x3, 0x0,

    /* U+7F00 "缀" */
    0x0, 0x1, 0xbf, 0xc8, 0x44, 0x96, 0x6d, 0x2a,
    0x9a, 0x20, 0x9f, 0xee, 0x22, 0x7, 0x51, 0xd9,
    0x99, 0x9c, 0x1b, 0x90,

    /* U+7F05 "缅" */
    0x20, 0x1, 0x7f, 0xd0, 0x60, 0xbf, 0xe7, 0xd5,
    0x16, 0xe8, 0xb5, 0x4f, 0xaa, 0x7d, 0xd1, 0xea,
    0x93, 0xfc, 0x18, 0x20,

    /* U+7F06 "缆" */
    0x25, 0x21, 0x29, 0x11, 0x5e, 0xbb, 0xc9, 0x11,
    0x39, 0xf8, 0x88, 0x48, 0x5a, 0x72, 0x91, 0xce,
    0x38, 0xd2, 0x18, 0xf0,

    /* U+7F0E "缎" */
    0x20, 0x0, 0x9d, 0xc2, 0x45, 0x13, 0x14, 0x97,
    0x93, 0xd2, 0x62, 0x40, 0x9, 0xfe, 0x74, 0x90,
    0x15, 0x41, 0xe6, 0x19, 0x3c, 0x5, 0x18,

    /* U+7F13 "缓" */
    0x30, 0x78, 0x9e, 0x2, 0xa5, 0x12, 0x88, 0x77,
    0xf8, 0x82, 0x4, 0xff, 0x9c, 0x7c, 0x3, 0x13,
    0xfa, 0x84, 0xce, 0x2, 0xe6,

    /* U+7F14 "缔" */
    0x0, 0x81, 0x84, 0x9, 0xfe, 0x92, 0x45, 0x96,
    0x7b, 0xfc, 0x90, 0x24, 0x10, 0x5b, 0xf3, 0x14,
    0x86, 0xa4, 0xc5, 0x60, 0x8, 0x0,

    /* U+7F15 "缕" */
    0x10, 0xc1, 0x14, 0x8a, 0x28, 0x97, 0xff, 0x1a,
    0xb, 0x58, 0x92, 0x2e, 0xff, 0x2, 0x27, 0xce,
    0x0, 0xec, 0x8, 0x20,

    /* U+7F16 "编" */
    0x0, 0x81, 0xc, 0x19, 0xfc, 0xa8, 0x2d, 0x7f,
    0x7a, 0x0, 0x9f, 0xc9, 0xaa, 0xfd, 0x54, 0xff,
    0x85, 0x55, 0xea, 0xa0, 0x43, 0x0,

    /* U+7F18 "缘" */
    0x31, 0x3, 0x1f, 0x12, 0x89, 0x2f, 0xce, 0xff,
    0x91, 0x81, 0x34, 0xde, 0x7c, 0xc, 0xa1, 0x9d,
    0x39, 0x26, 0x17, 0x0,

    /* U+7F1A "缚" */
    0x21, 0x44, 0xff, 0x41, 0x9, 0xfe, 0xe9, 0x22,
    0xfe, 0x4f, 0xed, 0x92, 0xf0, 0x40, 0xff, 0xf4,
    0x40, 0xc,

    /* U+7F1D "缝" */
    0x24, 0x82, 0x2f, 0x95, 0xe9, 0x21, 0xee, 0xd4,
    0x12, 0xf9, 0x11, 0x1e, 0xbe, 0x84, 0x40, 0x2f,
    0xbb, 0xd0, 0x3, 0xf0,

    /* U+7F20 "缠" */
    0x30, 0x41, 0x3f, 0xc9, 0x0, 0x9b, 0xf7, 0x55,
    0x1a, 0xf8, 0x95, 0x4e, 0xbf, 0x44, 0x40, 0x2f,
    0xdf, 0x10, 0x17, 0xf0, 0x80, 0x0,

    /* U+7F24 "缤" */
    0x0, 0x0, 0xc1, 0x2, 0x3f, 0x8a, 0x82, 0x48,
    0x23, 0xc7, 0xc1, 0x10, 0x8, 0x7e, 0x79, 0x20,
    0x1f, 0xf1, 0x80, 0x1c, 0xec, 0x6, 0x8,

    /* U+7F28 "缨" */
    0x0, 0x3, 0x7f, 0x92, 0x6c, 0xbb, 0x69, 0xdb,
    0x76, 0xd9, 0x19, 0x49, 0x3b, 0xf1, 0x0, 0x7f,
    0xc4, 0x99, 0xe7, 0x80, 0xf3, 0x0,

    /* U+7F29 "缩" */
    0x0, 0x2, 0x18, 0x6f, 0xe4, 0x82, 0x5a, 0xa,
    0x5f, 0xe4, 0x84, 0xde, 0xf5, 0x20, 0x5e, 0x35,
    0x2e, 0x5e, 0x5, 0x20,

    /* U+7F2D "缭" */
    0x1, 0x1, 0x8, 0x13, 0xfc, 0xb3, 0x9, 0x66,
    0x79, 0x22, 0x9f, 0xe9, 0x84, 0xf7, 0xe0, 0x3f,
    0x4, 0x21, 0xc9, 0xc1, 0xbb, 0x0, 0x0,

    /* U+7F30 "缰" */
    0x2f, 0xf9, 0x0, 0x11, 0xfc, 0xaf, 0xe9, 0x7f,
    0x30, 0x0, 0xbf, 0xfe, 0xfe, 0x64, 0x90, 0x3f,
    0x9d, 0xfc, 0x1f, 0xf0,

    /* U+7F34 "缴" */
    0x24, 0x62, 0x7a, 0x12, 0x51, 0x3e, 0xfe, 0x99,
    0x57, 0xe9, 0x13, 0x5f, 0xea, 0x7, 0x71, 0xc9,
    0x32, 0xd4, 0x23, 0x10,

    /* U+7F38 "缸" */
    0x30, 0x1, 0x0, 0x1f, 0x7d, 0xa0, 0x85, 0x4,
    0x7f, 0x20, 0x41, 0x2, 0x8, 0x52, 0x42, 0x92,
    0x17, 0x90, 0xe7, 0xf0,

    /* U+7F3A "缺" */
    0x20, 0x40, 0x81, 0x7, 0xdf, 0x14, 0x14, 0x10,
    0x53, 0xf1, 0x41, 0x1f, 0x95, 0x10, 0x54, 0xa1,
    0x52, 0x87, 0xd3, 0x1, 0x86, 0x4, 0x0,

    /* U+7F50 "罐" */
    0x41, 0x44, 0x7f, 0xf9, 0x4a, 0x77, 0x25, 0x9f,
    0xbe, 0xab, 0xfa, 0xe8, 0xaf, 0xfa, 0xe8, 0xff,
    0xf0, 0xff,

    /* U+7F51 "网" */
    0xff, 0xf0, 0x6, 0xa2, 0xd5, 0x59, 0xab, 0x22,
    0x66, 0x4d, 0x55, 0xa4, 0xb0, 0x86, 0x0, 0xc0,
    0x30,

    /* U+7F55 "罕" */
    0x7f, 0xf4, 0x1, 0x4d, 0x93, 0x8e, 0x0, 0x3,
    0xfe, 0x2, 0x0, 0x20, 0xff, 0xf0, 0x20, 0x2,
    0x0, 0x20,

    /* U+7F57 "罗" */
    0x7f, 0xe9, 0x25, 0x24, 0xa4, 0x97, 0xfe, 0x10,
    0x7, 0xf1, 0x6, 0x4c, 0x80, 0xe0, 0x18, 0x7c,
    0x0,

    /* U+7F5A "罚" */
    0x7f, 0xe9, 0x25, 0x24, 0xbf, 0xf2, 0x0, 0x32,
    0x78, 0x49, 0x9, 0x21, 0x25, 0x24, 0xe0, 0xb0,
    0x30,

    /* U+7F62 "罢" */
    0x7f, 0xe4, 0x92, 0x49, 0x27, 0xfe, 0x6, 0x7,
    0xfe, 0x6, 0x0, 0x60, 0xff, 0xf0, 0xc8, 0x30,
    0xc7, 0xfe, 0x0, 0x20,

    /* U+7F69 "罩" */
    0x7f, 0xe4, 0x92, 0x7f, 0xe0, 0x43, 0x7, 0xc3,
    0xfc, 0x20, 0x43, 0xfc, 0x20, 0x41, 0xf8, 0xff,
    0xf0, 0x40,

    /* U+7F6A "罪" */
    0x7f, 0xe4, 0x92, 0x49, 0x27, 0xfe, 0x9, 0xf,
    0x9f, 0x9, 0x7, 0x9f, 0x9, 0xf, 0x9f, 0x9,
    0x0, 0x90,

    /* U+7F6E "置" */
    0x7f, 0xe4, 0x92, 0x7f, 0xe0, 0x20, 0xfd, 0xf3,
    0xfc, 0x20, 0x43, 0xfc, 0x3f, 0xc2, 0x4, 0x3f,
    0xcf, 0xff,

    /* U+7F72 "署" */
    0x7f, 0xe4, 0x92, 0x7f, 0xe0, 0x40, 0x3f, 0x60,
    0x48, 0xff, 0xf0, 0xc0, 0xf3, 0xc3, 0xfc, 0x20,
    0x43, 0xfc,

    /* U+7F8A "羊" */
    0x0, 0x0, 0x46, 0x2, 0x20, 0xff, 0xe0, 0x20,
    0x1, 0x0, 0xff, 0x80, 0x40, 0x2, 0x7, 0xff,
    0xc0, 0x80, 0x4, 0x0, 0x20, 0x0,

    /* U+7F8E "美" */
    0x11, 0x80, 0x90, 0x7f, 0xe0, 0x40, 0x7f, 0xe0,
    0x40, 0xff, 0xe0, 0x40, 0xff, 0xf0, 0xe0, 0x19,
    0xce, 0x6,

    /* U+7F94 "羔" */
    0x31, 0x83, 0x23, 0xff, 0x82, 0x0, 0x40, 0xff,
    0x81, 0x7, 0xff, 0x0, 0xa, 0x4a, 0x6c, 0xc0,
    0x0,

    /* U+7F9E "羞" */
    0x1, 0x1, 0x98, 0x7f, 0xe0, 0x40, 0x7f, 0xe0,
    0x80, 0xff, 0xf1, 0x80, 0x1f, 0xc2, 0x24, 0x5f,
    0xcc, 0x44, 0x3f, 0xf0,

    /* U+7FA1 "羡" */
    0x0, 0x2, 0x23, 0xff, 0x82, 0x7, 0xfc, 0x8,
    0x3f, 0xf8, 0x20, 0x4f, 0xc3, 0x48, 0x8c, 0x62,
    0xcb, 0x86,

    /* U+7FA4 "群" */
    0x0, 0x7, 0xcb, 0x14, 0xaf, 0xff, 0x24, 0x4f,
    0xdf, 0x20, 0x47, 0xc4, 0xe5, 0xfa, 0x44, 0x3c,
    0x42, 0x44,

    /* U+7FB9 "羹" */
    0x8, 0x87, 0xff, 0x3f, 0xe7, 0xff, 0x29, 0x24,
    0x88, 0x7f, 0xf3, 0xfe, 0x82, 0x7, 0xff, 0x7f,
    0xf7, 0xdf,

    /* U+7FBD "羽" */
    0xfb, 0xe1, 0x5, 0x24, 0xb4, 0x96, 0x92, 0x30,
    0xde, 0xee, 0x51, 0x8, 0x23, 0x4, 0xc3, 0x80,

    /* U+7FC1 "翁" */
    0x19, 0x81, 0xb6, 0x19, 0x1d, 0x93, 0x21, 0xfc,
    0x0, 0x3, 0xff, 0x80, 0x84, 0x35, 0xa0, 0x67,
    0x3d, 0xe8, 0x18, 0xc0,

    /* U+7FC5 "翅" */
    0x10, 0x0, 0x4e, 0xe7, 0xc8, 0x84, 0xaa, 0x12,
    0xa9, 0xf2, 0x20, 0x9b, 0x8b, 0xba, 0x28, 0x88,
    0x46, 0x63, 0xc0, 0x10, 0xfe,

    /* U+7FCE "翎" */
    0x30, 0x2, 0x77, 0x59, 0x1c, 0xd5, 0xa5, 0x50,
    0x55, 0xf9, 0x31, 0x37, 0x5d, 0x56, 0x11, 0x21,
    0x11, 0x33,

    /* U+7FD4 "翔" */
    0x8, 0x2, 0xbd, 0x28, 0xd7, 0xc9, 0x12, 0xd1,
    0x2d, 0x7e, 0xb1, 0xb, 0x7f, 0xd1, 0x29, 0x20,
    0x92, 0x9, 0x61, 0xb0,

    /* U+7FD8 "翘" */
    0x20, 0x1, 0x1f, 0xbe, 0x24, 0x55, 0xa1, 0x2b,
    0x7e, 0x48, 0x16, 0xdf, 0xda, 0x28, 0x91, 0x4d,
    0x9a, 0x4d, 0x9f, 0xe0,

    /* U+7FE0 "翠" */
    0xfb, 0xe0, 0x92, 0x69, 0x27, 0xbe, 0x80, 0x6f,
    0xfe, 0x11, 0x7, 0xbc, 0x44, 0x4f, 0xff, 0x4,
    0x0, 0x40,

    /* U+7FE9 "翩" */
    0x8, 0xf9, 0xf3, 0x48, 0x92, 0x7e, 0xd2, 0x16,
    0xbf, 0x6d, 0xd9, 0x2e, 0xdf, 0x7f, 0x69, 0xb2,
    0x4d, 0x92, 0x4d, 0xb0,

    /* U+7FF0 "翰" */
    0x21, 0x82, 0x18, 0xfa, 0x42, 0x26, 0xfc, 0x18,
    0xfe, 0xf9, 0xa8, 0xda, 0xf9, 0x22, 0x3e, 0xfd,
    0xa2, 0x12, 0x23, 0x60,

    /* U+7FFB "翻" */
    0x6, 0x2b, 0xcf, 0xca, 0x92, 0x12, 0xd7, 0xf6,
    0x8f, 0x65, 0xf9, 0x65, 0x7d, 0x3f, 0x49, 0x52,
    0x4f, 0xb6, 0x45, 0x20,

    /* U+7FFC "翼" */
    0x3d, 0xf0, 0xa4, 0x83, 0x1c, 0xeb, 0x63, 0xfe,
    0x1f, 0xf0, 0xff, 0x81, 0x10, 0x3f, 0xe7, 0xff,
    0xc2, 0x30, 0xe0, 0x60,

    /* U+8000 "耀" */
    0x13, 0xba, 0xb4, 0x55, 0xaa, 0xb3, 0x71, 0x28,
    0xbf, 0xa0, 0xaf, 0xe5, 0x7f, 0x2a, 0x43, 0x7f,
    0xf2, 0xfe, 0x4, 0x0,

    /* U+8001 "老" */
    0x4, 0x0, 0x46, 0x7f, 0x60, 0x4c, 0x4, 0x8f,
    0xff, 0x2, 0x0, 0xc4, 0x3b, 0xce, 0xc0, 0x8,
    0x60, 0xfc,

    /* U+8003 "考" */
    0x4, 0x3, 0xf6, 0x4, 0xc0, 0x48, 0xff, 0xf0,
    0x60, 0xf, 0xe3, 0x20, 0xc7, 0xc0, 0x4, 0x0,
    0x40, 0x38,

    /* U+8005 "者" */
    0x2, 0x0, 0x10, 0x87, 0xfc, 0x4, 0xc7, 0xff,
    0x81, 0x80, 0x3f, 0x87, 0x4, 0x4f, 0xe0, 0x41,
    0x3, 0xf8, 0x10, 0x40,

    /* U+800C "而" */
    0xff, 0xf0, 0x60, 0x4, 0x7, 0xfe, 0x49, 0x24,
    0x92, 0x49, 0x24, 0x92, 0x49, 0x24, 0x92, 0x40,
    0x60,

    /* U+800D "耍" */
    0xff, 0xf8, 0x10, 0xf, 0xf8, 0x52, 0x42, 0x92,
    0x10, 0x30, 0x10, 0x1f, 0xff, 0x8, 0x80, 0xfc,
    0x1, 0xf8, 0xf0, 0x60,

    /* U+8010 "耐" */
    0x0, 0x2f, 0xe2, 0x10, 0x21, 0x1f, 0xfe, 0x2a,
    0xa2, 0xab, 0xaa, 0xaa, 0xaa, 0xaa, 0xa2, 0xaa,
    0x28, 0x4e,

    /* U+8015 "耕" */
    0x10, 0x91, 0xf2, 0x41, 0x1f, 0x9f, 0x24, 0x10,
    0x91, 0xf2, 0x43, 0x3f, 0xce, 0x24, 0x56, 0x93,
    0x44, 0x41, 0x11, 0x4, 0x84,

    /* U+8017 "耗" */
    0x10, 0x0, 0x83, 0x9f, 0xe0, 0x21, 0x7, 0xcb,
    0x9, 0xe1, 0xf2, 0x6, 0x7f, 0x3c, 0x82, 0x84,
    0xa4, 0x26, 0x21, 0xe0,

    /* U+8019 "耙" */
    0x10, 0x0, 0x9f, 0x8e, 0x94, 0xfc, 0xa1, 0x25,
    0x3f, 0x29, 0xff, 0xc7, 0x42, 0x76, 0x6, 0x90,
    0x4, 0x86, 0x27, 0xe0,

    /* U+8033 "耳" */
    0x7f, 0xf0, 0x82, 0x4, 0x10, 0x3f, 0x81, 0x4,
    0x8, 0x20, 0x7f, 0x2, 0x8, 0x10, 0x4f, 0xff,
    0xc0, 0x10, 0x0, 0x80,

    /* U+8038 "耸" */
    0x18, 0xc0, 0xc6, 0x5, 0xf0, 0xc6, 0x73, 0xff,
    0x8, 0x20, 0x7f, 0x2, 0x8, 0x1f, 0xc0, 0x82,
    0x3f, 0xfe, 0x0, 0x80,

    /* U+803B "耻" */
    0x0, 0x23, 0xf1, 0x9, 0x8, 0x49, 0x43, 0xcb,
    0x92, 0x50, 0xf2, 0x84, 0x94, 0x2e, 0xa3, 0xe5,
    0x1, 0x7e, 0x8, 0x0,

    /* U+803D "耽" */
    0xfc, 0x84, 0x88, 0x4b, 0xf7, 0xa9, 0x4a, 0x94,
    0x88, 0x79, 0x44, 0x94, 0x4d, 0x4f, 0xa5, 0x8a,
    0x50, 0x87,

    /* U+803F "耿" */
    0x0, 0x47, 0xe2, 0x12, 0x10, 0xf6, 0xb4, 0xa5,
    0x25, 0x29, 0xe9, 0x49, 0x18, 0x4c, 0xa7, 0xc5,
    0xa2, 0x46, 0x1c, 0x0,

    /* U+8042 "聂" */
    0x7f, 0xf0, 0x82, 0x7, 0xf0, 0x3f, 0x81, 0x4,
    0x7f, 0xfc, 0x1, 0xf, 0xbc, 0x5, 0x21, 0xce,
    0x7, 0x30, 0xce, 0x60,

    /* U+804A "聊" */
    0xfc, 0xba, 0x59, 0x52, 0xaa, 0xf5, 0x54, 0xaa,
    0xa5, 0x55, 0xea, 0xa9, 0x75, 0x4a, 0xaa, 0xe9,
    0xfa, 0x48, 0x14, 0x40,

    /* U+804B "聋" */
    0x0, 0x0, 0x88, 0xff, 0xf1, 0x20, 0x13, 0xae,
    0xe2, 0x81, 0xef, 0xff, 0x3f, 0x82, 0x8, 0x3f,
    0x9f, 0xff, 0x0, 0x80,

    /* U+804C "职" */
    0xfd, 0xf2, 0x48, 0x92, 0x44, 0xf2, 0x24, 0x91,
    0x24, 0x89, 0xe7, 0xc9, 0x0, 0x4d, 0xb7, 0xc8,
    0x82, 0x86, 0x10, 0x0,

    /* U+8054 "联" */
    0x3, 0x27, 0xeb, 0x12, 0x10, 0x97, 0xe7, 0x88,
    0x24, 0x41, 0xff, 0xc9, 0x10, 0x4d, 0xc7, 0xcb,
    0x22, 0x8e, 0x14, 0x20,

    /* U+8058 "聘" */
    0xfc, 0x82, 0x5f, 0x92, 0xa4, 0xf7, 0xe4, 0xa9,
    0x25, 0xf9, 0xe0, 0x9, 0xff, 0x49, 0x2, 0xef,
    0xba, 0xc, 0x11, 0xc0,

    /* U+805A "聚" */
    0x7f, 0x1, 0x17, 0x8f, 0x84, 0x7d, 0xc2, 0x27,
    0x3f, 0xc4, 0x7, 0x87, 0xf0, 0x13, 0x33, 0x76,
    0x4, 0x9e, 0xc4, 0x0,

    /* U+806A "聪" */
    0x1, 0x37, 0xe5, 0x12, 0xfc, 0x97, 0xe7, 0xb1,
    0x25, 0xf9, 0xe1, 0x9, 0x5a, 0x4e, 0xaf, 0xd4,
    0x72, 0xac, 0x11, 0xc0,

    /* U+8083 "肃" */
    0x2, 0x1, 0xff, 0x0, 0x88, 0xff, 0xf0, 0x22,
    0x1f, 0xf0, 0x8, 0x4, 0x44, 0x2a, 0xa1, 0x55,
    0x8, 0x89, 0x84, 0x40,

    /* U+8084 "肄" */
    0x40, 0x83, 0xdf, 0x12, 0x28, 0xff, 0xf4, 0xa,
    0x3d, 0xf2, 0x82, 0x1f, 0x7c, 0x20, 0x81, 0xbf,
    0x92, 0x21, 0x81, 0x0,

    /* U+8086 "肆" */
    0x0, 0x87, 0x88, 0x43, 0xe7, 0xbf, 0x78, 0xa4,
    0x3e, 0xf8, 0x82, 0x3f, 0x58, 0x8f, 0xbf, 0xcc,
    0x80, 0x8,

    /* U+8089 "肉" */
    0x4, 0x1, 0xf, 0xfe, 0x21, 0x8e, 0x6c, 0x5a,
    0x46, 0x31, 0x9a, 0x6c, 0x58, 0x6, 0x3,

    /* U+808B "肋" */
    0x0, 0x8f, 0x11, 0x22, 0x25, 0xf7, 0xbe, 0x91,
    0x52, 0x2b, 0xc5, 0x49, 0xa9, 0x27, 0x2c, 0xdf,
    0x38, 0x0,

    /* U+808C "肌" */
    0x79, 0xe2, 0x49, 0x12, 0x48, 0xf2, 0x44, 0x92,
    0x24, 0x91, 0xe4, 0x89, 0x24, 0x49, 0x22, 0x59,
    0x67, 0x8f, 0x0, 0x0,

    /* U+8096 "肖" */
    0x88, 0x32, 0x24, 0x90, 0x20, 0xff, 0xa0, 0x2f,
    0xfa, 0x2, 0xff, 0xa0, 0x28, 0xa, 0x6,

    /* U+8098 "肘" */
    0x78, 0x22, 0x41, 0x12, 0x8, 0x9f, 0xf7, 0xff,
    0xa4, 0x11, 0x24, 0x8f, 0x34, 0x48, 0x26, 0x41,
    0x32, 0x9, 0x30, 0xc0,

    /* U+809A "肚" */
    0x78, 0x42, 0x42, 0x12, 0x10, 0x90, 0x87, 0xbf,
    0xa4, 0x21, 0x21, 0xf, 0x8, 0x48, 0x42, 0x42,
    0x26, 0xfe, 0x0, 0x0,

    /* U+809B "肛" */
    0x0, 0x7, 0xbf, 0x48, 0x84, 0x88, 0x78, 0x84,
    0x88, 0x78, 0x84, 0x88, 0x48, 0x84, 0x88, 0x8f,
    0xf9, 0x0,

    /* U+809D "肝" */
    0x78, 0x2, 0x4f, 0xd2, 0x10, 0xf0, 0x84, 0x84,
    0x25, 0xfd, 0xe1, 0x9, 0x8, 0x48, 0x46, 0x42,
    0x26, 0x11, 0x0, 0x80,

    /* U+80A0 "肠" */
    0x7b, 0xf2, 0x41, 0x12, 0x10, 0xf3, 0x4, 0xbf,
    0xa4, 0xad, 0xe5, 0x49, 0x4a, 0x4e, 0x96, 0x4c,
    0xae, 0xdc, 0x4, 0x0,

    /* U+80A1 "股" */
    0x79, 0xe2, 0x49, 0x12, 0x48, 0xf6, 0x74, 0xa0,
    0x25, 0xf9, 0xe0, 0x89, 0x24, 0x49, 0x46, 0x46,
    0x2a, 0xfd, 0x2c, 0x30,

    /* U+80A2 "肢" */
    0x78, 0x82, 0x44, 0x13, 0xfc, 0x91, 0x7, 0x88,
    0x25, 0xf1, 0x20, 0x8f, 0x24, 0x49, 0x42, 0x4e,
    0x32, 0x31, 0x76, 0xe8, 0x40, 0x0,

    /* U+80A4 "肤" */
    0x0, 0x83, 0xc4, 0x12, 0x20, 0x97, 0xe7, 0x88,
    0x24, 0x41, 0x3f, 0xc9, 0xfe, 0x78, 0x82, 0x46,
    0x12, 0x50, 0x92, 0xcd, 0xa3, 0x2, 0x8,

    /* U+80A5 "肥" */
    0x7b, 0xf2, 0x54, 0x92, 0xa4, 0xf5, 0x24, 0xa9,
    0x25, 0xf9, 0xe8, 0x49, 0x42, 0x4a, 0x2, 0x50,
    0x32, 0x87, 0x37, 0xe0,

    /* U+80A9 "肩" */
    0x1, 0x0, 0x30, 0x3f, 0xf2, 0x1, 0x3f, 0xf2,
    0x0, 0x2f, 0xf2, 0x81, 0x2f, 0xf2, 0x81, 0x4f,
    0xf4, 0x81, 0x48, 0x30,

    /* U+80AA "肪" */
    0x0, 0x87, 0x8c, 0x48, 0x4, 0xff, 0x79, 0x4,
    0x90, 0x49, 0xf7, 0x91, 0x49, 0x14, 0x91, 0x4a,
    0x19, 0xaf, 0x4, 0x40,

    /* U+80AE "肮" */
    0x0, 0x81, 0xe1, 0x4, 0xff, 0x93, 0xfe, 0x78,
    0x1, 0x27, 0x87, 0x92, 0x12, 0x48, 0x49, 0x21,
    0x24, 0xa4, 0xa2, 0xe5, 0x8e,

    /* U+80AF "肯" */
    0x2, 0x1, 0x1f, 0x8, 0x81, 0xff, 0xf0, 0x0,
    0x1f, 0xe0, 0x81, 0x7, 0xf8, 0x20, 0x41, 0xfe,
    0x8, 0x10, 0x41, 0x80, 0x0, 0x0,

    /* U+80B2 "育" */
    0x0, 0x0, 0x60, 0xff, 0xf1, 0x88, 0x7f, 0xc0,
    0x2, 0x3f, 0xc2, 0x4, 0x3f, 0xc2, 0x4, 0x3f,
    0xc2, 0x4, 0x20, 0xc0,

    /* U+80B4 "肴" */
    0x38, 0xc0, 0xf0, 0x1d, 0xc6, 0x46, 0xff, 0xf1,
    0x80, 0x3f, 0xc7, 0x4, 0x9f, 0xc1, 0xfc, 0x10,
    0x41, 0xc,

    /* U+80BA "肺" */
    0x0, 0x43, 0xc2, 0x12, 0xfe, 0xf0, 0x84, 0xbf,
    0x25, 0x29, 0xe9, 0x49, 0x4a, 0x4a, 0x52, 0x53,
    0xa6, 0x10, 0x0, 0x80,

    /* U+80BE "肾" */
    0x97, 0xe9, 0x4, 0x92, 0xc9, 0x18, 0x97, 0xf0,
    0x1, 0x7f, 0xc4, 0x4, 0x7f, 0xc7, 0xfc, 0x40,
    0x44, 0xc,

    /* U+80BF "肿" */
    0x0, 0x47, 0x84, 0x48, 0x44, 0xbf, 0x7a, 0x54,
    0xa5, 0x4a, 0x57, 0xbf, 0x4a, 0x54, 0x84, 0x48,
    0x49, 0x4,

    /* U+80C0 "胀" */
    0x79, 0x12, 0x49, 0x12, 0x58, 0xf2, 0x84, 0xb1,
    0xa5, 0xfd, 0xe5, 0x9, 0x2c, 0x49, 0x22, 0x4d,
    0xa6, 0x66, 0x22, 0x0,

    /* U+80C1 "胁" */
    0x0, 0x83, 0xc4, 0x12, 0x20, 0xf7, 0xc4, 0xaa,
    0x25, 0x5d, 0xea, 0xa9, 0x55, 0x49, 0x22, 0x49,
    0x36, 0xc9, 0x2c, 0x80,

    /* U+80C3 "胃" */
    0xff, 0xf0, 0x87, 0xff, 0xc2, 0x17, 0xbc, 0xff,
    0x90, 0x13, 0xfe, 0x40, 0x4f, 0xf9, 0x1, 0x20,
    0xe0,

    /* U+80C6 "胆" */
    0x78, 0x2, 0x4f, 0x92, 0x44, 0x92, 0x27, 0x9f,
    0x24, 0x89, 0xe4, 0x49, 0x3e, 0x48, 0x2, 0x40,
    0x26, 0xff, 0x0, 0x0,

    /* U+80CC "背" */
    0x9, 0x7, 0xcf, 0x82, 0x45, 0xf2, 0x20, 0x9c,
    0x1f, 0xe0, 0x81, 0x7, 0xf8, 0x20, 0x41, 0xfe,
    0x8, 0x10, 0x41, 0x80,

    /* U+80CE "胎" */
    0x0, 0x83, 0xc4, 0x12, 0x60, 0x92, 0x67, 0xa1,
    0x27, 0xfd, 0x28, 0x29, 0x0, 0x7b, 0xf2, 0x50,
    0x92, 0x85, 0x97, 0xe9, 0xa1, 0x0,

    /* U+80D6 "胖" */
    0x78, 0x42, 0x52, 0xd2, 0xd4, 0xf2, 0xa4, 0x84,
    0x25, 0xfd, 0x21, 0xf, 0x8, 0x4b, 0xfe, 0x42,
    0x22, 0x10, 0x20, 0x80,

    /* U+80DA "胚" */
    0x7b, 0xfa, 0x42, 0x12, 0x10, 0xf1, 0x84, 0x8e,
    0x24, 0xa9, 0xe9, 0x69, 0x49, 0x48, 0x42, 0x42,
    0x26, 0xfe, 0x0, 0x0,

    /* U+80DC "胜" */
    0x0, 0x43, 0xc2, 0x12, 0x90, 0x97, 0xf7, 0xa4,
    0x25, 0x21, 0x21, 0xf, 0x7e, 0x48, 0x42, 0x42,
    0x32, 0x11, 0x37, 0xf0,

    /* U+80DE "胞" */
    0x1, 0x87, 0x90, 0x4b, 0xf4, 0xe1, 0x7b, 0xd4,
    0xa5, 0x7a, 0x54, 0xbd, 0x4a, 0x2c, 0xa2, 0x8a,
    0x19, 0xbf,

    /* U+80E1 "胡" */
    0x10, 0x1, 0x1f, 0x11, 0x1f, 0xd1, 0x91, 0x11,
    0x1f, 0x11, 0x17, 0xd1, 0x45, 0xf4, 0x51, 0x7f,
    0x14, 0x61, 0x6, 0x70, 0x0,

    /* U+80E7 "胧" */
    0x79, 0x62, 0x49, 0x92, 0x40, 0x9f, 0xf7, 0x98,
    0x24, 0xe1, 0x27, 0x4f, 0x5c, 0x4a, 0xe2, 0x56,
    0x33, 0xf7, 0x38, 0xe0,

    /* U+80EF "胯" */
    0x0, 0x83, 0xc4, 0x12, 0xfe, 0x92, 0x84, 0x92,
    0x3d, 0x19, 0x3f, 0xe9, 0x0, 0x7b, 0xf2, 0x48,
    0x12, 0x79, 0x90, 0x49, 0x8e, 0x0,

    /* U+80F0 "胰" */
    0x78, 0x82, 0x7f, 0xd2, 0x20, 0x9f, 0xe7, 0x89,
    0x27, 0xf9, 0x32, 0xf, 0xfe, 0x48, 0x92, 0x4b,
    0x92, 0x51, 0x34, 0x70, 0x40, 0x0,

    /* U+80F3 "胳" */
    0x0, 0x3, 0xd8, 0x12, 0xfc, 0x94, 0x44, 0xd2,
    0x3e, 0xa1, 0x22, 0x9, 0xef, 0x7b, 0xe2, 0x51,
    0x12, 0x89, 0x17, 0xc9, 0x22, 0x0,

    /* U+80F6 "胶" */
    0x0, 0x83, 0xc2, 0x12, 0xfe, 0x90, 0x7, 0x93,
    0x25, 0xd, 0x24, 0x8f, 0x24, 0x49, 0x62, 0x46,
    0x12, 0x31, 0xb3, 0xf0, 0x21, 0x0,

    /* U+80F8 "胸" */
    0x1, 0x7, 0x20, 0x53, 0xf5, 0x49, 0x72, 0x95,
    0x55, 0x75, 0x55, 0x6d, 0x54, 0x59, 0x7d, 0xb0,
    0x10, 0x6,

    /* U+80FD "能" */
    0x31, 0x2, 0x92, 0x45, 0xc7, 0xf1, 0x1, 0xf7,
    0xc0, 0x45, 0x7, 0xd2, 0x45, 0xc7, 0xd0, 0x45,
    0x14, 0xdf,

    /* U+8102 "脂" */
    0x7a, 0x12, 0x5f, 0x12, 0x82, 0xf4, 0x34, 0xbf,
    0x24, 0x1, 0x2f, 0xcf, 0x42, 0x4b, 0xf2, 0x50,
    0xb6, 0xfd, 0x34, 0x20,

    /* U+8106 "脆" */
    0x0, 0x83, 0xc8, 0x12, 0xb8, 0xf7, 0xf4, 0xa0,
    0x25, 0x49, 0x2b, 0xcf, 0x52, 0x4a, 0x92, 0x55,
    0x33, 0xa3, 0x29, 0xf0,

    /* U+8109 "脉" */
    0x1, 0x3, 0xc6, 0x12, 0x10, 0x9f, 0x7, 0x89,
    0x27, 0xd1, 0x2b, 0xf, 0x58, 0x4a, 0xa2, 0x65,
    0xb3, 0x25, 0x33, 0x0,

    /* U+810A "脊" */
    0x6, 0x23, 0xb7, 0x1, 0x81, 0xed, 0xe0, 0x90,
    0x18, 0x73, 0xff, 0xc4, 0x8, 0x3f, 0xc1, 0xfe,
    0x8, 0x10, 0x41, 0x80,

    /* U+810F "脏" */
    0x0, 0xc7, 0x84, 0x4b, 0xf4, 0xa4, 0x7a, 0x44,
    0xa4, 0x4b, 0xf7, 0xa4, 0x4a, 0x44, 0xa4, 0xca,
    0x4b, 0xdf, 0x94, 0x0,

    /* U+8110 "脐" */
    0x0, 0x83, 0xc6, 0x13, 0xfe, 0x90, 0x44, 0x92,
    0x3c, 0xe1, 0x27, 0xe9, 0xe3, 0x79, 0x22, 0x49,
    0x12, 0x48, 0x92, 0x49, 0xa2, 0x0,

    /* U+8111 "脑" */
    0x0, 0x83, 0xc6, 0x12, 0x0, 0x9f, 0xf4, 0x80,
    0x3c, 0xb9, 0x2b, 0x4f, 0x5a, 0x4a, 0xd2, 0x59,
    0x92, 0x85, 0x17, 0xe9, 0x81, 0x0,

    /* U+8113 "脓" */
    0x78, 0x42, 0x5f, 0xd2, 0xa2, 0xf5, 0x34, 0x8c,
    0x24, 0xa9, 0xed, 0x49, 0xac, 0x49, 0x26, 0x49,
    0xae, 0x67, 0x2, 0x0,

    /* U+8116 "脖" */
    0x0, 0x83, 0xdf, 0xd2, 0x20, 0xf7, 0xf4, 0xa1,
    0xa5, 0xfd, 0xe1, 0x9, 0x10, 0x4b, 0xfa, 0x44,
    0x32, 0x21, 0x21, 0x0,

    /* U+811A "脚" */
    0x72, 0x2, 0x93, 0xd5, 0xf2, 0xe4, 0x95, 0x24,
    0xaf, 0xe5, 0xc9, 0x2a, 0xa9, 0x55, 0x6a, 0xfe,
    0xac, 0x10, 0x0, 0x80,

    /* U+812F "脯" */
    0x70, 0xa2, 0x84, 0x15, 0xfe, 0xa1, 0x7, 0x7f,
    0x2a, 0x49, 0xdf, 0xca, 0x92, 0x57, 0xf2, 0xa4,
    0xa5, 0x25, 0x69, 0x60,

    /* U+8131 "脱" */
    0x0, 0x23, 0xc9, 0x12, 0x68, 0x97, 0xe7, 0xa1,
    0x25, 0x9, 0x28, 0x49, 0x7e, 0x79, 0x42, 0x4a,
    0x12, 0x51, 0x94, 0x99, 0xe7, 0x80,

    /* U+8138 "脸" */
    0x78, 0x82, 0x4a, 0x12, 0x48, 0xf4, 0x34, 0xfe,
    0x24, 0x1, 0x2a, 0xcf, 0x54, 0x4a, 0xa2, 0x41,
    0x3b, 0xfd, 0x30, 0x0,

    /* U+813E "脾" */
    0x0, 0x83, 0xc4, 0x12, 0xfc, 0x95, 0xa4, 0xad,
    0x3d, 0xf9, 0x2a, 0x49, 0x7e, 0x79, 0x42, 0x5a,
    0x13, 0xff, 0x90, 0x89, 0x84, 0x0,

    /* U+814A "腊" */
    0x79, 0x22, 0x49, 0x12, 0xfe, 0xf2, 0x44, 0xbf,
    0xa4, 0x1, 0x2f, 0xcf, 0x7e, 0x4a, 0x12, 0x5f,
    0xbe, 0xfd, 0x24, 0x20,

    /* U+814B "腋" */
    0x0, 0x83, 0x82, 0x15, 0xfe, 0xa4, 0x7, 0x28,
    0x2b, 0x79, 0x5b, 0x4f, 0xfa, 0x53, 0xa2, 0x93,
    0x14, 0x99, 0xa5, 0x6a, 0x30, 0x80,

    /* U+814C "腌" */
    0x0, 0xc3, 0xc4, 0x13, 0xfe, 0x92, 0x87, 0xba,
    0x3f, 0x4d, 0x3f, 0xa9, 0x54, 0x7b, 0xe2, 0x55,
    0x12, 0xf9, 0x95, 0x2b, 0x8f, 0x0,

    /* U+8150 "腐" */
    0x1, 0x1, 0xff, 0xc9, 0x8, 0x4f, 0xf2, 0xd2,
    0x12, 0x90, 0x95, 0x5, 0xfe, 0x2b, 0x12, 0x4e,
    0x92, 0xb4, 0x90, 0x60,

    /* U+8154 "腔" */
    0x0, 0x87, 0x88, 0x4f, 0xf4, 0xe1, 0x48, 0x7,
    0x96, 0x4a, 0x34, 0x80, 0x7b, 0xe4, 0x88, 0x48,
    0x88, 0x88, 0xbf, 0xf0, 0x0,

    /* U+8155 "腕" */
    0x70, 0x42, 0xbf, 0xd5, 0x2, 0xa4, 0x7, 0x20,
    0x29, 0xf9, 0x5b, 0x4e, 0x9a, 0x51, 0xf2, 0x8a,
    0x14, 0xd3, 0x6c, 0xe0,

    /* U+8165 "腥" */
    0x7b, 0xf2, 0x50, 0x92, 0xfc, 0xf4, 0x24, 0xbf,
    0x25, 0x21, 0xef, 0xe9, 0x88, 0x4c, 0x42, 0x5f,
    0xa2, 0x11, 0x37, 0xf0, 0x0, 0x0,

    /* U+816E "腮" */
    0x73, 0xf2, 0x94, 0x94, 0xa4, 0xe7, 0xe5, 0x29,
    0x29, 0xf9, 0xc2, 0xa, 0x3a, 0x53, 0x52, 0xb8,
    0xe5, 0x49, 0x63, 0xc0,

    /* U+8170 "腰" */
    0x7f, 0xf4, 0x94, 0x4f, 0xf7, 0xf5, 0x4f, 0x54,
    0xff, 0x78, 0x84, 0xff, 0x4a, 0x64, 0xbc, 0xc9,
    0xe9, 0x61,

    /* U+8179 "腹" */
    0x1, 0x81, 0xe4, 0x4, 0xbf, 0x92, 0x80, 0x79,
    0xf1, 0x27, 0xc4, 0x91, 0x1e, 0x38, 0x49, 0xf1,
    0x2c, 0x84, 0xea, 0x22, 0x3c, 0x9b, 0x18,

    /* U+817A "腺" */
    0x0, 0x0, 0xc, 0x1e, 0xfc, 0x94, 0x24, 0xbf,
    0x3d, 0x9, 0x2f, 0xc9, 0x18, 0x7f, 0xf2, 0x55,
    0x12, 0xad, 0x19, 0x39, 0x18, 0x0,

    /* U+817B "腻" */
    0x0, 0x21, 0xc0, 0xa5, 0x7f, 0x94, 0x8, 0x77,
    0xa1, 0x5e, 0x85, 0x2, 0x1d, 0xe8, 0x55, 0xb1,
    0x56, 0x4d, 0x39, 0x6d, 0x12,

    /* U+817E "腾" */
    0x0, 0xc3, 0x95, 0x94, 0xa8, 0xaf, 0xe5, 0x8,
    0x3b, 0xfd, 0x44, 0x8a, 0xff, 0x75, 0x2a, 0x89,
    0x14, 0x35, 0xaf, 0xab, 0x3, 0x0, 0x10,

    /* U+817F "腿" */
    0x72, 0xf5, 0x29, 0x52, 0x95, 0x2f, 0x70, 0x95,
    0x6f, 0x52, 0x97, 0x2b, 0x52, 0x95, 0x2d, 0x56,
    0xb, 0xcf,

    /* U+8180 "膀" */
    0x0, 0x83, 0xc4, 0x13, 0xfe, 0x92, 0x44, 0x96,
    0x3f, 0xfd, 0x30, 0x29, 0x10, 0x7b, 0x7a, 0x4f,
    0x92, 0x49, 0x94, 0x49, 0xe6, 0x0,

    /* U+818A "膊" */
    0x0, 0xa3, 0xbf, 0xd4, 0x20, 0xef, 0xe5, 0x7f,
    0x2a, 0x49, 0x5f, 0xce, 0x92, 0x50, 0x22, 0xbf,
    0xd4, 0x89, 0xe5, 0xc2, 0x4, 0x0,

    /* U+818F "膏" */
    0x6, 0xf, 0xff, 0x3f, 0xc3, 0xfc, 0xff, 0xfb,
    0xfd, 0x20, 0x41, 0xf8, 0x3f, 0xc3, 0xfc, 0x3f,
    0xc2, 0xc,

    /* U+8198 "膘" */
    0x77, 0xfa, 0x8a, 0x15, 0xfc, 0xea, 0xa5, 0x7f,
    0x28, 0x1, 0x5f, 0xce, 0x0, 0x57, 0xfa, 0x95,
    0x35, 0x2d, 0x63, 0x0,

    /* U+819B "膛" */
    0x0, 0x83, 0xb5, 0x94, 0xa8, 0xaf, 0xf7, 0x81,
    0x29, 0xf1, 0x48, 0x8e, 0x7c, 0x50, 0x82, 0xbf,
    0x94, 0x21, 0x6f, 0xe0, 0x0, 0x0,

    /* U+819C "膜" */
    0x79, 0xa2, 0x7f, 0xd2, 0x48, 0x97, 0xe7, 0xa1,
    0x25, 0xf9, 0x28, 0x4f, 0x3c, 0x4f, 0xfa, 0x46,
    0x32, 0x6d, 0x36, 0x30, 0x0, 0x0,

    /* U+819D "膝" */
    0x0, 0x83, 0xff, 0x92, 0x60, 0x95, 0xe7, 0xc1,
    0x24, 0xc1, 0x2d, 0xef, 0x92, 0x4a, 0xa2, 0x4e,
    0x33, 0xad, 0x73, 0x20, 0x10, 0x0,

    /* U+81A8 "膨" */
    0x71, 0x1a, 0xbe, 0x94, 0x4c, 0xef, 0x45, 0x79,
    0xaa, 0x49, 0xde, 0x8a, 0x15, 0x52, 0x8e, 0x8e,
    0xad, 0x88, 0x1, 0x80,

    /* U+81B3 "膳" */
    0x0, 0x23, 0xcb, 0x13, 0xfc, 0x91, 0x7, 0xff,
    0x24, 0x41, 0x3f, 0xc9, 0x52, 0x7f, 0xfa, 0x60,
    0x13, 0xfd, 0xff, 0xe0, 0x61, 0x0,

    /* U+81C0 "臀" */
    0x7e, 0xe4, 0x2a, 0x7e, 0xb5, 0x50, 0x5e, 0xfb,
    0xe6, 0xb5, 0xb3, 0xfe, 0x20, 0x23, 0xfe, 0x3f,
    0xe2, 0x6,

    /* U+81C2 "臂" */
    0x0, 0x43, 0xe2, 0x11, 0x7e, 0xf9, 0x44, 0x1f,
    0xbe, 0x22, 0x97, 0xe7, 0x88, 0x3f, 0xe1, 0x1,
    0xf, 0xf8, 0x7f, 0xc2, 0x6, 0x0,

    /* U+81CA "臊" */
    0x73, 0xf1, 0x48, 0x45, 0x3f, 0x1c, 0x0, 0x57,
    0x79, 0x55, 0x25, 0x77, 0x9c, 0x20, 0x57, 0xf9,
    0x47, 0xd, 0x6b, 0xa9, 0x22,

    /* U+81E3 "臣" */
    0xff, 0xd0, 0x82, 0x10, 0x42, 0xf, 0xfd, 0x0,
    0xa0, 0x17, 0xfe, 0x84, 0x10, 0x83, 0xff, 0x80,

    /* U+81EA "自" */
    0x18, 0x8, 0x3f, 0xf0, 0x1f, 0xfc, 0x6, 0x3,
    0xff, 0x80, 0xc0, 0x7f, 0xf0, 0x10,

    /* U+81ED "臭" */
    0x8, 0x7, 0xfc, 0x60, 0x47, 0xfc, 0x7f, 0xc6,
    0x4, 0x7f, 0xc0, 0x4c, 0xff, 0xf0, 0xf0, 0x39,
    0xee, 0x3,

    /* U+81F3 "至" */
    0xff, 0xe0, 0xc0, 0x18, 0x83, 0xc, 0x7f, 0xc0,
    0x60, 0x6, 0x7, 0xfc, 0x6, 0xf, 0xff,

    /* U+81F4 "致" */
    0x0, 0x8f, 0xc8, 0x31, 0x4, 0x9f, 0xfe, 0x29,
    0x36, 0x11, 0x4f, 0xd4, 0x10, 0xc1, 0x48, 0xf9,
    0xe0, 0x63, 0x0, 0x0,

    /* U+81FC "臼" */
    0x10, 0x3e, 0xf8, 0x6, 0x1, 0x80, 0x7d, 0xf8,
    0x6, 0x1, 0x80, 0x7f, 0xf8, 0x6, 0x0,

    /* U+8200 "舀" */
    0x0, 0xbf, 0xe0, 0x1b, 0x24, 0x0, 0x3d, 0xe9,
    0xa, 0x2, 0xf7, 0xa0, 0x2f, 0xfa, 0x2,

    /* U+8205 "舅" */
    0x7b, 0xc8, 0x9, 0xe7, 0x3f, 0xe0, 0x0, 0xff,
    0x9f, 0xf2, 0x22, 0x3f, 0x9f, 0xf8, 0x21, 0x78,
    0xe8, 0x0,

    /* U+8206 "舆" */
    0x1, 0x0, 0xe8, 0xc2, 0x79, 0xf, 0x4c, 0x27,
    0x90, 0x84, 0x43, 0xfb, 0x8, 0x44, 0xff, 0xfc,
    0x0, 0x1, 0xc6, 0x18, 0x6,

    /* U+820C "舌" */
    0x0, 0x47, 0xfe, 0x4, 0x0, 0x40, 0xff, 0xf0,
    0x40, 0x4, 0x3, 0xfc, 0x20, 0x42, 0x4, 0x3f,
    0xc2, 0x4,

    /* U+820D "舍" */
    0x3, 0x0, 0x28, 0x3, 0x60, 0x31, 0xc6, 0xfb,
    0xa1, 0x1, 0xff, 0xc0, 0x40, 0x1f, 0xe0, 0x81,
    0x4, 0x8, 0x3f, 0xc0,

    /* U+8212 "舒" */
    0xc, 0x0, 0x63, 0xe1, 0x61, 0x88, 0xd4, 0xfc,
    0x60, 0x20, 0xc0, 0x8f, 0xdf, 0x8a, 0x8, 0x28,
    0xf8, 0x82, 0x22, 0xf, 0x88, 0x22, 0x60,

    /* U+8214 "舔" */
    0x7b, 0xf2, 0x84, 0x5, 0xff, 0xf2, 0x81, 0x32,
    0xb, 0x4d, 0xe2, 0x29, 0x52, 0x4a, 0xf2, 0x55,
    0x5f, 0x2a, 0x91, 0x0, 0x10, 0x0,

    /* U+821E "舞" */
    0x10, 0x1, 0xff, 0xb5, 0x50, 0x7f, 0xe1, 0x54,
    0x7f, 0xfc, 0x41, 0x7, 0xfe, 0x26, 0x42, 0xd2,
    0x4, 0xfc, 0xc0, 0x80,

    /* U+821F "舟" */
    0x4, 0x0, 0x30, 0x7, 0xf0, 0x20, 0x81, 0x24,
    0x9, 0x20, 0x41, 0x1f, 0xff, 0x10, 0x40, 0x92,
    0xc, 0x90, 0x40, 0x84, 0xc, 0x0,

    /* U+822A "航" */
    0x20, 0x87, 0x88, 0x4b, 0xf5, 0x80, 0x49, 0xcf,
    0x94, 0x49, 0x47, 0x94, 0x59, 0x44, 0x94, 0xca,
    0x59, 0xe7, 0x0, 0x0,

    /* U+822C "般" */
    0x30, 0x2, 0x1c, 0x79, 0x44, 0x94, 0x6b, 0x74,
    0xa0, 0xfb, 0xe4, 0xa4, 0x69, 0x44, 0x9c, 0xc9,
    0xc9, 0xf6,

    /* U+8230 "舰" */
    0x30, 0x1, 0xf, 0x96, 0x44, 0xf2, 0xa7, 0x95,
    0x24, 0xa9, 0xe5, 0x4f, 0x3e, 0x78, 0xc2, 0x4e,
    0x36, 0xd3, 0xc, 0x70,

    /* U+8231 "舱" */
    0x0, 0x80, 0x86, 0x1f, 0x30, 0x8a, 0x85, 0x52,
    0x2a, 0x8d, 0x1f, 0xdf, 0xa4, 0x45, 0x22, 0xa9,
    0x15, 0x51, 0x8a, 0x28, 0xdf, 0x0,

    /* U+8235 "舵" */
    0x20, 0x87, 0x88, 0x4b, 0xf4, 0xa1, 0x6a, 0x4,
    0x90, 0xf9, 0x24, 0x9e, 0x69, 0x4, 0x90, 0x49,
    0x19, 0x9f,

    /* U+8236 "舶" */
    0x30, 0x47, 0x84, 0x79, 0xf7, 0x91, 0x79, 0x14,
    0x91, 0xf9, 0xf4, 0x91, 0x79, 0x17, 0x91, 0xc9,
    0xf9, 0x91,

    /* U+8237 "舷" */
    0x0, 0x1, 0x82, 0x1f, 0x18, 0x8f, 0xf5, 0x4c,
    0x2a, 0x41, 0x12, 0x5f, 0xa4, 0x45, 0xe2, 0xa2,
    0x11, 0x25, 0x8f, 0xf9, 0xc0, 0x80,

    /* U+8239 "船" */
    0x10, 0x1, 0xf, 0x1e, 0x48, 0x92, 0x46, 0x92,
    0x25, 0x9f, 0xe0, 0x9, 0x3e, 0x69, 0x33, 0x49,
    0x92, 0x4d, 0x13, 0xe9, 0x93, 0x0,

    /* U+8247 "艇" */
    0x0, 0x1, 0x0, 0x9e, 0xfe, 0x92, 0x46, 0x92,
    0x25, 0x3f, 0xec, 0x89, 0x24, 0x49, 0x23, 0x5b,
    0xd2, 0xc1, 0x97, 0xf9, 0xe0, 0x0,

    /* U+8258 "艘" */
    0x20, 0x47, 0xb7, 0x4a, 0x56, 0xa7, 0x6a, 0x54,
    0xbf, 0xf8, 0x46, 0xbe, 0x6a, 0x24, 0x9c, 0x99,
    0xe8, 0x61,

    /* U+826F "良" */
    0x18, 0x2, 0xf, 0xf2, 0x4, 0xff, 0x20, 0x4f,
    0xf2, 0x44, 0x9b, 0xa3, 0xe, 0x72, 0x6,

    /* U+8270 "艰" */
    0x3, 0xf7, 0xd0, 0x82, 0x84, 0x27, 0xe5, 0x21,
    0x19, 0xf8, 0xca, 0x47, 0x56, 0x6a, 0x62, 0x13,
    0x20, 0xee, 0x4, 0x0,

    /* U+8272 "色" */
    0x8, 0x1, 0x80, 0x1f, 0x82, 0x18, 0x61, 0xf,
    0xfe, 0x22, 0x22, 0x22, 0x3f, 0xe2, 0x2, 0x20,
    0x2, 0x1, 0x3f, 0xf0,

    /* U+8273 "艳" */
    0x21, 0x82, 0x3e, 0xfe, 0x42, 0xc8, 0xff, 0xef,
    0xca, 0x24, 0xaf, 0xfe, 0x24, 0x22, 0x40, 0x24,
    0x32, 0x7e,

    /* U+827A "艺" */
    0x19, 0x1, 0x90, 0xff, 0xf1, 0x90, 0x0, 0x7,
    0xfc, 0x1, 0x80, 0x60, 0x18, 0x3, 0x2, 0x60,
    0x23, 0xfe,

    /* U+827E "艾" */
    0x8, 0x80, 0x44, 0x3f, 0xfe, 0x11, 0x0, 0x0,
    0x8, 0x20, 0x23, 0x1, 0xb0, 0x5, 0x0, 0x38,
    0x7, 0x70, 0xe0, 0xf0,

    /* U+8282 "节" */
    0x8, 0x87, 0xff, 0xc2, 0x20, 0x0, 0x0, 0x0,
    0x3f, 0xf0, 0x30, 0x81, 0x84, 0xc, 0x20, 0x67,
    0x3, 0x0, 0x18, 0x0,

    /* U+828B "芋" */
    0x8, 0x87, 0xff, 0xc2, 0x20, 0x0, 0x7, 0xfe,
    0x1, 0x0, 0x8, 0x1f, 0xff, 0x2, 0x0, 0x10,
    0x0, 0x80, 0xc, 0x0,

    /* U+828D "芍" */
    0x8, 0x87, 0xff, 0xc2, 0x20, 0x11, 0x1, 0x0,
    0x1f, 0xf8, 0x80, 0xc9, 0x6, 0x4c, 0x30, 0x31,
    0x80, 0xc, 0x1, 0xc0, 0x0, 0x0,

    /* U+8292 "芒" */
    0x11, 0x1, 0x10, 0xff, 0xf1, 0x10, 0x11, 0x0,
    0x40, 0xff, 0xf2, 0x0, 0x20, 0x2, 0x0, 0x20,
    0x3, 0xfc,

    /* U+8299 "芙" */
    0x8, 0xc3, 0xff, 0xc2, 0x30, 0x4, 0x3, 0xff,
    0x1, 0x0, 0x8, 0xf, 0xff, 0x3, 0x0, 0x24,
    0x7, 0x18, 0xe0, 0x70,

    /* U+829C "芜" */
    0x11, 0xf, 0xff, 0x11, 0x0, 0x0, 0x7f, 0xc0,
    0x40, 0xc, 0xf, 0xff, 0xa, 0x1, 0xa0, 0x32,
    0x3c, 0x3f,

    /* U+829D "芝" */
    0x18, 0x80, 0x84, 0x3f, 0xfc, 0x21, 0x1, 0x28,
    0x1, 0x1, 0xff, 0x80, 0x38, 0x7, 0x1, 0xe0,
    0x1c, 0x1, 0x9f, 0xe0,

    /* U+82A5 "芥" */
    0x10, 0x87, 0xff, 0x84, 0x20, 0xc, 0x0, 0xf0,
    0xc, 0xc1, 0x83, 0x9b, 0x1e, 0x18, 0x80, 0x84,
    0xc, 0x20, 0xc1, 0x0,

    /* U+82A6 "芦" */
    0xc, 0x41, 0xff, 0xf0, 0xc4, 0x0, 0x40, 0x1,
    0x0, 0x7f, 0xc1, 0x1, 0x7, 0xfc, 0x10, 0x10,
    0x40, 0x2, 0x0, 0x10, 0x0,

    /* U+82AC "芬" */
    0xc, 0x81, 0xff, 0xe0, 0xc8, 0x0, 0x0, 0xc,
    0x80, 0x63, 0x3, 0x3, 0x97, 0xf6, 0x4, 0x40,
    0x11, 0x0, 0x84, 0xc, 0x60,

    /* U+82AD "芭" */
    0x8, 0x80, 0x44, 0x3f, 0xfe, 0x11, 0x3, 0xfe,
    0x11, 0x10, 0x88, 0x87, 0xfc, 0x20, 0x1, 0x0,
    0x88, 0x6, 0x7f, 0xe0,

    /* U+82AF "芯" */
    0x8, 0x80, 0x44, 0x3f, 0xfe, 0x11, 0x0, 0x88,
    0x1, 0x0, 0xac, 0x85, 0x24, 0x69, 0x32, 0x40,
    0xf2, 0x34, 0x1f, 0x80,

    /* U+82B1 "花" */
    0x8, 0x80, 0x88, 0xff, 0xf0, 0x88, 0x8, 0x1,
    0x90, 0x31, 0x67, 0x14, 0xd1, 0x81, 0x70, 0x15,
    0x1, 0x11, 0x11, 0xf0,

    /* U+82B3 "芳" */
    0x11, 0x1f, 0xfc, 0x44, 0x2, 0x0, 0x41, 0xff,
    0xc2, 0x0, 0xfe, 0x10, 0xc2, 0x19, 0x82, 0x21,
    0xc0,

    /* U+82B9 "芹" */
    0x9, 0xf, 0xff, 0x9, 0x0, 0x8, 0x3f, 0xc2,
    0x0, 0x20, 0x3, 0xfe, 0x21, 0x6, 0x10, 0x41,
    0xc, 0x10,

    /* U+82BD "芽" */
    0x8, 0x87, 0xff, 0xc2, 0x20, 0x0, 0x7, 0xff,
    0x10, 0x40, 0x82, 0xf, 0xfe, 0x2, 0x80, 0x64,
    0x1c, 0x21, 0x7, 0x0,

    /* U+82C7 "苇" */
    0x11, 0xf, 0xff, 0x11, 0x0, 0x40, 0xff, 0xe0,
    0x40, 0x7f, 0xc0, 0x40, 0xff, 0xe0, 0x44, 0x5,
    0xc0, 0x48,

    /* U+82CD "苍" */
    0x8, 0x41, 0xff, 0xf0, 0x84, 0x0, 0xc0, 0x6,
    0x80, 0x31, 0x83, 0x83, 0xdb, 0xf2, 0x8, 0x40,
    0x23, 0x40, 0x81, 0x83, 0xfc,

    /* U+82CF "苏" */
    0x11, 0xf, 0xff, 0x11, 0x1, 0x50, 0x4, 0x7,
    0xfc, 0x4, 0x82, 0xce, 0x48, 0xbc, 0x89, 0x11,
    0x8e, 0x30,

    /* U+82D4 "苔" */
    0x18, 0x80, 0xc4, 0x3f, 0xfe, 0x39, 0x0, 0xc0,
    0x8, 0x71, 0xff, 0xc0, 0x2, 0x3f, 0xe1, 0x3,
    0x8, 0x18, 0x7f, 0xc0,

    /* U+82D7 "苗" */
    0x8, 0x80, 0x88, 0xff, 0xf0, 0x88, 0x0, 0x3,
    0xfe, 0x22, 0x23, 0xfe, 0x22, 0x22, 0x22, 0x3f,
    0xe2, 0x2,

    /* U+82DB "苛" */
    0x8, 0x8f, 0xff, 0x8, 0x80, 0x0, 0xff, 0xf0,
    0x4, 0x3f, 0x42, 0x14, 0x21, 0x43, 0xf4, 0x21,
    0x40, 0xc,

    /* U+82DE "苞" */
    0x8, 0x8f, 0xff, 0x9, 0x3, 0x0, 0x3f, 0xe6,
    0x2, 0xff, 0x2a, 0x12, 0x3f, 0xe2, 0x0, 0x20,
    0x13, 0xfe,

    /* U+82DF "苟" */
    0x8, 0x83, 0xff, 0xc2, 0x20, 0x30, 0x1, 0xff,
    0x10, 0x9, 0x7c, 0x42, 0x22, 0x11, 0x10, 0xf8,
    0x84, 0x44, 0x0, 0xe0,

    /* U+82E5 "若" */
    0xc, 0x43, 0xff, 0xc3, 0x10, 0x1e, 0x80, 0x20,
    0x3f, 0xfc, 0x10, 0x3, 0xfc, 0x68, 0x22, 0x41,
    0x3, 0xf8, 0x10, 0x40,

    /* U+82E6 "苦" */
    0x10, 0x8f, 0xfe, 0x10, 0x80, 0x40, 0x4, 0xf,
    0xff, 0x4, 0x3, 0xfc, 0x20, 0x42, 0x4, 0x3f,
    0xc2, 0x4,

    /* U+82EB "苫" */
    0x18, 0xc7, 0xff, 0xc6, 0x30, 0x34, 0x0, 0x20,
    0x1, 0xf8, 0x8, 0x7, 0xfc, 0x20, 0x21, 0x1,
    0xf, 0xf8, 0x40, 0x40,

    /* U+82F1 "英" */
    0x10, 0x8f, 0xff, 0x10, 0x81, 0x8, 0x4, 0x3,
    0xfc, 0x24, 0x42, 0x44, 0xff, 0xf0, 0xf0, 0x19,
    0x8f, 0xf, 0x40, 0x20,

    /* U+82F9 "苹" */
    0x8, 0x87, 0xff, 0xc2, 0x20, 0x0, 0x3, 0xff,
    0x1, 0x0, 0x69, 0x0, 0x40, 0xff, 0xf8, 0x10,
    0x0, 0x80, 0x4, 0x0,

    /* U+8301 "茁" */
    0x11, 0xf, 0xff, 0x11, 0x2, 0x44, 0x24, 0x42,
    0x44, 0x3f, 0xc0, 0x44, 0x44, 0x64, 0x44, 0x44,
    0x47, 0xfc,

    /* U+8302 "茂" */
    0x8, 0x83, 0xff, 0xc2, 0x20, 0x15, 0x40, 0x22,
    0x1f, 0xf8, 0x8c, 0x4, 0x2c, 0x21, 0xc1, 0xc,
    0x11, 0xf3, 0x90, 0xf0, 0x0, 0x0,

    /* U+8303 "范" */
    0x8, 0x80, 0x44, 0x3f, 0xfe, 0x11, 0x2, 0x0,
    0x9, 0xf1, 0x8, 0x8c, 0x44, 0x22, 0xe0, 0xd3,
    0x4, 0x84, 0x44, 0x36, 0x3f, 0x0, 0x0,

    /* U+8304 "茄" */
    0x8, 0xc0, 0x44, 0x1f, 0xfe, 0x11, 0x1, 0x88,
    0x3e, 0x78, 0x52, 0x42, 0x92, 0x24, 0x91, 0x24,
    0x99, 0x3d, 0x99, 0x20,

    /* U+8305 "茅" */
    0x11, 0xf, 0xff, 0x11, 0x7, 0xfc, 0x9, 0xc0,
    0xf0, 0xff, 0xf0, 0xa2, 0x12, 0x62, 0x20, 0xc6,
    0x0, 0xc0,

    /* U+8309 "茉" */
    0x8, 0x83, 0xff, 0xc2, 0xa0, 0x4, 0x7, 0xff,
    0x1, 0x0, 0x8, 0x7, 0xfc, 0x7, 0x0, 0xd6,
    0x18, 0x8e, 0x4, 0x0,

    /* U+830E "茎" */
    0x9, 0xf, 0xff, 0x9, 0x0, 0x0, 0x7f, 0xc0,
    0x10, 0x1f, 0xc6, 0x3, 0x3f, 0xc0, 0x20, 0x2,
    0xf, 0xff,

    /* U+8327 "茧" */
    0x8, 0x87, 0xff, 0xc2, 0x20, 0x4, 0x0, 0x20,
    0x1f, 0xf0, 0x88, 0x84, 0x44, 0x3f, 0xe1, 0x10,
    0x0, 0x88, 0xff, 0xe4, 0x1, 0x0,

    /* U+832B "茫" */
    0x8, 0x87, 0xff, 0xc2, 0x20, 0xc1, 0x2, 0x8,
    0xf, 0xfd, 0x18, 0x0, 0xc0, 0x26, 0x1, 0x30,
    0x19, 0x80, 0x8f, 0xe0, 0x0, 0x0,

    /* U+832C "茬" */
    0xc, 0xc3, 0xff, 0xc2, 0x20, 0x4, 0x7, 0xff,
    0x86, 0x60, 0x63, 0x6, 0xfe, 0xf0, 0xc2, 0x86,
    0x4, 0x30, 0x2f, 0xf0,

    /* U+8334 "茴" */
    0x8, 0x87, 0xff, 0xc2, 0x20, 0x0, 0x7, 0xff,
    0x20, 0x19, 0x3e, 0xc9, 0x16, 0x4f, 0xb2, 0x1,
    0x9f, 0xfc, 0x80, 0x60,

    /* U+8335 "茵" */
    0x9, 0xf, 0xff, 0x9, 0x0, 0x0, 0x7f, 0xe4,
    0x22, 0x5f, 0xa4, 0x42, 0x47, 0x25, 0x9a, 0x40,
    0x27, 0xfe,

    /* U+8336 "茶" */
    0x8, 0x83, 0xff, 0x82, 0x20, 0xc, 0x0, 0xd8,
    0x9, 0x73, 0x88, 0xc7, 0xf8, 0x2, 0x0, 0xd6,
    0x18, 0x8c, 0xc, 0x0,

    /* U+8338 "茸" */
    0x11, 0xf, 0xff, 0x11, 0xf, 0xff, 0x20, 0x83,
    0xf8, 0x20, 0x82, 0x8, 0x3f, 0x82, 0x9, 0xff,
    0xe0, 0x8,

    /* U+8346 "荆" */
    0x24, 0x24, 0x87, 0xfe, 0x92, 0x57, 0xea, 0x49,
    0x49, 0x2f, 0xfd, 0x24, 0xa4, 0x85, 0x10, 0xe2,
    0x30,

    /* U+8349 "草" */
    0x8, 0x8f, 0xff, 0x8, 0x83, 0xfe, 0x20, 0x23,
    0xfe, 0x20, 0x23, 0xfe, 0x2, 0xf, 0xff, 0x2,
    0x0, 0x20,

    /* U+8350 "荐" */
    0x11, 0xf, 0xff, 0x11, 0x0, 0xc0, 0xff, 0xf1,
    0x80, 0x37, 0xf6, 0xc, 0xaf, 0xf2, 0x8, 0x20,
    0x82, 0x18,

    /* U+8352 "荒" */
    0xc, 0x87, 0xff, 0xc2, 0x20, 0x4, 0x7, 0xff,
    0x88, 0x0, 0x7f, 0xc2, 0x58, 0x12, 0xc0, 0x96,
    0xc, 0xb2, 0xc4, 0xe0,

    /* U+8354 "荔" */
    0x8, 0x87, 0xff, 0xc2, 0x20, 0x4, 0x7, 0xfe,
    0x6, 0x31, 0xc3, 0x6, 0x8, 0xff, 0xf1, 0x26,
    0x89, 0x24, 0x9a, 0xe8, 0x20, 0x0,

    /* U+835A "荚" */
    0x18, 0x8f, 0xff, 0x18, 0x80, 0x60, 0x7f, 0xe2,
    0x48, 0x14, 0x80, 0x40, 0xff, 0xf0, 0x60, 0x19,
    0xf, 0xf, 0x40, 0x20,

    /* U+835E "荞" */
    0x9, 0x8f, 0xff, 0x9, 0x7, 0xbe, 0x4, 0xf,
    0xff, 0x9, 0x1, 0x88, 0x68, 0xfc, 0x88, 0x18,
    0x86, 0x18,

    /* U+8360 "荠" */
    0x8, 0x83, 0xff, 0xc2, 0x20, 0x4, 0x7, 0xff,
    0xc, 0x40, 0x1c, 0x1f, 0xbf, 0x8, 0x80, 0x44,
    0x6, 0x20, 0x41, 0x0,

    /* U+8361 "荡" */
    0x8, 0x87, 0xff, 0xc2, 0x20, 0x4f, 0xe0, 0xc,
    0x20, 0xc1, 0x9c, 0x0, 0xfe, 0x3, 0x51, 0xb4,
    0x8b, 0x24, 0x86, 0x64, 0x46, 0x0,

    /* U+8363 "荣" */
    0x8, 0x83, 0xff, 0x82, 0x20, 0x0, 0x7, 0xff,
    0x21, 0x8, 0x8, 0x7, 0xfc, 0xe, 0x80, 0xd6,
    0x1c, 0x9e, 0x84, 0x0,

    /* U+8364 "荤" */
    0x9, 0xf, 0xff, 0x9, 0xf, 0xff, 0x84, 0x1f,
    0xff, 0x1a, 0x3, 0x20, 0x3f, 0xe0, 0x20, 0xff,
    0xf0, 0x20,

    /* U+8367 "荧" */
    0x8, 0x87, 0xff, 0xc2, 0x20, 0x0, 0x7, 0xff,
    0x20, 0x9, 0x8, 0x42, 0x44, 0x23, 0x40, 0x28,
    0x3, 0x30, 0xf0, 0xe4, 0x0, 0x0,

    /* U+836F "药" */
    0x8, 0x8f, 0xff, 0x8, 0x83, 0x18, 0x21, 0x82,
    0xdf, 0xfb, 0x11, 0x69, 0x60, 0x97, 0x8d, 0x0,
    0x17, 0x8f, 0x0, 0x60,

    /* U+8377 "荷" */
    0x8, 0x8f, 0xff, 0x8, 0x83, 0x0, 0x2f, 0xf6,
    0x2, 0xe7, 0xaa, 0x4a, 0x24, 0xa2, 0x7a, 0x20,
    0x22, 0x6,

    /* U+8378 "荸" */
    0x8, 0x87, 0xff, 0xc2, 0xa1, 0xff, 0xe0, 0x20,
    0x3f, 0xf9, 0x0, 0x4b, 0xfa, 0x3, 0x7, 0xff,
    0xc0, 0x80, 0xc, 0x0,

    /* U+8389 "莉" */
    0x19, 0xf, 0xff, 0x19, 0x0, 0x42, 0x7c, 0x21,
    0x12, 0xfd, 0x23, 0x12, 0x39, 0x25, 0x52, 0x90,
    0x21, 0xe,

    /* U+83AB "莫" */
    0x9, 0xf, 0xff, 0x9, 0x3, 0xfc, 0x20, 0x43,
    0xfc, 0x20, 0x43, 0xfc, 0x6, 0xf, 0xff, 0x7,
    0xf, 0x8f, 0x40, 0x20,

    /* U+83B1 "莱" */
    0x8, 0x83, 0xff, 0x82, 0x20, 0x4, 0x7, 0xfe,
    0x1, 0x20, 0x6a, 0xf, 0xfe, 0xf, 0x0, 0xd6,
    0x18, 0x8c, 0x4, 0x0,

    /* U+83B2 "莲" */
    0x8, 0x87, 0xff, 0xc2, 0x20, 0x82, 0x2, 0xff,
    0x1, 0x43, 0xb2, 0x44, 0x7c, 0x2f, 0xf1, 0x4,
    0x14, 0x21, 0x1f, 0xe0,

    /* U+83B7 "获" */
    0x8, 0x87, 0xff, 0xc2, 0x20, 0x90, 0x3, 0x8b,
    0x18, 0x4b, 0x7f, 0xe7, 0x18, 0x68, 0xc2, 0x4a,
    0x6, 0xc8, 0x6c, 0x30, 0x0, 0x0,

    /* U+83B9 "莹" */
    0x8, 0x8f, 0xff, 0x8, 0x80, 0x0, 0xff, 0xf8,
    0x1, 0xbf, 0xd0, 0x20, 0x3f, 0xc0, 0x2c, 0x2,
    0x4f, 0xff,

    /* U+83BA "莺" */
    0x11, 0xf, 0xff, 0x11, 0xf, 0xff, 0x88, 0x33,
    0xfc, 0x28, 0x82, 0x50, 0x3f, 0xe0, 0x2, 0xff,
    0x20, 0xe, 0x0, 0x80,

    /* U+83BD "莽" */
    0x8, 0x87, 0xff, 0xc2, 0x20, 0xc, 0x4f, 0xff,
    0x8c, 0x61, 0xf3, 0xf9, 0x90, 0x7f, 0xf0, 0x44,
    0x6, 0x20, 0xc1, 0x0,

    /* U+83C7 "菇" */
    0x8, 0x8f, 0xff, 0x8, 0x83, 0x8, 0x20, 0x8f,
    0xbf, 0x28, 0x84, 0x88, 0x4b, 0xe3, 0x22, 0x6b,
    0xec, 0x22,

    /* U+83CA "菊" */
    0x9, 0xf, 0xff, 0x29, 0x2, 0x0, 0x7f, 0xec,
    0x52, 0x17, 0x27, 0xfa, 0xc, 0x21, 0x72, 0x64,
    0x20, 0x4e,

    /* U+83CC "菌" */
    0x9, 0xf, 0xff, 0x9, 0x7, 0xfe, 0x40, 0x25,
    0xfa, 0x46, 0x25, 0xfa, 0x47, 0x25, 0xea, 0x46,
    0x27, 0xfe,

    /* U+83DC "菜" */
    0x8, 0x87, 0xff, 0xc2, 0x20, 0x0, 0x47, 0xff,
    0x19, 0x30, 0x6b, 0x1f, 0xff, 0xf, 0x80, 0xd6,
    0x1c, 0x9c, 0x84, 0x0,

    /* U+83E0 "菠" */
    0x8, 0x87, 0xff, 0xc2, 0x20, 0xc1, 0x1, 0xff,
    0x66, 0x49, 0xb2, 0x1, 0xfc, 0x2b, 0x23, 0x4b,
    0x12, 0x31, 0xae, 0x70,

    /* U+83E9 "菩" */
    0x19, 0x8f, 0xff, 0x1b, 0x80, 0x20, 0x7f, 0xe1,
    0x98, 0xff, 0xf0, 0x0, 0x3f, 0xc2, 0x4, 0x3f,
    0xc2, 0x4,

    /* U+83F1 "菱" */
    0x11, 0xf, 0xff, 0x15, 0x7, 0xfe, 0x4, 0xf,
    0xff, 0x31, 0x86, 0xce, 0x9f, 0xa2, 0x90, 0x46,
    0x3, 0xff, 0xe0, 0x60,

    /* U+83F2 "菲" */
    0x9, 0xf, 0xff, 0x9, 0x0, 0x90, 0xf9, 0xf0,
    0x90, 0x9, 0x7, 0x9e, 0x9, 0xf, 0x9f, 0x9,
    0x0, 0x90,

    /* U+8404 "萄" */
    0x8, 0x87, 0xff, 0xca, 0x20, 0x7f, 0xe5, 0x83,
    0x5f, 0xd8, 0x90, 0xdf, 0xf6, 0x44, 0x33, 0x25,
    0x9f, 0xec, 0x0, 0xe0, 0x4, 0x0,

    /* U+840C "萌" */
    0x8, 0x8f, 0xff, 0x8, 0x87, 0x9e, 0x49, 0x24,
    0x9e, 0x79, 0xe4, 0x92, 0x49, 0xe7, 0xb2, 0x4a,
    0x20, 0xc6,

    /* U+840D "萍" */
    0x8, 0x87, 0xff, 0xc2, 0x20, 0x40, 0x3, 0x7f,
    0xa0, 0x41, 0x92, 0xc0, 0x14, 0x3f, 0xf9, 0x4,
    0x18, 0x20, 0x1, 0x0,

    /* U+840E "萎" */
    0x19, 0xf, 0xff, 0x19, 0x7, 0xfc, 0x4, 0xf,
    0xff, 0x1d, 0x8e, 0xc6, 0xff, 0xf1, 0x18, 0xf,
    0xf, 0x8e,

    /* U+841D "萝" */
    0x9, 0xf, 0xff, 0x9, 0x7, 0xfe, 0x49, 0x24,
    0x92, 0x7f, 0xe0, 0x80, 0x1f, 0xc6, 0xc, 0x4d,
    0x80, 0xe0, 0x70, 0x0,

    /* U+8424 "萤" */
    0x8, 0x87, 0xff, 0xc2, 0x20, 0xff, 0xe4, 0x1,
    0x1, 0x0, 0xff, 0x84, 0x44, 0x3f, 0xe1, 0x12,
    0x0, 0x88, 0xff, 0xc4, 0x1, 0x0,

    /* U+8425 "营" */
    0x11, 0xf, 0xff, 0x11, 0xf, 0xff, 0x80, 0x3b,
    0xfb, 0x20, 0x83, 0xf8, 0x0, 0x7, 0xfc, 0x40,
    0x47, 0xfc,

    /* U+8427 "萧" */
    0x11, 0xf, 0xfe, 0x11, 0x7, 0xfc, 0x4, 0x4f,
    0xff, 0x7f, 0xc0, 0x40, 0x55, 0x45, 0x54, 0x54,
    0x48, 0x44,

    /* U+8428 "萨" */
    0x8, 0x8f, 0xff, 0x8, 0x87, 0x88, 0x4f, 0xf5,
    0x36, 0x51, 0x45, 0x3f, 0x4a, 0x5, 0x60, 0x44,
    0x4, 0x80,

    /* U+843D "落" */
    0x8, 0x87, 0xff, 0xc2, 0x20, 0x47, 0xc1, 0x66,
    0x25, 0xa1, 0x86, 0x1, 0xef, 0x27, 0xe1, 0x21,
    0x19, 0x8, 0x8f, 0xc0,

    /* U+8457 "著" */
    0x8, 0x83, 0xff, 0x82, 0x20, 0x3f, 0x60, 0x24,
    0x3f, 0xfc, 0x8, 0x3, 0xfc, 0x70, 0x20, 0xff,
    0x4, 0x8, 0x3f, 0xc0,

    /* U+845B "葛" */
    0x4, 0x83, 0xff, 0xc1, 0x20, 0x76, 0xc3, 0xfe,
    0x10, 0x10, 0x7f, 0x7, 0xfe, 0x42, 0x11, 0x2e,
    0x8a, 0x14, 0x7f, 0xe0, 0x3, 0x0,

    /* U+8461 "葡" */
    0x8, 0x87, 0xff, 0xce, 0x20, 0x7f, 0xe6, 0x49,
    0x4f, 0xa8, 0xff, 0x44, 0x8a, 0x3f, 0xd1, 0xfe,
    0x89, 0x14, 0x4b, 0x60, 0x2, 0x0,

    /* U+8463 "董" */
    0x8, 0x87, 0xff, 0xc2, 0x20, 0xff, 0xcf, 0xff,
    0x81, 0x1, 0xff, 0x8f, 0xfc, 0x62, 0x20, 0xfe,
    0x1f, 0xf9, 0xff, 0xf0,

    /* U+846B "葫" */
    0x9, 0x8f, 0xff, 0x9, 0x81, 0x0, 0x11, 0xff,
    0xd1, 0x11, 0xf7, 0xd1, 0x45, 0xf7, 0xd1, 0x42,
    0x10, 0x43,

    /* U+846C "葬" */
    0x9, 0xf, 0xff, 0x9, 0x7, 0xff, 0x11, 0x3,
    0xde, 0x55, 0x11, 0x1f, 0x6c, 0x8f, 0xff, 0x8,
    0x87, 0x8,

    /* U+8471 "葱" */
    0x9, 0xf, 0xff, 0x9, 0x3, 0x0, 0x3f, 0xe4,
    0xd2, 0x1e, 0x26, 0x72, 0xa, 0xc5, 0xa2, 0x5a,
    0x94, 0xf8,

    /* U+8475 "葵" */
    0x9, 0x7, 0xff, 0x82, 0x40, 0xf5, 0x0, 0x92,
    0x18, 0xe0, 0xff, 0x98, 0xc6, 0x3f, 0xc0, 0x30,
    0xe, 0x70, 0xc0, 0xc0,

    /* U+8482 "蒂" */
    0x11, 0xf, 0xff, 0x11, 0x0, 0x40, 0xff, 0xe1,
    0x18, 0xff, 0xf8, 0x41, 0x7f, 0xc2, 0x44, 0x24,
    0x46, 0x4c,

    /* U+848B "蒋" */
    0x8, 0x8f, 0xff, 0x8, 0x81, 0x30, 0x93, 0xed,
    0x74, 0x50, 0x81, 0x32, 0x77, 0xfd, 0x32, 0x91,
    0x21, 0x6,

    /* U+8499 "蒙" */
    0x11, 0xf, 0xff, 0xff, 0xe8, 0x2, 0x3f, 0x8f,
    0xfe, 0xc, 0xf, 0xf8, 0x36, 0x8c, 0xac, 0x72,
    0x78, 0xe0,

    /* U+849C "蒜" */
    0x4, 0x41, 0xff, 0xe0, 0x44, 0x0, 0x0, 0x3e,
    0xf8, 0x0, 0x7, 0xff, 0x82, 0x18, 0x2a, 0xf1,
    0xad, 0xa4, 0x96, 0xc6, 0x10,

    /* U+84B2 "蒲" */
    0x8, 0x8f, 0xff, 0x8, 0x86, 0x16, 0x2f, 0xbc,
    0xfe, 0x9, 0x20, 0xfe, 0x29, 0x22, 0xfe, 0x49,
    0x24, 0x96,

    /* U+84B8 "蒸" */
    0x4, 0x83, 0xff, 0xc1, 0x20, 0x3f, 0xc0, 0xd,
    0x3f, 0xd8, 0x2b, 0x2, 0x4e, 0xe2, 0x18, 0x7f,
    0xc, 0x24, 0x49, 0x36, 0x40, 0x0,

    /* U+84BF "蒿" */
    0x11, 0xf, 0xff, 0x15, 0xf, 0xff, 0x3f, 0x82,
    0x8, 0x3f, 0x87, 0xfe, 0x40, 0x25, 0xf2, 0x5f,
    0x24, 0x6,

    /* U+84C4 "蓄" */
    0x11, 0xf, 0xff, 0x11, 0xf, 0xff, 0x10, 0x82,
    0xf4, 0x38, 0x66, 0xfa, 0x3f, 0xc2, 0x44, 0x3f,
    0xc3, 0xfc,

    /* U+84C9 "蓉" */
    0x8, 0x83, 0xff, 0xc2, 0xa0, 0xff, 0xe4, 0x89,
    0x9, 0x20, 0x94, 0x3, 0x18, 0xff, 0xf2, 0x82,
    0x4, 0x10, 0x3f, 0x80,

    /* U+84D6 "蓖" */
    0x11, 0xf, 0xff, 0x15, 0x7, 0xfc, 0x59, 0x44,
    0xe4, 0x51, 0x47, 0xfc, 0x42, 0x47, 0xae, 0x43,
    0x27, 0xbe,

    /* U+84DD "蓝" */
    0x8, 0x87, 0xff, 0xc2, 0x20, 0x41, 0x2, 0x88,
    0x14, 0xfc, 0xad, 0x0, 0x0, 0x3f, 0xe1, 0x45,
    0xa, 0x29, 0xff, 0xf0,

    /* U+84EC "蓬" */
    0x8, 0x87, 0xff, 0xc2, 0xa0, 0x4f, 0xc0, 0x98,
    0x7f, 0xb8, 0x9f, 0x84, 0x20, 0x27, 0xc1, 0x7f,
    0x9c, 0x41, 0x1f, 0xe0,

    /* U+8511 "蔑" */
    0x9, 0xf, 0xff, 0x9, 0x7, 0xfe, 0x49, 0x27,
    0xfe, 0x2, 0x47, 0xfe, 0x41, 0x47, 0x1c, 0x43,
    0x98, 0x47,

    /* U+8513 "蔓" */
    0x9, 0xf, 0xff, 0x3f, 0xc3, 0xfc, 0x20, 0x41,
    0xf8, 0x7f, 0xe4, 0x92, 0x7f, 0xe3, 0xfc, 0x19,
    0xf, 0x7e,

    /* U+8517 "蔗" */
    0x8, 0x87, 0xff, 0xc2, 0x20, 0x7f, 0xf2, 0x0,
    0x12, 0x20, 0xbf, 0xe4, 0x88, 0x27, 0xc2, 0x0,
    0x14, 0xa5, 0xa5, 0x30,

    /* U+851A "蔚" */
    0x4, 0x83, 0xff, 0xc1, 0x20, 0x7e, 0x22, 0x11,
    0x1f, 0xfc, 0x80, 0x45, 0xea, 0x3f, 0x52, 0x18,
    0x96, 0xa4, 0x8, 0x60,

    /* U+852B "蔫" */
    0x9, 0xf, 0xff, 0x9, 0x7, 0xfe, 0x26, 0xf,
    0xff, 0x20, 0x3, 0xfe, 0x3f, 0xe0, 0x1a, 0x52,
    0xa0, 0x6,

    /* U+852C "蔬" */
    0x8, 0x83, 0xff, 0xe0, 0x88, 0x0, 0x10, 0x7b,
    0xf8, 0x42, 0x81, 0x31, 0x16, 0xfa, 0x52, 0xa1,
    0x4a, 0x87, 0xea, 0x81, 0x2e,

    /* U+853C "蔼" */
    0x8, 0x87, 0xff, 0xc2, 0x20, 0x4e, 0xe2, 0x7f,
    0x72, 0x8, 0x8f, 0x84, 0xff, 0x28, 0x89, 0x2b,
    0x4d, 0x86, 0x4f, 0xe0,

    /* U+853D "蔽" */
    0x11, 0xf, 0xff, 0x1, 0x5, 0x58, 0x59, 0xff,
    0xf2, 0x97, 0x6b, 0xd4, 0xdd, 0x4d, 0xcc, 0x95,
    0xc9, 0xf3,

    /* U+8549 "蕉" */
    0x11, 0xf, 0xff, 0x13, 0x3, 0x20, 0x3f, 0xe6,
    0x20, 0xbf, 0xc3, 0xfe, 0x22, 0x3, 0xff, 0x60,
    0x4, 0x92, 0x88, 0x20,

    /* U+854A "蕊" */
    0x8, 0x87, 0xff, 0xc2, 0x20, 0x6, 0x42, 0x93,
    0x14, 0x28, 0x3e, 0x2, 0x4, 0xf5, 0xbd, 0x2c,
    0x6a, 0xe6, 0x71, 0xc0,

    /* U+8574 "蕴" */
    0x9, 0x8f, 0xff, 0x9, 0x2, 0x7e, 0x66, 0x25,
    0xfe, 0xf6, 0x22, 0x1c, 0xf7, 0xf0, 0x55, 0xf5,
    0x58, 0xff,

    /* U+857E "蕾" */
    0xff, 0xf1, 0x10, 0x7f, 0xe8, 0x41, 0xff, 0xfb,
    0x5d, 0x45, 0x23, 0x4c, 0x7f, 0xe4, 0x42, 0x7f,
    0xe7, 0xfe,

    /* U+8584 "薄" */
    0x8, 0x8f, 0xff, 0x9, 0xc7, 0xff, 0x1, 0xc,
    0xfe, 0x4f, 0xe0, 0xfe, 0x69, 0x65, 0xff, 0xc4,
    0x40, 0xc,

    /* U+8587 "薇" */
    0x8, 0x87, 0xff, 0xc2, 0x20, 0x64, 0x42, 0xac,
    0x27, 0xfc, 0xc2, 0x44, 0xea, 0xef, 0x51, 0x6d,
    0xa, 0x9c, 0x43, 0x10,

    /* U+859B "薛" */
    0x9, 0xf, 0xff, 0x9, 0x2, 0x8, 0x7b, 0xf4,
    0x82, 0x79, 0x64, 0x7f, 0x78, 0x84, 0xbf, 0x78,
    0x84, 0x88,

    /* U+85AA "薪" */
    0x19, 0xf, 0xff, 0x19, 0x1, 0x6, 0xfd, 0xf4,
    0x90, 0xfd, 0xf1, 0x14, 0xfd, 0x45, 0x14, 0x96,
    0x43, 0x64,

    /* U+85AF "薯" */
    0x8, 0x83, 0xff, 0x8f, 0xf8, 0x59, 0x41, 0x74,
    0xf, 0xf0, 0x13, 0xf, 0x66, 0x1f, 0xe7, 0x81,
    0x7, 0xf8, 0x3f, 0xc0,

    /* U+85CF "藏" */
    0xc, 0x83, 0xff, 0xc3, 0x24, 0xbf, 0xf5, 0x4,
    0x3b, 0xec, 0x55, 0x5e, 0xda, 0x57, 0xa2, 0xa9,
    0x15, 0xf6, 0x41, 0x30,

    /* U+85D0 "藐" */
    0x8, 0x87, 0xff, 0xc2, 0x20, 0x61, 0xd, 0xbf,
    0x2d, 0xb, 0xcf, 0xc5, 0x7e, 0xd9, 0x41, 0x4a,
    0x32, 0xd2, 0x7c, 0xf0,

    /* U+85D5 "藕" */
    0x9, 0xf, 0xff, 0x2f, 0xef, 0xd2, 0x27, 0xef,
    0xd2, 0x27, 0xef, 0x90, 0x27, 0xf7, 0x55, 0xaf,
    0xd2, 0x43,

    /* U+85E4 "藤" */
    0x4, 0x41, 0xff, 0xf0, 0x44, 0xe, 0x54, 0x2b,
    0xf8, 0xe1, 0x2, 0xbf, 0x8a, 0x68, 0x3b, 0x5d,
    0xa7, 0xc4, 0xbf, 0x16, 0x30,

    /* U+85FB "藻" */
    0x8, 0x87, 0xff, 0xc2, 0x20, 0x6f, 0xc1, 0xe2,
    0x23, 0xf1, 0xbd, 0xc1, 0x32, 0x26, 0x63, 0x7f,
    0xd0, 0xb8, 0x99, 0x30,

    /* U+8611 "蘑" */
    0x8, 0x83, 0xff, 0xc2, 0xa0, 0xff, 0xf4, 0x44,
    0x2e, 0xf9, 0x57, 0x48, 0x20, 0x5f, 0xf2, 0x60,
    0x16, 0xf9, 0x4f, 0xc0,

    /* U+8638 "蘸" */
    0x19, 0x7, 0xff, 0x86, 0x51, 0xfa, 0x85, 0x1f,
    0x7f, 0xab, 0x57, 0x9a, 0xbe, 0xcd, 0x47, 0xef,
    0xbf, 0xb5, 0xd, 0x60,

    /* U+864E "虎" */
    0x2, 0x0, 0x1f, 0x80, 0x80, 0x7f, 0xe3, 0xfc,
    0x19, 0x8, 0x8f, 0xc4, 0x0, 0x27, 0xc3, 0x22,
    0x13, 0x12, 0xb0, 0xf0,

    /* U+864F "虏" */
    0x2, 0x0, 0x1f, 0xf, 0xfe, 0x44, 0x22, 0x3c,
    0x17, 0xe0, 0x88, 0xc4, 0x38, 0x2f, 0xf2, 0x11,
    0x91, 0x89, 0xb0, 0xc0,

    /* U+8650 "虐" */
    0x2, 0x0, 0x1f, 0xc8, 0x80, 0x7f, 0xf2, 0xfe,
    0x11, 0xc, 0x87, 0xc4, 0x81, 0x27, 0xf1, 0xff,
    0xd9, 0x0, 0x8f, 0xf0, 0x0, 0x0,

    /* U+8651 "虑" */
    0x4, 0x0, 0x7e, 0x4, 0x7, 0xff, 0x44, 0x35,
    0xf8, 0x42, 0x64, 0x3c, 0x55, 0x25, 0x52, 0xb4,
    0x58, 0x78,

    /* U+865A "虚" */
    0x2, 0x0, 0x1f, 0x80, 0x80, 0x7f, 0xe2, 0x21,
    0x17, 0xe8, 0x8f, 0x84, 0x50, 0x3a, 0x91, 0x55,
    0x10, 0xa0, 0xbf, 0xf0,

    /* U+866B "虫" */
    0x4, 0x0, 0x81, 0xff, 0x22, 0x24, 0x44, 0x88,
    0x9f, 0xf2, 0x22, 0x4, 0x80, 0x8b, 0xff, 0xc0,
    0x10,

    /* U+8671 "虱" */
    0xff, 0xc0, 0x2, 0x1, 0xd0, 0xf0, 0x80, 0x84,
    0x3f, 0xa1, 0x25, 0xf, 0xe8, 0x49, 0x42, 0x4b,
    0x7, 0xef, 0xc1, 0x60, 0x0, 0x0,

    /* U+8679 "虹" */
    0x10, 0x0, 0x8f, 0xdf, 0x10, 0xa8, 0x85, 0x44,
    0x2a, 0x21, 0x51, 0xf, 0x88, 0x54, 0x40, 0xa2,
    0xf, 0x11, 0x83, 0xf0,

    /* U+867D "虽" */
    0x3f, 0xc2, 0x4, 0x20, 0x43, 0xfc, 0x4, 0x7,
    0xfe, 0x44, 0x24, 0x42, 0x7f, 0xe4, 0x40, 0xff,
    0xf8, 0x1,

    /* U+867E "虾" */
    0x10, 0x0, 0xbf, 0x9f, 0x20, 0xa9, 0x5, 0x4a,
    0x2a, 0x51, 0xf2, 0xca, 0x12, 0x14, 0x90, 0xa4,
    0x1e, 0xa0, 0x1, 0x0,

    /* U+8680 "蚀" */
    0x30, 0x81, 0x4, 0xf, 0x20, 0x97, 0xe5, 0xa9,
    0x51, 0x48, 0x8a, 0x44, 0x7e, 0x22, 0x91, 0x44,
    0x8c, 0x24, 0xcf, 0xe0, 0x1, 0x0,

    /* U+8681 "蚁" */
    0x21, 0x1, 0x5, 0x3e, 0xad, 0x54, 0x4a, 0xa2,
    0x55, 0x33, 0xed, 0x95, 0x28, 0x29, 0xc1, 0xee,
    0x30, 0xdc, 0x18, 0x20,

    /* U+8682 "蚂" */
    0x10, 0x0, 0x8f, 0x9f, 0x68, 0xaa, 0x45, 0x52,
    0x2a, 0x91, 0xf7, 0xea, 0x3, 0x14, 0x18, 0xaf,
    0xff, 0x4, 0x0, 0x60, 0x0, 0x0,

    /* U+868A "蚊" */
    0x21, 0x2, 0x8, 0x20, 0x8f, 0xff, 0xa8, 0x4a,
    0xa4, 0xfa, 0x4a, 0x94, 0x29, 0x83, 0x98, 0xc2,
    0x60, 0xc3,

    /* U+868C "蚌" */
    0x20, 0x82, 0x8, 0xff, 0xfa, 0x88, 0xa8, 0x8a,
    0xbf, 0xf8, 0x8a, 0x8, 0x2f, 0xf3, 0x88, 0xc4,
    0x80, 0x8,

    /* U+8693 "蚓" */
    0x20, 0x12, 0x79, 0xf8, 0x9a, 0x89, 0xab, 0x9a,
    0xa1, 0xfb, 0x9a, 0x89, 0x20, 0x92, 0x89, 0xf8,
    0x90, 0x31,

    /* U+8695 "蚕" */
    0x3f, 0xf0, 0x8, 0x0, 0x20, 0x1f, 0xfe, 0xc,
    0x80, 0x6d, 0x87, 0xff, 0x84, 0x88, 0x1f, 0xe0,
    0x48, 0x0, 0x22, 0xf, 0xfc, 0x0, 0x10,

    /* U+869C "蚜" */
    0x13, 0xf8, 0x81, 0x1f, 0x48, 0xaa, 0x45, 0x52,
    0x2a, 0xfd, 0xf1, 0x8a, 0x14, 0x14, 0xa0, 0xe9,
    0x19, 0xc8, 0xd, 0xc0, 0x4, 0x0,

    /* U+86A3 "蚣" */
    0x21, 0x41, 0xa, 0x8, 0x51, 0xf4, 0x4a, 0xa3,
    0x57, 0x4b, 0xe2, 0x15, 0x20, 0xa1, 0x1, 0x4b,
    0xe, 0x89, 0x8f, 0xe0, 0x0, 0x0,

    /* U+86A4 "蚤" */
    0x7f, 0xe0, 0x92, 0x2, 0xa0, 0xe, 0x7, 0xdf,
    0xe1, 0x4, 0xff, 0x84, 0x44, 0x22, 0x21, 0xff,
    0x8, 0x98, 0xff, 0xe0, 0x0, 0x0,

    /* U+86AA "蚪" */
    0x20, 0x42, 0x34, 0xf9, 0x4a, 0x84, 0xaa, 0x4a,
    0xb4, 0xf9, 0x4a, 0xf, 0x2b, 0x4f, 0xc4, 0x80,
    0x40, 0x4,

    /* U+86AF "蚯" */
    0x10, 0x10, 0x8f, 0x84, 0x40, 0xfa, 0x5, 0x50,
    0x2a, 0xfd, 0xf4, 0x8a, 0xa4, 0x15, 0x20, 0xa9,
    0x3f, 0xc8, 0x87, 0xf0,

    /* U+86C0 "蛀" */
    0x10, 0x40, 0x82, 0x4, 0x0, 0xfb, 0xf5, 0x44,
    0x2a, 0x21, 0x51, 0xf, 0xbe, 0x50, 0x40, 0xa2,
    0x7, 0x90, 0xc7, 0xf0,

    /* U+86C6 "蛆" */
    0x20, 0x2, 0x3e, 0x22, 0x2f, 0xa2, 0xab, 0xea,
    0xa2, 0xaa, 0x2f, 0xa2, 0xa3, 0xe2, 0xa2, 0x7a,
    0x28, 0x7f,

    /* U+86C7 "蛇" */
    0x10, 0x40, 0x82, 0x4, 0x7e, 0xfb, 0xf5, 0x50,
    0xaa, 0x41, 0xf2, 0xca, 0x9c, 0x50, 0xc0, 0xa4,
    0x3f, 0x26, 0x1, 0xe0,

    /* U+86C9 "蛉" */
    0x10, 0x40, 0x43, 0x7, 0xca, 0x15, 0x4c, 0x55,
    0x59, 0x59, 0x27, 0xc0, 0x15, 0x7c, 0x14, 0x10,
    0x52, 0x8f, 0xe6, 0x0, 0x8,

    /* U+86CB "蛋" */
    0xff, 0xe0, 0x42, 0x27, 0xc3, 0x40, 0x4d, 0xf8,
    0x60, 0x7f, 0xc4, 0x44, 0x7f, 0xc0, 0x4c, 0xff,
    0xe0, 0x2,

    /* U+86D4 "蛔" */
    0x10, 0x0, 0x9f, 0xde, 0x82, 0xb5, 0xd5, 0xaa,
    0xad, 0x55, 0xea, 0xaa, 0xd5, 0x52, 0xe8, 0xd0,
    0x5d, 0xfe, 0x4, 0x10,

    /* U+86D9 "蛙" */
    0x20, 0x82, 0x8, 0xfb, 0xfa, 0x88, 0xa8, 0x8a,
    0xff, 0xf8, 0x8a, 0x88, 0x2b, 0xf2, 0x88, 0xf8,
    0x80, 0x7f,

    /* U+86DB "蛛" */
    0x10, 0x40, 0x45, 0x7, 0xdf, 0x95, 0x90, 0x54,
    0x41, 0x5f, 0xe7, 0xce, 0x14, 0x38, 0x15, 0x53,
    0xf5, 0x40, 0x64, 0x80, 0x10,

    /* U+86E4 "蛤" */
    0x20, 0x81, 0xe, 0x8, 0x51, 0xf6, 0xca, 0xa3,
    0x55, 0xea, 0xa0, 0x1f, 0x7c, 0xa2, 0x21, 0x51,
    0x3d, 0xf8, 0x4, 0x40,

    /* U+86EE "蛮" */
    0x4, 0x1f, 0xfc, 0x24, 0x34, 0xec, 0x97, 0x8,
    0x5f, 0xf2, 0x22, 0x7f, 0xc8, 0x80, 0x13, 0x7f,
    0xe0, 0x2,

    /* U+86F9 "蛹" */
    0x23, 0xf2, 0x2, 0xf9, 0xca, 0xbf, 0xaa, 0x9a,
    0xa9, 0xab, 0xff, 0xa9, 0x2b, 0xf2, 0xa9, 0xfa,
    0x90, 0x2b,

    /* U+86FE "蛾" */
    0x20, 0x41, 0x3a, 0xbe, 0x95, 0x54, 0x8a, 0xff,
    0x55, 0x23, 0xed, 0x54, 0xcc, 0x2a, 0x21, 0xd3,
    0x32, 0xe6, 0x8, 0x20, 0x0, 0x0,

    /* U+8700 "蜀" */
    0x3f, 0xf2, 0x49, 0x3f, 0xf1, 0x80, 0x3f, 0xf6,
    0x21, 0x9f, 0xd1, 0x25, 0x1f, 0xd0, 0x29, 0x7f,
    0xd0, 0x3, 0x0, 0x0,

    /* U+8702 "蜂" */
    0x21, 0x2, 0x3e, 0xfb, 0x4a, 0xcc, 0xa9, 0xca,
    0xf3, 0xa8, 0x8f, 0xbe, 0x2b, 0xe2, 0x88, 0xff,
    0xf0, 0x8,

    /* U+8708 "蜈" */
    0x23, 0xe1, 0x11, 0x3e, 0x89, 0x57, 0xca, 0x80,
    0x55, 0xf3, 0xe2, 0x14, 0xfe, 0x28, 0x87, 0xea,
    0x20, 0xcc, 0x8, 0x20,

    /* U+8712 "蜒" */
    0x10, 0x8, 0x4f, 0xc7, 0xd1, 0x15, 0x94, 0x56,
    0x59, 0x5f, 0x47, 0xd5, 0x14, 0xd4, 0x17, 0x78,
    0xfc, 0x4, 0x2f, 0x81, 0x0,

    /* U+8713 "蜓" */
    0x20, 0x2, 0x7f, 0xfa, 0x4a, 0xa4, 0xac, 0xfa,
    0xe4, 0xfa, 0x4a, 0xe4, 0x2e, 0xff, 0xa0, 0x85,
    0xf0, 0x82,

    /* U+8715 "蜕" */
    0x22, 0x21, 0xb, 0x8, 0x11, 0xf7, 0xca, 0xa2,
    0x55, 0x13, 0xef, 0x94, 0x28, 0x29, 0x41, 0xea,
    0x39, 0x92, 0xc, 0xe0, 0x40, 0x0,

    /* U+8717 "蜗" */
    0x10, 0x0, 0x8f, 0x9f, 0x44, 0xab, 0xe5, 0x44,
    0x2a, 0xfd, 0xf5, 0x6a, 0xab, 0x15, 0xb8, 0xed,
    0xdd, 0xc6, 0x2, 0x70,

    /* U+8718 "蜘" */
    0x12, 0x0, 0x90, 0x1f, 0xee, 0xaa, 0x55, 0x52,
    0xab, 0xd5, 0xf4, 0xaa, 0xa5, 0x17, 0xaf, 0xf7,
    0xc1, 0x8a, 0x8, 0x0,

    /* U+871C "蜜" */
    0x4, 0x1f, 0xfe, 0x24, 0x86, 0x85, 0x67, 0xb9,
    0x5f, 0xc7, 0xfe, 0x44, 0x4f, 0xf9, 0x12, 0x7f,
    0xf0, 0x0,

    /* U+8721 "蜡" */
    0x10, 0xa0, 0x95, 0x5f, 0xfe, 0xa9, 0x45, 0x7f,
    0xaa, 0x1, 0xf7, 0xca, 0xa2, 0x15, 0xf1, 0xe8,
    0x90, 0x7c, 0x2, 0x20,

    /* U+873B "蜻" */
    0x20, 0x82, 0x7f, 0xf8, 0x8a, 0xff, 0xa8, 0x8a,
    0xb7, 0xfb, 0xea, 0xa2, 0x2b, 0xef, 0xbe, 0x82,
    0x20, 0x26,

    /* U+8747 "蝇" */
    0x10, 0x0, 0x9f, 0x84, 0xc4, 0xf7, 0xe5, 0x84,
    0x2d, 0xf9, 0x69, 0x4f, 0x7e, 0x5a, 0x50, 0xdf,
    0xbf, 0x90, 0x0, 0xf0,

    /* U+8749 "蝉" */
    0x10, 0xb0, 0x42, 0x87, 0xdf, 0x95, 0x52, 0x55,
    0xf9, 0x55, 0x27, 0xd4, 0x94, 0x7e, 0x14, 0x40,
    0x57, 0xf6, 0xe4, 0x0, 0x10,

    /* U+874C "蝌" */
    0x41, 0x24, 0xfa, 0xf2, 0x6d, 0x26, 0xd7, 0x2d,
    0x26, 0xf7, 0x6d, 0x62, 0x5a, 0xf5, 0xaa, 0xfa,
    0x20, 0x22,

    /* U+874E "蝎" */
    0x11, 0xf0, 0x88, 0x9f, 0x7c, 0xaa, 0x25, 0x5f,
    0x2a, 0x41, 0xf7, 0xea, 0xe9, 0x15, 0xab, 0xe8,
    0x40, 0x76, 0x0, 0x20,

    /* U+8757 "蝗" */
    0x10, 0x40, 0x8f, 0x9f, 0x44, 0xab, 0xe5, 0x51,
    0x2a, 0xf9, 0xf0, 0xa, 0xff, 0x50, 0x40, 0xbf,
    0x9f, 0x10, 0x7, 0xf0,

    /* U+8759 "蝙" */
    0x21, 0x82, 0x7f, 0xfc, 0x3a, 0xc3, 0xaf, 0xfa,
    0xc0, 0xff, 0xfa, 0x55, 0x2b, 0xf3, 0xd5, 0xcd,
    0x50, 0x43,

    /* U+8760 "蝠" */
    0x27, 0xf2, 0x0, 0xfb, 0xea, 0xa2, 0xab, 0xea,
    0x80, 0xfb, 0xea, 0xca, 0x2b, 0xe3, 0xca, 0xec,
    0xa0, 0x3e,

    /* U+8774 "蝴" */
    0x11, 0x0, 0x84, 0xe6, 0x92, 0x9e, 0xea, 0x69,
    0x39, 0xa4, 0xa7, 0xaa, 0x9a, 0xae, 0x2b, 0xa8,
    0xab, 0x27, 0x44, 0x80, 0x26,

    /* U+8776 "蝶" */
    0x24, 0xa1, 0x25, 0x3f, 0xfd, 0x59, 0x4a, 0xce,
    0x56, 0x3, 0xff, 0xd4, 0x10, 0x2f, 0xf1, 0x4e,
    0x3c, 0xac, 0x9, 0x20,

    /* U+8783 "螃" */
    0x20, 0x82, 0x7f, 0xf9, 0x2a, 0x94, 0xaf, 0xfa,
    0xc9, 0xf8, 0x8a, 0xb7, 0x29, 0xe3, 0x92, 0xc2,
    0x20, 0xc4,

    /* U+878D "融" */
    0x0, 0x8f, 0xc8, 0x7b, 0xe4, 0xaa, 0x7a, 0xa0,
    0x2a, 0xff, 0xeb, 0x68, 0xb4, 0xab, 0xca, 0xa4,
    0xe8, 0xf3,

    /* U+879F "螟" */
    0x20, 0x2, 0x7f, 0x24, 0x1f, 0xbe, 0xaa, 0x2a,
    0xbe, 0xfb, 0xea, 0x88, 0x2f, 0xf3, 0x80, 0xcb,
    0x70, 0x41,

    /* U+87BA "螺" */
    0x10, 0x0, 0x9f, 0x84, 0x94, 0xff, 0xe5, 0x65,
    0x2b, 0xf9, 0x52, 0x8f, 0xfc, 0x50, 0x80, 0xbf,
    0xbf, 0x10, 0x6, 0xa0, 0x4c, 0x0,

    /* U+87C0 "蟀" */
    0x20, 0x81, 0x1f, 0xbe, 0x21, 0x56, 0xaa, 0x9a,
    0x55, 0x6b, 0xf7, 0xf5, 0x10, 0x28, 0x81, 0x5f,
    0xbe, 0x20, 0x1, 0x0,

    /* U+87C6 "蟆" */
    0x21, 0x42, 0x7f, 0xf9, 0x4a, 0xbe, 0xaa, 0x2a,
    0xbe, 0xaa, 0x2f, 0x3e, 0x28, 0x82, 0xff, 0x79,
    0x48, 0x26, 0x4, 0x0,

    /* U+87CB "蟋" */
    0x40, 0x22, 0x3e, 0x3c, 0xa9, 0xa1, 0xd, 0x7f,
    0x69, 0x63, 0xda, 0xda, 0x82, 0x53, 0xe2, 0xaa,
    0xbf, 0x4c, 0xb, 0xc0,

    /* U+87F9 "蟹" */
    0x20, 0x3, 0x9f, 0x50, 0xaf, 0xd6, 0x54, 0x47,
    0xdf, 0x7c, 0x4d, 0x5f, 0x8c, 0x43, 0xfe, 0x3f,
    0xc2, 0x4c, 0xff, 0xe0, 0x2,

    /* U+8815 "蠕" */
    0x47, 0xf4, 0x8, 0xf7, 0xfd, 0x49, 0xd0, 0x8d,
    0x6a, 0xf7, 0xfd, 0x8, 0x57, 0xf5, 0x55, 0xfd,
    0x50, 0x57,

    /* U+8822 "蠢" */
    0x3f, 0xf0, 0x10, 0xf, 0xf8, 0xff, 0xf1, 0xfe,
    0x34, 0x2d, 0x3f, 0x21, 0xf8, 0x7b, 0x3b, 0xff,
    0xd2, 0x48, 0xff, 0xf0,

    /* U+8840 "血" */
    0x6, 0x0, 0x30, 0x1, 0x0, 0x7f, 0xc2, 0x5a,
    0x12, 0xd0, 0x96, 0x84, 0xb4, 0x25, 0xa1, 0x2d,
    0x9, 0x69, 0xff, 0xf0,

    /* U+8845 "衅" */
    0x10, 0x20, 0x46, 0xa7, 0xea, 0x9a, 0xaa, 0x6a,
    0x21, 0xaf, 0xe6, 0xa2, 0x1a, 0x88, 0x6b, 0xfd,
    0xbc, 0x8f, 0x2, 0x0, 0x8,

    /* U+884C "行" */
    0x20, 0x2, 0x3f, 0x40, 0x9, 0x0, 0x27, 0xf6,
    0x4, 0xe0, 0x4a, 0x4, 0x20, 0x42, 0x4, 0x20,
    0x42, 0xc,

    /* U+884D "衍" */
    0x10, 0x1, 0x37, 0x90, 0x0, 0xa0, 0x2, 0x7f,
    0xb0, 0x13, 0x80, 0x84, 0x44, 0x26, 0x21, 0x21,
    0xb, 0x8, 0x40, 0xc0,

    /* U+8854 "衔" */
    0x1b, 0x1, 0x93, 0xd9, 0xe0, 0x30, 0x1, 0x7f,
    0x91, 0x9, 0x88, 0x5d, 0xf2, 0x22, 0x11, 0x14,
    0x88, 0xc4, 0x40, 0x40,

    /* U+8857 "街" */
    0x32, 0x1, 0x11, 0xd3, 0xe0, 0x24, 0x2, 0xfb,
    0x91, 0x9, 0x88, 0x55, 0xf2, 0x22, 0x11, 0x1c,
    0x8b, 0x4, 0x40, 0xe0,

    /* U+8859 "衙" */
    0x30, 0x1, 0x7d, 0xd1, 0x0, 0xbf, 0x2, 0x57,
    0xb7, 0xeb, 0x80, 0x45, 0xf2, 0x29, 0x91, 0x7c,
    0x8a, 0x64, 0x40, 0x60,

    /* U+8861 "衡" */
    0x24, 0x4, 0xf7, 0xf1, 0xd, 0xf0, 0x53, 0x75,
    0xf2, 0xd3, 0x24, 0xe2, 0x5f, 0xa4, 0x62, 0x59,
    0xa4, 0x6,

    /* U+8863 "衣" */
    0x2, 0x0, 0x18, 0x1f, 0xfe, 0xc, 0x0, 0x52,
    0x4, 0xb0, 0x65, 0x5, 0x10, 0xc8, 0xc0, 0x5b,
    0x83, 0x86, 0x10, 0x0,

    /* U+8865 "补" */
    0x10, 0x80, 0x84, 0x1e, 0x20, 0x11, 0x41, 0xa,
    0x1b, 0x59, 0xe2, 0x6a, 0x90, 0x10, 0x80, 0x84,
    0x4, 0x20, 0x21, 0x0,

    /* U+8868 "表" */
    0x1, 0x1, 0xff, 0x80, 0x40, 0x7f, 0xe0, 0x10,
    0x3f, 0xfc, 0x1c, 0x1, 0x94, 0x1c, 0xc3, 0x2b,
    0x1, 0x8e, 0x8, 0x0,

    /* U+8869 "衩" */
    0x20, 0x1, 0x21, 0x88, 0xf9, 0xf2, 0x41, 0x6a,
    0x11, 0x31, 0xa9, 0x1e, 0x48, 0xad, 0x81, 0xe,
    0x9, 0x9c, 0x50, 0x20,

    /* U+886B "衫" */
    0x20, 0x2, 0x6, 0x0, 0x4f, 0x98, 0x13, 0x22,
    0x6, 0x68, 0xcf, 0x38, 0xa8, 0x32, 0x6, 0x21,
    0x82, 0x60,

    /* U+886C "衬" */
    0x20, 0x43, 0x4, 0x8, 0x4f, 0x7f, 0x30, 0x42,
    0x84, 0x72, 0x4b, 0x94, 0x28, 0x42, 0x4, 0x20,
    0x42, 0xc,

    /* U+8870 "衰" */
    0x6, 0xf, 0xff, 0x0, 0x3, 0xfc, 0x20, 0x4f,
    0xff, 0x3f, 0xc0, 0xa0, 0x13, 0xcf, 0x58, 0x1c,
    0x71, 0x0,

    /* U+8877 "衷" */
    0x1, 0x0, 0x8, 0x1f, 0xfe, 0x6, 0x3, 0xff,
    0x19, 0x88, 0xcc, 0x47, 0xfe, 0x3, 0x0, 0x69,
    0xe, 0x30, 0x94, 0xc0, 0xc1, 0x84, 0x0,

    /* U+8881 "袁" */
    0x2, 0x1, 0xff, 0x80, 0x81, 0xff, 0xf0, 0x0,
    0x1f, 0xe0, 0x81, 0x7, 0xf8, 0xe, 0x41, 0xce,
    0x36, 0xa0, 0x3c, 0xe1, 0x0, 0x0,

    /* U+8884 "袄" */
    0x20, 0x1, 0x3, 0x80, 0xf0, 0xf1, 0x1, 0x8,
    0x18, 0x40, 0xaf, 0xcd, 0x18, 0xb9, 0xc1, 0x4a,
    0x8, 0xc8, 0x4c, 0x32, 0xc0, 0x0,

    /* U+888B "袋" */
    0x9, 0x40, 0x89, 0xc, 0x5e, 0xff, 0x5, 0xc,
    0x9, 0x3c, 0x44, 0x4f, 0xff, 0x5, 0x20, 0xcf,
    0x1e, 0x30, 0x9c, 0xf0, 0xc0, 0x80,

    /* U+888D "袍" */
    0x21, 0x1, 0x90, 0x3e, 0xfc, 0x2c, 0x23, 0xf9,
    0x17, 0x49, 0xca, 0x55, 0x72, 0x2a, 0x31, 0x10,
    0x8, 0x86, 0x47, 0xe0,

    /* U+8892 "袒" */
    0x20, 0x1, 0x1f, 0x80, 0x85, 0xf4, 0x21, 0x21,
    0x19, 0xf8, 0xb8, 0x4f, 0x42, 0xf2, 0x15, 0x5f,
    0x88, 0x0, 0x40, 0x2, 0x7f, 0x80,

    /* U+8896 "袖" */
    0x30, 0x81, 0x8, 0x0, 0x8f, 0x7f, 0x14, 0x92,
    0xc9, 0x77, 0xfb, 0x49, 0x24, 0x92, 0x49, 0x27,
    0xf2, 0x41,

    /* U+889C "袜" */
    0x20, 0x81, 0x4, 0x3f, 0xfe, 0x21, 0x3, 0x8,
    0x35, 0xfb, 0xc7, 0x17, 0x58, 0x22, 0xa1, 0x25,
    0x8a, 0x24, 0x41, 0x0,

    /* U+88AB "被" */
    0x60, 0x82, 0x8, 0xf7, 0xf2, 0x4a, 0x64, 0x85,
    0x7e, 0xe4, 0x47, 0x64, 0x4d, 0x44, 0x88, 0x5b,
    0x67, 0x63,

    /* U+88AD "袭" */
    0x4, 0x80, 0x48, 0xff, 0xf0, 0xa4, 0x1a, 0xc3,
    0x71, 0xeb, 0xf0, 0x60, 0xff, 0xf0, 0xa4, 0x11,
    0xcf, 0x4c, 0x18, 0x70, 0x0,

    /* U+88B1 "袱" */
    0x21, 0x41, 0x92, 0x9e, 0x94, 0x2c, 0x83, 0x7f,
    0x95, 0x21, 0xa9, 0xe, 0x54, 0x2a, 0xa1, 0x15,
    0x8, 0xe4, 0x46, 0x0,

    /* U+88C1 "裁" */
    0x8, 0x81, 0xf4, 0x82, 0x20, 0xff, 0xf0, 0x8,
    0x6, 0x69, 0xff, 0x43, 0xe, 0x36, 0x63, 0x93,
    0x17, 0x3a, 0x33, 0x70, 0x0, 0x80,

    /* U+88C2 "裂" */
    0x7f, 0x10, 0x42, 0x87, 0xd4, 0xc4, 0xa0, 0xc5,
    0x1d, 0x98, 0x84, 0xf, 0xff, 0x5, 0x20, 0xc7,
    0x1a, 0x98, 0x18, 0x70,

    /* U+88C5 "装" */
    0x4, 0x43, 0x22, 0xd, 0xfe, 0x18, 0x87, 0x5f,
    0x3, 0x0, 0x4, 0xf, 0xff, 0x5, 0x20, 0xeb,
    0x1d, 0x30, 0x1c, 0xf0, 0x81, 0x0,

    /* U+88C6 "裆" */
    0x20, 0x83, 0x29, 0xfa, 0xa1, 0xa, 0x30, 0x82,
    0x3f, 0x68, 0x1f, 0x1, 0xab, 0xf2, 0x1, 0x23,
    0xf2, 0x1,

    /* U+88C9 "裉" */
    0x20, 0x3, 0x3e, 0x2, 0x2f, 0x3e, 0x32, 0x22,
    0xa2, 0x6b, 0xeb, 0x28, 0x2e, 0xa2, 0x24, 0x23,
    0xe2, 0x20,

    /* U+88D5 "裕" */
    0x0, 0x1, 0x1a, 0x8, 0x89, 0xe9, 0x21, 0x18,
    0x11, 0xa1, 0xa9, 0x8e, 0x86, 0xb7, 0xe1, 0x71,
    0x9, 0x88, 0x4f, 0xc2, 0x62, 0x0,

    /* U+88D9 "裙" */
    0x20, 0x1, 0x1f, 0x80, 0x44, 0xf2, 0x21, 0x3f,
    0x98, 0x88, 0xaf, 0xde, 0x40, 0x2b, 0xf1, 0x30,
    0x8b, 0x84, 0x47, 0xe2, 0x21, 0x0,

    /* U+88E4 "裤" */
    0x20, 0x41, 0x82, 0x0, 0xfe, 0xf4, 0x81, 0x2f,
    0x95, 0x41, 0xaa, 0x8f, 0x5f, 0x2a, 0x21, 0x3f,
    0xc9, 0x8, 0x58, 0x40,

    /* U+88F3 "裳" */
    0x13, 0x20, 0x5a, 0x1d, 0x2e, 0xbf, 0xb1, 0x84,
    0xf, 0xe0, 0xc, 0xf, 0xff, 0x5, 0x20, 0xc7,
    0x3a, 0x30, 0x1c, 0x70, 0x80, 0x0,

    /* U+88F8 "裸" */
    0x20, 0x1, 0x9f, 0x80, 0xa4, 0xf5, 0x27, 0x3f,
    0x9, 0x48, 0x8f, 0xcd, 0x10, 0xf7, 0xf9, 0x4e,
    0x8, 0xa8, 0x49, 0x22, 0x88, 0x0,

    /* U+88F9 "裹" */
    0x2, 0xf, 0xff, 0x0, 0x3, 0xfc, 0x3f, 0xc3,
    0xfc, 0xff, 0xf1, 0xf8, 0xe4, 0x71, 0x9c, 0xec,
    0xc1, 0x83,

    /* U+8902 "褂" */
    0x22, 0x20, 0x8, 0x8f, 0x7a, 0x4, 0x8c, 0x22,
    0x31, 0xbe, 0xaf, 0x22, 0xad, 0xe8, 0x22, 0x20,
    0x8e, 0x82, 0xc2, 0x8, 0x8,

    /* U+8910 "褐" */
    0x20, 0x1, 0x9f, 0x80, 0x85, 0xf7, 0xe1, 0x21,
    0x11, 0xf9, 0xb4, 0x1e, 0x7f, 0xae, 0x91, 0x3e,
    0x88, 0x8c, 0x47, 0xa2, 0x3, 0x0,

    /* U+8912 "褒" */
    0x3, 0x3, 0xff, 0xc4, 0x0, 0x2f, 0xc2, 0x7e,
    0x30, 0x41, 0xbf, 0xc4, 0x58, 0x2c, 0xb0, 0x39,
    0x6, 0x30, 0xd4, 0xe0, 0xc1, 0x80,

    /* U+8925 "褥" */
    0x24, 0x1, 0xbf, 0xbd, 0xfc, 0x28, 0x2, 0x7f,
    0x32, 0xab, 0xd6, 0xf6, 0x84, 0x27, 0xf9, 0x6d,
    0xa, 0x8, 0x50, 0xc0,

    /* U+895F "襟" */
    0x31, 0x20, 0x9, 0x1e, 0xce, 0x2b, 0xe2, 0xd6,
    0x94, 0xd3, 0xcf, 0xd7, 0x0, 0x2f, 0xf9, 0x2,
    0x9, 0x9c, 0x49, 0x80,

    /* U+897F "西" */
    0xff, 0xf0, 0x90, 0x9, 0x0, 0x90, 0x7f, 0xe4,
    0x92, 0x49, 0x25, 0x12, 0x50, 0xa4, 0x2, 0x7f,
    0xe4, 0x2,

    /* U+8981 "要" */
    0xff, 0xf0, 0x90, 0x9, 0x7, 0xfe, 0x49, 0x27,
    0xfe, 0x4, 0xf, 0xff, 0x10, 0x81, 0xf0, 0xf,
    0xc6, 0x2,

    /* U+8986 "覆" */
    0xff, 0xf7, 0xfe, 0x49, 0x23, 0x6c, 0x2f, 0xfd,
    0xfe, 0x3f, 0xe6, 0x82, 0xe7, 0xca, 0xfe, 0x2a,
    0x83, 0xff,

    /* U+89C1 "见" */
    0x3f, 0xc2, 0x4, 0x20, 0x42, 0x24, 0x22, 0x42,
    0x24, 0x22, 0x42, 0x64, 0x6, 0x0, 0xa1, 0x71,
    0x3c, 0x1e,

    /* U+89C2 "观" */
    0x3, 0xf3, 0xd0, 0x82, 0x84, 0x95, 0x22, 0xa9,
    0xd, 0x48, 0x6a, 0x43, 0x1c, 0x25, 0x46, 0xa,
    0x1, 0x92, 0x8, 0xf0,

    /* U+89C4 "规" */
    0x10, 0x0, 0x9f, 0x9f, 0x84, 0x25, 0x21, 0x2d,
    0x3f, 0x68, 0x4b, 0x42, 0x5a, 0x38, 0xe1, 0x2f,
    0x18, 0xda, 0x9c, 0xe0,

    /* U+89C5 "觅" */
    0x0, 0x27, 0xff, 0x0, 0x42, 0x4c, 0x10, 0x83,
    0xfc, 0x20, 0x42, 0x44, 0x24, 0x42, 0x64, 0xa,
    0x21, 0xa3, 0xe3, 0xe0, 0x0,

    /* U+89C6 "视" */
    0x20, 0x1, 0x1f, 0x4, 0x88, 0x4, 0x47, 0x2a,
    0x9, 0x50, 0x8c, 0x8f, 0x64, 0xeb, 0xe1, 0xc,
    0x8, 0xa0, 0x4d, 0x22, 0xcf, 0x0,

    /* U+89C8 "览" */
    0x49, 0x2, 0x5f, 0x92, 0xa0, 0x91, 0x80, 0x82,
    0x1f, 0xe0, 0x81, 0x4, 0x88, 0x26, 0x40, 0x50,
    0x86, 0x85, 0xc7, 0xe0,

    /* U+89C9 "觉" */
    0x2, 0x43, 0x24, 0x10, 0x87, 0xff, 0x40, 0x11,
    0xfc, 0x10, 0x41, 0x24, 0x12, 0x40, 0x64, 0xe,
    0x17, 0x1f,

    /* U+89D2 "角" */
    0x8, 0x3, 0x0, 0xfe, 0x30, 0x8f, 0xff, 0x44,
    0x48, 0x89, 0xff, 0x22, 0x27, 0xfc, 0x88, 0xb1,
    0x1c, 0x26,

    /* U+89E3 "解" */
    0x20, 0x2, 0x1f, 0x79, 0xfc, 0x8a, 0xfd, 0x6d,
    0x54, 0x7d, 0xc5, 0x5f, 0x55, 0x47, 0xc4, 0x55,
    0xfd, 0x44, 0x8c, 0x40,

    /* U+89E6 "触" */
    0x30, 0x41, 0xc2, 0x12, 0x7d, 0xfa, 0xa5, 0x55,
    0x2a, 0xa9, 0xf5, 0x4a, 0xbe, 0x7d, 0x42, 0xa2,
    0x95, 0x15, 0x3b, 0xf0,

    /* U+8A00 "言" */
    0x6, 0x0, 0x20, 0xff, 0xf0, 0x0, 0x3f, 0xc0,
    0x0, 0x3f, 0xc0, 0x0, 0x3f, 0xc2, 0x4, 0x3f,
    0xc2, 0x4,

    /* U+8A89 "誉" */
    0x4, 0x2, 0x64, 0x0, 0x8f, 0xff, 0x11, 0x82,
    0x2c, 0xdd, 0x3b, 0xfc, 0x0, 0x1, 0xf8, 0x3f,
    0xc2, 0x4, 0x3f, 0xc0,

    /* U+8A8A "誊" */
    0x26, 0x40, 0xa4, 0x1f, 0xf8, 0x8, 0xf, 0xff,
    0x1f, 0xfb, 0x1, 0x43, 0xf0, 0x3f, 0xc1, 0x2,
    0xf, 0xf0, 0x7f, 0x80,

    /* U+8A93 "誓" */
    0x23, 0xef, 0xa0, 0x3b, 0xfe, 0x64, 0x64, 0x4f,
    0xff, 0x0, 0x43, 0xf8, 0x3f, 0xc2, 0x4, 0x3f,
    0xc3, 0xfc,

    /* U+8B66 "警" */
    0x28, 0x8f, 0xff, 0x7f, 0xaf, 0x4c, 0x57, 0xf2,
    0x60, 0xff, 0xf3, 0xfc, 0x3f, 0xc0, 0x0, 0x3f,
    0xc3, 0xfc,

    /* U+8B6C "譬" */
    0x0, 0x87, 0x88, 0x4b, 0xf7, 0x92, 0xfa, 0xff,
    0xbf, 0x6, 0x8f, 0xff, 0x3f, 0xc2, 0x4, 0x1f,
    0x83, 0xfc, 0x3f, 0xc0,

    /* U+8BA1 "计" */
    0x20, 0x81, 0x4, 0xc, 0x20, 0x1, 0xe, 0xff,
    0x90, 0x40, 0x82, 0x4, 0x10, 0x28, 0x81, 0x84,
    0x8, 0x20, 0x1, 0x0,

    /* U+8BA2 "订" */
    0x60, 0x2, 0x7f, 0x30, 0x40, 0x4, 0xe0, 0x42,
    0x4, 0x20, 0x42, 0x4, 0x20, 0x43, 0x84, 0x30,
    0x42, 0xc,

    /* U+8BA4 "认" */
    0x21, 0x81, 0x8c, 0x4, 0x60, 0x3, 0xe, 0x18,
    0x10, 0xc0, 0x86, 0x5, 0x78, 0x3a, 0x41, 0xb3,
    0x1b, 0xc, 0x10, 0x20,

    /* U+8BA5 "讥" */
    0x20, 0x1, 0x1e, 0xc, 0x90, 0x4, 0x8e, 0x24,
    0x11, 0x20, 0x89, 0x5, 0x48, 0x3a, 0x41, 0xa2,
    0x19, 0x16, 0x10, 0xe0,

    /* U+8BA8 "讨" */
    0x20, 0x21, 0x1, 0xc, 0x8, 0xf, 0xfe, 0x2,
    0x10, 0x10, 0x8c, 0x84, 0x24, 0x28, 0x21, 0xc1,
    0x1c, 0x8, 0x1, 0xc0,

    /* U+8BA9 "让" */
    0x21, 0x2, 0x10, 0x31, 0x0, 0x10, 0xe1, 0xf2,
    0x10, 0x21, 0x2, 0x10, 0x21, 0x3, 0x90, 0x31,
    0x7, 0xff,

    /* U+8BAD "训" */
    0x64, 0x13, 0x49, 0x24, 0x90, 0x49, 0xe4, 0x92,
    0x49, 0x24, 0x92, 0x49, 0x34, 0x93, 0x49, 0x28,
    0x91, 0x81,

    /* U+8BAE "议" */
    0x61, 0x1, 0x89, 0xd, 0x68, 0xb, 0xce, 0x44,
    0x11, 0x20, 0x89, 0x4, 0x30, 0x29, 0x81, 0x9e,
    0x9, 0x9c, 0x18, 0x20,

    /* U+8BAF "讯" */
    0x0, 0x1, 0x7e, 0x8, 0x90, 0x4, 0x8e, 0x24,
    0x17, 0xa0, 0x89, 0x4, 0x48, 0x2a, 0x41, 0xd2,
    0x8c, 0x9c, 0x44, 0x40,

    /* U+8BB0 "记" */
    0x20, 0x2, 0x7e, 0x30, 0x20, 0x2, 0xe0, 0x22,
    0x3e, 0x22, 0x22, 0x20, 0x2a, 0x3, 0xa0, 0x32,
    0x16, 0x3f,

    /* U+8BB2 "讲" */
    0x22, 0x41, 0x12, 0x8, 0x90, 0x1f, 0xfe, 0x24,
    0x11, 0x20, 0x89, 0x5, 0xff, 0x22, 0x41, 0xd2,
    0x9, 0x10, 0x18, 0xc0,

    /* U+8BB3 "讳" */
    0x1, 0x2, 0x10, 0x3f, 0xf0, 0x10, 0xe7, 0xe2,
    0x10, 0x21, 0x2, 0xff, 0x21, 0x13, 0x91, 0x31,
    0x72, 0x10,

    /* U+8BB6 "讶" */
    0x0, 0x1, 0x3f, 0xcc, 0x8, 0x4, 0x40, 0x22,
    0x72, 0x10, 0x9f, 0xe4, 0x1c, 0x20, 0xa1, 0x6d,
    0xe, 0xc8, 0x4c, 0x40, 0x46, 0x0,

    /* U+8BB8 "许" */
    0x23, 0x2, 0x20, 0x33, 0xf0, 0x48, 0xec, 0x82,
    0x8, 0x27, 0xf2, 0x8, 0x28, 0x83, 0x8, 0x60,
    0x80, 0x8,

    /* U+8BB9 "讹" */
    0x23, 0x41, 0x12, 0xc, 0x90, 0xc, 0xbe, 0x67,
    0x17, 0x30, 0xab, 0x4, 0x48, 0x22, 0x41, 0xd2,
    0xc, 0x92, 0x44, 0xf0,

    /* U+8BBA "论" */
    0x21, 0x1, 0x14, 0x8, 0xa0, 0x8, 0xce, 0xa3,
    0x15, 0x0, 0x89, 0x84, 0x50, 0x2b, 0x1, 0x50,
    0xc, 0x8c, 0x47, 0xc0,

    /* U+8BBC "讼" */
    0x63, 0x41, 0x12, 0xc, 0x98, 0xc, 0x4e, 0x43,
    0x16, 0xcc, 0x84, 0x4, 0x20, 0x2a, 0x61, 0x91,
    0x9, 0xfc, 0x48, 0x20,

    /* U+8BBD "讽" */
    0x20, 0x1, 0x3f, 0x9, 0x8, 0x8, 0xc0, 0x6a,
    0x72, 0xd0, 0x96, 0x84, 0x94, 0x25, 0xa1, 0xab,
    0xf, 0x98, 0xd0, 0x31, 0x81, 0x0,

    /* U+8BBE "设" */
    0x23, 0xc3, 0x24, 0x6, 0x40, 0x67, 0xe4, 0x2,
    0xfe, 0x20, 0x62, 0x24, 0x2b, 0xc3, 0x18, 0x2e,
    0x70, 0x80,

    /* U+8BBF "访" */
    0x0, 0x83, 0x4, 0x8, 0x20, 0xf, 0xf0, 0x10,
    0x70, 0x80, 0x87, 0xc4, 0x22, 0x21, 0x11, 0x50,
    0x8e, 0x84, 0xcc, 0x60, 0xc6, 0x0,

    /* U+8BC0 "诀" */
    0x21, 0x1, 0x8, 0xd, 0xf8, 0x2, 0x4e, 0x12,
    0x10, 0x90, 0xbf, 0xe4, 0x30, 0x32, 0x81, 0x96,
    0x19, 0x1c, 0x30, 0x60,

    /* U+8BC1 "证" */
    0x20, 0x1, 0x3f, 0x80, 0x21, 0x41, 0xe, 0x28,
    0x11, 0x78, 0x8a, 0x4, 0x50, 0x2a, 0x81, 0x94,
    0xb, 0xfe,

    /* U+8BC4 "评" */
    0x0, 0x3, 0x3f, 0x88, 0x20, 0x41, 0x0, 0x49,
    0x73, 0x50, 0x8a, 0x84, 0x10, 0x2f, 0xf9, 0x4,
    0xe, 0x20, 0x41, 0x0, 0x8, 0x0,

    /* U+8BC5 "诅" */
    0x47, 0xc6, 0x44, 0x4, 0x40, 0x44, 0xc7, 0xc4,
    0x44, 0x44, 0x44, 0x7c, 0x54, 0x47, 0x44, 0x64,
    0x44, 0xff, 0x0, 0x0,

    /* U+8BC6 "识" */
    0x20, 0x2, 0x3e, 0x32, 0x20, 0x22, 0xe2, 0x22,
    0x22, 0x23, 0xe2, 0x0, 0x29, 0x43, 0xa6, 0x66,
    0x30, 0xc1,

    /* U+8BC8 "诈" */
    0x1, 0x1, 0x8, 0xc, 0xc0, 0x7, 0xfe, 0x70,
    0x76, 0x80, 0x87, 0xc4, 0x20, 0x29, 0x1, 0xcf,
    0x8c, 0x40, 0x42, 0x0, 0x10, 0x0,

    /* U+8BC9 "诉" */
    0x20, 0x11, 0x1f, 0x88, 0x80, 0x4, 0xe, 0x3f,
    0x91, 0x20, 0x89, 0x4, 0x58, 0x2a, 0x71, 0xa2,
    0x99, 0x10, 0x10, 0x80,

    /* U+8BCA "诊" */
    0x0, 0x81, 0xc, 0x8, 0x50, 0x66, 0xc0, 0x63,
    0x76, 0x4c, 0x84, 0x4, 0xcc, 0x24, 0xc1, 0xd,
    0xce, 0x98, 0x61, 0x82, 0x70, 0x0,

    /* U+8BCD "词" */
    0x0, 0x2, 0x7f, 0x20, 0x10, 0xfd, 0x60, 0x12,
    0x79, 0x24, 0x92, 0x49, 0x3f, 0x93, 0x49, 0x60,
    0x70, 0x0,

    /* U+8BD1 "译" */
    0x67, 0xf1, 0x81, 0x4, 0x98, 0x3, 0x8e, 0x3f,
    0x17, 0xc, 0x82, 0x4, 0x7e, 0x28, 0x81, 0xbf,
    0x88, 0x20, 0x1, 0x0,

    /* U+8BD5 "试" */
    0x0, 0x41, 0x81, 0x43, 0x4, 0x3, 0xfe, 0x0,
    0x43, 0x81, 0x2, 0x74, 0x8, 0x90, 0x22, 0x20,
    0xc8, 0x83, 0x7a, 0xc9, 0x6, 0x20, 0x8,

    /* U+8BD7 "诗" */
    0x1, 0x2, 0x10, 0x3f, 0xe0, 0x10, 0xff, 0xf2,
    0x4, 0x20, 0x42, 0xff, 0x22, 0x43, 0x24, 0x32,
    0x44, 0xc,

    /* U+8BDA "诚" */
    0x40, 0xa2, 0x5, 0xb, 0xfc, 0x11, 0xc, 0x8a,
    0x27, 0x59, 0x2a, 0x89, 0x5c, 0x6a, 0x43, 0x72,
    0x14, 0x2e, 0x66, 0x60, 0x0, 0x0,

    /* U+8BDD "话" */
    0x20, 0xf1, 0xbc, 0x0, 0x20, 0x1f, 0xfe, 0x88,
    0x10, 0x40, 0x82, 0x4, 0xfe, 0x2c, 0x11, 0xa0,
    0x89, 0xfc, 0x48, 0x20,

    /* U+8BDE "诞" */
    0x40, 0x25, 0xde, 0x64, 0x40, 0x84, 0xc9, 0x75,
    0xf4, 0x45, 0x45, 0x54, 0x6d, 0xf6, 0xc0, 0x5b,
    0x93, 0x7,

    /* U+8BE1 "诡" */
    0x61, 0x2, 0x3e, 0x34, 0x40, 0x4c, 0x87, 0xfe,
    0x40, 0x25, 0xe2, 0x52, 0x25, 0x23, 0xd6, 0x69,
    0x10, 0x9f,

    /* U+8BE2 "询" */
    0x23, 0x82, 0x30, 0x17, 0xf0, 0x41, 0xef, 0xd2,
    0x45, 0x24, 0x52, 0x7d, 0x24, 0x53, 0x7d, 0x20,
    0x10, 0x3,

    /* U+8BE5 "该" */
    0x0, 0x81, 0x4, 0x9, 0xfe, 0x2, 0xe, 0x26,
    0x13, 0xe0, 0x82, 0x44, 0x34, 0x2e, 0x61, 0xa7,
    0x8, 0xc4, 0xc, 0x0,

    /* U+8BE6 "详" */
    0x0, 0x3, 0x1b, 0x8, 0x50, 0xf, 0xe8, 0x8,
    0x70, 0x40, 0x9f, 0xc4, 0x10, 0x20, 0x81, 0x3f,
    0xce, 0x20, 0x41, 0x0, 0x8, 0x0,

    /* U+8BEB "诫" */
    0x0, 0x51, 0x2, 0x83, 0xfe, 0x0, 0x8e, 0x55,
    0x92, 0xa8, 0xbf, 0x44, 0xaa, 0x25, 0x61, 0xab,
    0x4a, 0x3e, 0x13, 0x30,

    /* U+8BEC "诬" */
    0x20, 0x1, 0x3f, 0xcc, 0x20, 0x5, 0x2e, 0x6b,
    0x13, 0x58, 0x9a, 0xc5, 0xf5, 0x28, 0xc9, 0x44,
    0xc, 0x20, 0xdf, 0xf0,

    /* U+8BED "语" */
    0x4f, 0xe4, 0x20, 0x42, 0x0, 0xfc, 0xc2, 0x45,
    0xff, 0x40, 0x4, 0xfe, 0x58, 0x66, 0x86, 0x4f,
    0xe0, 0x86,

    /* U+8BEF "误" */
    0x67, 0xf1, 0x20, 0x89, 0x4, 0xf, 0xee, 0x0,
    0x13, 0xf8, 0x82, 0x5, 0xff, 0x21, 0xc1, 0x8b,
    0x19, 0x8e, 0x10, 0x0,

    /* U+8BF1 "诱" */
    0x0, 0x11, 0x3f, 0x88, 0x20, 0x1f, 0xfe, 0x3e,
    0x13, 0x58, 0xa0, 0x64, 0x7c, 0x29, 0x71, 0x88,
    0x98, 0x84, 0x18, 0xc0,

    /* U+8BF2 "诲" */
    0x0, 0x1, 0x8c, 0x2, 0x3f, 0x81, 0x0, 0xf,
    0xf3, 0x88, 0x42, 0x2d, 0xb, 0xff, 0x22, 0x10,
    0x8a, 0x42, 0xa1, 0xc, 0xfe, 0x60, 0x10, 0x0,
    0x80,

    /* U+8BF4 "说" */
    0x2, 0x61, 0x1a, 0xc, 0x10, 0xf, 0xce, 0x42,
    0x12, 0x10, 0x9f, 0x84, 0x28, 0x31, 0x41, 0xda,
    0xd, 0x94, 0x58, 0xe0,

    /* U+8BF5 "诵" */
    0xcf, 0xe4, 0x4, 0x66, 0x80, 0x30, 0x4f, 0xec,
    0x92, 0x4f, 0xe4, 0x92, 0x6f, 0xe7, 0x92, 0x69,
    0x24, 0x86,

    /* U+8BF7 "请" */
    0x0, 0x81, 0x7f, 0xcc, 0x20, 0xf, 0xee, 0x8,
    0x13, 0xbc, 0x9f, 0xc4, 0x82, 0x2f, 0xf1, 0xbf,
    0x89, 0x4, 0x8, 0x60,

    /* U+8BF8 "诸" */
    0x21, 0x10, 0xdf, 0x40, 0x12, 0x0, 0x58, 0xef,
    0xfc, 0x82, 0x2, 0x3f, 0xb, 0x84, 0x23, 0xf0,
    0xe8, 0x43, 0x3f, 0x8, 0x84,

    /* U+8BFA "诺" */
    0x23, 0x21, 0x11, 0xf, 0xfe, 0x4, 0x4e, 0x8,
    0x17, 0xfc, 0x84, 0x4, 0x7e, 0x36, 0x11, 0x50,
    0x88, 0xfc, 0x4, 0x20,

    /* U+8BFB "读" */
    0x0, 0x81, 0x4, 0xf, 0xfe, 0x1, 0x0, 0xff,
    0xf0, 0x68, 0x8f, 0x44, 0x90, 0x20, 0x81, 0xff,
    0xcc, 0x20, 0x46, 0xe0, 0xc1, 0x80,

    /* U+8BFD "诽" */
    0x21, 0x41, 0xa, 0x1, 0xde, 0x2, 0x8e, 0x14,
    0x13, 0xb8, 0x85, 0x4, 0x28, 0x27, 0x79, 0xca,
    0xc, 0x50, 0x42, 0x80,

    /* U+8BFE "课" */
    0x4f, 0xe6, 0x92, 0xf, 0xe0, 0x92, 0xc9, 0x24,
    0xfe, 0x41, 0x5, 0xff, 0x43, 0x86, 0x54, 0x49,
    0x31, 0x10,

    /* U+8C01 "谁" */
    0x2, 0x43, 0x33, 0xd, 0x0, 0xf, 0xf0, 0xc4,
    0x76, 0x20, 0xdf, 0xe4, 0x88, 0x27, 0xf9, 0xa2,
    0xd, 0x10, 0x4f, 0xf0, 0x40, 0x0,

    /* U+8C03 "调" */
    0x0, 0x2, 0x7f, 0x24, 0x92, 0x49, 0x5, 0xfe,
    0x49, 0x27, 0xf2, 0x41, 0x25, 0xd2, 0x55, 0x3d,
    0xd6, 0x81, 0x18, 0x30,

    /* U+8C05 "谅" */
    0x3, 0x4, 0x10, 0x5f, 0xf0, 0x0, 0xcf, 0xe4,
    0xc2, 0x4c, 0x24, 0xfe, 0x41, 0x7, 0x56, 0x69,
    0x25, 0x31, 0x2, 0x0,

    /* U+8C06 "谆" */
    0x60, 0x81, 0x3f, 0xc8, 0x0, 0xf, 0xce, 0x42,
    0x13, 0xf0, 0x80, 0x4, 0xfe, 0x28, 0xc1, 0xbf,
    0xd8, 0x20, 0x3, 0x0,

    /* U+8C08 "谈" */
    0x0, 0x81, 0x25, 0x8d, 0x28, 0x3, 0x8e, 0x33,
    0x16, 0x48, 0x92, 0x4, 0x96, 0x25, 0x61, 0xca,
    0xc, 0x8c, 0x58, 0x30,

    /* U+8C0A "谊" */
    0x0, 0x82, 0x4, 0xb, 0xfe, 0x50, 0x10, 0x0,
    0x71, 0xf0, 0x88, 0x84, 0x7c, 0x22, 0x21, 0x1f,
    0xe, 0x88, 0x64, 0x44, 0xff, 0x80,

    /* U+8C0B "谋" */
    0x4, 0x44, 0xff, 0x44, 0x40, 0x7c, 0xc4, 0x44,
    0x7c, 0x41, 0x4, 0xff, 0x53, 0x87, 0x54, 0x59,
    0x30, 0x10,

    /* U+8C0D "谍" */
    0x0, 0xa1, 0x25, 0xf, 0xfe, 0x9, 0x46, 0x44,
    0x13, 0xf8, 0x82, 0x4, 0x10, 0x27, 0xf9, 0xce,
    0x9, 0xac, 0x11, 0x0,

    /* U+8C0E "谎" */
    0x2, 0x21, 0x7f, 0xc8, 0x88, 0x3, 0xe, 0xff,
    0x92, 0x0, 0x9f, 0xc4, 0x0, 0x25, 0x21, 0xa9,
    0x9, 0x4a, 0x52, 0x70,

    /* U+8C10 "谐" */
    0x24, 0x41, 0x22, 0xd, 0xde, 0x8, 0x9e, 0x76,
    0x90, 0x88, 0x9f, 0xc4, 0x82, 0x27, 0xf1, 0xa0,
    0x99, 0xfc, 0x8, 0x20,

    /* U+8C12 "谒" */
    0xcf, 0xe4, 0x82, 0xf, 0xe0, 0x82, 0xcf, 0xe4,
    0x40, 0x4f, 0xf5, 0x91, 0x4a, 0xd6, 0xc1, 0x4f,
    0xb4, 0x7,

    /* U+8C13 "谓" */
    0x4f, 0xf4, 0x91, 0xf, 0xf0, 0x91, 0xcf, 0xf4,
    0x0, 0x4f, 0xe4, 0x82, 0x5f, 0xe7, 0xfe, 0x68,
    0x20, 0x86,

    /* U+8C1A "谚" */
    0x0, 0x83, 0x6, 0xd, 0xfe, 0x2, 0x40, 0x12,
    0x73, 0xfc, 0x90, 0x84, 0xb8, 0x25, 0x31, 0x67,
    0xd, 0x66, 0xc8, 0xc0, 0xd8, 0x0,

    /* U+8C1C "谜" */
    0x0, 0x41, 0x4a, 0xcf, 0x54, 0x8, 0x8e, 0x1f,
    0x96, 0x60, 0x93, 0x84, 0xaa, 0x27, 0x59, 0xa2,
    0xb, 0x90, 0x53, 0xf0,

    /* U+8C22 "谢" */
    0x2, 0x13, 0x10, 0x89, 0xe4, 0x71, 0x20, 0x7f,
    0xb4, 0x48, 0x9f, 0x45, 0x1a, 0x2f, 0xd1, 0x1c,
    0x8d, 0xa4, 0x59, 0x20, 0x1b, 0x0,

    /* U+8C23 "谣" */
    0x0, 0x11, 0x7f, 0x8d, 0x0, 0x69, 0x20, 0x6a,
    0x71, 0x0, 0x9f, 0xc5, 0x90, 0x20, 0x81, 0x7f,
    0xc8, 0x20, 0x69, 0x22, 0x7f, 0x0,

    /* U+8C24 "谤" */
    0x60, 0x81, 0x7f, 0xc8, 0x88, 0x6, 0x8e, 0xff,
    0x94, 0x4c, 0xbf, 0xe4, 0x60, 0x33, 0xf1, 0x91,
    0x89, 0xc, 0x10, 0xc0,

    /* U+8C26 "谦" */
    0x4, 0x8c, 0x28, 0x4f, 0xf0, 0x28, 0xc7, 0xe4,
    0xff, 0x42, 0xa4, 0xfe, 0x46, 0xc7, 0x6c, 0x5a,
    0xb1, 0x29,

    /* U+8C28 "谨" */
    0x2, 0x21, 0x7f, 0xcc, 0x88, 0x7, 0xce, 0x8,
    0x13, 0xf8, 0x9f, 0xc4, 0x10, 0x23, 0xf1, 0xbf,
    0x8c, 0x20, 0x5f, 0xf0,

    /* U+8C2C "谬" */
    0xdf, 0xe4, 0x2a, 0x4a, 0xa0, 0x66, 0xd9, 0xa4,
    0x30, 0x4c, 0xc5, 0xb7, 0x46, 0x86, 0xb0, 0x6e,
    0xe4, 0x38, 0xc, 0x0,

    /* U+8C2D "谭" */
    0x5f, 0xf6, 0x28, 0x2f, 0xf0, 0xaa, 0xcf, 0xe4,
    0x0, 0x4f, 0xe4, 0xfe, 0x48, 0x27, 0x7c, 0x5f,
    0xf0, 0x10,

    /* U+8C31 "谱" */
    0x2, 0x44, 0x28, 0x6f, 0xf0, 0x28, 0xe, 0xac,
    0x28, 0x5f, 0xf4, 0x0, 0x47, 0xe4, 0x44, 0x57,
    0xc6, 0x44, 0x47, 0xe0,

    /* U+8C34 "谴" */
    0x0, 0x82, 0xff, 0x93, 0xf8, 0x1, 0xc, 0x77,
    0x2d, 0xf1, 0x28, 0x89, 0x78, 0x4b, 0xe3, 0x51,
    0x1a, 0xf8, 0xaf, 0xe0,

    /* U+8C37 "谷" */
    0x8, 0x80, 0xc7, 0xc, 0x8c, 0xcc, 0x0, 0x50,
    0x4, 0x60, 0xc1, 0xcf, 0xfa, 0x10, 0x40, 0x82,
    0x7, 0xf0, 0x20, 0x80,

    /* U+8C41 "豁" */
    0x10, 0xb7, 0xe9, 0xa1, 0xc3, 0xf9, 0x81, 0xc,
    0x7e, 0x98, 0x4c, 0x7f, 0xbe, 0x7d, 0x12, 0x28,
    0x91, 0x7c, 0xfa, 0x20,

    /* U+8C46 "豆" */
    0xff, 0xf0, 0x0, 0x3f, 0xc2, 0x4, 0x20, 0x43,
    0xfc, 0x10, 0x1, 0x18, 0x1, 0xf, 0xff,

    /* U+8C4C "豌" */
    0x0, 0xc3, 0xff, 0x81, 0x4, 0xfe, 0x34, 0xaf,
    0x25, 0xe9, 0xf3, 0x41, 0xea, 0x51, 0x71, 0x8a,
    0x1e, 0x92, 0x8, 0xf0,

    /* U+8C61 "象" */
    0xc, 0x1, 0xf8, 0x21, 0x8f, 0xfe, 0x22, 0x23,
    0xfe, 0xc, 0x4f, 0x6c, 0x1b, 0x8e, 0x5c, 0x19,
    0x66, 0x63, 0x4, 0x0,

    /* U+8C6A "豪" */
    0x2, 0xf, 0xff, 0x3f, 0xc3, 0xfc, 0x80, 0xf,
    0xff, 0xbf, 0xd0, 0x60, 0x7e, 0xc3, 0xb8, 0x4f,
    0x6f, 0x23, 0x4, 0x0,

    /* U+8C6B "豫" */
    0x1, 0x7, 0xdf, 0x5, 0x90, 0xdf, 0xe2, 0x29,
    0x7d, 0xf8, 0xa4, 0x4, 0xd6, 0x23, 0xe1, 0x67,
    0x8, 0xd5, 0xd9, 0x80, 0x8, 0x0,

    /* U+8C79 "豹" */
    0x0, 0x81, 0xc8, 0x70, 0x80, 0xff, 0x29, 0x13,
    0xb1, 0x48, 0x93, 0x49, 0x6c, 0xd1, 0x41, 0x64,
    0x14, 0xc3, 0x18, 0x60,

    /* U+8C7A "豺" */
    0xc, 0x20, 0xc1, 0x3d, 0x8, 0x1b, 0xf3, 0x6,
    0x34, 0x32, 0x72, 0x85, 0xb4, 0xdf, 0x21, 0xb1,
    0x31, 0x8, 0x39, 0xc0, 0x8, 0x0,

    /* U+8C8C "貌" */
    0x0, 0x81, 0xc4, 0x34, 0xfc, 0xbc, 0x23, 0x3f,
    0x69, 0x8, 0xaf, 0xdb, 0x28, 0x39, 0x42, 0x4a,
    0x26, 0x96, 0x7c, 0xe0,

    /* U+8D1D "贝" */
    0x3f, 0xc4, 0x8, 0x99, 0x13, 0x22, 0x44, 0x48,
    0x89, 0x11, 0x2a, 0xd, 0x83, 0x1b, 0x81, 0x80,

    /* U+8D1E "贞" */
    0x4, 0x0, 0x7f, 0x4, 0x0, 0x40, 0x7f, 0xc4,
    0x4, 0x44, 0x44, 0x44, 0x44, 0x40, 0x50, 0x19,
    0xce, 0x6, 0x80, 0x20,

    /* U+8D1F "负" */
    0x0, 0x3, 0x0, 0x7e, 0x10, 0x84, 0x21, 0xff,
    0x88, 0x11, 0x32, 0x24, 0x44, 0x88, 0x34, 0xc,
    0xee, 0x6,

    /* U+8D21 "贡" */
    0x3f, 0xe0, 0x10, 0x0, 0x81, 0xff, 0xf0, 0x0,
    0x1f, 0xe0, 0x81, 0x4, 0x48, 0x26, 0x40, 0x28,
    0x6, 0x38, 0xc0, 0x60,

    /* U+8D22 "财" */
    0x0, 0x23, 0xe1, 0x11, 0x8, 0xaf, 0xf5, 0x46,
    0x2a, 0x31, 0x52, 0x8a, 0x94, 0x55, 0x20, 0xd1,
    0x9, 0x9, 0x88, 0xc0,

    /* U+8D23 "责" */
    0x4, 0x7, 0xfe, 0x4, 0x7, 0xfc, 0x4, 0xf,
    0xff, 0x0, 0x7, 0xfc, 0x40, 0x44, 0x44, 0xf,
    0xf, 0xe, 0x40, 0x20,

    /* U+8D24 "贤" */
    0x4b, 0xe4, 0xa6, 0x4b, 0x44, 0x98, 0x4f, 0x70,
    0x0, 0x3f, 0xc3, 0x4, 0x34, 0x43, 0x50, 0x9,
    0xe7, 0x3,

    /* U+8D25 "败" */
    0x0, 0x3, 0xe4, 0x11, 0x60, 0xab, 0xf5, 0x52,
    0x2b, 0x91, 0x5c, 0x8a, 0xa4, 0x54, 0xc1, 0x46,
    0x9, 0x30, 0x8b, 0x60, 0x61, 0x80,

    /* U+8D26 "账" */
    0x1, 0x3, 0xe9, 0x91, 0x48, 0xaa, 0x85, 0x54,
    0x2b, 0xfd, 0x55, 0xa, 0xa8, 0x55, 0x41, 0x49,
    0xb, 0x75, 0x8e, 0x10,

    /* U+8D27 "货" */
    0x10, 0x1, 0x20, 0x22, 0xe6, 0x70, 0xee, 0x32,
    0x3e, 0x0, 0x3, 0xfc, 0x20, 0x42, 0x64, 0x25,
    0x41, 0x9c, 0xe0, 0x60,

    /* U+8D28 "质" */
    0x0, 0x21, 0xff, 0x88, 0x40, 0x42, 0x3, 0xff,
    0x91, 0x0, 0xbf, 0x85, 0x4, 0x29, 0x21, 0x49,
    0x12, 0xe0, 0x84, 0xc5, 0xc3, 0x0,

    /* U+8D29 "贩" */
    0x0, 0x13, 0xef, 0xd5, 0x40, 0xab, 0xe5, 0x51,
    0x2a, 0xc9, 0x56, 0x4a, 0xac, 0x55, 0x61, 0xd3,
    0xb, 0x99, 0x8f, 0x30, 0x0, 0x0,

    /* U+8D2A "贪" */
    0x0, 0x0, 0x30, 0x2, 0xc0, 0x2b, 0x6, 0x7,
    0x7f, 0xc0, 0x4, 0x7, 0xf8, 0x20, 0x41, 0x22,
    0x9, 0x10, 0x17, 0x7, 0xe, 0x0, 0x0,

    /* U+8D2B "贫" */
    0x8, 0x80, 0x46, 0x4, 0x18, 0xff, 0xf4, 0x44,
    0x6, 0xa1, 0xe3, 0x3, 0xfc, 0x10, 0x20, 0x91,
    0x4, 0xa8, 0xd, 0xc7, 0x83, 0x10, 0x8,

    /* U+8D2C "贬" */
    0x0, 0x33, 0xff, 0x11, 0x10, 0xa8, 0x85, 0x40,
    0x2a, 0xf9, 0x50, 0x8a, 0x8c, 0x50, 0xc1, 0x4c,
    0xa, 0xe1, 0x89, 0xf0,

    /* U+8D2D "购" */
    0x0, 0x87, 0xd8, 0x55, 0xf5, 0x51, 0x56, 0x95,
    0x49, 0x54, 0xd5, 0x55, 0x55, 0xd2, 0xc7, 0x66,
    0x14, 0x7,

    /* U+8D2E "贮" */
    0x0, 0x83, 0xe6, 0x13, 0x0, 0xbf, 0xe5, 0xe1,
    0x2f, 0x9, 0x78, 0x4b, 0x80, 0x5c, 0x1, 0xc0,
    0x1b, 0xfe, 0x80, 0x0,

    /* U+8D2F "贯" */
    0x3f, 0xc2, 0x24, 0xff, 0xf2, 0x24, 0x3f, 0xc0,
    0x0, 0x3f, 0xc2, 0x24, 0x22, 0x42, 0x54, 0xd,
    0xcf, 0x87, 0x0, 0x0,

    /* U+8D30 "贰" */
    0x0, 0xe0, 0x8, 0xff, 0xe7, 0xe8, 0x0, 0x87,
    0xe8, 0x7e, 0x84, 0x28, 0x5a, 0x45, 0x25, 0x36,
    0x7c, 0x3,

    /* U+8D31 "贱" */
    0x0, 0xa3, 0xe5, 0x91, 0x22, 0xa9, 0xf5, 0x78,
    0x2a, 0x5d, 0x5f, 0x8a, 0x8a, 0x54, 0x61, 0x63,
    0x19, 0xeb, 0x8e, 0x30,

    /* U+8D34 "贴" */
    0x0, 0x43, 0xe2, 0x15, 0x1e, 0xa8, 0x85, 0x44,
    0x2a, 0x21, 0x57, 0xca, 0xa2, 0x55, 0x11, 0x48,
    0x99, 0x7d, 0x82, 0x20,

    /* U+8D35 "贵" */
    0x2, 0x1, 0xff, 0x8, 0x88, 0x7f, 0xc0, 0x20,
    0x7f, 0xfc, 0x0, 0x7, 0xfc, 0x22, 0x21, 0x31,
    0x9, 0xe0, 0x38, 0xe6, 0x1, 0x0,

    /* U+8D38 "贸" */
    0x4, 0x7, 0xde, 0x48, 0xa4, 0xd2, 0x75, 0x63,
    0xfc, 0x20, 0x42, 0x24, 0x24, 0x40, 0x58, 0x38,
    0xee, 0x2,

    /* U+8D39 "费" */
    0x9, 0xf, 0xfe, 0x9, 0x27, 0xfc, 0x7f, 0xf1,
    0x93, 0x31, 0x2f, 0xfc, 0x26, 0x42, 0x44, 0x1d,
    0xc7, 0x6,

    /* U+8D3A "贺" */
    0x30, 0x1f, 0xbc, 0x94, 0x92, 0x94, 0xdf, 0x0,
    0xf, 0xf1, 0x2, 0x24, 0x44, 0x88, 0x2e, 0x38,
    0x74, 0x2,

    /* U+8D3C "贼" */
    0x0, 0x43, 0xe2, 0x91, 0x14, 0xaf, 0xf5, 0x44,
    0x2a, 0xad, 0x55, 0x4a, 0xfa, 0x55, 0x52, 0xab,
    0xe, 0x58, 0xc5, 0xd4, 0x41, 0x80, 0x0,

    /* U+8D3E "贾" */
    0xff, 0xf0, 0x90, 0x7f, 0xe4, 0x92, 0x7f, 0xe0,
    0x0, 0x3f, 0xc2, 0x44, 0x24, 0x40, 0x50, 0x18,
    0xee, 0x2,

    /* U+8D3F "贿" */
    0x0, 0xc3, 0xc4, 0x12, 0xfe, 0xb2, 0x5, 0xbf,
    0x2b, 0x89, 0x67, 0xcb, 0x22, 0x51, 0xf1, 0x48,
    0x99, 0x44, 0x82, 0x60,

    /* U+8D41 "赁" */
    0x30, 0x42, 0xfe, 0x61, 0xf, 0xff, 0xa1, 0x2,
    0xfe, 0x0, 0x3, 0xfc, 0x20, 0x42, 0x64, 0xd,
    0x8f, 0x8e, 0x40, 0x20,

    /* U+8D42 "赂" */
    0x0, 0x0, 0x2c, 0x1f, 0x7c, 0xaa, 0x25, 0x6a,
    0x2a, 0x71, 0x52, 0xca, 0xe3, 0x55, 0xf2, 0xa8,
    0x8a, 0x44, 0xcb, 0xec, 0x51, 0x0,

    /* U+8D43 "赃" */
    0x0, 0x63, 0xe1, 0x11, 0x7e, 0xaa, 0x5, 0x52,
    0x2a, 0x91, 0x57, 0xea, 0xa4, 0x55, 0x21, 0xd9,
    0xb, 0x89, 0x8d, 0xf0, 0x0, 0x0,

    /* U+8D44 "资" */
    0x0, 0x8, 0x81, 0xbf, 0xd, 0x20, 0x30, 0xc9,
    0x32, 0x19, 0xfc, 0x20, 0x84, 0x90, 0x92, 0x5,
    0xcf, 0xc, 0x0, 0x80,

    /* U+8D4A "赊" */
    0x0, 0x41, 0xf2, 0x84, 0x4a, 0x15, 0x44, 0x56,
    0xe9, 0x50, 0x5, 0x5f, 0x95, 0x10, 0x55, 0x40,
    0x45, 0x42, 0xe4, 0x91, 0x10, 0x0, 0x80,

    /* U+8D4B "赋" */
    0x0, 0x21, 0xee, 0xc5, 0x82, 0x9b, 0xfe, 0x68,
    0xa1, 0xaa, 0x86, 0xae, 0x1a, 0xa8, 0x6a, 0xa0,
    0xca, 0x46, 0xfd, 0x50, 0x2,

    /* U+8D4C "赌" */
    0x0, 0x83, 0xe4, 0xd1, 0x7c, 0xa9, 0x45, 0x7f,
    0xaa, 0x61, 0x57, 0xca, 0xe2, 0x55, 0xf0, 0xc8,
    0x8b, 0x44, 0x8b, 0xe0,

    /* U+8D4E "赎" */
    0x0, 0x43, 0xf2, 0x55, 0x7c, 0xaf, 0xf5, 0x53,
    0xaa, 0x51, 0x5d, 0x8a, 0x88, 0x57, 0xf9, 0xc2,
    0x9, 0x2d, 0x86, 0x30, 0x0, 0x0,

    /* U+8D4F "赏" */
    0x24, 0x86, 0x93, 0xff, 0xc0, 0x1b, 0xfa, 0x41,
    0x7, 0xc3, 0xfc, 0x60, 0x8c, 0x90, 0x2e, 0x78,
    0x70, 0x0,

    /* U+8D50 "赐" */
    0x7b, 0xf2, 0x50, 0x9a, 0xfc, 0xd4, 0x26, 0xbf,
    0x34, 0x81, 0xaf, 0xed, 0xb5, 0x23, 0x69, 0x76,
    0xd2, 0x66, 0x4, 0x40,

    /* U+8D54 "赔" */
    0x0, 0xc3, 0xe2, 0x11, 0xfe, 0xa8, 0x45, 0x5a,
    0x2a, 0x11, 0x5f, 0xea, 0x80, 0x55, 0xf0, 0x88,
    0x8e, 0x44, 0xdb, 0xe4, 0x11, 0x0,

    /* U+8D56 "赖" */
    0x10, 0x87, 0xff, 0x4, 0x48, 0x24, 0x87, 0xdf,
    0x2a, 0xa9, 0xf5, 0x42, 0x2a, 0x3d, 0x52, 0xa7,
    0x14, 0x6c, 0x2e, 0x20,

    /* U+8D58 "赘" */
    0x8, 0x41, 0xf7, 0xdf, 0xbe, 0x13, 0xa7, 0xe6,
    0xf, 0x30, 0x96, 0x6b, 0xfc, 0x13, 0x20, 0x91,
    0x1, 0xf8, 0xf0, 0x60,

    /* U+8D5A "赚" */
    0x2, 0x23, 0xca, 0x16, 0xfc, 0xdf, 0xe6, 0x95,
    0x37, 0xfd, 0xa5, 0x4d, 0xfe, 0x6b, 0x61, 0x9b,
    0x1b, 0x56, 0x92, 0x80,

    /* U+8D5B "赛" */
    0x4, 0x7, 0xff, 0xa4, 0x44, 0x7f, 0x87, 0xfc,
    0x8, 0x83, 0xfb, 0xdf, 0xff, 0xa0, 0x91, 0x24,
    0xa, 0xc1, 0xe1, 0xc0,

    /* U+8D5E "赞" */
    0x12, 0x87, 0xbe, 0x94, 0x8f, 0xff, 0x51, 0x45,
    0xa7, 0xd0, 0x3, 0xfc, 0x24, 0x42, 0x44, 0x2f,
    0xf, 0x8c, 0x40, 0x20,

    /* U+8D60 "赠" */
    0x1, 0xb3, 0xc5, 0x12, 0xfe, 0xd4, 0x96, 0xb6,
    0xb5, 0x25, 0xaf, 0xed, 0x0, 0x69, 0xf1, 0xf,
    0x96, 0x44, 0x93, 0xe0,

    /* U+8D61 "赡" */
    0x0, 0x0, 0xf, 0x1e, 0x88, 0x97, 0xf6, 0xab,
    0x35, 0xa9, 0xaa, 0xad, 0x5e, 0x6a, 0x3, 0x57,
    0x88, 0xfc, 0xfa, 0x24, 0x5f, 0x0,

    /* U+8D62 "赢" */
    0x2, 0x1, 0xff, 0xe2, 0x0, 0xf, 0xf8, 0x0,
    0x0, 0xff, 0x83, 0xfe, 0x0, 0x0, 0x77, 0x71,
    0xdd, 0xc5, 0x7b, 0x1c, 0xac, 0x55, 0x98, 0x2,
    0x0,

    /* U+8D64 "赤" */
    0x6, 0x0, 0x40, 0x7f, 0xe0, 0x40, 0xff, 0xf0,
    0x90, 0x29, 0x44, 0x96, 0xc9, 0x31, 0x10, 0x71,
    0xc, 0x70,

    /* U+8D66 "赦" */
    0x8, 0x40, 0x21, 0x7, 0xfc, 0x2, 0x3f, 0x7e,
    0x90, 0x56, 0x47, 0x49, 0x15, 0x54, 0x55, 0xe0,
    0x51, 0x82, 0x4f, 0x1b, 0x67, 0x3, 0x0,

    /* U+8D6B "赫" */
    0x10, 0x40, 0x82, 0x1f, 0xfc, 0x20, 0x8f, 0xff,
    0x14, 0x52, 0xae, 0x95, 0xd6, 0xaa, 0xb2, 0x49,
    0x92, 0x49, 0x24, 0xc0,

    /* U+8D70 "走" */
    0x3, 0x0, 0x18, 0xf, 0xfc, 0x6, 0x0, 0x30,
    0x3f, 0xfc, 0xc, 0x2, 0x60, 0x33, 0xf1, 0x98,
    0x1a, 0xc0, 0x8f, 0xf0,

    /* U+8D74 "赴" */
    0x10, 0x81, 0x8, 0xfe, 0x81, 0xe, 0x10, 0xaf,
    0xe9, 0x10, 0x95, 0xe8, 0x50, 0x87, 0x8, 0xb0,
    0x8, 0xff,

    /* U+8D75 "赵" */
    0x8, 0x0, 0x4c, 0xdf, 0xa4, 0x11, 0xa0, 0x86,
    0x3f, 0xb0, 0x21, 0x85, 0xca, 0x28, 0x91, 0xc8,
    0xd6, 0x1, 0x8f, 0xf0, 0x0, 0x0,

    /* U+8D76 "赶" */
    0x10, 0x0, 0x9f, 0x9f, 0x10, 0x20, 0x81, 0x4,
    0x7e, 0x21, 0x47, 0xcb, 0x88, 0x50, 0x47, 0x82,
    0x2c, 0x1, 0x1f, 0xe0,

    /* U+8D77 "起" */
    0x10, 0x1, 0x3e, 0xfc, 0x21, 0x2, 0xfd, 0xe1,
    0x12, 0x51, 0x5, 0xd1, 0x51, 0x37, 0x1e, 0x98,
    0x8, 0xff,

    /* U+8D81 "趁" */
    0x10, 0xc0, 0x86, 0x1f, 0x48, 0x24, 0x61, 0x6c,
    0x7e, 0xd0, 0x43, 0xb, 0xe6, 0x50, 0x63, 0x9c,
    0x2c, 0x1, 0x1f, 0xe0,

    /* U+8D85 "超" */
    0x9, 0xf8, 0x21, 0x27, 0xcc, 0x82, 0x26, 0x7f,
    0xb0, 0x27, 0xe2, 0x9f, 0x8b, 0x42, 0x29, 0x9,
    0xe7, 0xe5, 0x80, 0x33, 0xfe,

    /* U+8D8A "越" */
    0x10, 0x50, 0x82, 0x9f, 0xfe, 0x24, 0x81, 0x25,
    0xff, 0x28, 0x49, 0x4b, 0xd4, 0x53, 0x6b, 0x8e,
    0xf6, 0x1, 0xf, 0xf0,

    /* U+8D8B "趋" */
    0x10, 0x80, 0xaf, 0x9f, 0x48, 0x24, 0xc9, 0x1f,
    0x3c, 0x9, 0xc3, 0xcb, 0x82, 0x50, 0x13, 0x8f,
    0xb4, 0x1, 0x1f, 0xf0,

    /* U+8D9F "趟" */
    0x10, 0x80, 0x95, 0x9f, 0x68, 0x21, 0x1, 0x3f,
    0x3f, 0x8, 0x4f, 0x4a, 0xea, 0x5b, 0xd2, 0x90,
    0xac, 0x8d, 0x1f, 0xe0,

    /* U+8DA3 "趣" */
    0x18, 0x0, 0x6f, 0x7, 0x9b, 0x86, 0x72, 0x19,
    0xb1, 0xf6, 0xc0, 0x99, 0xb, 0x64, 0x29, 0xe8,
    0xea, 0xa5, 0x88, 0x33, 0xfe,

    /* U+8DB3 "足" */
    0x3f, 0xc1, 0x2, 0x8, 0x10, 0x40, 0x83, 0xfc,
    0x1, 0x0, 0xc8, 0x4, 0x7c, 0x22, 0x2, 0x90,
    0x33, 0x87, 0x7, 0xe0,

    /* U+8DB4 "趴" */
    0x0, 0x43, 0xea, 0x11, 0x50, 0x8a, 0x87, 0xd4,
    0x8, 0xa1, 0x75, 0xa, 0x64, 0x52, 0x23, 0xf1,
    0xb9, 0x4, 0x8, 0x20,

    /* U+8DBE "趾" */
    0x0, 0x43, 0xe2, 0x11, 0x10, 0x8a, 0x87, 0xd7,
    0x8, 0xa1, 0x45, 0xb, 0xa8, 0x51, 0x42, 0x8a,
    0x17, 0x51, 0xe7, 0xf0,

    /* U+8DC3 "跃" */
    0x7f, 0xf2, 0x5c, 0x12, 0x20, 0xf1, 0x1, 0x7f,
    0x2e, 0x41, 0x45, 0xa, 0xa8, 0x7f, 0x66, 0x31,
    0x83, 0x4,

    /* U+8DCB "跋" */
    0x0, 0xa3, 0xc5, 0x92, 0x20, 0x97, 0xf7, 0x88,
    0x8, 0xf9, 0x54, 0x4b, 0x74, 0x56, 0xa2, 0x92,
    0x3e, 0x3d, 0xe, 0x30,

    /* U+8DCC "跌" */
    0x0, 0x43, 0xca, 0x12, 0x50, 0x93, 0xf7, 0xa4,
    0x8, 0x21, 0x4f, 0xeb, 0x88, 0x50, 0xe2, 0x85,
    0x1f, 0x6d, 0x8e, 0x30, 0x0, 0x0,

    /* U+8DD1 "跑" */
    0x1, 0x83, 0xc8, 0x12, 0xfc, 0x94, 0x27, 0xfd,
    0x9, 0x29, 0x79, 0x4a, 0x7a, 0x52, 0x32, 0xb0,
    0xbe, 0x86, 0x7, 0xe0,

    /* U+8DDB "跛" */
    0x0, 0x43, 0xc2, 0x12, 0xfe, 0x94, 0x97, 0xa4,
    0x9, 0xf9, 0x7c, 0x4a, 0x54, 0x52, 0xe2, 0xf3,
    0x39, 0x6e, 0xe, 0x10,

    /* U+8DDD "距" */
    0x7f, 0xfa, 0x38, 0x11, 0xc0, 0xff, 0xe1, 0xb1,
    0x2f, 0x89, 0x6f, 0xcb, 0x60, 0x5f, 0x7, 0xf8,
    0x30, 0xfe,

    /* U+8DDF "跟" */
    0x7b, 0xf2, 0x50, 0x92, 0x84, 0x97, 0xe7, 0xa1,
    0x9, 0xf9, 0x6a, 0x4a, 0x5e, 0x52, 0x62, 0xf7,
    0x38, 0xee, 0x4, 0x0,

    /* U+8DE8 "跨" */
    0x0, 0x41, 0xe3, 0x4, 0xbf, 0x92, 0x28, 0x49,
    0x21, 0xec, 0x41, 0x7e, 0x94, 0x0, 0x5b, 0xf9,
    0x47, 0xc5, 0xc1, 0x38, 0xc, 0x0, 0x60,

    /* U+8DEA "跪" */
    0x0, 0x83, 0xcf, 0x12, 0xc8, 0x90, 0x97, 0xbf,
    0x89, 0x1, 0x4b, 0xcb, 0xd2, 0x52, 0x92, 0xb5,
    0x3f, 0xa2, 0x9, 0xf0,

    /* U+8DEF "路" */
    0x0, 0x0, 0x48, 0x1e, 0xf8, 0x96, 0x44, 0xd4,
    0x3c, 0x60, 0x47, 0x8a, 0xc6, 0x5b, 0xe2, 0x91,
    0x16, 0x89, 0xf7, 0xc8, 0x22, 0x0,

    /* U+8DF3 "跳" */
    0x1, 0x43, 0xca, 0x13, 0x54, 0x96, 0xa7, 0xb6,
    0x8, 0xa1, 0x7d, 0x8a, 0xaa, 0x51, 0x42, 0xfa,
    0xbe, 0x96, 0x8, 0xe0,

    /* U+8DF5 "践" */
    0x1, 0x3, 0xcb, 0x12, 0x48, 0x93, 0xe7, 0xb0,
    0x8, 0x9d, 0x4f, 0xb, 0x16, 0x50, 0xa2, 0xa6,
    0x3e, 0x7a, 0xc, 0x60,

    /* U+8DF7 "跷" */
    0x1, 0x3, 0xc9, 0x92, 0xf0, 0x91, 0x67, 0x8c,
    0xb, 0xad, 0x60, 0xca, 0x7e, 0x51, 0x42, 0xaa,
    0x3e, 0xd2, 0xc, 0xe0,

    /* U+8DFA "跺" */
    0x79, 0xe1, 0x24, 0x84, 0x92, 0x1e, 0x8e, 0x10,
    0x41, 0x49, 0x5, 0xff, 0x94, 0x58, 0x51, 0x71,
    0x6d, 0x6f, 0x64, 0x80, 0x10,

    /* U+8E0A "踊" */
    0x7b, 0xfa, 0x45, 0x92, 0x30, 0xf7, 0xf1, 0x24,
    0x89, 0x25, 0x4f, 0xeb, 0x49, 0x53, 0xfa, 0xd2,
    0x7e, 0x93, 0x4, 0x30,

    /* U+8E0F "踏" */
    0x0, 0x43, 0xc2, 0x12, 0xf4, 0x92, 0xc7, 0xb5,
    0xb, 0x65, 0x7f, 0xca, 0x42, 0x53, 0xf2, 0xf0,
    0xbc, 0xfc, 0x4, 0x20,

    /* U+8E22 "踢" */
    0x7b, 0xf2, 0x50, 0x92, 0xfc, 0x94, 0x27, 0xbf,
    0x28, 0x81, 0x6f, 0xea, 0xa5, 0x53, 0x52, 0xf6,
    0xb8, 0x64, 0x4, 0x40,

    /* U+8E29 "踩" */
    0x0, 0x1, 0xff, 0xe4, 0xe0, 0x13, 0xd2, 0x7d,
    0x50, 0x40, 0x5, 0x4, 0x17, 0xff, 0x50, 0xe1,
    0x45, 0x47, 0xf5, 0x99, 0x92, 0x0, 0x40,

    /* U+8E2A "踪" */
    0x0, 0x43, 0xc2, 0x12, 0xfe, 0x94, 0x14, 0x80,
    0x3c, 0xf8, 0x40, 0xb, 0xff, 0x50, 0x42, 0x82,
    0x95, 0xd7, 0xf4, 0x90, 0xc, 0x0,

    /* U+8E31 "踱" */
    0x0, 0x41, 0xef, 0xf4, 0xa0, 0x12, 0xa4, 0x7b,
    0xfc, 0x4a, 0x45, 0xa6, 0x14, 0xfe, 0x52, 0x91,
    0x6b, 0xcf, 0xc6, 0x3, 0xe6,

    /* U+8E42 "蹂" */
    0x79, 0xf9, 0x22, 0x44, 0x86, 0x12, 0xfe, 0x78,
    0xa8, 0x46, 0x85, 0x24, 0x17, 0xfe, 0x50, 0xe1,
    0xf5, 0x4c, 0x64, 0xc1, 0x10,

    /* U+8E44 "蹄" */
    0x0, 0x43, 0xc2, 0x12, 0xfe, 0x90, 0x44, 0x8a,
    0x3d, 0xfc, 0x48, 0x2a, 0x8, 0x5b, 0xf2, 0x92,
    0x94, 0x94, 0xf4, 0xe0, 0x24, 0x0,

    /* U+8E48 "蹈" */
    0x0, 0x1b, 0xdf, 0xd2, 0x0, 0x94, 0x97, 0x95,
    0x8, 0x1, 0x4e, 0xeb, 0xc1, 0x53, 0xba, 0xb0,
    0x7e, 0xfe, 0x4, 0x10,

    /* U+8E4B "蹋" */
    0x7b, 0xf2, 0x50, 0x92, 0xfc, 0x94, 0x27, 0xbf,
    0x29, 0xfd, 0x62, 0x6a, 0x57, 0x51, 0x9a, 0xf7,
    0xf8, 0x66, 0x6, 0x20,

    /* U+8E66 "蹦" */
    0x7a, 0x49, 0x29, 0x24, 0xbf, 0x92, 0x0, 0x7b,
    0xb8, 0x4a, 0xa5, 0xbb, 0x94, 0xaa, 0x53, 0xb9,
    0x72, 0xaf, 0x4c, 0x83, 0x76,

    /* U+8E6C "蹬" */
    0x0, 0x1, 0xef, 0x44, 0x8a, 0x92, 0xcc, 0x7b,
    0xf0, 0x58, 0x35, 0x1f, 0x16, 0x44, 0x51, 0xf1,
    0x54, 0x87, 0xd2, 0x11, 0xfe,

    /* U+8E6D "蹭" */
    0x2, 0x23, 0xca, 0x13, 0xfe, 0x9d, 0x77, 0xed,
    0x8a, 0x4d, 0x5f, 0xeb, 0x0, 0x53, 0xf2, 0x9f,
    0x9e, 0x85, 0x87, 0xe0,

    /* U+8E72 "蹲" */
    0x0, 0x23, 0xcd, 0x12, 0xfe, 0x91, 0x84, 0xbf,
    0x3d, 0x68, 0x4c, 0xca, 0x7e, 0x5a, 0x12, 0x8f,
    0x54, 0xfe, 0xf2, 0x44, 0x6, 0x0, 0x20,

    /* U+8E81 "躁" */
    0x7b, 0xe2, 0x51, 0x12, 0xf8, 0x90, 0x7, 0xf7,
    0xa, 0xa9, 0x5d, 0xcb, 0x10, 0x5f, 0xfa, 0x8e,
    0x3f, 0xac, 0x11, 0x0,

    /* U+8E8F "躏" */
    0x1, 0x23, 0xff, 0xd2, 0x80, 0xf5, 0xf1, 0x54,
    0xaa, 0xfd, 0x7d, 0x2a, 0xb9, 0x55, 0xea, 0xea,
    0x5d, 0x7e, 0x8a, 0x30,

    /* U+8EAB "身" */
    0x4, 0x0, 0x20, 0x7, 0xf0, 0x20, 0x81, 0xfc,
    0x8, 0x20, 0x7f, 0x62, 0xc, 0x7f, 0xc0, 0xa,
    0x1, 0x90, 0x70, 0x84, 0x1c, 0x0,

    /* U+8EAC "躬" */
    0x0, 0x4, 0x3d, 0xf0, 0xa2, 0x17, 0xc2, 0x8b,
    0xdf, 0x42, 0x28, 0xfc, 0xe3, 0x84, 0xd0, 0xb2,
    0x78, 0xc4,

    /* U+8EAF "躯" */
    0x30, 0x2, 0x3f, 0x5a, 0x7, 0xba, 0x4a, 0xa7,
    0xa4, 0x4a, 0x4f, 0xaa, 0x1a, 0xb2, 0xb0, 0x4a,
    0x9, 0xbf,

    /* U+8EB2 "躲" */
    0x30, 0x2, 0x1e, 0x59, 0x27, 0x93, 0x4e, 0x37,
    0x8c, 0x4f, 0xff, 0x9c, 0x19, 0xe2, 0xaf, 0xcc,
    0xd1, 0x8c,

    /* U+8EBA "躺" */
    0x20, 0x3, 0x8, 0x7a, 0xb4, 0xaa, 0x78, 0x84,
    0xbf, 0x7c, 0x14, 0xdd, 0xfd, 0x51, 0xd5, 0x2d,
    0xdc, 0xc1, 0x1c, 0x30,

    /* U+8F66 "车" */
    0xc, 0x0, 0x80, 0xff, 0xe1, 0x0, 0x32, 0x2,
    0x20, 0x7f, 0xe0, 0x20, 0x2, 0xf, 0xff, 0x2,
    0x0, 0x20,

    /* U+8F67 "轧" */
    0x10, 0x80, 0x84, 0x3f, 0xa0, 0x41, 0x5, 0x88,
    0x28, 0x43, 0xfa, 0x2, 0x10, 0x16, 0x87, 0xc4,
    0xa4, 0x26, 0x31, 0xe0,

    /* U+8F68 "轨" */
    0x30, 0x81, 0x4, 0x3f, 0x20, 0x47, 0xc5, 0xa,
    0x28, 0x53, 0xf2, 0x82, 0x14, 0x1d, 0x27, 0x89,
    0x4, 0x8a, 0x28, 0x70,

    /* U+8F69 "轩" */
    0x30, 0x1, 0xf, 0xff, 0x10, 0xc0, 0x85, 0x4,
    0x68, 0x23, 0xff, 0xe2, 0x8, 0xfc, 0x40, 0x82,
    0x4, 0x10, 0x20, 0x80,

    /* U+8F6C "转" */
    0x21, 0x82, 0x18, 0xff, 0xf4, 0x10, 0x71, 0xb,
    0x7f, 0xf9, 0x3, 0x1e, 0x38, 0x6f, 0x34, 0x30,
    0xc3, 0x6,

    /* U+8F6E "轮" */
    0x30, 0x81, 0xc, 0x3f, 0x50, 0xc4, 0xc5, 0x43,
    0x28, 0x8b, 0xe4, 0x82, 0x38, 0x1d, 0x7, 0xc8,
    0x4, 0x4c, 0x23, 0xc0,

    /* U+8F6F "软" */
    0x21, 0x1, 0x8, 0x3b, 0x41, 0xfb, 0xe4, 0x23,
    0x29, 0x59, 0x42, 0x1f, 0x90, 0x10, 0x80, 0xea,
    0x3c, 0x58, 0x24, 0x61, 0x41, 0x0,

    /* U+8F70 "轰" */
    0x0, 0x0, 0x18, 0x7, 0xff, 0x6, 0xc0, 0x3f,
    0xe0, 0x8, 0x7, 0xff, 0x80, 0x80, 0x7d, 0xe0,
    0x90, 0x83, 0x96, 0x7, 0x30, 0xe7, 0xf8, 0x8,
    0x40,

    /* U+8F74 "轴" */
    0x30, 0x42, 0x4, 0xfc, 0x46, 0x3f, 0x53, 0x5d,
    0x35, 0xff, 0xf1, 0x35, 0x1f, 0x5f, 0xb5, 0x13,
    0xf1, 0x31,

    /* U+8F7B "轻" */
    0x10, 0x0, 0xc7, 0xc2, 0x3, 0x3f, 0x8, 0x20,
    0x61, 0x43, 0xc5, 0x31, 0xbf, 0x2, 0x11, 0xf8,
    0xf1, 0xf, 0x4, 0x4, 0x10, 0x13, 0xf8,

    /* U+8F7D "载" */
    0x10, 0xa7, 0xea, 0x10, 0x8f, 0xff, 0x10, 0x8f,
    0xea, 0x50, 0xaf, 0xcc, 0x10, 0xcf, 0xcc, 0x93,
    0x71, 0x23,

    /* U+8F7F "轿" */
    0x0, 0x1, 0xf, 0x18, 0xa1, 0xf1, 0x7, 0x7f,
    0x38, 0xa2, 0xcd, 0x1f, 0xc6, 0x25, 0x51, 0xca,
    0x38, 0xd0, 0x44, 0x83, 0x44, 0x0,

    /* U+8F83 "较" */
    0x20, 0x81, 0x4, 0x3f, 0xfc, 0x80, 0x5, 0x36,
    0x4a, 0x1b, 0xe9, 0x82, 0x48, 0x1d, 0xc7, 0x8c,
    0x4, 0xf8, 0x28, 0x60,

    /* U+8F85 "辅" */
    0x30, 0xa1, 0x5, 0xbf, 0xfe, 0x81, 0x7, 0x7f,
    0x7a, 0x4b, 0xff, 0xc6, 0x92, 0xff, 0xf5, 0xa4,
    0x8d, 0x24, 0x69, 0x60,

    /* U+8F86 "辆" */
    0x20, 0x4, 0x7f, 0xf1, 0x46, 0x7f, 0x65, 0x5a,
    0x55, 0xf5, 0x52, 0x6f, 0xf6, 0x92, 0x49, 0x24,
    0x12, 0x43,

    /* U+8F88 "辈" */
    0x9, 0xf, 0x9e, 0x9, 0x7, 0x9e, 0xf9, 0xf0,
    0x50, 0xff, 0xe1, 0x60, 0x7f, 0xc0, 0x20, 0xff,
    0xf0, 0x60,

    /* U+8F89 "辉" */
    0x10, 0x0, 0xbf, 0xd5, 0x82, 0xac, 0x95, 0x8c,
    0x9, 0xfd, 0xa5, 0x5, 0x7f, 0x28, 0x41, 0x62,
    0x12, 0xff, 0x90, 0x80, 0x4, 0x0,

    /* U+8F90 "辐" */
    0x20, 0x1, 0x3f, 0xfe, 0x0, 0x87, 0xe6, 0x21,
    0x39, 0xfa, 0xc0, 0x1f, 0xfe, 0x34, 0x97, 0xff,
    0xad, 0x24, 0x6f, 0xe3, 0x41, 0x0,

    /* U+8F91 "辑" */
    0x0, 0x2, 0x3e, 0x22, 0x2f, 0xa2, 0x41, 0xc5,
    0x7f, 0x92, 0x2f, 0xbe, 0x12, 0x21, 0xbe, 0xf2,
    0x21, 0x7f, 0x10, 0x20,

    /* U+8F93 "输" */
    0x21, 0x83, 0x1c, 0x3c, 0x98, 0x9f, 0xb6, 0x80,
    0xd3, 0xab, 0xd5, 0x44, 0xea, 0x25, 0x57, 0xba,
    0x89, 0x44, 0x4e, 0x60,

    /* U+8F95 "辕" */
    0x20, 0xc1, 0x4, 0x3f, 0xfc, 0x8f, 0xe6, 0x0,
    0x53, 0xfb, 0xf8, 0x44, 0xfe, 0x39, 0x57, 0x3b,
    0x8b, 0x6c, 0x42, 0x20,

    /* U+8F96 "辖" */
    0x20, 0x81, 0x1f, 0xfe, 0x22, 0x87, 0xc5, 0x8,
    0x29, 0xfb, 0xf2, 0x2, 0xff, 0xf0, 0x87, 0xdf,
    0x84, 0x84, 0x27, 0xe0,

    /* U+8F99 "辙" */
    0x62, 0x22, 0x11, 0x33, 0xf1, 0xe8, 0xf6, 0x55,
    0x57, 0xea, 0x81, 0x5f, 0xea, 0x29, 0x51, 0xfb,
    0x3b, 0xc8, 0x52, 0xe2, 0xbd, 0x80,

    /* U+8F9B "辛" */
    0x6, 0x0, 0x60, 0x7f, 0xe0, 0x0, 0x19, 0x80,
    0x10, 0xff, 0xf0, 0x60, 0xff, 0xe0, 0x60, 0x6,
    0x0, 0x60,

    /* U+8F9C "辜" */
    0x4, 0xf, 0xff, 0x4, 0x3, 0xbc, 0x3f, 0xc0,
    0x40, 0xff, 0xe1, 0x98, 0xff, 0xf0, 0x40, 0x7f,
    0xe0, 0x40,

    /* U+8F9E "辞" */
    0x0, 0x40, 0xe2, 0x1c, 0x7e, 0x20, 0x1, 0x9,
    0x7e, 0x48, 0x4f, 0xef, 0x88, 0x44, 0x42, 0x3f,
    0xd1, 0x10, 0xf8, 0x84, 0x44, 0x0,

    /* U+8F9F "辟" */
    0x0, 0x43, 0xe2, 0x19, 0x7e, 0xc8, 0x6, 0x5b,
    0x3e, 0x51, 0x7, 0xef, 0x88, 0x64, 0x45, 0x2f,
    0xc9, 0x7e, 0x78, 0x82, 0x44, 0x0,

    /* U+8FA3 "辣" */
    0x20, 0x81, 0x4, 0x3f, 0xfe, 0x21, 0x5, 0x3f,
    0x9, 0x4b, 0xea, 0x44, 0x7e, 0xf9, 0xc1, 0x15,
    0x13, 0x27, 0x1, 0x0,

    /* U+8FA8 "辨" */
    0x62, 0x42, 0x24, 0xf3, 0xf5, 0xaa, 0x6a, 0xaf,
    0xbf, 0x2a, 0x42, 0x24, 0xf5, 0xf2, 0x44, 0x4c,
    0x4d, 0x84,

    /* U+8FA9 "辩" */
    0x40, 0x42, 0x44, 0xf5, 0xf6, 0xa, 0x2c, 0x2f,
    0x5f, 0x24, 0x42, 0x44, 0xf5, 0xf4, 0x64, 0x46,
    0x4c, 0x4,

    /* U+8FAB "辫" */
    0x22, 0x42, 0x44, 0xf4, 0xf5, 0xab, 0x6e, 0x6f,
    0x4f, 0x26, 0x42, 0xc4, 0xf0, 0xf2, 0xe4, 0x48,
    0x4c, 0x4,

    /* U+8FB0 "辰" */
    0x3f, 0xf1, 0x0, 0x8, 0x0, 0x5f, 0xc2, 0x0,
    0x1f, 0xfc, 0xa4, 0x5, 0x2c, 0x69, 0xc2, 0x46,
    0x13, 0x9e, 0x90, 0x20,

    /* U+8FB1 "辱" */
    0x7f, 0xf5, 0x84, 0x47, 0x87, 0xff, 0x52, 0x65,
    0x18, 0x9c, 0xf1, 0x4, 0xff, 0xf1, 0x4, 0x8,
    0xc0, 0x18,

    /* U+8FB9 "边" */
    0x1, 0x3, 0x8, 0x8, 0x40, 0x5f, 0xc0, 0x12,
    0x70, 0x90, 0x88, 0x84, 0x44, 0x26, 0x21, 0x67,
    0x1c, 0x1, 0x1f, 0xe0,

    /* U+8FBD "辽" */
    0x0, 0x6, 0xff, 0x20, 0x62, 0xc, 0x0, 0x8e,
    0x8, 0x20, 0x82, 0x18, 0x21, 0x82, 0x38, 0x78,
    0x8, 0x7f,

    /* U+8FBE "达" */
    0x1, 0x6, 0x10, 0x21, 0x0, 0xff, 0x1, 0xe,
    0x10, 0x23, 0x82, 0x24, 0x26, 0x62, 0x82, 0x70,
    0xc, 0xff,

    /* U+8FC1 "迁" */
    0x0, 0x6, 0xfe, 0x21, 0x2, 0x10, 0x1, 0xe,
    0xff, 0x21, 0x2, 0x10, 0x21, 0x2, 0x10, 0x78,
    0xc, 0xfe,

    /* U+8FC2 "迂" */
    0x67, 0xf1, 0x4, 0x8, 0x20, 0x1, 0xe, 0xff,
    0x10, 0x40, 0x82, 0x4, 0x10, 0x21, 0x83, 0x80,
    0x23, 0xfc,

    /* U+8FC4 "迄" */
    0x2, 0x6, 0x60, 0x27, 0xf2, 0x80, 0xf, 0xee,
    0x6, 0x21, 0x82, 0x20, 0x24, 0x32, 0x7e, 0x70,
    0x0, 0xff,

    /* U+8FC5 "迅" */
    0x20, 0x1, 0x7e, 0x8, 0x90, 0x4, 0x80, 0x24,
    0x77, 0xe0, 0x89, 0x4, 0x48, 0x22, 0x51, 0x11,
    0x9c, 0x81, 0x9f, 0xe0,

    /* U+8FC7 "过" */
    0x0, 0x44, 0x4, 0x60, 0x42, 0xff, 0x0, 0x4e,
    0x64, 0x22, 0x42, 0x24, 0x20, 0x42, 0xc, 0x70,
    0x80, 0xff,

    /* U+8FC8 "迈" */
    0x6f, 0xe2, 0x20, 0x22, 0x0, 0x3e, 0xe2, 0x22,
    0x22, 0x24, 0x22, 0x42, 0x28, 0xe7, 0x0, 0xcf,
    0xf0,

    /* U+8FCE "迎" */
    0x20, 0x1, 0x3f, 0x89, 0x24, 0x9, 0x2e, 0x49,
    0x12, 0x48, 0x96, 0x44, 0xfe, 0x24, 0xa1, 0x4,
    0x1c, 0x1, 0x1f, 0xf0,

    /* U+8FD0 "运" */
    0x0, 0x6, 0x7e, 0x20, 0x0, 0xff, 0xe1, 0x2,
    0x34, 0x22, 0x42, 0x26, 0x24, 0x62, 0x7e, 0x70,
    0xc, 0xff,

    /* U+8FD1 "近" */
    0x20, 0x21, 0x3f, 0x89, 0x0, 0x8, 0x0, 0x7f,
    0xf2, 0x20, 0x91, 0x4, 0x88, 0x28, 0x41, 0x42,
    0x1e, 0x1, 0x9f, 0xe0,

    /* U+8FD4 "返" */
    0x67, 0xf1, 0x20, 0x9, 0x0, 0xf, 0xce, 0x42,
    0x12, 0xb0, 0x93, 0x5, 0x1c, 0x2b, 0x31, 0x10,
    0x16, 0x1, 0xf, 0xe0,

    /* U+8FD8 "还" */
    0x0, 0x2, 0xff, 0x21, 0x80, 0x10, 0x3, 0xe,
    0x74, 0x25, 0x63, 0x93, 0x21, 0x2, 0x10, 0x70,
    0xc, 0xff,

    /* U+8FD9 "这" */
    0x0, 0x3, 0xc, 0x8, 0x40, 0x5f, 0xe0, 0x44,
    0x71, 0x20, 0x86, 0x4, 0x38, 0x26, 0x61, 0x61,
    0x1c, 0x1, 0x1f, 0xe0,

    /* U+8FDB "进" */
    0x2, 0x42, 0x24, 0x3f, 0xf0, 0x24, 0x2, 0x46,
    0x24, 0x2f, 0xf2, 0x24, 0x26, 0x42, 0x44, 0x2c,
    0x4d, 0xff,

    /* U+8FDC "远" */
    0x20, 0x1, 0x3f, 0x8, 0x0, 0x1f, 0xfe, 0x28,
    0x11, 0x40, 0x8a, 0x4, 0x53, 0x24, 0xf9, 0x43,
    0x96, 0x3, 0xf, 0xf0,

    /* U+8FDD "违" */
    0x1, 0x3, 0x8, 0xb, 0xfc, 0x2, 0x0, 0xfe,
    0x70, 0x80, 0xbf, 0xc4, 0x22, 0x21, 0x21, 0xb,
    0x1e, 0x1, 0x9f, 0xe0,

    /* U+8FDE "连" */
    0x1, 0x3, 0x8, 0xb, 0xfc, 0x44, 0x0, 0x48,
    0x77, 0xf8, 0x82, 0x4, 0x10, 0x2f, 0xf1, 0x4,
    0x1c, 0x21, 0x9f, 0xe0,

    /* U+8FDF "迟" */
    0x0, 0x1, 0x3f, 0xd, 0x8, 0x8, 0x4e, 0x7e,
    0x12, 0x10, 0x96, 0x5, 0x18, 0x28, 0x61, 0x0,
    0x16, 0x5, 0xf, 0xe0,

    /* U+8FEB "迫" */
    0x1, 0x86, 0x10, 0x27, 0xe2, 0x42, 0x4, 0x2e,
    0x7e, 0x24, 0x22, 0x42, 0x24, 0x22, 0x7e, 0x78,
    0x8, 0x7f,

    /* U+8FF0 "述" */
    0x20, 0x83, 0x5, 0x88, 0x20, 0xf, 0xf0, 0x18,
    0x70, 0xc0, 0x8a, 0x84, 0xd2, 0x2c, 0x99, 0x4,
    0x1c, 0x21, 0x9f, 0xf0,

    /* U+8FF7 "迷" */
    0x0, 0x83, 0x24, 0x89, 0xac, 0x1, 0x40, 0xff,
    0xb0, 0xc0, 0x86, 0x84, 0x56, 0x2c, 0x99, 0x4,
    0x1e, 0x20, 0x9f, 0xf0,

    /* U+8FF9 "迹" */
    0x0, 0x83, 0x4, 0x9, 0xfe, 0x42, 0x80, 0x14,
    0x32, 0xa8, 0xb5, 0x45, 0x2b, 0x22, 0x41, 0x36,
    0x1e, 0x0, 0x9f, 0xf0,

    /* U+8FFD "追" */
    0x3, 0x0, 0x20, 0x4f, 0xc6, 0x84, 0x8, 0x40,
    0xfc, 0xc8, 0x4, 0xfc, 0x48, 0x44, 0x84, 0x4f,
    0xc6, 0x0, 0x9f, 0xe0,

    /* U+9000 "退" */
    0x67, 0xe1, 0x21, 0x9, 0xf8, 0x8, 0x4e, 0x7e,
    0x12, 0x10, 0x97, 0x4, 0x98, 0x27, 0x21, 0x20,
    0x14, 0x0, 0x9f, 0xe0,

    /* U+9001 "送" */
    0x0, 0x44, 0x64, 0x60, 0x82, 0xff, 0x1, 0xe,
    0x10, 0x2f, 0xf2, 0x10, 0x22, 0xc2, 0x66, 0x2c,
    0x27, 0x0, 0x8f, 0xf0,

    /* U+9002 "适" */
    0x0, 0x63, 0x3f, 0x8c, 0x20, 0x1f, 0xf2, 0x8,
    0x70, 0x40, 0x9f, 0x84, 0x84, 0x24, 0x21, 0x3f,
    0x1e, 0x0, 0x8f, 0xe0,

    /* U+9003 "逃" */
    0x2, 0x83, 0x14, 0xa, 0xac, 0x15, 0x40, 0x28,
    0x73, 0x60, 0xaa, 0xc4, 0x50, 0x24, 0x91, 0x67,
    0x9c, 0x0, 0x9f, 0xe0,

    /* U+9006 "逆" */
    0x2, 0x66, 0x2c, 0x2f, 0xf0, 0x10, 0xed, 0x12,
    0x51, 0x27, 0xf2, 0x11, 0x23, 0x2, 0x60, 0x74,
    0x4, 0x7f,

    /* U+9009 "选" */
    0x0, 0x83, 0x24, 0xb, 0xf8, 0x11, 0x0, 0x8,
    0x7f, 0xfc, 0x89, 0x4, 0x48, 0x24, 0x59, 0x63,
    0x9c, 0x1, 0x9f, 0xf0,

    /* U+900A "逊" */
    0x0, 0x23, 0x79, 0x8, 0x88, 0x9, 0x6e, 0x6a,
    0x96, 0x54, 0x96, 0xa4, 0xb5, 0x24, 0x21, 0x67,
    0x1e, 0x1, 0x9f, 0xf0,

    /* U+900F "透" */
    0x0, 0x26, 0xfe, 0x21, 0x1, 0xff, 0x7, 0xce,
    0xd7, 0x2f, 0xc2, 0x2e, 0x24, 0x23, 0xce, 0x78,
    0x4, 0xff,

    /* U+9010 "逐" */
    0x6f, 0xf1, 0x8, 0x9, 0xc4, 0x13, 0x4e, 0x6c,
    0x14, 0xd0, 0x8a, 0xc5, 0x92, 0x23, 0x83, 0x80,
    0x13, 0xfc,

    /* U+9012 "递" */
    0x2, 0x23, 0xa, 0x9, 0xfc, 0x41, 0x20, 0x7f,
    0x72, 0x40, 0x9f, 0xc4, 0x32, 0x26, 0x91, 0x65,
    0x1e, 0x0, 0x9f, 0xf0,

    /* U+9014 "途" */
    0x1, 0x6, 0x30, 0x26, 0xc2, 0xc7, 0x1f, 0xd0,
    0x10, 0xe1, 0x3, 0xff, 0x21, 0x2, 0xd6, 0x39,
    0x23, 0x20, 0x4f, 0xf0,

    /* U+9017 "逗" */
    0x6f, 0xf1, 0x0, 0x1, 0xf8, 0x8, 0x46, 0x42,
    0x13, 0xf0, 0x89, 0x4, 0x48, 0x22, 0xc1, 0x7f,
    0x9c, 0x0, 0x9f, 0xe0,

    /* U+901A "通" */
    0x67, 0xf1, 0x9, 0x8, 0x70, 0xf, 0xee, 0x49,
    0x73, 0xf8, 0x92, 0x44, 0xfe, 0x24, 0x91, 0x25,
    0x9e, 0x0, 0x8f, 0xf0,

    /* U+901B "逛" */
    0x9, 0x81, 0x77, 0xc9, 0x88, 0x14, 0x40, 0x22,
    0x73, 0x7c, 0xa8, 0x84, 0x44, 0x2e, 0xf9, 0x20,
    0x1e, 0x0, 0x8f, 0xf0,

    /* U+901D "逝" */
    0x0, 0x3, 0x27, 0x89, 0x20, 0x7d, 0x0, 0x4f,
    0x33, 0x50, 0xf2, 0x84, 0x94, 0x25, 0xa1, 0x29,
    0xb, 0xc8, 0xa0, 0x4, 0xff, 0x0,

    /* U+901E "逞" */
    0x47, 0xf1, 0x20, 0x89, 0x4, 0xf, 0xe0, 0x0,
    0x73, 0xf8, 0x82, 0x4, 0xfe, 0x20, 0x81, 0x7f,
    0x9c, 0x0, 0x9f, 0xf0,

    /* U+901F "速" */
    0x0, 0x83, 0x7f, 0xc8, 0x20, 0xf, 0xe0, 0x49,
    0x32, 0x48, 0x9f, 0xc4, 0x30, 0x22, 0xb1, 0x64,
    0x8c, 0x20, 0x9f, 0xf0,

    /* U+9020 "造" */
    0x4, 0x83, 0x24, 0xb, 0xfc, 0x51, 0x0, 0xff,
    0xf0, 0x0, 0x9f, 0xc4, 0x82, 0x24, 0x11, 0x3f,
    0x9c, 0x0, 0x9f, 0xf0,

    /* U+9022 "逢" */
    0x3, 0x3, 0x1f, 0x8b, 0x48, 0x1, 0x8e, 0xfa,
    0x97, 0xf8, 0x82, 0x4, 0xfe, 0x20, 0x81, 0x7f,
    0xd4, 0x20, 0x9f, 0xf0,

    /* U+902E "逮" */
    0x21, 0x2, 0xfe, 0x21, 0x21, 0xff, 0x1, 0x26,
    0xfe, 0x29, 0x22, 0x3c, 0x2d, 0x62, 0x32, 0x72,
    0x4, 0xff,

    /* U+9038 "逸" */
    0x3, 0x3, 0x3f, 0xa, 0x10, 0x1f, 0xe0, 0x89,
    0x74, 0x48, 0xbf, 0xc4, 0x3c, 0x21, 0xb1, 0x32,
    0x4a, 0x1d, 0xbf, 0xf0,

    /* U+903B "逻" */
    0x2f, 0xf1, 0x52, 0x82, 0x94, 0x1f, 0xee, 0x20,
    0x13, 0xf8, 0xa0, 0x85, 0x6c, 0x21, 0xc1, 0x38,
    0x1f, 0x0, 0x9f, 0xf0,

    /* U+903C "逼" */
    0x6f, 0xf1, 0x0, 0xd, 0xf8, 0x8, 0x46, 0x3c,
    0x17, 0xf8, 0xa4, 0x45, 0xfe, 0x29, 0x11, 0x7f,
    0x94, 0x2, 0x9f, 0xe0,

    /* U+903E "逾" */
    0x21, 0x81, 0x12, 0x9, 0xe, 0x37, 0x90, 0xf5,
    0x34, 0xa8, 0xbd, 0x45, 0x2a, 0x2f, 0x51, 0x49,
    0x9c, 0x2, 0x9f, 0xf0,

    /* U+9042 "遂" */
    0x2, 0x63, 0x1a, 0xb, 0xfe, 0x3, 0x0, 0x71,
    0x76, 0xd0, 0x9b, 0x5, 0xbe, 0x26, 0x51, 0x4e,
    0x1c, 0x1, 0x9f, 0xf0,

    /* U+9047 "遇" */
    0x4f, 0xe1, 0x49, 0xb, 0xf8, 0x12, 0x48, 0xfe,
    0x70, 0x80, 0xbf, 0xc5, 0x2a, 0x2f, 0xd1, 0x40,
    0x9c, 0x8, 0x9f, 0xe0,

    /* U+904D "遍" */
    0x1, 0x4, 0x10, 0x4f, 0xe6, 0x82, 0xf, 0xec,
    0x80, 0x4f, 0xe4, 0xda, 0x57, 0xe7, 0x5a, 0x45,
    0x2f, 0x0, 0x8f, 0xf0,

    /* U+904F "遏" */
    0x67, 0xf1, 0x20, 0x8d, 0xfc, 0x8, 0x2e, 0x3e,
    0x13, 0xfc, 0xf2, 0x44, 0xaa, 0x25, 0x11, 0x3f,
    0x94, 0x0, 0x9f, 0xf0,

    /* U+9053 "道" */
    0x2, 0x62, 0xa, 0xb, 0xfe, 0x2, 0xa, 0x6f,
    0x73, 0xf8, 0x90, 0x44, 0xfe, 0x24, 0x11, 0x3f,
    0x9c, 0x1, 0x9f, 0xf0,

    /* U+9057 "遗" */
    0x20, 0x81, 0x3f, 0x9, 0x28, 0xf, 0xc0, 0x8,
    0x77, 0xb8, 0x9f, 0x84, 0x94, 0x24, 0xa1, 0xb,
    0x1d, 0x88, 0x9f, 0xe0,

    /* U+9063 "遣" */
    0x0, 0x83, 0x3f, 0xd, 0x28, 0x7, 0x80, 0xff,
    0xf3, 0xf0, 0x9f, 0x84, 0x80, 0x27, 0xe1, 0x3f,
    0x1e, 0x0, 0x8f, 0xe0,

    /* U+9065 "遥" */
    0x0, 0x71, 0x7e, 0x9, 0x2c, 0x8, 0x4e, 0x7f,
    0x76, 0x40, 0xbf, 0xe4, 0x10, 0x24, 0x91, 0x3f,
    0x9c, 0x4, 0x9f, 0xf0,

    /* U+906D "遭" */
    0x1, 0x43, 0x7f, 0xcb, 0xfc, 0x12, 0xa0, 0xff,
    0x74, 0xa8, 0x9a, 0x84, 0xfc, 0x27, 0xe1, 0x3f,
    0x16, 0x0, 0x9f, 0xf0,

    /* U+906E "遮" */
    0x0, 0x81, 0x4, 0x9, 0xfe, 0x48, 0x0, 0x52,
    0x3, 0xfd, 0x94, 0x84, 0xbc, 0x2c, 0x11, 0x5a,
    0x88, 0xd4, 0xf0, 0x4, 0xff, 0x80,

    /* U+9075 "遵" */
    0x3, 0x43, 0x7f, 0xc8, 0x50, 0x1f, 0xe0, 0x95,
    0x75, 0x18, 0xb7, 0x45, 0xfe, 0x20, 0x21, 0x7f,
    0xc8, 0x88, 0xbf, 0xf0,

    /* U+907F "避" */
    0x0, 0x20, 0xbc, 0x82, 0x95, 0x83, 0xd4, 0xe8,
    0xfb, 0xa3, 0xe2, 0xf2, 0xb, 0x7e, 0x35, 0x20,
    0x9c, 0x83, 0x2, 0x13, 0xfe,

    /* U+9080 "邀" */
    0x4, 0x62, 0x7a, 0xb, 0xde, 0x12, 0xa0, 0xf9,
    0x71, 0x28, 0xb6, 0x84, 0xe6, 0x29, 0x71, 0x4e,
    0xce, 0xa0, 0x8f, 0xf0,

    /* U+9091 "邑" */
    0xff, 0x88, 0x11, 0x2, 0x7f, 0xc0, 0x1, 0xff,
    0xa2, 0x14, 0x42, 0xff, 0xd0, 0x2, 0x1, 0xff,
    0xe0,

    /* U+9093 "邓" */
    0xfd, 0xf0, 0x92, 0x9, 0x24, 0x92, 0x29, 0x61,
    0x12, 0x19, 0x12, 0xd1, 0x65, 0x7c, 0x16, 0x1,
    0x0, 0x10,

    /* U+90A2 "邢" */
    0x7e, 0xf9, 0x24, 0x89, 0x24, 0x49, 0x22, 0x4a,
    0x7f, 0x58, 0x92, 0x44, 0x93, 0x24, 0x9a, 0x25,
    0x91, 0x20, 0x89, 0x0,

    /* U+90A3 "那" */
    0x7d, 0xf2, 0x52, 0x25, 0x2f, 0xd6, 0x25, 0x42,
    0x56, 0xfd, 0x22, 0x53, 0x45, 0x34, 0x56, 0x9d,
    0x0, 0x10,

    /* U+90A6 "邦" */
    0x11, 0xff, 0xf2, 0xff, 0x21, 0x14, 0x7d, 0x41,
    0x12, 0x11, 0x2f, 0xf3, 0x11, 0x32, 0x16, 0x61,
    0x4, 0x10,

    /* U+90AA "邪" */
    0x7f, 0xf8, 0x9, 0x20, 0xd2, 0x41, 0x24, 0x82,
    0x4a, 0xf, 0xf4, 0x3, 0x24, 0xa, 0x48, 0x34,
    0x98, 0xc9, 0x61, 0x32, 0x0, 0x4, 0x0,

    /* U+90AE "邮" */
    0x10, 0x1, 0x1e, 0xfd, 0x29, 0x56, 0x95, 0x49,
    0x54, 0xfd, 0x29, 0x52, 0x95, 0x2f, 0xd6, 0x85,
    0x40, 0x10,

    /* U+90BB "邻" */
    0x8, 0x0, 0x31, 0xf0, 0x72, 0x41, 0x34, 0x83,
    0xb9, 0x9, 0x14, 0x0, 0x28, 0x3f, 0x48, 0x4,
    0x98, 0x59, 0x30, 0x62, 0xc0, 0x44, 0x0, 0x8,
    0x0,

    /* U+90C1 "郁" */
    0x18, 0x0, 0x87, 0xbf, 0xa4, 0x41, 0x67, 0xca,
    0x72, 0x52, 0xf2, 0xc4, 0x92, 0x3c, 0x91, 0x24,
    0x89, 0x28, 0x51, 0x0,

    /* U+90CA "郊" */
    0x10, 0x0, 0xc7, 0x80, 0x25, 0xfd, 0x62, 0xa,
    0x33, 0x53, 0xa, 0x95, 0x92, 0x38, 0x98, 0xc4,
    0xcf, 0x2c, 0xcd, 0x48, 0x8, 0x0, 0x40,

    /* U+90CE "郎" */
    0x20, 0x0, 0x87, 0xcf, 0x92, 0x22, 0x48, 0xf9,
    0x62, 0x25, 0xf, 0x92, 0x20, 0x48, 0x91, 0x32,
    0xa5, 0x8c, 0x90, 0x0, 0x40,

    /* U+90D1 "郑" */
    0x4, 0x2, 0xde, 0x29, 0x2f, 0xd2, 0x11, 0x41,
    0x14, 0xff, 0x21, 0x13, 0x39, 0x12, 0x57, 0x41,
    0x48, 0x10,

    /* U+90E8 "部" */
    0x10, 0x0, 0x8f, 0xbf, 0xec, 0x3, 0x42, 0xda,
    0x14, 0xd3, 0xfe, 0x80, 0x34, 0x7d, 0x92, 0x2c,
    0x91, 0x6c, 0xfb, 0xe4, 0x58, 0x0,

    /* U+90ED "郭" */
    0x10, 0xf, 0xff, 0x1, 0xa7, 0xda, 0x45, 0xa3,
    0xde, 0xff, 0xa0, 0xd9, 0x1f, 0x9f, 0x1f, 0x11,
    0x83, 0x18,

    /* U+90FD "都" */
    0x18, 0x0, 0xcf, 0xcf, 0xd6, 0x34, 0xa1, 0xc5,
    0x3f, 0xe8, 0x21, 0x47, 0xca, 0x62, 0x49, 0xf2,
    0x48, 0x9e, 0x7c, 0x82, 0x24, 0x0,

    /* U+9119 "鄙" */
    0xfd, 0xe4, 0x2a, 0x3f, 0x50, 0x22, 0x8f, 0xf4,
    0x8, 0xa3, 0xfd, 0x17, 0x64, 0xab, 0x25, 0xdb,
    0x3f, 0xc1, 0x6, 0x0,

    /* U+914C "酌" */
    0x0, 0xcf, 0xe8, 0x31, 0xff, 0xd1, 0xb7, 0x1b,
    0x41, 0xb4, 0x9c, 0xcd, 0xfc, 0x18, 0x41, 0xfc,
    0xb8, 0x47,

    /* U+914D "配" */
    0xfd, 0xe3, 0x2, 0x30, 0x2f, 0xc2, 0xb5, 0xeb,
    0x52, 0xcd, 0x8, 0x50, 0xfd, 0x8, 0x51, 0xfd,
    0x38, 0x4c,

    /* U+9152 "酒" */
    0x0, 0x6, 0xff, 0x22, 0x80, 0x28, 0x4f, 0xf6,
    0xa9, 0xa, 0x90, 0xcf, 0x28, 0x14, 0xff, 0x48,
    0x1c, 0xff, 0x48, 0x10,

    /* U+9157 "酗" */
    0x0, 0xf, 0xd2, 0x51, 0x2f, 0xed, 0xd6, 0xdd,
    0x65, 0xd6, 0xdd, 0xed, 0x87, 0x7f, 0xf1, 0x86,
    0x7f, 0xf9,

    /* U+915D "酝" */
    0xfc, 0x5, 0x1e, 0x50, 0xf, 0xc0, 0xd7, 0xfd,
    0x48, 0xdc, 0x88, 0x56, 0xfd, 0x28, 0x62, 0xff,
    0xf8, 0x41,

    /* U+9163 "酣" */
    0x1, 0x2f, 0xd2, 0x51, 0x2f, 0xdf, 0xd5, 0x2d,
    0x52, 0xd5, 0xec, 0xd2, 0xfd, 0x28, 0x52, 0xfd,
    0xe8, 0x52,

    /* U+9165 "酥" */
    0x0, 0x2f, 0xbc, 0x50, 0x8f, 0x88, 0xdb, 0xfd,
    0x9c, 0xd9, 0xc8, 0xaa, 0xfa, 0xa8, 0x6b, 0xf8,
    0x88, 0x8,

    /* U+916A "酪" */
    0x0, 0x8f, 0xd0, 0x31, 0xef, 0xf6, 0xb4, 0xcb,
    0x5e, 0xb7, 0x3c, 0xde, 0x85, 0x2f, 0xd2, 0x85,
    0x2f, 0xde,

    /* U+916C "酬" */
    0x0, 0xf, 0xd5, 0x51, 0x55, 0x15, 0xfd, 0x5d,
    0xbd, 0xdb, 0xfd, 0x57, 0xc9, 0x5f, 0x95, 0x89,
    0x5f, 0xe5, 0x80, 0x10,

    /* U+9171 "酱" */
    0x9, 0x1, 0x5f, 0x83, 0x88, 0xf1, 0x80, 0xb8,
    0x7f, 0xfc, 0x14, 0x7, 0xfc, 0x39, 0xe1, 0xff,
    0x8, 0x8, 0x7f, 0xc0,

    /* U+9175 "酵" */
    0x0, 0x8f, 0xfd, 0x50, 0xad, 0x4a, 0xfb, 0xfd,
    0x88, 0xd9, 0xfc, 0x66, 0xf8, 0x48, 0xbf, 0xf8,
    0x48, 0x5c,

    /* U+9177 "酷" */
    0x0, 0x4f, 0xd4, 0x51, 0xff, 0xe4, 0xd4, 0x4d,
    0x7f, 0xd4, 0x8, 0xde, 0xfd, 0x28, 0x52, 0xfd,
    0xe8, 0x52,

    /* U+9178 "酸" */
    0x0, 0xc7, 0xe5, 0x14, 0x45, 0xff, 0xed, 0x5a,
    0x6b, 0x9b, 0x5a, 0x1b, 0xbc, 0x87, 0x27, 0xe6,
    0x3f, 0x3d, 0xe, 0x60,

    /* U+917F "酿" */
    0x0, 0x8f, 0xc8, 0x53, 0xed, 0x62, 0xfb, 0xed,
    0xa2, 0xdb, 0xed, 0xa8, 0xfa, 0xa8, 0xa4, 0xfb,
    0x78, 0x60,

    /* U+9187 "醇" */
    0x0, 0xc7, 0xf2, 0x54, 0x6d, 0xfb, 0xed, 0x51,
    0x6a, 0xfb, 0x50, 0x1b, 0xfe, 0x84, 0x67, 0xff,
    0xff, 0x11, 0x9, 0x80,

    /* U+9189 "醉" */
    0x0, 0x8f, 0xc4, 0x53, 0xff, 0xd2, 0xd5, 0x6d,
    0x65, 0xdc, 0x48, 0x48, 0xff, 0xf8, 0x48, 0xfc,
    0x88, 0x48,

    /* U+918B "醋" */
    0x0, 0xa7, 0xe5, 0x14, 0xfd, 0xf9, 0x4d, 0x7f,
    0xea, 0x3, 0x57, 0xdb, 0xbe, 0x85, 0x17, 0xef,
    0xbf, 0x7d, 0xa, 0x20,

    /* U+9192 "醒" */
    0x1, 0xff, 0xd1, 0x51, 0x1f, 0xdf, 0xd5, 0xfd,
    0x44, 0xd5, 0x4d, 0xff, 0x86, 0x4f, 0xdf, 0x84,
    0x4f, 0xff,

    /* U+91C7 "采" */
    0x0, 0xe1, 0xf8, 0x0, 0x98, 0x24, 0x81, 0xc,
    0x1, 0x1, 0xff, 0xc0, 0xe0, 0xa, 0x80, 0x92,
    0x18, 0x8c, 0x4, 0x20,

    /* U+91CA "释" */
    0x0, 0x0, 0x6f, 0xdc, 0x4, 0xab, 0x65, 0x4e,
    0x8, 0x79, 0xfe, 0xe6, 0x8, 0x3d, 0xfa, 0xa2,
    0x34, 0xfe, 0x20, 0x81, 0x4, 0x0,

    /* U+91CC "里" */
    0x3f, 0xe1, 0x11, 0xf, 0xf8, 0x44, 0x42, 0x22,
    0x1f, 0xf0, 0x8, 0x7, 0xfc, 0x2, 0x0, 0x10,
    0x3f, 0xfe,

    /* U+91CD "重" */
    0x0, 0x23, 0xff, 0x0, 0x81, 0xff, 0xf0, 0x20,
    0x1f, 0xf0, 0x88, 0x87, 0xfc, 0x22, 0x20, 0xfe,
    0xf, 0xf8, 0x4, 0xf, 0xff, 0x80,

    /* U+91CE "野" */
    0x7f, 0xf2, 0x91, 0x94, 0x88, 0xfd, 0x85, 0x26,
    0x29, 0xfc, 0xf1, 0x4f, 0xc8, 0x10, 0x40, 0xf2,
    0x1c, 0x10, 0x1, 0x80,

    /* U+91CF "量" */
    0x3f, 0xe1, 0xff, 0x8, 0x18, 0x3f, 0xf, 0xff,
    0xa0, 0x11, 0xff, 0x8f, 0xfc, 0x44, 0x61, 0xfc,
    0x1f, 0xf9, 0xff, 0xf0,

    /* U+91D1 "金" */
    0x2, 0x0, 0x30, 0x3, 0x40, 0x31, 0x83, 0x7,
    0x3f, 0xec, 0x8, 0x7, 0xfc, 0x2, 0x40, 0xd2,
    0x2, 0xa0, 0xff, 0xe0,

    /* U+9274 "鉴" */
    0x24, 0x80, 0x93, 0xe2, 0x50, 0x9, 0x58, 0x27,
    0x30, 0x1e, 0x1, 0x87, 0x9b, 0xfe, 0x1, 0x0,
    0x7f, 0x80, 0x94, 0x1f, 0xfe,

    /* U+9488 "针" */
    0x10, 0x41, 0x82, 0xf, 0x10, 0x80, 0x83, 0xdf,
    0x88, 0x21, 0xf1, 0x2, 0x8, 0x14, 0x40, 0xe2,
    0x4, 0x10, 0x0, 0x80,

    /* U+9489 "钉" */
    0x10, 0x1, 0x8f, 0xcf, 0x8, 0x80, 0x47, 0xc2,
    0x8, 0x10, 0x40, 0x8f, 0x84, 0x10, 0x20, 0xa1,
    0x6, 0x8, 0x20, 0xc0,

    /* U+9493 "钓" */
    0x10, 0xc1, 0x84, 0xf, 0xbe, 0x83, 0x17, 0xd0,
    0x89, 0xc4, 0x43, 0x2f, 0x89, 0x10, 0x8, 0xa0,
    0x47, 0x2, 0x60, 0x60,

    /* U+9499 "钙" */
    0x20, 0x4, 0x3f, 0x78, 0x88, 0x2d, 0x7a, 0xb2,
    0x28, 0x22, 0x8f, 0xbe, 0x20, 0x22, 0x2, 0x38,
    0x23, 0xe, 0x20, 0x80,

    /* U+949D "钝" */
    0x20, 0x81, 0x4, 0x1f, 0xff, 0x1, 0xf, 0x89,
    0x12, 0x48, 0x92, 0x5f, 0xfe, 0x20, 0x91, 0x44,
    0xc, 0x26, 0x41, 0xe0,

    /* U+949E "钞" */
    0x20, 0x81, 0x4, 0x1e, 0x29, 0x85, 0x4f, 0xa9,
    0x11, 0x4c, 0x8a, 0x9f, 0x14, 0x20, 0x21, 0xc2,
    0x1c, 0x60, 0xc, 0x0,

    /* U+949F "钟" */
    0x30, 0x82, 0x8, 0x78, 0x8c, 0x3f, 0xfa, 0x92,
    0x29, 0x22, 0x9f, 0xbf, 0x22, 0x92, 0x88, 0x30,
    0x80, 0x8,

    /* U+94A0 "钠" */
    0x20, 0x42, 0x8, 0x7b, 0xf8, 0x25, 0x7a, 0x92,
    0x2d, 0x22, 0xdf, 0xab, 0x23, 0x12, 0xa1, 0x32,
    0x12, 0x23,

    /* U+94A2 "钢" */
    0x30, 0x1, 0x3f, 0x9f, 0x5, 0x8a, 0x67, 0xdb,
    0x12, 0x68, 0x91, 0x4f, 0x9a, 0x25, 0xb1, 0x69,
    0x8d, 0x4, 0x48, 0x60,

    /* U+94A5 "钥" */
    0x20, 0x6, 0x3f, 0x7a, 0x18, 0x21, 0x7b, 0xf2,
    0x21, 0x22, 0x1f, 0xbf, 0x22, 0x12, 0xa1, 0x34,
    0x12, 0xc7, 0x0, 0x0,

    /* U+94A6 "钦" */
    0x31, 0x81, 0x8, 0x1f, 0x7d, 0x86, 0x2f, 0xab,
    0x11, 0x40, 0x82, 0x1f, 0x10, 0x21, 0x41, 0x4a,
    0xe, 0xd8, 0xcc, 0x70, 0xc0, 0x0,

    /* U+94A7 "钧" */
    0x18, 0x83, 0x18, 0x3d, 0xf4, 0x11, 0x7e, 0x91,
    0x9, 0x10, 0xd7, 0xc3, 0x13, 0xf1, 0x61, 0x1c,
    0x13, 0x6,

    /* U+94A9 "钩" */
    0x31, 0x6, 0x30, 0x7b, 0xfc, 0x61, 0xfd, 0x92,
    0x11, 0x23, 0x1f, 0xa5, 0x26, 0xd2, 0xd5, 0x38,
    0x12, 0x6,

    /* U+94AE "钮" */
    0x20, 0x6, 0x7e, 0x79, 0x2c, 0x12, 0xf9, 0x22,
    0x7e, 0x25, 0xef, 0x92, 0x23, 0x23, 0xa2, 0x3f,
    0xf0, 0x0,

    /* U+94B1 "钱" */
    0x21, 0x1, 0xb, 0x18, 0x40, 0xf3, 0xec, 0x70,
    0x7c, 0x88, 0x87, 0x84, 0xe0, 0xf8, 0xb1, 0x7,
    0xa, 0x30, 0x76, 0x92, 0x43, 0x0,

    /* U+94B3 "钳" */
    0x22, 0x23, 0x11, 0x1e, 0x89, 0xf, 0xff, 0xa2,
    0x11, 0x10, 0x8f, 0x9f, 0x7c, 0x22, 0x21, 0x51,
    0xe, 0xf8, 0x44, 0x40,

    /* U+94BB "钻" */
    0x20, 0x86, 0x8, 0x7c, 0xf8, 0x8, 0x78, 0x82,
    0x8, 0x23, 0xff, 0xa1, 0x22, 0x12, 0xa1, 0x33,
    0xf2, 0x21,

    /* U+94BE "钾" */
    0x20, 0x6, 0x3f, 0x7a, 0x9c, 0x29, 0xfb, 0xf2,
    0x29, 0xfa, 0x92, 0x3f, 0x22, 0x93, 0x88, 0x30,
    0x80, 0x8,

    /* U+94C1 "铁" */
    0x20, 0x83, 0x34, 0x1f, 0xa1, 0xf, 0xef, 0x48,
    0x10, 0x40, 0x9f, 0xdf, 0x10, 0x21, 0x41, 0x4a,
    0xe, 0xc8, 0xcc, 0x70, 0xc1, 0x0,

    /* U+94C3 "铃" */
    0x0, 0x1, 0x4, 0x8, 0x60, 0xf2, 0x84, 0x26,
    0x43, 0x5f, 0xd2, 0x44, 0x0, 0xff, 0xe1, 0x3,
    0xa, 0xf0, 0x71, 0x2, 0x6, 0x0,

    /* U+94C5 "铅" */
    0x20, 0x6, 0x3c, 0x7a, 0x4c, 0x24, 0xf6, 0x72,
    0x40, 0x23, 0xef, 0xbe, 0x22, 0x22, 0xa2, 0x33,
    0xe2, 0x22,

    /* U+94C6 "铆" */
    0x21, 0x6, 0x77, 0x7d, 0x5c, 0x55, 0xfd, 0x52,
    0x55, 0x25, 0x5f, 0xf5, 0x25, 0x52, 0x97, 0x32,
    0x42, 0x44,

    /* U+94D0 "铐" */
    0x31, 0x2, 0x51, 0x7f, 0xec, 0x14, 0xff, 0xf2,
    0x18, 0x21, 0xf, 0xbf, 0x2d, 0x2, 0x3f, 0x38,
    0x26, 0xe,

    /* U+94DB "铛" */
    0x30, 0x81, 0x14, 0xde, 0xa5, 0x87, 0x6f, 0x88,
    0x13, 0xf8, 0x80, 0x5f, 0x2, 0x23, 0xf1, 0x40,
    0x8e, 0x4, 0x4f, 0xe0,

    /* U+94DC "铜" */
    0x30, 0x2, 0x7f, 0x7c, 0x1c, 0x5d, 0x74, 0x12,
    0x5d, 0xfd, 0x52, 0x55, 0x25, 0xd3, 0xc1, 0x34,
    0x74, 0x43,

    /* U+94DD "铝" */
    0x20, 0x2, 0x3e, 0x62, 0x27, 0xa2, 0x82, 0x2f,
    0xbe, 0x20, 0x2, 0x3f, 0xfb, 0xf2, 0x21, 0x3a,
    0x13, 0x3f, 0x22, 0x10,

    /* U+94E1 "铡" */
    0x30, 0x9, 0x3c, 0x5f, 0x2b, 0x8b, 0x57, 0x5a,
    0x92, 0xd5, 0xda, 0xa4, 0xd5, 0x22, 0x29, 0xdc,
    0x49, 0x32, 0x10, 0x30,

    /* U+94E3 "铣" */
    0x20, 0x83, 0x14, 0x1e, 0xa5, 0x8f, 0xcf, 0x88,
    0x13, 0xf8, 0x9f, 0xdf, 0x28, 0x21, 0x41, 0x5a,
    0xc, 0x96, 0x58, 0xe0,

    /* U+94ED "铭" */
    0x31, 0x82, 0x10, 0x7b, 0xfc, 0x42, 0xf9, 0x42,
    0x18, 0x21, 0xf, 0xbf, 0x2e, 0x12, 0xa1, 0x33,
    0xf2, 0x21,

    /* U+94F2 "铲" */
    0x30, 0x41, 0x1f, 0xde, 0x83, 0x83, 0x6f, 0x8a,
    0x11, 0xf8, 0x88, 0x1f, 0x40, 0x22, 0x1, 0x50,
    0xd, 0x80, 0x48, 0x0, 0x80, 0x0,

    /* U+94F6 "银" */
    0x20, 0x2, 0x3e, 0x42, 0x27, 0xa2, 0x83, 0xef,
    0xa2, 0x23, 0xe2, 0x28, 0xfa, 0xb2, 0x2c, 0x2a,
    0x43, 0xae, 0x63, 0x30, 0x20,

    /* U+94F8 "铸" */
    0x30, 0x81, 0x4, 0x1f, 0xff, 0x81, 0xf, 0xbf,
    0x10, 0x40, 0x9f, 0xff, 0x24, 0x21, 0xf9, 0x55,
    0xe, 0xa8, 0x58, 0x40, 0x4, 0x0,

    /* U+94FA "铺" */
    0x30, 0xa1, 0x4, 0x9f, 0xff, 0x81, 0xf, 0xff,
    0x12, 0x48, 0x9f, 0xdf, 0x92, 0x24, 0x91, 0x3f,
    0x8f, 0x24, 0x49, 0x60,

    /* U+94FE "链" */
    0x30, 0x40, 0x97, 0xe7, 0x5f, 0xb0, 0x28, 0xf1,
    0xa0, 0xb7, 0xe2, 0x42, 0x1d, 0x8, 0x25, 0xf8,
    0xd0, 0x82, 0x62, 0x1a, 0x7e,

    /* U+9500 "销" */
    0x20, 0xc2, 0x14, 0xde, 0xed, 0x1, 0x7, 0xbf,
    0x11, 0x8, 0x8f, 0xdf, 0x42, 0x22, 0x11, 0x5f,
    0x8c, 0x84, 0x44, 0x60,

    /* U+9501 "锁" */
    0x30, 0x81, 0x34, 0x9e, 0xad, 0x81, 0xf, 0xbf,
    0x11, 0x28, 0x89, 0x5f, 0x5a, 0x22, 0x91, 0x54,
    0xc, 0x7c, 0xcc, 0x30,

    /* U+9504 "锄" */
    0x20, 0x21, 0x39, 0x1f, 0x48, 0x8b, 0xff, 0xf2,
    0x92, 0x94, 0x94, 0xbf, 0xe5, 0x25, 0x29, 0xab,
    0x4d, 0xf2, 0x41, 0x30, 0x10, 0x0,

    /* U+9505 "锅" */
    0x20, 0x3, 0x1f, 0x9e, 0x85, 0x7, 0xe7, 0x88,
    0x13, 0xfc, 0x9f, 0xff, 0xb1, 0x25, 0x49, 0x79,
    0x4d, 0x2, 0x48, 0x60,

    /* U+9508 "锈" */
    0x20, 0x63, 0x1c, 0x1e, 0x21, 0x8f, 0xef, 0x2e,
    0x13, 0x5c, 0x90, 0x1f, 0x78, 0x21, 0x71, 0x48,
    0x8c, 0x8c, 0x58, 0xc0,

    /* U+9509 "锉" */
    0x30, 0x81, 0x15, 0x9e, 0xa8, 0x89, 0x4f, 0x6b,
    0x12, 0xe8, 0x82, 0xf, 0x10, 0x27, 0xf1, 0x44,
    0xe, 0x20, 0x4f, 0xe0,

    /* U+950B "锋" */
    0x31, 0x1, 0x1f, 0x9e, 0xc9, 0x89, 0x8f, 0xbf,
    0x93, 0x48, 0x9f, 0xdf, 0x10, 0x23, 0xf1, 0x44,
    0xf, 0xfc, 0x41, 0x0,

    /* U+950C "锌" */
    0x61, 0x84, 0x8, 0x7f, 0xf8, 0x22, 0x7b, 0x42,
    0x7f, 0xf8, 0x82, 0x8, 0x2f, 0xf3, 0x88, 0x20,
    0x80, 0x8,

    /* U+9510 "锐" */
    0x20, 0x1, 0x19, 0x10, 0x50, 0xf0, 0x88, 0x3f,
    0x3d, 0x8, 0x88, 0x44, 0x7e, 0xf9, 0x41, 0xa,
    0xa, 0x50, 0x64, 0x92, 0xc7, 0x80, 0x0,

    /* U+9519 "错" */
    0x21, 0x46, 0x14, 0x77, 0xf8, 0x14, 0x7f, 0xf2,
    0x0, 0x22, 0x2f, 0xbe, 0x22, 0x23, 0xbe, 0x33,
    0xe2, 0x22,

    /* U+951A "锚" */
    0x31, 0x21, 0x9, 0x1f, 0xff, 0x82, 0x4f, 0x92,
    0x13, 0xf8, 0x93, 0x5f, 0x9a, 0x27, 0xf1, 0x66,
    0x8d, 0xfc, 0x8, 0x20,

    /* U+9521 "锡" */
    0x20, 0x2, 0x3f, 0x62, 0x17, 0xa1, 0xc3, 0xff,
    0xbf, 0x21, 0x2, 0x31, 0xff, 0xf2, 0xdb, 0x2b,
    0x53, 0x6d, 0x61, 0xb0, 0x22,

    /* U+9523 "锣" */
    0x20, 0x2, 0x7f, 0x65, 0x57, 0xd5, 0xc5, 0x5f,
    0xba, 0x21, 0x2, 0x3f, 0xfa, 0x32, 0x52, 0x28,
    0xe3, 0xc, 0x2f, 0x0, 0x40,

    /* U+9524 "锤" */
    0x20, 0x11, 0x9f, 0xe7, 0x88, 0x11, 0xfe, 0x82,
    0x91, 0xca, 0x42, 0x7f, 0xfe, 0xa4, 0x27, 0xf8,
    0xc2, 0x3, 0x8, 0x9, 0xfc, 0x0, 0x0,

    /* U+9525 "锥" */
    0x23, 0x43, 0x12, 0x1f, 0xff, 0x8c, 0x88, 0xe4,
    0x39, 0xfc, 0x89, 0x1f, 0x7f, 0x22, 0x41, 0x52,
    0xc, 0xfe, 0x44, 0x0,

    /* U+9526 "锦" */
    0x21, 0x81, 0x3f, 0x9f, 0x5, 0x8f, 0xef, 0xc1,
    0x13, 0xf8, 0x82, 0x1f, 0xfe, 0x24, 0x91, 0xa4,
    0x8d, 0x24, 0x49, 0x40,

    /* U+9528 "锨" */
    0x30, 0x20, 0x9e, 0x87, 0xc2, 0xb1, 0x16, 0xf7,
    0x58, 0x95, 0x82, 0x52, 0x3d, 0x48, 0x25, 0x60,
    0x95, 0x43, 0xdd, 0x8a, 0x62,

    /* U+952D "锭" */
    0x30, 0x41, 0x2, 0x1e, 0xff, 0x84, 0x1f, 0xbf,
    0x90, 0x20, 0xad, 0xf, 0x6f, 0x22, 0x41, 0x5a,
    0xc, 0xf0, 0x48, 0xf0,

    /* U+952E "键" */
    0x30, 0x41, 0x7f, 0x9c, 0x94, 0x8b, 0xf7, 0x45,
    0x17, 0xf8, 0x89, 0x1f, 0x7e, 0x26, 0x41, 0xbf,
    0xcd, 0x90, 0x73, 0xf0,

    /* U+952F "锯" */
    0x20, 0x1, 0x1f, 0x98, 0x84, 0xf4, 0x2c, 0x3f,
    0x7d, 0x20, 0x8f, 0xff, 0x48, 0xfa, 0x41, 0x1f,
    0x89, 0x44, 0x6a, 0x22, 0xdf, 0x0,

    /* U+9530 "锰" */
    0x30, 0x1, 0x3f, 0x9e, 0x19, 0x81, 0x7, 0x7f,
    0x10, 0xc2, 0xa4, 0x1f, 0xfe, 0x25, 0x51, 0x6a,
    0x8d, 0x54, 0x5f, 0xf0, 0x0, 0x0,

    /* U+9539 "锹" */
    0x21, 0x21, 0x79, 0x1c, 0x89, 0x85, 0x57, 0x7a,
    0x91, 0x58, 0x9c, 0x9e, 0xec, 0x2a, 0x51, 0x52,
    0x8c, 0xa6, 0x44, 0x10,

    /* U+953B "锻" */
    0x20, 0x0, 0x9d, 0xc2, 0x45, 0x1f, 0x14, 0xc6,
    0xd1, 0xf6, 0x22, 0x40, 0x9, 0xbc, 0x7c, 0x90,
    0x92, 0x43, 0xe6, 0x9, 0x3c, 0x5, 0x8,

    /* U+9540 "镀" */
    0x20, 0x43, 0x3f, 0xdf, 0x29, 0x89, 0x4f, 0xff,
    0x92, 0x73, 0xf0, 0x4, 0xbe, 0x24, 0xa1, 0xe5,
    0x1a, 0x10, 0x1f, 0x70,

    /* U+9547 "镇" */
    0x30, 0xc1, 0x3f, 0xde, 0x21, 0x86, 0xe7, 0xbf,
    0x11, 0x8, 0x8f, 0xdf, 0x42, 0x23, 0xf1, 0x3f,
    0xcc, 0x48, 0x4c, 0x30, 0x0, 0x0,

    /* U+954A "镊" */
    0x27, 0xf1, 0x51, 0x1e, 0xf9, 0x84, 0x4f, 0xbe,
    0x13, 0xfc, 0x80, 0x8e, 0xfe, 0x25, 0x91, 0xd3,
    0xd, 0xd8, 0x13, 0xb0, 0x0, 0x0,

    /* U+9550 "镐" */
    0x20, 0xc1, 0x9f, 0xf7, 0x80, 0x30, 0xfc, 0xfa,
    0x10, 0x87, 0x8a, 0xff, 0xbf, 0x2, 0x25, 0xe8,
    0xb4, 0xa3, 0xde, 0x99, 0x6,

    /* U+955C "镜" */
    0x20, 0x83, 0x3f, 0xd4, 0x49, 0xf, 0xff, 0x80,
    0x11, 0xf8, 0x88, 0x4e, 0x7e, 0x2b, 0xf1, 0xca,
    0xc, 0xd2, 0x5c, 0xf0,

    /* U+9563 "镣" */
    0x30, 0x80, 0x9f, 0xe7, 0x9c, 0x31, 0xdc, 0x7b,
    0xf0, 0xb8, 0x67, 0xbf, 0x8, 0x84, 0x23, 0xf0,
    0xaa, 0x3, 0x49, 0x88, 0x60,

    /* U+9570 "镰" */
    0x20, 0x43, 0x3f, 0xdd, 0x29, 0x8b, 0xf7, 0x4a,
    0x12, 0xf9, 0xdf, 0xe4, 0x96, 0x25, 0xf1, 0xad,
    0xa, 0xac, 0x1d, 0x50,

    /* U+9576 "镶" */
    0x0, 0x83, 0x3f, 0xd0, 0x0, 0xef, 0xe8, 0x4d,
    0x39, 0x90, 0x9f, 0xe4, 0x24, 0xf3, 0xf1, 0x3f,
    0xc8, 0x54, 0x6e, 0xc2, 0x5b, 0x80, 0x0,

    /* U+957F "长" */
    0x10, 0x41, 0xc, 0x11, 0x81, 0x60, 0x10, 0xf,
    0xff, 0x12, 0x1, 0x10, 0x11, 0x81, 0x4e, 0x18,
    0x71, 0x0,

    /* U+95E8 "门" */
    0x0, 0x1b, 0xf2, 0x6, 0x1, 0x80, 0x60, 0x18,
    0x6, 0x1, 0x80, 0x60, 0x18, 0x6, 0x3,

    /* U+95EA "闪" */
    0x40, 0xd, 0xfc, 0x80, 0xc3, 0x18, 0x43, 0x18,
    0x63, 0x8c, 0xd9, 0xb1, 0xb4, 0x6, 0x0, 0xc0,
    0x70,

    /* U+95ED "闭" */
    0x0, 0xc, 0xfc, 0x88, 0xc1, 0x1b, 0xfb, 0xc,
    0x62, 0x8c, 0xd1, 0xf2, 0x30, 0x46, 0x18, 0xc0,
    0x30,

    /* U+95EE "问" */
    0x40, 0x1b, 0xf0, 0x6, 0x1, 0x9f, 0x64, 0x59,
    0x16, 0x45, 0x9f, 0x60, 0x18, 0x6, 0x3,

    /* U+95EF "闯" */
    0x40, 0xd, 0xfc, 0x80, 0xcf, 0x18, 0x23, 0x24,
    0x64, 0x8c, 0xf9, 0x81, 0x37, 0xa6, 0x4, 0xc1,
    0x70,

    /* U+95F0 "闰" */
    0x40, 0xd, 0xfc, 0x80, 0xcf, 0xd8, 0x43, 0x8,
    0x67, 0xcc, 0x21, 0x84, 0x37, 0xf6, 0x0, 0xc0,
    0x30,

    /* U+95F2 "闲" */
    0x0, 0xd, 0xfc, 0x0, 0xc2, 0x1b, 0xfb, 0x8,
    0x63, 0xcc, 0xe9, 0xb4, 0xb4, 0x86, 0x10, 0xc0,
    0x70,

    /* U+95F4 "间" */
    0x0, 0x1b, 0xf2, 0x6, 0x7d, 0x91, 0x64, 0x59,
    0xf6, 0x45, 0x91, 0x67, 0xd8, 0x6, 0x3,

    /* U+95F7 "闷" */
    0x40, 0xd, 0xfc, 0x0, 0xc2, 0x18, 0x43, 0x51,
    0x6a, 0x2d, 0x47, 0x89, 0x31, 0xe6, 0x0, 0xc0,
    0x30,

    /* U+95F8 "闸" */
    0x40, 0x1b, 0xf0, 0x6, 0xfd, 0xa5, 0x6f, 0xda,
    0x56, 0x95, 0xbf, 0x61, 0x18, 0x46, 0x17,

    /* U+95F9 "闹" */
    0x40, 0xd, 0xfc, 0x10, 0xc2, 0x1b, 0xfb, 0x8,
    0x6f, 0xed, 0x25, 0xa4, 0xb4, 0xb6, 0x94, 0xc2,
    0x30,

    /* U+95FA "闺" */
    0x40, 0xd, 0xfc, 0x80, 0x82, 0x19, 0xfb, 0x8,
    0x6f, 0xec, 0x1, 0x84, 0x33, 0xf6, 0x10, 0xdf,
    0xd8, 0x6,

    /* U+95FB "闻" */
    0x40, 0xd, 0xfc, 0x80, 0xdf, 0x99, 0x23, 0x3c,
    0x64, 0x8c, 0xf1, 0xff, 0x30, 0x46, 0x8, 0xc0,
    0x30,

    /* U+95FD "闽" */
    0x40, 0x9, 0xfd, 0x80, 0xa2, 0x18, 0x43, 0x7f,
    0x69, 0x2d, 0xfd, 0xa4, 0x30, 0xb7, 0xfe, 0xc0,
    0x18, 0x6,

    /* U+9600 "阀" */
    0x20, 0xd, 0xfc, 0x80, 0xcd, 0xd9, 0x23, 0x7f,
    0x7c, 0xac, 0x95, 0x93, 0x32, 0xf6, 0x42, 0xc0,
    0x30,

    /* U+9601 "阁" */
    0x40, 0xd, 0xfc, 0x80, 0x84, 0x19, 0xf3, 0x72,
    0x6b, 0x8c, 0x79, 0xf1, 0xb3, 0xe6, 0x44, 0xcf,
    0x98, 0x6,

    /* U+9605 "阅" */
    0x40, 0xc, 0xfc, 0x0, 0xcd, 0x9b, 0xfb, 0x41,
    0x6f, 0xec, 0x91, 0x92, 0x36, 0x56, 0x8c, 0xc0,
    0x30,

    /* U+960E "阎" */
    0x0, 0xd, 0xfc, 0x80, 0xc4, 0x19, 0xf3, 0x64,
    0x60, 0xd, 0xf9, 0xbf, 0x36, 0x26, 0xc4, 0xdf,
    0x98, 0xe,

    /* U+9610 "阐" */
    0x0, 0x9, 0xfc, 0x80, 0x8c, 0x98, 0xa3, 0x6b,
    0x6f, 0xed, 0x25, 0xbf, 0xb0, 0x86, 0xfe, 0xc2,
    0x18, 0x4e,

    /* U+9614 "阔" */
    0x0, 0xc, 0xfc, 0x80, 0x80, 0x19, 0x7b, 0x2,
    0x79, 0xfc, 0x9, 0x97, 0xb2, 0x96, 0xd2, 0xd3,
    0xd8, 0x6, 0x0, 0x0,

    /* U+961F "队" */
    0xf9, 0x9, 0x10, 0x91, 0xb, 0x10, 0xa1, 0x9,
    0x10, 0x93, 0x9, 0xa8, 0xb2, 0x8a, 0x4c, 0x8c,
    0x69, 0x82,

    /* U+9631 "阱" */
    0xfa, 0x49, 0x24, 0xb2, 0x4a, 0x7f, 0xa2, 0x4a,
    0x24, 0x97, 0xf9, 0x24, 0xb2, 0x48, 0x64, 0x84,
    0x49, 0x84,

    /* U+9632 "防" */
    0xf1, 0x9, 0x18, 0xbf, 0xfa, 0x20, 0xa2, 0xa,
    0x3c, 0x92, 0x49, 0x24, 0xf4, 0x48, 0x44, 0x88,
    0xc9, 0x18,

    /* U+9633 "阳" */
    0xf0, 0x12, 0xfe, 0x50, 0xd2, 0x1a, 0x43, 0x6f,
    0xe5, 0xc, 0xa1, 0xb4, 0x30, 0xfe, 0x10, 0xc0,
    0x0,

    /* U+9634 "阴" */
    0xfb, 0xf2, 0x46, 0x48, 0xc9, 0xfb, 0x23, 0x24,
    0x66, 0x8c, 0x5f, 0x9a, 0x36, 0xc6, 0x10, 0xcc,
    0x30,

    /* U+9635 "阵" */
    0x2, 0x1e, 0x42, 0x48, 0x4f, 0xfa, 0x61, 0x4a,
    0x29, 0x44, 0xff, 0x91, 0x16, 0x22, 0xbf, 0xc0,
    0x88, 0x10,

    /* U+9636 "阶" */
    0x1, 0x8f, 0x18, 0x92, 0x8b, 0x64, 0xac, 0x3a,
    0xa4, 0x92, 0x49, 0x24, 0xf2, 0x4a, 0x64, 0x84,
    0x48, 0x84,

    /* U+963B "阻" */
    0xf0, 0x9, 0x7c, 0xa4, 0x4a, 0x44, 0xa7, 0xca,
    0x44, 0x94, 0x49, 0x7c, 0xf4, 0x48, 0x44, 0x9f,
    0xf8, 0x0,

    /* U+963F "阿" */
    0xf0, 0xb, 0x7f, 0xa0, 0x2a, 0x72, 0xa5, 0x2a,
    0x52, 0x95, 0x29, 0x72, 0xf5, 0x2a, 0x2, 0x80,
    0x28, 0xe,

    /* U+9644 "附" */
    0x6, 0x5e, 0x8a, 0x51, 0x53, 0xfa, 0xc5, 0x7a,
    0xa9, 0x54, 0xaa, 0xb4, 0x54, 0x8a, 0x11, 0x42,
    0x60,

    /* U+9645 "际" */
    0xf0, 0xe, 0x7e, 0xa0, 0xa, 0x0, 0xdf, 0xea,
    0x10, 0xa1, 0xa, 0xd6, 0xed, 0x2d, 0x93, 0xb1,
    0x18, 0x30,

    /* U+9646 "陆" */
    0x1, 0xf, 0x10, 0xb7, 0xea, 0x10, 0xa1, 0xb,
    0xff, 0xb1, 0x9, 0x52, 0xb5, 0x2e, 0x52, 0x87,
    0xe8, 0x2,

    /* U+9648 "陈" */
    0x2, 0xf, 0x20, 0x92, 0x9, 0xfe, 0xa4, 0xa,
    0x50, 0xa5, 0x9, 0xfe, 0x95, 0xf, 0x54, 0xad,
    0x68, 0x92, 0x83, 0x0,

    /* U+964B "陋" */
    0xf0, 0x19, 0x7f, 0xa0, 0x8a, 0xbe, 0xaa, 0xaa,
    0xaa, 0xab, 0xaa, 0xb6, 0xab, 0x2e, 0xa6, 0x88,
    0x8, 0xff,

    /* U+964C "陌" */
    0xf7, 0xf9, 0x18, 0x91, 0xb, 0x7e, 0xa4, 0x2b,
    0x42, 0x94, 0x29, 0x7e, 0x94, 0x2b, 0x42, 0x87,
    0xe8, 0x42,

    /* U+964D "降" */
    0x2, 0xf, 0x20, 0xb7, 0xca, 0x6c, 0xaa, 0x8a,
    0x18, 0xbe, 0xe9, 0x10, 0x9f, 0xee, 0x90, 0x8f,
    0xe8, 0x10, 0x81, 0x0,

    /* U+9650 "限" */
    0xf7, 0xd2, 0x8a, 0x91, 0x53, 0xea, 0x45, 0x4f,
    0xa5, 0x44, 0xaa, 0xf4, 0x94, 0xb2, 0x1d, 0xc2,
    0x0,

    /* U+9655 "陕" */
    0x1, 0x7, 0x88, 0x2b, 0xfd, 0x5a, 0x4a, 0x56,
    0x52, 0xa2, 0x7f, 0xd2, 0x70, 0xe2, 0x84, 0x32,
    0x23, 0x1d, 0x30, 0x60,

    /* U+9661 "陡" */
    0x0, 0x8f, 0x8, 0x97, 0xfa, 0x8, 0xaf, 0xfa,
    0x8, 0x96, 0x89, 0x4f, 0xf4, 0x8a, 0xe8, 0x8b,
    0x89, 0xf,

    /* U+9662 "院" */
    0x1, 0x8f, 0x18, 0x9f, 0xfa, 0x81, 0xa0, 0xa,
    0x7e, 0xa0, 0x9, 0xff, 0x92, 0x8f, 0x28, 0x86,
    0x98, 0x49, 0x98, 0xf0,

    /* U+9664 "除" */
    0x1, 0xf, 0x30, 0x92, 0x8a, 0x46, 0xab, 0xfa,
    0x10, 0x9f, 0xe9, 0x10, 0xb5, 0xc8, 0x96, 0x99,
    0x28, 0x30,

    /* U+9668 "陨" */
    0xf7, 0xe9, 0x42, 0x94, 0x2b, 0x7e, 0xa0, 0xa,
    0x7e, 0x94, 0x29, 0x52, 0x95, 0x2a, 0x52, 0x82,
    0xc8, 0xc3,

    /* U+9669 "险" */
    0x3, 0xf, 0x30, 0xa4, 0x8a, 0x86, 0xdf, 0xea,
    0x0, 0xaa, 0x4a, 0xb4, 0x9d, 0xce, 0x48, 0x80,
    0x89, 0xfe,

    /* U+966A "陪" */
    0x1, 0xf, 0x10, 0x9f, 0xea, 0x64, 0xa2, 0x8a,
    0xff, 0x90, 0x9, 0x7e, 0x94, 0x4a, 0x44, 0x87,
    0xc8, 0x44,

    /* U+9675 "陵" */
    0xb1, 0xf, 0xfe, 0xa1, 0xa, 0x10, 0xaf, 0xfa,
    0x44, 0xbb, 0x39, 0x7c, 0xfe, 0x4a, 0x38, 0x83,
    0xc9, 0xc7,

    /* U+9676 "陶" */
    0x6, 0x1e, 0x82, 0xbf, 0xde, 0x1a, 0x7b, 0x54,
    0x6b, 0xed, 0x11, 0xaa, 0xbd, 0xf6, 0x1, 0xc0,
    0x60,

    /* U+9677 "陷" */
    0x2, 0x1e, 0x42, 0x9f, 0xd6, 0x2a, 0x9, 0x5d,
    0xea, 0xc, 0xc1, 0x9e, 0xfd, 0x6, 0x3f, 0xc4,
    0x10,

    /* U+9685 "隅" */
    0xff, 0xe9, 0x92, 0xa9, 0x2a, 0xfe, 0xa9, 0x2a,
    0xfe, 0xa1, 0x9, 0xff, 0xe9, 0x18, 0x9d, 0x8a,
    0x18, 0x87,

    /* U+9686 "隆" */
    0x2, 0xf, 0x60, 0xa7, 0xca, 0xec, 0xa9, 0x8d,
    0xe7, 0xa7, 0xca, 0x90, 0xaf, 0xef, 0x90, 0x87,
    0xc8, 0x10, 0x9f, 0xe0,

    /* U+968F "随" */
    0xf0, 0xc9, 0xc8, 0x97, 0xfa, 0x50, 0xa3, 0xea,
    0xd2, 0x95, 0xe9, 0x52, 0xf5, 0xe8, 0x56, 0x8e,
    0x48, 0x9f,

    /* U+9690 "隐" */
    0x3, 0xf, 0x46, 0x9b, 0xca, 0xfe, 0xa0, 0x2a,
    0x7e, 0x90, 0x29, 0x7e, 0xf1, 0x8, 0xd2, 0x9c,
    0x58, 0x7c,

    /* U+9694 "隔" */
    0xff, 0xf2, 0x2, 0x9f, 0x52, 0x2e, 0x7d, 0x40,
    0x2f, 0xfc, 0xd5, 0x8b, 0xf1, 0x26, 0x25, 0x80,
    0x0,

    /* U+9698 "隘" */
    0xf2, 0x69, 0x24, 0xa0, 0x8a, 0xff, 0xa2, 0x4a,
    0x46, 0x98, 0x29, 0xfe, 0xba, 0xaa, 0xaa, 0x8a,
    0xa9, 0xff,

    /* U+9699 "隙" */
    0xfd, 0x49, 0x52, 0x9d, 0xb, 0x0, 0xa7, 0xe9,
    0x42, 0x97, 0xeb, 0x7e, 0xa1, 0x8, 0x56, 0x89,
    0x38, 0x30,

    /* U+969C "障" */
    0x1, 0xf, 0x7f, 0x92, 0xca, 0xff, 0xa0, 0xa,
    0x7e, 0x94, 0x29, 0x7e, 0xb7, 0xea, 0x10, 0x9f,
    0xf8, 0x10,

    /* U+96A7 "隧" */
    0xe9, 0x6a, 0x94, 0xab, 0xfa, 0x8, 0xc7, 0xbb,
    0x9c, 0xaa, 0xca, 0x96, 0xea, 0x58, 0x88, 0x99,
    0x9, 0x7f,

    /* U+96B6 "隶" */
    0x4, 0x7, 0xfc, 0x4, 0x4f, 0xff, 0x4, 0x47,
    0xfc, 0x4, 0x2, 0x6e, 0x17, 0x7, 0x58, 0xc4,
    0x70, 0xc0,

    /* U+96BE "难" */
    0x6, 0x8f, 0x48, 0x17, 0xf1, 0xc8, 0x9c, 0x86,
    0xfe, 0x24, 0x87, 0x7e, 0x54, 0x8c, 0x48, 0x87,
    0xf0, 0x40,

    /* U+96C0 "雀" */
    0x2, 0x0, 0xd3, 0x98, 0xb6, 0x6, 0x1, 0xd8,
    0x3f, 0xf8, 0x44, 0x3, 0xfe, 0x11, 0x0, 0xff,
    0x84, 0x40, 0x3f, 0xf0,

    /* U+96C1 "雁" */
    0x3f, 0xf9, 0x9, 0xb, 0x6c, 0x53, 0xf2, 0xb2,
    0x1d, 0x90, 0xff, 0xe5, 0x24, 0x29, 0xfb, 0x49,
    0x12, 0x7e, 0x92, 0x0,

    /* U+96C4 "雄" */
    0x0, 0x2, 0x34, 0x22, 0xf, 0xbf, 0x46, 0x44,
    0x64, 0x53, 0xf9, 0x24, 0xab, 0xfa, 0xa4, 0x4a,
    0x4f, 0xff, 0x2, 0x0,

    /* U+96C5 "雅" */
    0x0, 0x1, 0xf2, 0x80, 0x92, 0xa, 0xff, 0x2f,
    0x20, 0xa4, 0x87, 0xdf, 0x86, 0x48, 0x19, 0x20,
    0xa7, 0xe6, 0x92, 0x12, 0x7f, 0x19, 0x0,

    /* U+96C6 "集" */
    0x12, 0x1, 0x98, 0xf, 0xfc, 0xc4, 0xb, 0xfc,
    0x1f, 0xf0, 0x88, 0x7, 0xbe, 0x7f, 0xf0, 0x5c,
    0x1c, 0xbe, 0x84, 0x60,

    /* U+96C7 "雇" */
    0x6, 0x7, 0xfe, 0x40, 0x27, 0xfe, 0x49, 0x5,
    0xfe, 0x71, 0x7, 0xfe, 0x51, 0x9, 0xfe, 0x9f,
    0xf9, 0x0,

    /* U+96CC "雌" */
    0x15, 0xa0, 0xa9, 0x15, 0xfe, 0xbe, 0x45, 0xf2,
    0x2b, 0xfd, 0x54, 0x8a, 0xbf, 0x5f, 0x23, 0xf9,
    0x31, 0x7e, 0x2, 0x0,

    /* U+96CF "雏" */
    0x23, 0x44, 0x24, 0x7b, 0xf9, 0x64, 0x96, 0x4f,
    0xbf, 0xa, 0x4f, 0xbf, 0xa, 0x40, 0xa4, 0xfb,
    0xf0, 0xa0,

    /* U+96D5 "雕" */
    0x0, 0x83, 0xf5, 0x14, 0xa8, 0xa5, 0xf7, 0xaa,
    0x29, 0xd1, 0xef, 0xef, 0x54, 0x6a, 0xfb, 0xd5,
    0x10, 0xa9, 0x85, 0xf8, 0xe8, 0x0,

    /* U+96E8 "雨" */
    0xff, 0xf0, 0x20, 0x2, 0x7, 0xfe, 0x42, 0x25,
    0xaa, 0x4a, 0xa4, 0x22, 0x5a, 0xa4, 0xaa, 0x42,
    0x24, 0x6,

    /* U+96EA "雪" */
    0x7f, 0xe0, 0x20, 0xff, 0xf8, 0x21, 0xbb, 0xd3,
    0xbc, 0x0, 0x7, 0xfe, 0x0, 0x63, 0xfe, 0x0,
    0x67, 0xfe,

    /* U+96F3 "雳" */
    0x3f, 0xe0, 0x20, 0x7f, 0xf4, 0x21, 0x1a, 0xe1,
    0xae, 0x3f, 0xf2, 0x10, 0x2f, 0xe2, 0x22, 0x66,
    0x24, 0x84,

    /* U+96F6 "零" */
    0xff, 0xe0, 0x40, 0xff, 0xf8, 0x43, 0xb5, 0xf3,
    0x5c, 0x1b, 0xe, 0x4f, 0x3f, 0xc0, 0x10, 0x1e,
    0x0, 0x30,

    /* U+96F7 "雷" */
    0x7f, 0xe0, 0x40, 0xff, 0xf8, 0x41, 0xb5, 0xd3,
    0x5c, 0x0, 0x7, 0xfe, 0x44, 0x67, 0xfe, 0x7f,
    0xe4, 0x6,

    /* U+96F9 "雹" */
    0x7f, 0xe0, 0x40, 0xff, 0xfb, 0x5d, 0x4, 0x13,
    0x5c, 0x3f, 0xec, 0x4, 0xbe, 0x43, 0xec, 0x20,
    0x33, 0xfe,

    /* U+96FE "雾" */
    0x7f, 0xe0, 0x40, 0xff, 0xfb, 0x5d, 0x35, 0xc1,
    0x0, 0x3f, 0xc5, 0x10, 0x1f, 0x8e, 0x47, 0x7f,
    0xc0, 0x84, 0x71, 0x80,

    /* U+9700 "需" */
    0x7f, 0xe0, 0x40, 0xff, 0xf8, 0x41, 0xb5, 0xd3,
    0x5c, 0xff, 0xf0, 0x40, 0x7f, 0xe4, 0x92, 0x49,
    0x24, 0x6,

    /* U+9707 "震" */
    0x3f, 0xf0, 0x10, 0x1f, 0xfe, 0xfd, 0xd3, 0x6e,
    0x4, 0x0, 0xff, 0xc5, 0xfc, 0x3f, 0xf1, 0x49,
    0x12, 0xb0, 0x98, 0xe0,

    /* U+9709 "霉" */
    0x3f, 0xf0, 0x10, 0x1f, 0xfe, 0xbd, 0xd1, 0xee,
    0x4, 0x0, 0xdf, 0xcf, 0xfc, 0x11, 0x23, 0xff,
    0xcf, 0xfe, 0x0, 0x40, 0x4, 0x0,

    /* U+970D "霍" */
    0x1f, 0xf2, 0x8, 0x1f, 0xfe, 0xfa, 0xd1, 0xd6,
    0xc, 0x80, 0x7f, 0xc6, 0x20, 0x5f, 0xe0, 0xff,
    0x84, 0x40, 0x3f, 0xf0,

    /* U+970E "霎" */
    0x7f, 0xef, 0xff, 0x8c, 0x1b, 0x4d, 0x39, 0xc0,
    0x20, 0x7f, 0xe0, 0x90, 0xf6, 0xf7, 0xfe, 0x19,
    0xf, 0xfe,

    /* U+971C "霜" */
    0x3f, 0xf0, 0x10, 0x1f, 0xfe, 0xbd, 0xf1, 0xee,
    0x1, 0x0, 0x4f, 0xcf, 0xc2, 0x13, 0xf1, 0xbf,
    0x94, 0x84, 0x27, 0xe0,

    /* U+971E "霞" */
    0x7f, 0xef, 0xff, 0x84, 0x1b, 0x5d, 0x35, 0xc0,
    0x0, 0x7b, 0xe7, 0xbe, 0x42, 0x7, 0x9e, 0x79,
    0xc4, 0xf7,

    /* U+9732 "露" */
    0x7f, 0xe0, 0x20, 0x3f, 0xfd, 0x8, 0x23, 0xdc,
    0x1, 0x81, 0xef, 0x91, 0xe8, 0x71, 0xe5, 0xfb,
    0xa8, 0xa9, 0xf7, 0xc0,

    /* U+9738 "霸" */
    0x7f, 0xe0, 0x60, 0xff, 0xfb, 0xfd, 0x48, 0xf,
    0xfe, 0x49, 0x23, 0x1e, 0x7d, 0x27, 0xde, 0xfe,
    0x21, 0x26,

    /* U+9739 "霹" */
    0x7f, 0xe7, 0xff, 0xa0, 0x85, 0x65, 0x83, 0xae,
    0x0, 0x21, 0xf7, 0xcf, 0x94, 0x41, 0xf5, 0xe2,
    0xaf, 0x78, 0x48, 0x80,

    /* U+9752 "青" */
    0x2, 0x3, 0xff, 0x80, 0x80, 0x7f, 0xc0, 0x20,
    0x7e, 0xfc, 0xff, 0x84, 0x4, 0x3f, 0xe1, 0xff,
    0x8, 0x8, 0x40, 0xc0,

    /* U+9756 "靖" */
    0x20, 0x81, 0x3f, 0x80, 0x21, 0xff, 0xe1, 0x88,
    0x69, 0xb9, 0x5f, 0x8a, 0xc4, 0x17, 0xe7, 0xff,
    0x21, 0x88, 0xc, 0xc0,

    /* U+9759 "静" */
    0x10, 0xc3, 0xef, 0x1f, 0x48, 0x23, 0xef, 0xc5,
    0x0, 0x29, 0xf7, 0xe8, 0x8a, 0x7d, 0xf3, 0xe2,
    0x91, 0x10, 0x99, 0x80,

    /* U+975E "非" */
    0x9, 0x0, 0x90, 0xf9, 0xf0, 0x90, 0x9, 0x7,
    0x9f, 0x9, 0x0, 0x90, 0xf9, 0xf0, 0x90, 0x9,
    0x0, 0x90,

    /* U+9760 "靠" */
    0x36, 0x7, 0xfe, 0x6, 0xf, 0x9f, 0x3f, 0xc2,
    0x4, 0x1f, 0x8f, 0x9f, 0x9, 0x7, 0x9e, 0xf9,
    0xf0, 0x90,

    /* U+9761 "靡" */
    0x1, 0x0, 0x8, 0xf, 0xfe, 0x48, 0x83, 0xef,
    0x97, 0x70, 0xd7, 0x64, 0xd8, 0x3e, 0xf9, 0x14,
    0x13, 0xbc, 0xbd, 0xf4, 0x28, 0x0,

    /* U+9762 "面" */
    0xff, 0xf8, 0x10, 0x1, 0x80, 0xff, 0xe4, 0x89,
    0x24, 0x49, 0x3e, 0x49, 0x12, 0x4f, 0x92, 0x44,
    0x9f, 0xfc, 0x80, 0x20,

    /* U+9769 "革" */
    0x18, 0x8f, 0xff, 0x18, 0x81, 0xf8, 0x2, 0x3,
    0xfe, 0x22, 0x23, 0xfe, 0x2, 0xf, 0xff, 0x2,
    0x0, 0x20,

    /* U+9774 "靴" */
    0x29, 0xa3, 0xfc, 0x82, 0x92, 0x8e, 0xca, 0x13,
    0x31, 0xfc, 0xc5, 0x56, 0x1f, 0x58, 0x11, 0x23,
    0xf4, 0xa1, 0x12, 0xc4, 0x4e,

    /* U+9776 "靶" */
    0x50, 0x5, 0x3e, 0xfa, 0xa7, 0x2a, 0x22, 0xaf,
    0xaa, 0xab, 0xef, 0xa2, 0x22, 0xf, 0xe2, 0x22,
    0x32, 0x3e,

    /* U+978B "鞋" */
    0x48, 0x8f, 0xc8, 0x4b, 0xf7, 0x88, 0x20, 0x8f,
    0xff, 0xa4, 0x8f, 0xc8, 0x23, 0xef, 0xc8, 0x20,
    0x82, 0x7f,

    /* U+978D "鞍" */
    0x50, 0x85, 0xc, 0xfb, 0xf5, 0x21, 0x76, 0x9f,
    0xff, 0xa9, 0x2f, 0x92, 0x23, 0xcf, 0xcc, 0x21,
    0xb2, 0x61,

    /* U+97A0 "鞠" */
    0x59, 0x8f, 0xf0, 0x5a, 0xf7, 0xe9, 0x22, 0xbf,
    0xad, 0xab, 0xff, 0x99, 0x21, 0xff, 0xa9, 0x24,
    0x92, 0xa,

    /* U+97AD "鞭" */
    0x10, 0x2, 0x98, 0xbf, 0x7c, 0xa8, 0x87, 0x5f,
    0x16, 0xab, 0xf7, 0xd5, 0xaa, 0xf5, 0xf1, 0x2a,
    0x3f, 0x70, 0x49, 0x82, 0x73, 0x0,

    /* U+97E7 "韧" */
    0x20, 0x2, 0x3f, 0xfc, 0x92, 0x9, 0xfe, 0x92,
    0x29, 0xfe, 0x92, 0x59, 0x25, 0x12, 0xd1, 0x22,
    0xf2, 0x40,

    /* U+97E9 "韩" */
    0x10, 0x49, 0x24, 0xff, 0xf7, 0xc4, 0x45, 0xf7,
    0xc4, 0x44, 0x47, 0xdf, 0x10, 0x5f, 0xe5, 0x10,
    0x61, 0x4,

    /* U+97ED "韭" */
    0x9, 0x0, 0x90, 0xf9, 0xf0, 0x90, 0x9, 0x7,
    0x9e, 0x9, 0x0, 0x90, 0x79, 0xf0, 0x90, 0x9,
    0xf, 0xff,

    /* U+97F3 "音" */
    0x6, 0x7, 0xfe, 0x11, 0x80, 0x90, 0xff, 0xf0,
    0x0, 0x3f, 0xc2, 0x4, 0x3f, 0xc2, 0x4, 0x3f,
    0xc2, 0x4,

    /* U+97F5 "韵" */
    0x10, 0xc7, 0xe8, 0x9, 0xf2, 0x91, 0x29, 0x1f,
    0xe9, 0x0, 0x57, 0xc1, 0x45, 0xf7, 0xc1, 0x7c,
    0x74, 0x42,

    /* U+9875 "页" */
    0xff, 0xf0, 0x60, 0x4, 0x3, 0xfc, 0x20, 0x42,
    0x64, 0x26, 0x42, 0x44, 0x24, 0x40, 0xd8, 0xf0,
    0xe4, 0x2,

    /* U+9876 "顶" */
    0x7, 0xff, 0x84, 0x8, 0x20, 0x4f, 0xe2, 0x61,
    0x13, 0x48, 0x9a, 0x44, 0xd2, 0x27, 0x91, 0xa,
    0x18, 0xcc, 0x18, 0x20,

    /* U+9877 "顷" */
    0x47, 0xfa, 0x4, 0x10, 0x20, 0xe7, 0xe4, 0x22,
    0x21, 0x51, 0xa, 0x8a, 0x54, 0x73, 0xb3, 0xa,
    0x31, 0x8c, 0x18, 0x20,

    /* U+9879 "项" */
    0x7, 0xff, 0x84, 0x8, 0x20, 0x47, 0xe2, 0x21,
    0x11, 0x68, 0x8b, 0x45, 0x52, 0xf2, 0x94, 0xf,
    0x0, 0xcc, 0x1c, 0x30,

    /* U+987A "顺" */
    0x44, 0x2, 0x2f, 0xd5, 0x10, 0xa8, 0x85, 0x5f,
    0x2a, 0xa9, 0x55, 0x4a, 0xaa, 0x55, 0x52, 0xa2,
    0x35, 0x2d, 0xa, 0x10,

    /* U+987B "须" */
    0x17, 0xfb, 0x4, 0x10, 0xfc, 0x24, 0x22, 0x29,
    0x21, 0x48, 0x6a, 0x42, 0x52, 0x21, 0xe2, 0x19,
    0xc1, 0x0,

    /* U+987D "顽" */
    0x7b, 0xf8, 0x2, 0x0, 0x7d, 0xfa, 0x23, 0x11,
    0x18, 0xa8, 0xc5, 0x4a, 0x2a, 0x55, 0xd2, 0xe7,
    0x16, 0x6d, 0xe, 0x30,

    /* U+987E "顾" */
    0x7f, 0xfa, 0x2, 0x10, 0x20, 0xbb, 0xe6, 0x51,
    0x32, 0xa9, 0x95, 0x4d, 0x2a, 0x61, 0x57, 0x65,
    0x2c, 0x6d, 0x6, 0x20,

    /* U+987F "顿" */
    0x23, 0xf2, 0x8, 0xf8, 0x82, 0x8, 0xab, 0x6a,
    0xaa, 0xaa, 0xaf, 0xaa, 0x22, 0xa3, 0xc, 0x33,
    0x62, 0x61,

    /* U+9881 "颁" */
    0x3b, 0xfb, 0x44, 0x13, 0x20, 0x8f, 0xef, 0xa9,
    0x55, 0x48, 0xaa, 0x45, 0x52, 0x2a, 0x92, 0x44,
    0x36, 0x58, 0xc, 0x30,

    /* U+9882 "颂" */
    0xb, 0xf9, 0x42, 0x9, 0x10, 0x8f, 0xe5, 0x51,
    0x8, 0xa8, 0x85, 0x45, 0x2a, 0x2b, 0x52, 0xff,
    0x99, 0x2c, 0xe, 0x30, 0x0, 0x0,

    /* U+9884 "预" */
    0xfb, 0xf8, 0x84, 0x14, 0x20, 0x47, 0xef, 0xe1,
    0x15, 0x48, 0xaa, 0x44, 0x52, 0x23, 0x91, 0xa,
    0x8, 0xcc, 0x98, 0x30,

    /* U+9885 "颅" */
    0x23, 0xf9, 0xc2, 0x8, 0x10, 0x47, 0xe7, 0xa1,
    0x25, 0x9, 0x29, 0x4f, 0x4a, 0x4a, 0x52, 0x4,
    0x20, 0x6d, 0x1c, 0x30,

    /* U+9886 "领" */
    0x18, 0x0, 0x9f, 0xcb, 0x10, 0xef, 0xed, 0x31,
    0x1, 0xa9, 0xfd, 0x41, 0x6a, 0x6b, 0x51, 0x85,
    0x6, 0x6c, 0xe, 0x10,

    /* U+9887 "颇" */
    0x18, 0x0, 0x8f, 0xdf, 0x90, 0xa9, 0x5, 0x17,
    0x3e, 0xa9, 0x15, 0x4b, 0xaa, 0x59, 0x92, 0xe4,
    0x2d, 0x79, 0x4e, 0x30,

    /* U+9888 "颈" */
    0x7d, 0xf8, 0x42, 0x6, 0x10, 0x7b, 0xe6, 0x71,
    0x0, 0xa9, 0xf5, 0x42, 0x2a, 0x11, 0x50, 0xe5,
    0x1c, 0x6c, 0x4, 0x20,

    /* U+988A "颊" */
    0x11, 0xfb, 0xe2, 0x4, 0x10, 0xab, 0xe5, 0x51,
    0x8, 0xab, 0xf5, 0x42, 0x2a, 0x29, 0x51, 0x27,
    0x11, 0x65, 0xc, 0x10,

    /* U+9891 "频" */
    0x10, 0x2, 0x9f, 0x94, 0x20, 0xb9, 0x5, 0x1f,
    0x7e, 0x88, 0x45, 0x4a, 0xb2, 0x59, 0x94, 0xcc,
    0x84, 0x20, 0xc6, 0x4c, 0x61, 0x80,

    /* U+9893 "颓" */
    0x0, 0xf, 0xbf, 0x20, 0x8f, 0xfe, 0x7a, 0x2a,
    0xaa, 0x72, 0xa5, 0x2a, 0x52, 0xa5, 0xd8, 0x93,
    0x68, 0x61,

    /* U+9896 "颖" */
    0x27, 0xf9, 0xc2, 0x8, 0x90, 0x7f, 0xe0, 0x11,
    0x3f, 0xa8, 0x25, 0x4f, 0xea, 0x19, 0x51, 0x74,
    0x12, 0xac, 0x36, 0x30,

    /* U+9897 "颗" */
    0x7d, 0xfa, 0xa2, 0x1f, 0x10, 0xab, 0xe7, 0xd7,
    0x8, 0xab, 0xf5, 0x46, 0x2a, 0x54, 0xc4, 0x8d,
    0x84, 0x82,

    /* U+9898 "题" */
    0x3d, 0xfc, 0x90, 0x83, 0xc2, 0xf, 0x3e, 0x3c,
    0xa8, 0x2, 0xaf, 0xea, 0x82, 0x2a, 0x2c, 0xd0,
    0xa3, 0x65, 0x90, 0x31, 0xff,

    /* U+989C "颜" */
    0x30, 0x0, 0x9f, 0xff, 0x10, 0xd0, 0x82, 0xbf,
    0x3f, 0x89, 0x2d, 0x4e, 0x6a, 0x4b, 0x55, 0x9a,
    0xa3, 0x29, 0x23, 0x6a, 0x61, 0x80,

    /* U+989D "额" */
    0x0, 0x1, 0x3f, 0xfc, 0xca, 0x48, 0x7b, 0x7c,
    0xad, 0xb2, 0xd3, 0xa9, 0xc6, 0x9f, 0xa9, 0x48,
    0x87, 0x97, 0x4e, 0x10,

    /* U+98A0 "颠" */
    0x10, 0x7, 0xef, 0xc4, 0x10, 0xdb, 0xe7, 0xd1,
    0x22, 0xa9, 0xf5, 0x4f, 0xaa, 0x45, 0x57, 0xf6,
    0xa, 0x2d, 0x8a, 0x30, 0x20, 0x0,

    /* U+98A4 "颤" */
    0x30, 0x0, 0x9f, 0xff, 0x11, 0x8, 0x8f, 0xdf,
    0x5a, 0x8a, 0x15, 0x5f, 0xaa, 0x79, 0x53, 0xca,
    0x92, 0x55, 0xf1, 0x60, 0x71, 0x80,

    /* U+98CE "风" */
    0x3f, 0xe1, 0x1, 0xa, 0x28, 0x53, 0x42, 0x52,
    0x11, 0x90, 0x8c, 0x84, 0xb4, 0x2c, 0xa2, 0xc4,
    0xd0, 0x6, 0x80, 0x0,

    /* U+98D2 "飒" */
    0x67, 0xe0, 0x21, 0x3f, 0xa8, 0x6d, 0x4b, 0x5a,
    0x5a, 0x91, 0x94, 0x8c, 0xb4, 0x76, 0xe6, 0x73,
    0x46, 0x6, 0x20, 0x10,

    /* U+98D8 "飘" */
    0xff, 0xe1, 0x91, 0x3f, 0x99, 0x6e, 0xcf, 0xfa,
    0x1, 0x51, 0xea, 0x9f, 0xf4, 0x6b, 0x65, 0x61,
    0xb, 0x4, 0x0, 0x20,

    /* U+98DE "飞" */
    0xff, 0x0, 0x36, 0x3, 0xc0, 0x38, 0x3, 0x80,
    0x16, 0x1, 0x20, 0x10, 0x0, 0x90, 0xf, 0x0,
    0x20,

    /* U+98DF "食" */
    0x3, 0x0, 0x12, 0x0, 0xb4, 0x4, 0xcc, 0xff,
    0xf8, 0x40, 0x81, 0xfe, 0x4, 0x8, 0x1f, 0xe0,
    0x40, 0xc1, 0x3c, 0x7, 0x1c, 0x10, 0x10,

    /* U+9910 "餐" */
    0x1f, 0xf0, 0x81, 0x9f, 0x29, 0x54, 0xc3, 0x59,
    0x2d, 0x79, 0xff, 0xca, 0x8, 0x1f, 0xc0, 0xfe,
    0x4, 0xd8, 0x71, 0xc0, 0x0, 0x0,

    /* U+9965 "饥" */
    0x30, 0x1, 0xf, 0x1f, 0x48, 0x9a, 0x4a, 0x92,
    0x50, 0x90, 0x84, 0x84, 0x24, 0x29, 0x21, 0xd1,
    0xd, 0x8a, 0x58, 0x70, 0x0, 0x0,

    /* U+996D "饭" */
    0x30, 0x11, 0x1f, 0x8f, 0x80, 0x94, 0x4, 0xbf,
    0x31, 0xc8, 0x8a, 0x84, 0x54, 0x2a, 0xa1, 0x96,
    0xd, 0x30, 0x5b, 0x70, 0xa0, 0x0,

    /* U+996E "饮" */
    0x31, 0x81, 0x8, 0x1f, 0x7c, 0x9e, 0x28, 0xab,
    0x13, 0x40, 0x82, 0x4, 0x10, 0x29, 0x41, 0xca,
    0xc, 0x8c, 0xd8, 0x20, 0x0, 0x0,

    /* U+9970 "饰" */
    0x21, 0x81, 0x8, 0x1e, 0xfe, 0x9d, 0xe, 0x8,
    0x11, 0xf8, 0x8a, 0x44, 0x52, 0x2a, 0x91, 0xd4,
    0x88, 0xac, 0x41, 0x0,

    /* U+9971 "饱" */
    0x31, 0x81, 0x8, 0xe, 0xfc, 0x94, 0x24, 0xfd,
    0x13, 0x28, 0x89, 0x44, 0x7a, 0x2a, 0x31, 0xd1,
    0xc, 0x82, 0x47, 0xe0,

    /* U+9972 "饲" */
    0x30, 0x2, 0x7f, 0x78, 0x14, 0xff, 0xd8, 0x12,
    0x7d, 0x24, 0x52, 0x45, 0x2f, 0xd3, 0x45, 0x20,
    0x10, 0x3,

    /* U+9975 "饵" */
    0x30, 0x1, 0x3f, 0xde, 0x88, 0x97, 0xcc, 0xa2,
    0x11, 0x10, 0x8f, 0x84, 0x44, 0x22, 0x21, 0xbf,
    0xc8, 0x8, 0x0, 0x40,

    /* U+9976 "饶" */
    0x31, 0x1, 0x9, 0x8f, 0xf0, 0x91, 0x4c, 0xc,
    0x13, 0xb8, 0x80, 0x44, 0xff, 0x29, 0x41, 0xca,
    0xc, 0xd2, 0x5c, 0xe0,

    /* U+997A "饺" */
    0x30, 0xc1, 0x2, 0x1f, 0xfe, 0x90, 0x4c, 0x13,
    0x11, 0xc, 0x94, 0x84, 0x24, 0x29, 0xc1, 0xc6,
    0xc, 0x78, 0x5c, 0x70, 0x0, 0x0,

    /* U+997C "饼" */
    0x33, 0x31, 0x9, 0xe, 0x48, 0x97, 0xfc, 0x92,
    0x10, 0x90, 0x9f, 0xe4, 0x24, 0x29, 0x21, 0x91,
    0x9, 0x88, 0x18, 0x40,

    /* U+997F "饿" */
    0x30, 0x41, 0x7a, 0x8e, 0x94, 0x94, 0x85, 0x7f,
    0xd1, 0x20, 0x8b, 0x44, 0xfa, 0x2e, 0x61, 0x93,
    0xc, 0xba, 0x4d, 0x30,

    /* U+9981 "馁" */
    0x20, 0x1, 0x3f, 0x89, 0xe0, 0xf1, 0x24, 0xa9,
    0x71, 0x50, 0x84, 0x5, 0xff, 0x22, 0x21, 0xb2,
    0xc, 0x70, 0x47, 0x62, 0xc1, 0x0,

    /* U+9985 "馅" */
    0x31, 0x82, 0x1f, 0x7a, 0x24, 0xe2, 0x9c, 0x42,
    0x77, 0x24, 0x12, 0x41, 0x37, 0x73, 0x41, 0x67,
    0xf0, 0x41,

    /* U+9986 "馆" */
    0x20, 0x81, 0x6, 0x9, 0xfe, 0xf8, 0x15, 0x0,
    0x6b, 0xf8, 0x98, 0x44, 0xfe, 0x26, 0x1, 0x3f,
    0x8f, 0x84, 0x6f, 0xe2, 0x61, 0x0,

    /* U+998B "馋" */
    0x31, 0x1, 0x1f, 0x1f, 0x10, 0x9f, 0xe6, 0x49,
    0x13, 0xf8, 0x85, 0x4, 0xcb, 0x29, 0x61, 0x8f,
    0xc, 0xc0, 0x41, 0xc0, 0x0, 0x0,

    /* U+998D "馍" */
    0x31, 0x20, 0x9f, 0xe7, 0x92, 0x16, 0xfc, 0x92,
    0x10, 0x8f, 0xc2, 0x21, 0x8, 0xfc, 0x20, 0x80,
    0xbf, 0xe3, 0x1e, 0x18, 0xcc, 0x4, 0x18,

    /* U+998F "馏" */
    0x20, 0x2, 0x7f, 0x24, 0x57, 0xd5, 0x55, 0x5d,
    0x7d, 0x24, 0xb2, 0x7f, 0x24, 0x92, 0xc9, 0x37,
    0xf3, 0x49, 0x27, 0xf0,

    /* U+9992 "馒" */
    0x20, 0x1, 0x1f, 0x88, 0x84, 0xf7, 0xe4, 0xa1,
    0x6d, 0xf8, 0x9f, 0xe4, 0xa9, 0x27, 0xf9, 0x5f,
    0x8e, 0x88, 0x63, 0x82, 0xf3, 0x80,

    /* U+9996 "首" */
    0x19, 0x80, 0x90, 0xff, 0xf0, 0x60, 0x3f, 0xc2,
    0x4, 0x3f, 0xc2, 0x4, 0x3f, 0xc2, 0x4, 0x3f,
    0xc2, 0x4,

    /* U+9999 "香" */
    0x0, 0x61, 0xfc, 0x80, 0x80, 0xff, 0xe0, 0xa8,
    0x19, 0x3d, 0x7f, 0x82, 0x4, 0x1f, 0xe0, 0x81,
    0x7, 0xf8, 0x20, 0x40,

    /* U+9A6C "马" */
    0x7f, 0xc0, 0x18, 0xc3, 0x18, 0x43, 0x8, 0x61,
    0xf, 0xf8, 0x1, 0x0, 0x3f, 0xf4, 0x0, 0x80,
    0x70, 0x8,

    /* U+9A6E "驮" */
    0x0, 0x8f, 0x88, 0x8, 0x80, 0x88, 0x4f, 0xf4,
    0x88, 0x48, 0x87, 0xdc, 0x5, 0x4f, 0x56, 0x8f,
    0x31, 0xa3, 0x4, 0x0,

    /* U+9A6F "驯" */
    0x2, 0x1f, 0xa9, 0xd2, 0x9d, 0x29, 0xd2, 0x99,
    0x29, 0xfa, 0x90, 0xa9, 0x2a, 0x9e, 0xa9, 0x1c,
    0x93, 0x41,

    /* U+9A70 "驰" */
    0x0, 0x41, 0xe1, 0x0, 0x94, 0xa, 0x5e, 0x2f,
    0xc8, 0xa5, 0x23, 0xd4, 0x81, 0x56, 0x35, 0x51,
    0x95, 0x0, 0xd0, 0xc6, 0x7e,

    /* U+9A71 "驱" */
    0xfb, 0xf0, 0x50, 0x16, 0xcc, 0xa5, 0x45, 0x26,
    0x3d, 0x30, 0x2b, 0x81, 0x56, 0xea, 0x10, 0x50,
    0xe, 0xfe, 0x40, 0x0,

    /* U+9A73 "驳" */
    0x0, 0x17, 0xd9, 0x82, 0x38, 0xd1, 0xc6, 0x9b,
    0x25, 0x89, 0x24, 0xcf, 0xb4, 0x4, 0xa7, 0xa6,
    0x3, 0x6c, 0x36, 0x10,

    /* U+9A74 "驴" */
    0x0, 0x8f, 0x80, 0x1b, 0xf5, 0x21, 0x52, 0x15,
    0x3f, 0x7a, 0x10, 0xa1, 0xa, 0xe, 0xa0, 0x1c,
    0x3, 0x40,

    /* U+9A76 "驶" */
    0x0, 0x87, 0xc4, 0x4, 0xfc, 0xa5, 0x25, 0x29,
    0x29, 0xf9, 0xe2, 0x1, 0x50, 0x2a, 0x86, 0x4c,
    0x2, 0x60, 0x6c, 0xe0, 0x40, 0x0,

    /* U+9A79 "驹" */
    0x1, 0xf, 0x10, 0x12, 0x1, 0x3f, 0x56, 0x15,
    0x41, 0x53, 0x97, 0xa9, 0xa, 0x9e, 0xb9, 0x8a,
    0x91, 0x81, 0x30, 0x60,

    /* U+9A7B "驻" */
    0x40, 0x43, 0xe2, 0x3, 0xfe, 0x50, 0x82, 0x84,
    0x14, 0x20, 0xf7, 0xe0, 0x88, 0x14, 0x43, 0xa2,
    0x1, 0x10, 0x1f, 0xf1, 0x80, 0x0,

    /* U+9A7C "驼" */
    0x0, 0x87, 0xc6, 0x13, 0xfc, 0x9c, 0x24, 0xe1,
    0x2c, 0x91, 0xf5, 0x80, 0xb0, 0x15, 0x7, 0x28,
    0x81, 0x44, 0x33, 0xe0,

    /* U+9A7E "驾" */
    0x8, 0x7, 0xef, 0x12, 0x93, 0x29, 0x44, 0x63,
    0xfe, 0x0, 0x41, 0x84, 0x1f, 0xf0, 0x1, 0x7f,
    0xd0, 0x7, 0x0, 0x0,

    /* U+9A82 "骂" */
    0x7b, 0xe9, 0x45, 0xef, 0x80, 0x7, 0xf8, 0x41,
    0x8, 0x21, 0xff, 0x0, 0x20, 0x7, 0xfc, 0x80,
    0x70,

    /* U+9A84 "骄" */
    0x0, 0x7, 0x9f, 0x84, 0x20, 0x21, 0x5, 0x8,
    0x29, 0xfa, 0x44, 0xcf, 0xf7, 0x9, 0x27, 0x49,
    0x32, 0x48, 0x36, 0x43, 0x62, 0x0,

    /* U+9A86 "骆" */
    0x0, 0x8f, 0x98, 0x9, 0xe4, 0x92, 0x4a, 0xc4,
    0x8c, 0x50, 0xc7, 0xf3, 0x9, 0xee, 0x92, 0x89,
    0x21, 0x9e, 0x11, 0x20,

    /* U+9A87 "骇" */
    0x1, 0xf, 0x18, 0x1f, 0xf9, 0x10, 0x92, 0x69,
    0x4c, 0xf7, 0xb0, 0xb6, 0xee, 0x49, 0x8c, 0x13,
    0x37, 0x40,

    /* U+9A8C "验" */
    0x0, 0xc7, 0xce, 0x6, 0x58, 0xa4, 0x65, 0x5f,
    0x28, 0x1, 0xea, 0x81, 0x54, 0x2b, 0xa7, 0x49,
    0x2, 0x10, 0x7f, 0xe2, 0x0, 0x0,

    /* U+9A8F "骏" */
    0x1, 0x87, 0x89, 0x4, 0x8c, 0xaf, 0xe5, 0x1,
    0x29, 0x99, 0x56, 0x4f, 0x3e, 0xb, 0x27, 0x6b,
    0x4, 0x30, 0x27, 0xf3, 0x61, 0x0,

    /* U+9A91 "骑" */
    0x0, 0x8f, 0x7f, 0x51, 0x8d, 0x3e, 0xd2, 0x29,
    0xff, 0xf0, 0x28, 0xba, 0xea, 0xa1, 0x3a, 0x12,
    0xa3, 0x6,

    /* U+9A97 "骗" */
    0x0, 0x47, 0x82, 0x4, 0xfc, 0xa4, 0x25, 0x3f,
    0x29, 0x1, 0x4f, 0xef, 0x5a, 0x16, 0xd1, 0xbf,
    0xb7, 0xb4, 0x25, 0xa3, 0x23, 0x0,

    /* U+9A9A "骚" */
    0xf7, 0xe1, 0x2a, 0x52, 0x45, 0x18, 0x53, 0xf5,
    0x69, 0x7b, 0xe0, 0xaa, 0xeb, 0xe8, 0x8a, 0xf,
    0xf3, 0x41,

    /* U+9AA1 "骡" */
    0xf7, 0xf0, 0xa4, 0x95, 0xfd, 0xa9, 0x2d, 0x7f,
    0x68, 0x93, 0xdf, 0x2, 0x26, 0xf7, 0xfc, 0x84,
    0x5, 0xac, 0x5b, 0x10, 0x10, 0x0,

    /* U+9AA4 "骤" */
    0xf7, 0x80, 0x52, 0xe5, 0x79, 0x15, 0xec, 0x54,
    0xb9, 0x5f, 0xa7, 0xbf, 0x82, 0x56, 0xea, 0xa0,
    0x26, 0xc1, 0xa9, 0x89, 0x20,

    /* U+9AA8 "骨" */
    0x3f, 0xc2, 0x4, 0x3e, 0x42, 0x24, 0xdd, 0xbb,
    0xfd, 0x20, 0x43, 0xfc, 0x20, 0x43, 0xfc, 0x20,
    0x42, 0x1c,

    /* U+9AD3 "髓" */
    0x78, 0x42, 0x6f, 0xdf, 0xa4, 0xb2, 0xcf, 0xaf,
    0xc3, 0x1, 0xfb, 0x89, 0xdc, 0x7e, 0xe3, 0xf5,
    0x13, 0xa8, 0xb3, 0xe0,

    /* U+9AD8 "高" */
    0x6, 0xf, 0xff, 0x0, 0x3, 0xfc, 0x20, 0x43,
    0xfc, 0x0, 0x7, 0xfe, 0x5f, 0xa5, 0x1a, 0x5f,
    0xa4, 0xe,

    /* U+9B13 "鬓" */
    0x0, 0x1, 0xf1, 0x8f, 0xf0, 0x7c, 0x6a, 0xc,
    0x3f, 0x1d, 0xfb, 0xf, 0xff, 0x5f, 0xe8, 0x80,
    0x7, 0xf9, 0xff, 0xf1, 0xce, 0x10, 0x8,

    /* U+9B3C "鬼" */
    0x8, 0x0, 0x80, 0x7f, 0xc4, 0x44, 0x7f, 0xc4,
    0x44, 0x7f, 0xc4, 0xc8, 0xb, 0x41, 0xbc, 0x32,
    0x3c, 0x3e,

    /* U+9B41 "魁" */
    0x18, 0x23, 0xf5, 0x12, 0x98, 0xfc, 0x44, 0xaa,
    0x3f, 0x51, 0x21, 0xe3, 0x54, 0x1d, 0x21, 0x7d,
    0x1a, 0x7, 0x9f, 0xe0,

    /* U+9B42 "魂" */
    0x0, 0x80, 0x8, 0x3f, 0xfc, 0x9, 0x20, 0x49,
    0x3, 0xfb, 0xf2, 0x44, 0xfe, 0x6e, 0x92, 0x4d,
    0x3e, 0xfe, 0xd, 0x10, 0xcf, 0x80,

    /* U+9B44 "魄" */
    0x0, 0x6, 0x10, 0x47, 0xef, 0x52, 0x97, 0xe9,
    0x52, 0xf7, 0xe9, 0x14, 0xf3, 0x69, 0x5d, 0x89,
    0x31, 0x1e,

    /* U+9B4F "魏" */
    0x9, 0x87, 0xc8, 0x8, 0xbd, 0xe7, 0xe7, 0xa9,
    0x55, 0x48, 0x8f, 0xdf, 0x24, 0x49, 0xd3, 0x9f,
    0xdf, 0xa3, 0x99, 0xe0,

    /* U+9B54 "魔" */
    0x1, 0x1, 0xff, 0xc9, 0x10, 0x7d, 0xe2, 0xee,
    0x1a, 0xac, 0x8c, 0x5, 0xfe, 0x69, 0x12, 0x7f,
    0x91, 0xde, 0xb1, 0xf0,

    /* U+9C7C "鱼" */
    0x8, 0x1, 0x80, 0x1f, 0x82, 0x10, 0x63, 0xf,
    0xfc, 0x22, 0x43, 0xfc, 0x22, 0x42, 0x24, 0x3f,
    0xc0, 0x0, 0xff, 0xf0,

    /* U+9C81 "鲁" */
    0x8, 0x1, 0xf8, 0x21, 0x7, 0xfc, 0xa2, 0x43,
    0xfc, 0x3f, 0xc0, 0x0, 0xff, 0xf3, 0xfc, 0x20,
    0x43, 0xfc, 0x3f, 0xc0,

    /* U+9C9C "鲜" */
    0x20, 0x1, 0xd, 0x1e, 0x9, 0xa3, 0xff, 0xc4,
    0x2a, 0x21, 0x57, 0xcf, 0xbe, 0x54, 0x43, 0xef,
    0xc1, 0x11, 0xf0, 0x80, 0x4, 0x0,

    /* U+9CA4 "鲤" */
    0x20, 0x1, 0x9f, 0x9e, 0xd4, 0x96, 0xaf, 0xff,
    0x2b, 0xa9, 0xff, 0xca, 0x88, 0x7c, 0x42, 0x3f,
    0x87, 0x10, 0xc7, 0xf0,

    /* U+9CAB "鲫" */
    0x30, 0x1, 0x1d, 0xd6, 0xaa, 0xf7, 0x55, 0xaa,
    0xad, 0x55, 0xee, 0xab, 0x45, 0x7a, 0xa8, 0x1d,
    0x5e, 0x8c, 0x0, 0x40,

    /* U+9CB8 "鲸" */
    0x20, 0xc1, 0x2, 0x16, 0xff, 0xa0, 0xf, 0xdf,
    0x2a, 0x89, 0xf4, 0x4a, 0xbe, 0x7c, 0x40, 0xa,
    0xbf, 0x96, 0x5, 0x80,

    /* U+9CC4 "鳄" */
    0x20, 0x0, 0x8f, 0xe3, 0xae, 0x92, 0xba, 0xdb,
    0xb9, 0xf0, 0x5, 0x5f, 0x9f, 0x0, 0x55, 0xf9,
    0xf3, 0xe0, 0x40, 0x9e, 0x6, 0x0, 0x30,

    /* U+9CCD "鳍" */
    0x30, 0x81, 0xdf, 0x92, 0x29, 0xb7, 0xf7, 0xc8,
    0x2b, 0xf1, 0xf7, 0xea, 0xbe, 0x7d, 0x10, 0xf,
    0x8f, 0x44, 0x83, 0xe0,

    /* U+9CD6 "鳖" */
    0x54, 0x85, 0x98, 0xff, 0x79, 0xba, 0xda, 0xc9,
    0x33, 0x1f, 0x8f, 0xfc, 0x22, 0x43, 0xfc, 0x3f,
    0xcf, 0xff,

    /* U+9CDE "鳞" */
    0x31, 0x51, 0xeb, 0x92, 0xff, 0xf9, 0xc5, 0x75,
    0xab, 0xa5, 0xf4, 0x4a, 0xbf, 0x7e, 0xd0, 0x7f,
    0x9f, 0x44, 0xc, 0x20,

    /* U+9E1F "鸟" */
    0x8, 0x1, 0x80, 0xff, 0x10, 0x22, 0x44, 0x4d,
    0x88, 0x21, 0x0, 0x3f, 0xe0, 0x7, 0xfe, 0x80,
    0x10, 0x6,

    /* U+9E20 "鸠" */
    0x20, 0xc1, 0xf, 0x88, 0x55, 0xf2, 0xa2, 0x91,
    0x14, 0x98, 0xa4, 0x5, 0x3f, 0x6c, 0xa, 0x7f,
    0x72, 0x6, 0x0, 0x60,

    /* U+9E21 "鸡" */
    0x0, 0x80, 0x4, 0x1f, 0x7e, 0x1a, 0x30, 0xd5,
    0xb4, 0xa8, 0xa4, 0xc3, 0x24, 0x19, 0xf9, 0xe0,
    0x58, 0xfa, 0x80, 0x10, 0x3, 0x0,

    /* U+9E23 "鸣" */
    0x3, 0xf, 0x7e, 0x94, 0x29, 0x52, 0x94, 0x29,
    0x4e, 0x94, 0x9, 0x7f, 0xf0, 0x19, 0xff, 0x80,
    0x30, 0xe,

    /* U+9E25 "鸥" */
    0x0, 0x0, 0x23, 0xff, 0xc2, 0x3c, 0xd5, 0x68,
    0xad, 0x34, 0xa0, 0xaf, 0xfd, 0x6, 0x1e, 0xfc,
    0x10, 0xc,

    /* U+9E26 "鸦" */
    0x0, 0x2, 0x22, 0x1f, 0x7e, 0x12, 0x24, 0x95,
    0x24, 0xa9, 0xf4, 0xcb, 0x20, 0x29, 0xf9, 0x40,
    0x52, 0xfb, 0x10, 0x11, 0x83, 0x80,

    /* U+9E2D "鸭" */
    0x1, 0xf, 0xbe, 0xaa, 0x2a, 0xaa, 0xfa, 0x2a,
    0xac, 0xaa, 0x1f, 0xbe, 0xa8, 0x22, 0x7e, 0x20,
    0x22, 0xe,

    /* U+9E2F "鸯" */
    0x2, 0x1, 0xff, 0x8, 0x88, 0xff, 0xf0, 0x88,
    0x9, 0x31, 0xff, 0xe2, 0x48, 0x12, 0xc0, 0xff,
    0x9f, 0xec, 0x0, 0xc0,

    /* U+9E33 "鸳" */
    0x10, 0x1, 0xff, 0x9d, 0x5c, 0x3a, 0x11, 0x9f,
    0xbb, 0x1, 0x7f, 0x82, 0xcc, 0x12, 0xc0, 0x69,
    0x9f, 0xe4, 0x0, 0x60,

    /* U+9E35 "鸵" */
    0x30, 0x42, 0x4, 0x7d, 0xf5, 0x51, 0x55, 0x14,
    0xc8, 0x40, 0xb7, 0xee, 0x2, 0x8f, 0xa8, 0x4,
    0x90, 0xcf,

    /* U+9E3D "鸽" */
    0x31, 0x83, 0x3e, 0x4e, 0xac, 0x2a, 0xfa, 0x20,
    0x26, 0x4a, 0x7, 0xbf, 0x48, 0x14, 0xbd, 0x78,
    0x14, 0x87,

    /* U+9E3F "鸿" */
    0x0, 0x82, 0x4, 0x18, 0x7c, 0x3a, 0x20, 0x95,
    0x64, 0xa9, 0xa5, 0xc1, 0x20, 0x29, 0xfa, 0xe0,
    0x54, 0xfe, 0x80, 0x34, 0x3, 0x0,

    /* U+9E43 "鹃" */
    0x0, 0x8f, 0x90, 0x8a, 0xef, 0xaa, 0x2, 0xaf,
    0xa6, 0x8a, 0xf, 0xbf, 0x88, 0x3f, 0xbf, 0x88,
    0x39, 0x6,

    /* U+9E45 "鹅" */
    0x8, 0x43, 0xef, 0xca, 0xc4, 0x52, 0xaf, 0xf1,
    0x14, 0x98, 0xec, 0x7, 0x7f, 0x6c, 0x9, 0x6f,
    0x4d, 0x2, 0xc4, 0x60,

    /* U+9E49 "鹉" */
    0x4, 0x43, 0xb7, 0x81, 0x35, 0xfd, 0xa1, 0x49,
    0xa, 0x59, 0x72, 0xa, 0x9f, 0x54, 0x1a, 0xa7,
    0xfe, 0xc6, 0x6, 0x60,

    /* U+9E4A "鹊" */
    0x51, 0xa, 0x7f, 0xe8, 0xa9, 0xb5, 0x25, 0x55,
    0xbc, 0xfc, 0xc1, 0xff, 0xb3, 0x7, 0xe0, 0xcc,
    0x60,

    /* U+9E4F "鹏" */
    0x0, 0x41, 0xfb, 0xe5, 0xa8, 0x96, 0xaa, 0x76,
    0xa9, 0x6a, 0x65, 0xaa, 0x1f, 0xbe, 0x5a, 0x9,
    0x6b, 0xad, 0xa0, 0xaf, 0x8e,

    /* U+9E64 "鹤" */
    0x18, 0x43, 0xff, 0x94, 0xe4, 0x53, 0xa2, 0x9f,
    0x3f, 0xc9, 0xa6, 0x87, 0xbf, 0x3c, 0x11, 0x4f,
    0x8f, 0x84, 0x40, 0x60,

    /* U+9E66 "鹦" */
    0x0, 0xe, 0xe4, 0xaa, 0xfe, 0xe9, 0xee, 0xdc,
    0xe9, 0x66, 0xe5, 0xa8, 0x18, 0xff, 0xe1, 0x49,
    0xd3, 0x81, 0xe4, 0x60,

    /* U+9E70 "鹰" */
    0x6, 0x7, 0xff, 0x4e, 0x85, 0x7e, 0x54, 0x87,
    0xfe, 0x77, 0xe5, 0x7e, 0x5f, 0xc5, 0x64, 0x50,
    0x8c, 0xfe, 0xbf, 0xa0, 0x4,

    /* U+9E7F "鹿" */
    0x6, 0x0, 0x60, 0x7f, 0xf4, 0x90, 0x7f, 0xe4,
    0x92, 0x49, 0x27, 0xfe, 0x51, 0x25, 0xde, 0xd1,
    0x9, 0x51, 0x99, 0xf0, 0x0,

    /* U+9EA6 "麦" */
    0x2, 0x3, 0xff, 0x80, 0x80, 0x7f, 0xc0, 0x20,
    0x7f, 0xfc, 0x10, 0x1, 0xf8, 0x18, 0xc3, 0x2c,
    0x0, 0xc0, 0xf9, 0xe0,

    /* U+9EB8 "麸" */
    0x10, 0x43, 0xf2, 0x4, 0x7c, 0xf8, 0x81, 0x4,
    0x7e, 0xfc, 0xc1, 0x27, 0x88, 0x44, 0xa6, 0xc5,
    0x7, 0x6d, 0xc6, 0x30, 0x20, 0x0,

    /* U+9EBB "麻" */
    0x6, 0x0, 0x20, 0x7f, 0xf4, 0x88, 0x48, 0x87,
    0xde, 0x58, 0x85, 0xdc, 0x59, 0xee, 0xab, 0xa8,
    0x88, 0x88,

    /* U+9EC4 "黄" */
    0x8, 0x87, 0xfe, 0x8, 0x8f, 0xff, 0x2, 0x3,
    0xfc, 0x22, 0x43, 0xfc, 0x22, 0x43, 0xfc, 0x8,
    0x8f, 0x7,

    /* U+9ECD "黍" */
    0x0, 0x23, 0xff, 0x0, 0x81, 0xff, 0xe0, 0xe8,
    0x19, 0x71, 0x14, 0xc3, 0x18, 0xf2, 0x30, 0x1c,
    0x6, 0xb0, 0xdc, 0x40, 0x0, 0x0,

    /* U+9ECE "黎" */
    0x0, 0x7, 0xd0, 0x11, 0xff, 0xe5, 0x30, 0xa5,
    0x5a, 0x96, 0x60, 0x98, 0x72, 0x7d, 0x2d, 0xf,
    0x3, 0x2c, 0x4e, 0x0,

    /* U+9ED1 "黑" */
    0x3f, 0xf1, 0x10, 0x8a, 0xb4, 0x55, 0x23, 0xff,
    0x1, 0x0, 0xff, 0xc0, 0x40, 0xff, 0xf8, 0x0,
    0x1b, 0x64, 0x9b, 0x30,

    /* U+9ED4 "黔" */
    0x0, 0x21, 0xf9, 0x84, 0xa5, 0x1f, 0x94, 0x4a,
    0x89, 0xfa, 0x90, 0x80, 0x1f, 0xbe, 0x7f, 0x18,
    0x8, 0x45, 0x73, 0x15, 0x8, 0x0, 0x0,

    /* U+9ED8 "默" */
    0xfc, 0x89, 0x4a, 0xdc, 0xab, 0xc8, 0x97, 0xf7,
    0x88, 0xfc, 0x81, 0xc, 0xff, 0x4a, 0x52, 0xab,
    0x30, 0x20,

    /* U+9F0E "鼎" */
    0xf, 0xe0, 0x43, 0xb, 0xfa, 0x5f, 0xd2, 0x86,
    0x97, 0xf4, 0x80, 0x23, 0x9e, 0x7c, 0xf8, 0xa4,
    0x49, 0x22, 0xc9, 0x10,

    /* U+9F13 "鼓" */
    0x8, 0x21, 0xf8, 0x80, 0x9f, 0xdf, 0x88, 0x0,
    0x20, 0xff, 0xe2, 0x20, 0x8f, 0xb4, 0x4, 0x50,
    0x51, 0xcf, 0xe7, 0x0, 0xe3, 0x0, 0x0,

    /* U+9F20 "鼠" */
    0x7f, 0xe2, 0x3, 0x1e, 0xf8, 0x80, 0xc7, 0xfe,
    0x0, 0x1, 0x55, 0x8, 0x88, 0x77, 0x42, 0x22,
    0x9d, 0xcc, 0x88, 0x60,

    /* U+9F3B "鼻" */
    0x7f, 0xc3, 0x2, 0x1f, 0xf0, 0xff, 0x87, 0xfc,
    0x20, 0x11, 0xff, 0x8f, 0xfc, 0x44, 0x21, 0xde,
    0x3f, 0xfe, 0xe1, 0x0,

    /* U+9F50 "齐" */
    0x2, 0x0, 0x10, 0x1f, 0xfc, 0x11, 0x0, 0x50,
    0x3, 0xe1, 0xe3, 0xc1, 0x10, 0x8, 0x80, 0x44,
    0x6, 0x20, 0x61, 0x0,

    /* U+9F7F "齿" */
    0x2, 0x0, 0x9f, 0x84, 0x80, 0x24, 0xf, 0xff,
    0x81, 0x0, 0x88, 0x84, 0xc4, 0x25, 0xa1, 0x45,
    0x8, 0x8, 0x7f, 0xc0,

    /* U+9F84 "龄" */
    0x10, 0xc2, 0x86, 0x17, 0x50, 0xa2, 0x4f, 0xfb,
    0x81, 0x6a, 0xd0, 0x14, 0xbc, 0xbc, 0x24, 0x2e,
    0x3f, 0x30, 0x8, 0xc0,

    /* U+9F99 "龙" */
    0x4, 0x80, 0x4c, 0x4, 0x47, 0xff, 0x4, 0x0,
    0xa4, 0xa, 0x40, 0xa8, 0x13, 0x1, 0x30, 0x6e,
    0x3c, 0xbf,

    /* U+9F9F "龟" */
    0x18, 0x0, 0xfc, 0x8, 0x60, 0xc2, 0x7, 0xfe,
    0x11, 0x10, 0xff, 0x84, 0x44, 0x3f, 0xe1, 0x11,
    0x0, 0x86, 0x7, 0xe0
};


/*---------------------
 *  GLYPH DESCRIPTION
 *--------------------*/

static const lv_font_fmt_txt_glyph_dsc_t glyph_dsc[] = {
    {.bitmap_index = 0, .adv_w = 0, .box_w = 0, .box_h = 0, .ofs_x = 0, .ofs_y = 0} /* id = 0 reserved */,
    {.bitmap_index = 0, .adv_w = 62, .box_w = 1, .box_h = 11, .ofs_x = 1, .ofs_y = 0},
    {.bitmap_index = 2, .adv_w = 79, .box_w = 3, .box_h = 4, .ofs_x = 1, .ofs_y = 7},
    {.bitmap_index = 4, .adv_w = 124, .box_w = 7, .box_h = 10, .ofs_x = 0, .ofs_y = 0},
    {.bitmap_index = 13, .adv_w = 124, .box_w = 7, .box_h = 14, .ofs_x = 1, .ofs_y = -2},
    {.bitmap_index = 26, .adv_w = 199, .box_w = 11, .box_h = 11, .ofs_x = 0, .ofs_y = 0},
    {.bitmap_index = 42, .adv_w = 149, .box_w = 9, .box_h = 11, .ofs_x = 1, .ofs_y = 0},
    {.bitmap_index = 55, .adv_w = 42, .box_w = 1, .box_h = 4, .ofs_x = 1, .ofs_y = 7},
    {.bitmap_index = 56, .adv_w = 74, .box_w = 3, .box_h = 14, .ofs_x = 1, .ofs_y = -3},
    {.bitmap_index = 62, .adv_w = 74, .box_w = 3, .box_h = 14, .ofs_x = 0, .ofs_y = -3},
    {.bitmap_index = 68, .adv_w = 87, .box_w = 5, .box_h = 4, .ofs_x = 0, .ofs_y = 7},
    {.bitmap_index = 71, .adv_w = 130, .box_w = 7, .box_h = 8, .ofs_x = 1, .ofs_y = 0},
    {.bitmap_index = 78, .adv_w = 62, .box_w = 2, .box_h = 3, .ofs_x = 1, .ofs_y = -2},
    {.bitmap_index = 79, .adv_w = 130, .box_w = 7, .box_h = 1, .ofs_x = 1, .ofs_y = 3},
    {.bitmap_index = 80, .adv_w = 62, .box_w = 1, .box_h = 1, .ofs_x = 1, .ofs_y = 0},
    {.bitmap_index = 81, .adv_w = 62, .box_w = 4, .box_h = 11, .ofs_x = 0, .ofs_y = 0},
    {.bitmap_index = 87, .adv_w = 124, .box_w = 7, .box_h = 11, .ofs_x = 1, .ofs_y = 0},
    {.bitmap_index = 97, .adv_w = 124, .box_w = 3, .box_h = 11, .ofs_x = 2, .ofs_y = 0},
    {.bitmap_index = 102, .adv_w = 124, .box_w = 7, .box_h = 11, .ofs_x = 1, .ofs_y = 0},
    {.bitmap_index = 112, .adv_w = 124, .box_w = 7, .box_h = 11, .ofs_x = 1, .ofs_y = 0},
    {.bitmap_index = 122, .adv_w = 124, .box_w = 8, .box_h = 11, .ofs_x = 0, .ofs_y = 0},
    {.bitmap_index = 133, .adv_w = 124, .box_w = 6, .box_h = 10, .ofs_x = 1, .ofs_y = 0},
    {.bitmap_index = 141, .adv_w = 124, .box_w = 7, .box_h = 11, .ofs_x = 1, .ofs_y = 0},
    {.bitmap_index = 151, .adv_w = 124, .box_w = 7, .box_h = 10, .ofs_x = 1, .ofs_y = 0},
    {.bitmap_index = 160, .adv_w = 124, .box_w = 6, .box_h = 11, .ofs_x = 1, .ofs_y = 0},
    {.bitmap_index = 169, .adv_w = 124, .box_w = 6, .box_h = 11, .ofs_x = 1, .ofs_y = 0},
    {.bitmap_index = 178, .adv_w = 62, .box_w = 1, .box_h = 8, .ofs_x = 1, .ofs_y = 0},
    {.bitmap_index = 179, .adv_w = 62, .box_w = 2, .box_h = 10, .ofs_x = 1, .ofs_y = -2},
    {.bitmap_index = 182, .adv_w = 130, .box_w = 7, .box_h = 7, .ofs_x = 1, .ofs_y = 0},
    {.bitmap_index = 189, .adv_w = 130, .box_w = 7, .box_h = 4, .ofs_x = 1, .ofs_y = 2},
    {.bitmap_index = 193, .adv_w = 130, .box_w = 7, .box_h = 7, .ofs_x = 1, .ofs_y = 0},
    {.bitmap_index = 200, .adv_w = 124, .box_w = 6, .box_h = 11, .ofs_x = 1, .ofs_y = 0},
    {.bitmap_index = 209, .adv_w = 227, .box_w = 10, .box_h = 11, .ofs_x = 2, .ofs_y = 0},
    {.bitmap_index = 223, .adv_w = 149, .box_w = 9, .box_h = 11, .ofs_x = 0, .ofs_y = 0},
    {.bitmap_index = 236, .adv_w = 149, .box_w = 8, .box_h = 11, .ofs_x = 1, .ofs_y = 0},
    {.bitmap_index = 247, .adv_w = 161, .box_w = 8, .box_h = 11, .ofs_x = 1, .ofs_y = 0},
    {.bitmap_index = 258, .adv_w = 161, .box_w = 8, .box_h = 11, .ofs_x = 1, .ofs_y = 0},
    {.bitmap_index = 269, .adv_w = 149, .box_w = 7, .box_h = 11, .ofs_x = 1, .ofs_y = 0},
    {.bitmap_index = 279, .adv_w = 136, .box_w = 7, .box_h = 11, .ofs_x = 1, .ofs_y = 0},
    {.bitmap_index = 289, .adv_w = 174, .box_w = 9, .box_h = 11, .ofs_x = 1, .ofs_y = 0},
    {.bitmap_index = 302, .adv_w = 161, .box_w = 8, .box_h = 11, .ofs_x = 1, .ofs_y = 0},
    {.bitmap_index = 313, .adv_w = 62, .box_w = 1, .box_h = 11, .ofs_x = 1, .ofs_y = 0},
    {.bitmap_index = 315, .adv_w = 112, .box_w = 5, .box_h = 11, .ofs_x = 1, .ofs_y = 0},
    {.bitmap_index = 322, .adv_w = 149, .box_w = 8, .box_h = 11, .ofs_x = 1, .ofs_y = 0},
    {.bitmap_index = 333, .adv_w = 124, .box_w = 6, .box_h = 11, .ofs_x = 1, .ofs_y = 0},
    {.bitmap_index = 342, .adv_w = 186, .box_w = 10, .box_h = 11, .ofs_x = 1, .ofs_y = 0},
    {.bitmap_index = 356, .adv_w = 161, .box_w = 8, .box_h = 11, .ofs_x = 1, .ofs_y = 0},
    {.bitmap_index = 367, .adv_w = 174, .box_w = 9, .box_h = 11, .ofs_x = 1, .ofs_y = 0},
    {.bitmap_index = 380, .adv_w = 149, .box_w = 7, .box_h = 11, .ofs_x = 1, .ofs_y = 0},
    {.bitmap_index = 390, .adv_w = 174, .box_w = 9, .box_h = 12, .ofs_x = 1, .ofs_y = -1},
    {.bitmap_index = 404, .adv_w = 161, .box_w = 8, .box_h = 11, .ofs_x = 1, .ofs_y = 0},
    {.bitmap_index = 415, .adv_w = 149, .box_w = 8, .box_h = 11, .ofs_x = 1, .ofs_y = 0},
    {.bitmap_index = 426, .adv_w = 136, .box_w = 8, .box_h = 11, .ofs_x = 1, .ofs_y = 0},
    {.bitmap_index = 437, .adv_w = 161, .box_w = 8, .box_h = 11, .ofs_x = 1, .ofs_y = 0},
    {.bitmap_index = 448, .adv_w = 149, .box_w = 9, .box_h = 11, .ofs_x = 0, .ofs_y = 0},
    {.bitmap_index = 461, .adv_w = 211, .box_w = 13, .box_h = 11, .ofs_x = 0, .ofs_y = 0},
    {.bitmap_index = 479, .adv_w = 149, .box_w = 9, .box_h = 11, .ofs_x = 0, .ofs_y = 0},
    {.bitmap_index = 492, .adv_w = 149, .box_w = 9, .box_h = 11, .ofs_x = 0, .ofs_y = 0},
    {.bitmap_index = 505, .adv_w = 136, .box_w = 8, .box_h = 11, .ofs_x = 1, .ofs_y = 0},
    {.bitmap_index = 516, .adv_w = 62, .box_w = 3, .box_h = 14, .ofs_x = 1, .ofs_y = -3},
    {.bitmap_index = 522, .adv_w = 62, .box_w = 4, .box_h = 11, .ofs_x = 0, .ofs_y = 0},
    {.bitmap_index = 528, .adv_w = 62, .box_w = 3, .box_h = 14, .ofs_x = 0, .ofs_y = -3},
    {.bitmap_index = 534, .adv_w = 74, .box_w = 4, .box_h = 2, .ofs_x = 0, .ofs_y = 9},
    {.bitmap_index = 535, .adv_w = 124, .box_w = 8, .box_h = 1, .ofs_x = 0, .ofs_y = -2},
    {.bitmap_index = 536, .adv_w = 74, .box_w = 3, .box_h = 2, .ofs_x = 0, .ofs_y = 9},
    {.bitmap_index = 537, .adv_w = 124, .box_w = 7, .box_h = 8, .ofs_x = 1, .ofs_y = 0},
    {.bitmap_index = 544, .adv_w = 124, .box_w = 6, .box_h = 11, .ofs_x = 1, .ofs_y = 0},
    {.bitmap_index = 553, .adv_w = 112, .box_w = 6, .box_h = 8, .ofs_x = 1, .ofs_y = 0},
    {.bitmap_index = 559, .adv_w = 124, .box_w = 6, .box_h = 11, .ofs_x = 1, .ofs_y = 0},
    {.bitmap_index = 568, .adv_w = 124, .box_w = 7, .box_h = 8, .ofs_x = 1, .ofs_y = 0},
    {.bitmap_index = 575, .adv_w = 62, .box_w = 3, .box_h = 11, .ofs_x = 1, .ofs_y = 0},
    {.bitmap_index = 580, .adv_w = 124, .box_w = 6, .box_h = 11, .ofs_x = 1, .ofs_y = -3},
    {.bitmap_index = 589, .adv_w = 124, .box_w = 6, .box_h = 11, .ofs_x = 1, .ofs_y = 0},
    {.bitmap_index = 598, .adv_w = 49, .box_w = 1, .box_h = 11, .ofs_x = 1, .ofs_y = 0},
    {.bitmap_index = 600, .adv_w = 49, .box_w = 2, .box_h = 14, .ofs_x = 0, .ofs_y = -3},
    {.bitmap_index = 604, .adv_w = 112, .box_w = 6, .box_h = 11, .ofs_x = 1, .ofs_y = 0},
    {.bitmap_index = 613, .adv_w = 49, .box_w = 1, .box_h = 11, .ofs_x = 1, .ofs_y = 0},
    {.bitmap_index = 615, .adv_w = 186, .box_w = 9, .box_h = 8, .ofs_x = 1, .ofs_y = 0},
    {.bitmap_index = 624, .adv_w = 124, .box_w = 6, .box_h = 8, .ofs_x = 1, .ofs_y = 0},
    {.bitmap_index = 630, .adv_w = 124, .box_w = 7, .box_h = 8, .ofs_x = 1, .ofs_y = 0},
    {.bitmap_index = 637, .adv_w = 124, .box_w = 6, .box_h = 11, .ofs_x = 1, .ofs_y = -3},
    {.bitmap_index = 646, .adv_w = 124, .box_w = 6, .box_h = 11, .ofs_x = 1, .ofs_y = -3},
    {.bitmap_index = 655, .adv_w = 74, .box_w = 3, .box_h = 8, .ofs_x = 1, .ofs_y = 0},
    {.bitmap_index = 658, .adv_w = 112, .box_w = 6, .box_h = 8, .ofs_x = 1, .ofs_y = 0},
    {.bitmap_index = 664, .adv_w = 62, .box_w = 3, .box_h = 10, .ofs_x = 1, .ofs_y = 0},
    {.bitmap_index = 668, .adv_w = 124, .box_w = 6, .box_h = 8, .ofs_x = 1, .ofs_y = 0},
    {.bitmap_index = 674, .adv_w = 112, .box_w = 7, .box_h = 8, .ofs_x = 0, .ofs_y = 0},
    {.bitmap_index = 681, .adv_w = 161, .box_w = 10, .box_h = 8, .ofs_x = 0, .ofs_y = 0},
    {.bitmap_index = 691, .adv_w = 112, .box_w = 7, .box_h = 8, .ofs_x = 0, .ofs_y = 0},
    {.bitmap_index = 698, .adv_w = 112, .box_w = 7, .box_h = 11, .ofs_x = 0, .ofs_y = -3},
    {.bitmap_index = 708, .adv_w = 112, .box_w = 6, .box_h = 8, .ofs_x = 1, .ofs_y = 0},
    {.bitmap_index = 714, .adv_w = 74, .box_w = 3, .box_h = 14, .ofs_x = 1, .ofs_y = -3},
    {.bitmap_index = 720, .adv_w = 58, .box_w = 1, .box_h = 11, .ofs_x = 1, .ofs_y = 0},
    {.bitmap_index = 722, .adv_w = 74, .box_w = 4, .box_h = 14, .ofs_x = 1, .ofs_y = -3},
    {.bitmap_index = 729, .adv_w = 130, .box_w = 6, .box_h = 2, .ofs_x = 1, .ofs_y = 3},
    {.bitmap_index = 731, .adv_w = 224, .box_w = 12, .box_h = 1, .ofs_x = 1, .ofs_y = 5},
    {.bitmap_index = 733, .adv_w = 224, .box_w = 12, .box_h = 11, .ofs_x = 1, .ofs_y = -1},
    {.bitmap_index = 750, .adv_w = 224, .box_w = 12, .box_h = 12, .ofs_x = 0, .ofs_y = -1},
    {.bitmap_index = 768, .adv_w = 224, .box_w = 12, .box_h = 11, .ofs_x = 1, .ofs_y = -1},
    {.bitmap_index = 785, .adv_w = 224, .box_w = 13, .box_h = 12, .ofs_x = 0, .ofs_y = -1},
    {.bitmap_index = 805, .adv_w = 224, .box_w = 12, .box_h = 10, .ofs_x = 1, .ofs_y = 0},
    {.bitmap_index = 820, .adv_w = 224, .box_w = 12, .box_h = 12, .ofs_x = 1, .ofs_y = -1},
    {.bitmap_index = 838, .adv_w = 224, .box_w = 12, .box_h = 11, .ofs_x = 1, .ofs_y = -1},
    {.bitmap_index = 855, .adv_w = 224, .box_w = 13, .box_h = 11, .ofs_x = 0, .ofs_y = -1},
    {.bitmap_index = 873, .adv_w = 224, .box_w = 12, .box_h = 12, .ofs_x = 1, .ofs_y = -1},
    {.bitmap_index = 891, .adv_w = 224, .box_w = 12, .box_h = 13, .ofs_x = 1, .ofs_y = -2},
    {.bitmap_index = 911, .adv_w = 224, .box_w = 12, .box_h = 10, .ofs_x = 1, .ofs_y = 0},
    {.bitmap_index = 926, .adv_w = 224, .box_w = 12, .box_h = 13, .ofs_x = 1, .ofs_y = -2},
    {.bitmap_index = 946, .adv_w = 224, .box_w = 12, .box_h = 11, .ofs_x = 1, .ofs_y = 0},
    {.bitmap_index = 963, .adv_w = 224, .box_w = 13, .box_h = 12, .ofs_x = 1, .ofs_y = -1},
    {.bitmap_index = 983, .adv_w = 224, .box_w = 13, .box_h = 12, .ofs_x = 0, .ofs_y = -1},
    {.bitmap_index = 1003, .adv_w = 224, .box_w = 13, .box_h = 12, .ofs_x = 0, .ofs_y = -1},
    {.bitmap_index = 1023, .adv_w = 224, .box_w = 12, .box_h = 12, .ofs_x = 1, .ofs_y = -1},
    {.bitmap_index = 1041, .adv_w = 224, .box_w = 12, .box_h = 12, .ofs_x = 1, .ofs_y = -1},
    {.bitmap_index = 1059, .adv_w = 224, .box_w = 12, .box_h = 13, .ofs_x = 1, .ofs_y = -2},
    {.bitmap_index = 1079, .adv_w = 224, .box_w = 12, .box_h = 12, .ofs_x = 1, .ofs_y = -1},
    {.bitmap_index = 1097, .adv_w = 224, .box_w = 13, .box_h = 12, .ofs_x = 1, .ofs_y = -1},
    {.bitmap_index = 1117, .adv_w = 224, .box_w = 12, .box_h = 11, .ofs_x = 1, .ofs_y = -1},
    {.bitmap_index = 1134, .adv_w = 224, .box_w = 13, .box_h = 12, .ofs_x = 0, .ofs_y = -1},
    {.bitmap_index = 1154, .adv_w = 224, .box_w = 12, .box_h = 13, .ofs_x = 1, .ofs_y = -2},
    {.bitmap_index = 1174, .adv_w = 224, .box_w = 13, .box_h = 13, .ofs_x = 0, .ofs_y = -1},
    {.bitmap_index = 1196, .adv_w = 224, .box_w = 10, .box_h = 12, .ofs_x = 2, .ofs_y = -1},
    {.bitmap_index = 1211, .adv_w = 224, .box_w = 11, .box_h = 12, .ofs_x = 2, .ofs_y = -1},
    {.bitmap_index = 1228, .adv_w = 224, .box_w = 11, .box_h = 12, .ofs_x = 2, .ofs_y = -1},
    {.bitmap_index = 1245, .adv_w = 224, .box_w = 11, .box_h = 12, .ofs_x = 1, .ofs_y = -1},
    {.bitmap_index = 1262, .adv_w = 224, .box_w = 13, .box_h = 12, .ofs_x = 1, .ofs_y = -1},
    {.bitmap_index = 1282, .adv_w = 224, .box_w = 12, .box_h = 12, .ofs_x = 1, .ofs_y = -1},
    {.bitmap_index = 1300, .adv_w = 224, .box_w = 11, .box_h = 12, .ofs_x = 1, .ofs_y = -1},
    {.bitmap_index = 1317, .adv_w = 224, .box_w = 13, .box_h = 13, .ofs_x = 1, .ofs_y = -1},
    {.bitmap_index = 1339, .adv_w = 224, .box_w = 12, .box_h = 11, .ofs_x = 1, .ofs_y = -1},
    {.bitmap_index = 1356, .adv_w = 224, .box_w = 14, .box_h = 13, .ofs_x = 0, .ofs_y = -1},
    {.bitmap_index = 1379, .adv_w = 224, .box_w = 12, .box_h = 11, .ofs_x = 1, .ofs_y = -1},
    {.bitmap_index = 1396, .adv_w = 224, .box_w = 12, .box_h = 13, .ofs_x = 1, .ofs_y = -2},
    {.bitmap_index = 1416, .adv_w = 224, .box_w = 12, .box_h = 12, .ofs_x = 1, .ofs_y = -1},
    {.bitmap_index = 1434, .adv_w = 224, .box_w = 12, .box_h = 12, .ofs_x = 1, .ofs_y = -1},
    {.bitmap_index = 1452, .adv_w = 224, .box_w = 12, .box_h = 12, .ofs_x = 1, .ofs_y = -1},
    {.bitmap_index = 1470, .adv_w = 224, .box_w = 12, .box_h = 13, .ofs_x = 1, .ofs_y = -1},
    {.bitmap_index = 1490, .adv_w = 224, .box_w = 12, .box_h = 13, .ofs_x = 1, .ofs_y = -1},
    {.bitmap_index = 1510, .adv_w = 224, .box_w = 12, .box_h = 12, .ofs_x = 1, .ofs_y = -1},
    {.bitmap_index = 1528, .adv_w = 224, .box_w = 12, .box_h = 11, .ofs_x = 1, .ofs_y = -1},
    {.bitmap_index = 1545, .adv_w = 224, .box_w = 13, .box_h = 12, .ofs_x = 0, .ofs_y = -1},
    {.bitmap_index = 1565, .adv_w = 224, .box_w = 12, .box_h = 12, .ofs_x = 1, .ofs_y = -1},
    {.bitmap_index = 1583, .adv_w = 224, .box_w = 12, .box_h = 12, .ofs_x = 1, .ofs_y = -1},
    {.bitmap_index = 1601, .adv_w = 224, .box_w = 12, .box_h = 12, .ofs_x = 1, .ofs_y = -1},
    {.bitmap_index = 1619, .adv_w = 224, .box_w = 12, .box_h = 12, .ofs_x = 1, .ofs_y = -1},
    {.bitmap_index = 1637, .adv_w = 224, .box_w = 13, .box_h = 12, .ofs_x = 0, .ofs_y = -1},
    {.bitmap_index = 1657, .adv_w = 224, .box_w = 11, .box_h = 10, .ofs_x = 1, .ofs_y = 0},
    {.bitmap_index = 1671, .adv_w = 224, .box_w = 13, .box_h = 12, .ofs_x = 1, .ofs_y = -1},
    {.bitmap_index = 1691, .adv_w = 224, .box_w = 12, .box_h = 12, .ofs_x = 1, .ofs_y = -1},
    {.bitmap_index = 1709, .adv_w = 224, .box_w = 13, .box_h = 12, .ofs_x = 0, .ofs_y = -1},
    {.bitmap_index = 1729, .adv_w = 224, .box_w = 10, .box_h = 11, .ofs_x = 2, .ofs_y = -1},
    {.bitmap_index = 1743, .adv_w = 224, .box_w = 11, .box_h = 12, .ofs_x = 1, .ofs_y = -1},
    {.bitmap_index = 1760, .adv_w = 224, .box_w = 11, .box_h = 12, .ofs_x = 2, .ofs_y = -1},
    {.bitmap_index = 1777, .adv_w = 224, .box_w = 11, .box_h = 11, .ofs_x = 1, .ofs_y = -1},
    {.bitmap_index = 1793, .adv_w = 224, .box_w = 13, .box_h = 12, .ofs_x = 1, .ofs_y = -1},
    {.bitmap_index = 1813, .adv_w = 224, .box_w = 13, .box_h = 12, .ofs_x = 0, .ofs_y = -1},
    {.bitmap_index = 1833, .adv_w = 224, .box_w = 11, .box_h = 11, .ofs_x = 2, .ofs_y = -1},
    {.bitmap_index = 1849, .adv_w = 224, .box_w = 12, .box_h = 12, .ofs_x = 1, .ofs_y = -1},
    {.bitmap_index = 1867, .adv_w = 224, .box_w = 13, .box_h = 13, .ofs_x = 0, .ofs_y = -1},
    {.bitmap_index = 1889, .adv_w = 224, .box_w = 12, .box_h = 12, .ofs_x = 1, .ofs_y = -1},
    {.bitmap_index = 1907, .adv_w = 224, .box_w = 12, .box_h = 9, .ofs_x = 1, .ofs_y = 0},
    {.bitmap_index = 1921, .adv_w = 224, .box_w = 12, .box_h = 11, .ofs_x = 1, .ofs_y = -1},
    {.bitmap_index = 1938, .adv_w = 224, .box_w = 12, .box_h = 11, .ofs_x = 1, .ofs_y = -1},
    {.bitmap_index = 1955, .adv_w = 224, .box_w = 12, .box_h = 12, .ofs_x = 1, .ofs_y = -1},
    {.bitmap_index = 1973, .adv_w = 224, .box_w = 13, .box_h = 10, .ofs_x = 0, .ofs_y = 0},
    {.bitmap_index = 1990, .adv_w = 224, .box_w = 13, .box_h = 10, .ofs_x = 0, .ofs_y = 0},
    {.bitmap_index = 2007, .adv_w = 224, .box_w = 12, .box_h = 12, .ofs_x = 1, .ofs_y = -1},
    {.bitmap_index = 2025, .adv_w = 224, .box_w = 12, .box_h = 12, .ofs_x = 1, .ofs_y = -1},
    {.bitmap_index = 2043, .adv_w = 224, .box_w = 14, .box_h = 12, .ofs_x = 0, .ofs_y = -1},
    {.bitmap_index = 2064, .adv_w = 224, .box_w = 12, .box_h = 12, .ofs_x = 1, .ofs_y = -1},
    {.bitmap_index = 2082, .adv_w = 224, .box_w = 11, .box_h = 12, .ofs_x = 1, .ofs_y = -1},
    {.bitmap_index = 2099, .adv_w = 224, .box_w = 12, .box_h = 12, .ofs_x = 1, .ofs_y = -1},
    {.bitmap_index = 2117, .adv_w = 224, .box_w = 12, .box_h = 12, .ofs_x = 1, .ofs_y = -1},
    {.bitmap_index = 2135, .adv_w = 224, .box_w = 13, .box_h = 14, .ofs_x = 0, .ofs_y = -2},
    {.bitmap_index = 2158, .adv_w = 224, .box_w = 12, .box_h = 12, .ofs_x = 1, .ofs_y = -1},
    {.bitmap_index = 2176, .adv_w = 224, .box_w = 12, .box_h = 13, .ofs_x = 1, .ofs_y = -2},
    {.bitmap_index = 2196, .adv_w = 224, .box_w = 12, .box_h = 12, .ofs_x = 1, .ofs_y = -1},
    {.bitmap_index = 2214, .adv_w = 224, .box_w = 12, .box_h = 13, .ofs_x = 1, .ofs_y = -1},
    {.bitmap_index = 2234, .adv_w = 224, .box_w = 11, .box_h = 12, .ofs_x = 2, .ofs_y = -1},
    {.bitmap_index = 2251, .adv_w = 224, .box_w = 12, .box_h = 12, .ofs_x = 1, .ofs_y = -1},
    {.bitmap_index = 2269, .adv_w = 224, .box_w = 13, .box_h = 13, .ofs_x = 0, .ofs_y = -2},
    {.bitmap_index = 2291, .adv_w = 224, .box_w = 12, .box_h = 12, .ofs_x = 1, .ofs_y = -1},
    {.bitmap_index = 2309, .adv_w = 224, .box_w = 12, .box_h = 12, .ofs_x = 1, .ofs_y = -1},
    {.bitmap_index = 2327, .adv_w = 224, .box_w = 13, .box_h = 12, .ofs_x = 1, .ofs_y = -1},
    {.bitmap_index = 2347, .adv_w = 224, .box_w = 12, .box_h = 12, .ofs_x = 1, .ofs_y = -1},
    {.bitmap_index = 2365, .adv_w = 224, .box_w = 12, .box_h = 12, .ofs_x = 1, .ofs_y = -1},
    {.bitmap_index = 2383, .adv_w = 224, .box_w = 13, .box_h = 12, .ofs_x = 0, .ofs_y = -1},
    {.bitmap_index = 2403, .adv_w = 224, .box_w = 13, .box_h = 13, .ofs_x = 0, .ofs_y = -2},
    {.bitmap_index = 2425, .adv_w = 224, .box_w = 13, .box_h = 12, .ofs_x = 1, .ofs_y = -1},
    {.bitmap_index = 2445, .adv_w = 224, .box_w = 12, .box_h = 12, .ofs_x = 1, .ofs_y = -1},
    {.bitmap_index = 2463, .adv_w = 224, .box_w = 13, .box_h = 13, .ofs_x = 1, .ofs_y = -2},
    {.bitmap_index = 2485, .adv_w = 224, .box_w = 13, .box_h = 13, .ofs_x = 0, .ofs_y = -1},
    {.bitmap_index = 2507, .adv_w = 224, .box_w = 13, .box_h = 12, .ofs_x = 1, .ofs_y = -1},
    {.bitmap_index = 2527, .adv_w = 224, .box_w = 13, .box_h = 12, .ofs_x = 1, .ofs_y = -1},
    {.bitmap_index = 2547, .adv_w = 224, .box_w = 13, .box_h = 12, .ofs_x = 0, .ofs_y = -1},
    {.bitmap_index = 2567, .adv_w = 224, .box_w = 12, .box_h = 12, .ofs_x = 1, .ofs_y = -1},
    {.bitmap_index = 2585, .adv_w = 224, .box_w = 12, .box_h = 12, .ofs_x = 1, .ofs_y = -1},
    {.bitmap_index = 2603, .adv_w = 224, .box_w = 12, .box_h = 12, .ofs_x = 0, .ofs_y = -1},
    {.bitmap_index = 2621, .adv_w = 224, .box_w = 12, .box_h = 12, .ofs_x = 1, .ofs_y = -1},
    {.bitmap_index = 2639, .adv_w = 224, .box_w = 14, .box_h = 13, .ofs_x = 0, .ofs_y = -1},
    {.bitmap_index = 2662, .adv_w = 224, .box_w = 12, .box_h = 12, .ofs_x = 1, .ofs_y = -1},
    {.bitmap_index = 2680, .adv_w = 224, .box_w = 13, .box_h = 13, .ofs_x = 1, .ofs_y = -1},
    {.bitmap_index = 2702, .adv_w = 224, .box_w = 12, .box_h = 12, .ofs_x = 0, .ofs_y = -1},
    {.bitmap_index = 2720, .adv_w = 224, .box_w = 12, .box_h = 12, .ofs_x = 0, .ofs_y = -1},
    {.bitmap_index = 2738, .adv_w = 224, .box_w = 12, .box_h = 12, .ofs_x = 0, .ofs_y = -1},
    {.bitmap_index = 2756, .adv_w = 224, .box_w = 13, .box_h = 12, .ofs_x = 1, .ofs_y = -1},
    {.bitmap_index = 2776, .adv_w = 224, .box_w = 13, .box_h = 12, .ofs_x = 1, .ofs_y = -1},
    {.bitmap_index = 2796, .adv_w = 224, .box_w = 13, .box_h = 12, .ofs_x = 0, .ofs_y = -1},
    {.bitmap_index = 2816, .adv_w = 224, .box_w = 13, .box_h = 12, .ofs_x = 0, .ofs_y = -1},
    {.bitmap_index = 2836, .adv_w = 224, .box_w = 12, .box_h = 12, .ofs_x = 0, .ofs_y = -1},
    {.bitmap_index = 2854, .adv_w = 224, .box_w = 12, .box_h = 12, .ofs_x = 1, .ofs_y = -1},
    {.bitmap_index = 2872, .adv_w = 224, .box_w = 12, .box_h = 12, .ofs_x = 1, .ofs_y = -1},
    {.bitmap_index = 2890, .adv_w = 224, .box_w = 12, .box_h = 12, .ofs_x = 1, .ofs_y = -1},
    {.bitmap_index = 2908, .adv_w = 224, .box_w = 13, .box_h = 12, .ofs_x = 1, .ofs_y = -1},
    {.bitmap_index = 2928, .adv_w = 224, .box_w = 12, .box_h = 12, .ofs_x = 1, .ofs_y = -1},
    {.bitmap_index = 2946, .adv_w = 224, .box_w = 12, .box_h = 12, .ofs_x = 1, .ofs_y = -1},
    {.bitmap_index = 2964, .adv_w = 224, .box_w = 13, .box_h = 12, .ofs_x = 1, .ofs_y = -1},
    {.bitmap_index = 2984, .adv_w = 224, .box_w = 13, .box_h = 12, .ofs_x = 1, .ofs_y = -1},
    {.bitmap_index = 3004, .adv_w = 224, .box_w = 13, .box_h = 13, .ofs_x = 0, .ofs_y = -1},
    {.bitmap_index = 3026, .adv_w = 224, .box_w = 13, .box_h = 13, .ofs_x = 0, .ofs_y = -2},
    {.bitmap_index = 3048, .adv_w = 224, .box_w = 13, .box_h = 12, .ofs_x = 0, .ofs_y = -1},
    {.bitmap_index = 3068, .adv_w = 224, .box_w = 12, .box_h = 12, .ofs_x = 1, .ofs_y = -1},
    {.bitmap_index = 3086, .adv_w = 224, .box_w = 13, .box_h = 12, .ofs_x = 1, .ofs_y = -1},
    {.bitmap_index = 3106, .adv_w = 224, .box_w = 13, .box_h = 12, .ofs_x = 0, .ofs_y = -1},
    {.bitmap_index = 3126, .adv_w = 224, .box_w = 13, .box_h = 12, .ofs_x = 1, .ofs_y = -1},
    {.bitmap_index = 3146, .adv_w = 224, .box_w = 13, .box_h = 12, .ofs_x = 1, .ofs_y = -1},
    {.bitmap_index = 3166, .adv_w = 224, .box_w = 12, .box_h = 12, .ofs_x = 1, .ofs_y = -1},
    {.bitmap_index = 3184, .adv_w = 224, .box_w = 13, .box_h = 12, .ofs_x = 1, .ofs_y = -1},
    {.bitmap_index = 3204, .adv_w = 224, .box_w = 13, .box_h = 12, .ofs_x = 0, .ofs_y = -1},
    {.bitmap_index = 3224, .adv_w = 224, .box_w = 13, .box_h = 13, .ofs_x = 0, .ofs_y = -1},
    {.bitmap_index = 3246, .adv_w = 224, .box_w = 12, .box_h = 12, .ofs_x = 0, .ofs_y = -1},
    {.bitmap_index = 3264, .adv_w = 224, .box_w = 12, .box_h = 12, .ofs_x = 0, .ofs_y = -1},
    {.bitmap_index = 3282, .adv_w = 224, .box_w = 13, .box_h = 12, .ofs_x = 0, .ofs_y = -1},
    {.bitmap_index = 3302, .adv_w = 224, .box_w = 12, .box_h = 12, .ofs_x = 0, .ofs_y = -1},
    {.bitmap_index = 3320, .adv_w = 224, .box_w = 12, .box_h = 12, .ofs_x = 1, .ofs_y = -1},
    {.bitmap_index = 3338, .adv_w = 224, .box_w = 13, .box_h = 12, .ofs_x = 0, .ofs_y = -1},
    {.bitmap_index = 3358, .adv_w = 224, .box_w = 13, .box_h = 12, .ofs_x = 0, .ofs_y = -1},
    {.bitmap_index = 3378, .adv_w = 224, .box_w = 12, .box_h = 12, .ofs_x = 1, .ofs_y = -1},
    {.bitmap_index = 3396, .adv_w = 224, .box_w = 13, .box_h = 13, .ofs_x = 1, .ofs_y = -1},
    {.bitmap_index = 3418, .adv_w = 224, .box_w = 13, .box_h = 12, .ofs_x = 0, .ofs_y = -1},
    {.bitmap_index = 3438, .adv_w = 224, .box_w = 12, .box_h = 12, .ofs_x = 1, .ofs_y = -1},
    {.bitmap_index = 3456, .adv_w = 224, .box_w = 13, .box_h = 12, .ofs_x = 1, .ofs_y = -1},
    {.bitmap_index = 3476, .adv_w = 224, .box_w = 12, .box_h = 12, .ofs_x = 0, .ofs_y = -1},
    {.bitmap_index = 3494, .adv_w = 224, .box_w = 12, .box_h = 12, .ofs_x = 1, .ofs_y = -1},
    {.bitmap_index = 3512, .adv_w = 224, .box_w = 13, .box_h = 12, .ofs_x = 1, .ofs_y = -1},
    {.bitmap_index = 3532, .adv_w = 224, .box_w = 12, .box_h = 12, .ofs_x = 0, .ofs_y = -1},
    {.bitmap_index = 3550, .adv_w = 224, .box_w = 13, .box_h = 13, .ofs_x = 1, .ofs_y = -2},
    {.bitmap_index = 3572, .adv_w = 224, .box_w = 13, .box_h = 12, .ofs_x = 1, .ofs_y = -1},
    {.bitmap_index = 3592, .adv_w = 224, .box_w = 13, .box_h = 12, .ofs_x = 1, .ofs_y = -1},
    {.bitmap_index = 3612, .adv_w = 224, .box_w = 12, .box_h = 12, .ofs_x = 1, .ofs_y = -1},
    {.bitmap_index = 3630, .adv_w = 224, .box_w = 13, .box_h = 13, .ofs_x = 1, .ofs_y = -1},
    {.bitmap_index = 3652, .adv_w = 224, .box_w = 12, .box_h = 12, .ofs_x = 0, .ofs_y = -1},
    {.bitmap_index = 3670, .adv_w = 224, .box_w = 12, .box_h = 12, .ofs_x = 1, .ofs_y = -1},
    {.bitmap_index = 3688, .adv_w = 224, .box_w = 13, .box_h = 12, .ofs_x = 1, .ofs_y = -1},
    {.bitmap_index = 3708, .adv_w = 224, .box_w = 13, .box_h = 13, .ofs_x = 1, .ofs_y = -1},
    {.bitmap_index = 3730, .adv_w = 224, .box_w = 13, .box_h = 12, .ofs_x = 0, .ofs_y = -1},
    {.bitmap_index = 3750, .adv_w = 224, .box_w = 12, .box_h = 12, .ofs_x = 1, .ofs_y = -1},
    {.bitmap_index = 3768, .adv_w = 224, .box_w = 12, .box_h = 12, .ofs_x = 0, .ofs_y = -1},
    {.bitmap_index = 3786, .adv_w = 224, .box_w = 12, .box_h = 12, .ofs_x = 0, .ofs_y = -1},
    {.bitmap_index = 3804, .adv_w = 224, .box_w = 13, .box_h = 12, .ofs_x = 0, .ofs_y = -1},
    {.bitmap_index = 3824, .adv_w = 224, .box_w = 14, .box_h = 13, .ofs_x = 0, .ofs_y = -1},
    {.bitmap_index = 3847, .adv_w = 224, .box_w = 13, .box_h = 13, .ofs_x = 0, .ofs_y = -1},
    {.bitmap_index = 3869, .adv_w = 224, .box_w = 13, .box_h = 12, .ofs_x = 0, .ofs_y = -1},
    {.bitmap_index = 3889, .adv_w = 224, .box_w = 13, .box_h = 12, .ofs_x = 0, .ofs_y = -1},
    {.bitmap_index = 3909, .adv_w = 224, .box_w = 13, .box_h = 12, .ofs_x = 0, .ofs_y = -1},
    {.bitmap_index = 3929, .adv_w = 224, .box_w = 13, .box_h = 12, .ofs_x = 0, .ofs_y = -1},
    {.bitmap_index = 3949, .adv_w = 224, .box_w = 13, .box_h = 12, .ofs_x = 0, .ofs_y = -1},
    {.bitmap_index = 3969, .adv_w = 224, .box_w = 13, .box_h = 12, .ofs_x = 0, .ofs_y = -1},
    {.bitmap_index = 3989, .adv_w = 224, .box_w = 12, .box_h = 12, .ofs_x = 0, .ofs_y = -1},
    {.bitmap_index = 4007, .adv_w = 224, .box_w = 12, .box_h = 12, .ofs_x = 0, .ofs_y = -1},
    {.bitmap_index = 4025, .adv_w = 224, .box_w = 13, .box_h = 12, .ofs_x = 0, .ofs_y = -1},
    {.bitmap_index = 4045, .adv_w = 224, .box_w = 13, .box_h = 12, .ofs_x = 0, .ofs_y = -1},
    {.bitmap_index = 4065, .adv_w = 224, .box_w = 13, .box_h = 12, .ofs_x = 0, .ofs_y = -1},
    {.bitmap_index = 4085, .adv_w = 224, .box_w = 12, .box_h = 12, .ofs_x = 0, .ofs_y = -1},
    {.bitmap_index = 4103, .adv_w = 224, .box_w = 13, .box_h = 12, .ofs_x = 0, .ofs_y = -1},
    {.bitmap_index = 4123, .adv_w = 224, .box_w = 14, .box_h = 13, .ofs_x = 0, .ofs_y = -1},
    {.bitmap_index = 4146, .adv_w = 224, .box_w = 13, .box_h = 12, .ofs_x = 0, .ofs_y = -1},
    {.bitmap_index = 4166, .adv_w = 224, .box_w = 13, .box_h = 12, .ofs_x = 0, .ofs_y = -1},
    {.bitmap_index = 4186, .adv_w = 224, .box_w = 12, .box_h = 13, .ofs_x = 0, .ofs_y = -1},
    {.bitmap_index = 4206, .adv_w = 224, .box_w = 14, .box_h = 13, .ofs_x = 0, .ofs_y = -1},
    {.bitmap_index = 4229, .adv_w = 224, .box_w = 13, .box_h = 12, .ofs_x = 0, .ofs_y = -1},
    {.bitmap_index = 4249, .adv_w = 224, .box_w = 12, .box_h = 12, .ofs_x = 0, .ofs_y = -1},
    {.bitmap_index = 4267, .adv_w = 224, .box_w = 12, .box_h = 12, .ofs_x = 0, .ofs_y = -1},
    {.bitmap_index = 4285, .adv_w = 224, .box_w = 12, .box_h = 13, .ofs_x = 0, .ofs_y = -1},
    {.bitmap_index = 4305, .adv_w = 224, .box_w = 13, .box_h = 12, .ofs_x = 0, .ofs_y = -1},
    {.bitmap_index = 4325, .adv_w = 224, .box_w = 13, .box_h = 14, .ofs_x = 0, .ofs_y = -2},
    {.bitmap_index = 4348, .adv_w = 224, .box_w = 13, .box_h = 12, .ofs_x = 0, .ofs_y = -1},
    {.bitmap_index = 4368, .adv_w = 224, .box_w = 12, .box_h = 13, .ofs_x = 1, .ofs_y = -1},
    {.bitmap_index = 4388, .adv_w = 224, .box_w = 14, .box_h = 12, .ofs_x = 0, .ofs_y = -1},
    {.bitmap_index = 4409, .adv_w = 224, .box_w = 13, .box_h = 12, .ofs_x = 0, .ofs_y = -1},
    {.bitmap_index = 4429, .adv_w = 224, .box_w = 13, .box_h = 12, .ofs_x = 0, .ofs_y = -1},
    {.bitmap_index = 4449, .adv_w = 224, .box_w = 12, .box_h = 12, .ofs_x = 1, .ofs_y = -1},
    {.bitmap_index = 4467, .adv_w = 224, .box_w = 13, .box_h = 12, .ofs_x = 0, .ofs_y = -1},
    {.bitmap_index = 4487, .adv_w = 224, .box_w = 12, .box_h = 13, .ofs_x = 1, .ofs_y = -1},
    {.bitmap_index = 4507, .adv_w = 224, .box_w = 13, .box_h = 14, .ofs_x = 0, .ofs_y = -2},
    {.bitmap_index = 4530, .adv_w = 224, .box_w = 13, .box_h = 12, .ofs_x = 0, .ofs_y = -1},
    {.bitmap_index = 4550, .adv_w = 224, .box_w = 12, .box_h = 12, .ofs_x = 1, .ofs_y = -1},
    {.bitmap_index = 4568, .adv_w = 224, .box_w = 13, .box_h = 12, .ofs_x = 0, .ofs_y = -1},
    {.bitmap_index = 4588, .adv_w = 224, .box_w = 13, .box_h = 13, .ofs_x = 0, .ofs_y = -1},
    {.bitmap_index = 4610, .adv_w = 224, .box_w = 13, .box_h = 12, .ofs_x = 0, .ofs_y = -1},
    {.bitmap_index = 4630, .adv_w = 224, .box_w = 13, .box_h = 12, .ofs_x = 0, .ofs_y = -1},
    {.bitmap_index = 4650, .adv_w = 224, .box_w = 13, .box_h = 13, .ofs_x = 0, .ofs_y = -1},
    {.bitmap_index = 4672, .adv_w = 224, .box_w = 13, .box_h = 12, .ofs_x = 0, .ofs_y = -1},
    {.bitmap_index = 4692, .adv_w = 224, .box_w = 12, .box_h = 12, .ofs_x = 0, .ofs_y = -1},
    {.bitmap_index = 4710, .adv_w = 224, .box_w = 13, .box_h = 12, .ofs_x = 0, .ofs_y = -1},
    {.bitmap_index = 4730, .adv_w = 224, .box_w = 13, .box_h = 12, .ofs_x = 0, .ofs_y = -1},
    {.bitmap_index = 4750, .adv_w = 224, .box_w = 13, .box_h = 13, .ofs_x = 0, .ofs_y = -1},
    {.bitmap_index = 4772, .adv_w = 224, .box_w = 13, .box_h = 12, .ofs_x = 0, .ofs_y = -1},
    {.bitmap_index = 4792, .adv_w = 224, .box_w = 13, .box_h = 12, .ofs_x = 0, .ofs_y = -1},
    {.bitmap_index = 4812, .adv_w = 224, .box_w = 14, .box_h = 13, .ofs_x = 0, .ofs_y = -1},
    {.bitmap_index = 4835, .adv_w = 224, .box_w = 13, .box_h = 12, .ofs_x = 0, .ofs_y = -1},
    {.bitmap_index = 4855, .adv_w = 224, .box_w = 13, .box_h = 13, .ofs_x = 0, .ofs_y = -1},
    {.bitmap_index = 4877, .adv_w = 224, .box_w = 13, .box_h = 12, .ofs_x = 0, .ofs_y = -1},
    {.bitmap_index = 4897, .adv_w = 224, .box_w = 13, .box_h = 13, .ofs_x = 0, .ofs_y = -1},
    {.bitmap_index = 4919, .adv_w = 224, .box_w = 13, .box_h = 13, .ofs_x = 0, .ofs_y = -1},
    {.bitmap_index = 4941, .adv_w = 224, .box_w = 13, .box_h = 12, .ofs_x = 0, .ofs_y = -1},
    {.bitmap_index = 4961, .adv_w = 224, .box_w = 12, .box_h = 12, .ofs_x = 1, .ofs_y = -1},
    {.bitmap_index = 4979, .adv_w = 224, .box_w = 12, .box_h = 13, .ofs_x = 1, .ofs_y = -2},
    {.bitmap_index = 4999, .adv_w = 224, .box_w = 13, .box_h = 12, .ofs_x = 1, .ofs_y = -1},
    {.bitmap_index = 5019, .adv_w = 224, .box_w = 12, .box_h = 12, .ofs_x = 1, .ofs_y = -1},
    {.bitmap_index = 5037, .adv_w = 224, .box_w = 11, .box_h = 12, .ofs_x = 1, .ofs_y = -1},
    {.bitmap_index = 5054, .adv_w = 224, .box_w = 12, .box_h = 13, .ofs_x = 1, .ofs_y = -1},
    {.bitmap_index = 5074, .adv_w = 224, .box_w = 12, .box_h = 12, .ofs_x = 1, .ofs_y = -1},
    {.bitmap_index = 5092, .adv_w = 224, .box_w = 13, .box_h = 12, .ofs_x = 1, .ofs_y = -1},
    {.bitmap_index = 5112, .adv_w = 224, .box_w = 12, .box_h = 13, .ofs_x = 1, .ofs_y = -1},
    {.bitmap_index = 5132, .adv_w = 224, .box_w = 12, .box_h = 12, .ofs_x = 1, .ofs_y = -1},
    {.bitmap_index = 5150, .adv_w = 224, .box_w = 12, .box_h = 13, .ofs_x = 1, .ofs_y = -1},
    {.bitmap_index = 5170, .adv_w = 224, .box_w = 11, .box_h = 12, .ofs_x = 1, .ofs_y = -1},
    {.bitmap_index = 5187, .adv_w = 224, .box_w = 12, .box_h = 13, .ofs_x = 1, .ofs_y = -1},
    {.bitmap_index = 5207, .adv_w = 224, .box_w = 14, .box_h = 12, .ofs_x = 0, .ofs_y = -1},
    {.bitmap_index = 5228, .adv_w = 224, .box_w = 14, .box_h = 12, .ofs_x = 0, .ofs_y = -1},
    {.bitmap_index = 5249, .adv_w = 224, .box_w = 13, .box_h = 12, .ofs_x = 1, .ofs_y = -1},
    {.bitmap_index = 5269, .adv_w = 224, .box_w = 13, .box_h = 11, .ofs_x = 1, .ofs_y = -1},
    {.bitmap_index = 5287, .adv_w = 224, .box_w = 14, .box_h = 12, .ofs_x = 0, .ofs_y = -1},
    {.bitmap_index = 5308, .adv_w = 224, .box_w = 12, .box_h = 11, .ofs_x = 1, .ofs_y = -1},
    {.bitmap_index = 5325, .adv_w = 224, .box_w = 12, .box_h = 12, .ofs_x = 1, .ofs_y = -1},
    {.bitmap_index = 5343, .adv_w = 224, .box_w = 12, .box_h = 12, .ofs_x = 1, .ofs_y = -1},
    {.bitmap_index = 5361, .adv_w = 224, .box_w = 13, .box_h = 12, .ofs_x = 0, .ofs_y = -1},
    {.bitmap_index = 5381, .adv_w = 224, .box_w = 12, .box_h = 12, .ofs_x = 1, .ofs_y = -1},
    {.bitmap_index = 5399, .adv_w = 224, .box_w = 12, .box_h = 13, .ofs_x = 1, .ofs_y = -1},
    {.bitmap_index = 5419, .adv_w = 224, .box_w = 12, .box_h = 12, .ofs_x = 1, .ofs_y = -1},
    {.bitmap_index = 5437, .adv_w = 224, .box_w = 13, .box_h = 12, .ofs_x = 1, .ofs_y = -1},
    {.bitmap_index = 5457, .adv_w = 224, .box_w = 13, .box_h = 12, .ofs_x = 0, .ofs_y = -1},
    {.bitmap_index = 5477, .adv_w = 224, .box_w = 12, .box_h = 13, .ofs_x = 1, .ofs_y = -1},
    {.bitmap_index = 5497, .adv_w = 224, .box_w = 12, .box_h = 13, .ofs_x = 1, .ofs_y = -1},
    {.bitmap_index = 5517, .adv_w = 224, .box_w = 12, .box_h = 13, .ofs_x = 1, .ofs_y = -1},
    {.bitmap_index = 5537, .adv_w = 224, .box_w = 13, .box_h = 12, .ofs_x = 0, .ofs_y = -1},
    {.bitmap_index = 5557, .adv_w = 224, .box_w = 10, .box_h = 12, .ofs_x = 2, .ofs_y = -1},
    {.bitmap_index = 5572, .adv_w = 224, .box_w = 10, .box_h = 12, .ofs_x = 2, .ofs_y = -1},
    {.bitmap_index = 5587, .adv_w = 224, .box_w = 13, .box_h = 12, .ofs_x = 0, .ofs_y = -1},
    {.bitmap_index = 5607, .adv_w = 224, .box_w = 13, .box_h = 12, .ofs_x = 1, .ofs_y = -1},
    {.bitmap_index = 5627, .adv_w = 224, .box_w = 11, .box_h = 12, .ofs_x = 2, .ofs_y = -1},
    {.bitmap_index = 5644, .adv_w = 224, .box_w = 13, .box_h = 12, .ofs_x = 1, .ofs_y = -1},
    {.bitmap_index = 5664, .adv_w = 224, .box_w = 13, .box_h = 11, .ofs_x = 1, .ofs_y = -1},
    {.bitmap_index = 5682, .adv_w = 224, .box_w = 11, .box_h = 13, .ofs_x = 1, .ofs_y = -2},
    {.bitmap_index = 5700, .adv_w = 224, .box_w = 12, .box_h = 11, .ofs_x = 1, .ofs_y = -1},
    {.bitmap_index = 5717, .adv_w = 224, .box_w = 13, .box_h = 13, .ofs_x = 1, .ofs_y = -2},
    {.bitmap_index = 5739, .adv_w = 224, .box_w = 13, .box_h = 12, .ofs_x = 0, .ofs_y = -1},
    {.bitmap_index = 5759, .adv_w = 224, .box_w = 13, .box_h = 12, .ofs_x = 0, .ofs_y = -1},
    {.bitmap_index = 5779, .adv_w = 224, .box_w = 13, .box_h = 13, .ofs_x = 0, .ofs_y = -1},
    {.bitmap_index = 5801, .adv_w = 224, .box_w = 11, .box_h = 12, .ofs_x = 1, .ofs_y = -1},
    {.bitmap_index = 5818, .adv_w = 224, .box_w = 13, .box_h = 12, .ofs_x = 1, .ofs_y = -1},
    {.bitmap_index = 5838, .adv_w = 224, .box_w = 12, .box_h = 12, .ofs_x = 1, .ofs_y = -1},
    {.bitmap_index = 5856, .adv_w = 224, .box_w = 12, .box_h = 12, .ofs_x = 1, .ofs_y = -1},
    {.bitmap_index = 5874, .adv_w = 224, .box_w = 12, .box_h = 11, .ofs_x = 1, .ofs_y = -1},
    {.bitmap_index = 5891, .adv_w = 224, .box_w = 12, .box_h = 12, .ofs_x = 1, .ofs_y = -1},
    {.bitmap_index = 5909, .adv_w = 224, .box_w = 13, .box_h = 12, .ofs_x = 0, .ofs_y = -1},
    {.bitmap_index = 5929, .adv_w = 224, .box_w = 12, .box_h = 13, .ofs_x = 1, .ofs_y = -2},
    {.bitmap_index = 5949, .adv_w = 224, .box_w = 12, .box_h = 13, .ofs_x = 0, .ofs_y = -1},
    {.bitmap_index = 5969, .adv_w = 224, .box_w = 12, .box_h = 12, .ofs_x = 1, .ofs_y = -1},
    {.bitmap_index = 5987, .adv_w = 224, .box_w = 12, .box_h = 12, .ofs_x = 0, .ofs_y = -1},
    {.bitmap_index = 6005, .adv_w = 224, .box_w = 12, .box_h = 12, .ofs_x = 1, .ofs_y = -1},
    {.bitmap_index = 6023, .adv_w = 224, .box_w = 12, .box_h = 13, .ofs_x = 1, .ofs_y = -2},
    {.bitmap_index = 6043, .adv_w = 224, .box_w = 13, .box_h = 13, .ofs_x = 1, .ofs_y = -2},
    {.bitmap_index = 6065, .adv_w = 224, .box_w = 13, .box_h = 12, .ofs_x = 1, .ofs_y = -1},
    {.bitmap_index = 6085, .adv_w = 224, .box_w = 12, .box_h = 12, .ofs_x = 1, .ofs_y = -1},
    {.bitmap_index = 6103, .adv_w = 224, .box_w = 12, .box_h = 12, .ofs_x = 1, .ofs_y = -1},
    {.bitmap_index = 6121, .adv_w = 224, .box_w = 13, .box_h = 11, .ofs_x = 0, .ofs_y = -1},
    {.bitmap_index = 6139, .adv_w = 224, .box_w = 13, .box_h = 11, .ofs_x = 1, .ofs_y = 0},
    {.bitmap_index = 6157, .adv_w = 224, .box_w = 13, .box_h = 12, .ofs_x = 0, .ofs_y = -1},
    {.bitmap_index = 6177, .adv_w = 224, .box_w = 12, .box_h = 12, .ofs_x = 1, .ofs_y = -1},
    {.bitmap_index = 6195, .adv_w = 224, .box_w = 13, .box_h = 13, .ofs_x = 1, .ofs_y = -1},
    {.bitmap_index = 6217, .adv_w = 224, .box_w = 12, .box_h = 12, .ofs_x = 1, .ofs_y = -1},
    {.bitmap_index = 6235, .adv_w = 224, .box_w = 13, .box_h = 12, .ofs_x = 0, .ofs_y = -1},
    {.bitmap_index = 6255, .adv_w = 224, .box_w = 13, .box_h = 12, .ofs_x = 1, .ofs_y = -1},
    {.bitmap_index = 6275, .adv_w = 224, .box_w = 10, .box_h = 12, .ofs_x = 2, .ofs_y = -1},
    {.bitmap_index = 6290, .adv_w = 224, .box_w = 10, .box_h = 12, .ofs_x = 2, .ofs_y = -1},
    {.bitmap_index = 6305, .adv_w = 224, .box_w = 10, .box_h = 11, .ofs_x = 2, .ofs_y = -1},
    {.bitmap_index = 6319, .adv_w = 224, .box_w = 11, .box_h = 12, .ofs_x = 2, .ofs_y = -1},
    {.bitmap_index = 6336, .adv_w = 224, .box_w = 12, .box_h = 12, .ofs_x = 2, .ofs_y = -1},
    {.bitmap_index = 6354, .adv_w = 224, .box_w = 10, .box_h = 11, .ofs_x = 2, .ofs_y = -1},
    {.bitmap_index = 6368, .adv_w = 224, .box_w = 12, .box_h = 12, .ofs_x = 1, .ofs_y = -1},
    {.bitmap_index = 6386, .adv_w = 224, .box_w = 11, .box_h = 10, .ofs_x = 1, .ofs_y = 0},
    {.bitmap_index = 6400, .adv_w = 224, .box_w = 10, .box_h = 10, .ofs_x = 2, .ofs_y = 0},
    {.bitmap_index = 6413, .adv_w = 224, .box_w = 11, .box_h = 11, .ofs_x = 1, .ofs_y = -1},
    {.bitmap_index = 6429, .adv_w = 224, .box_w = 13, .box_h = 12, .ofs_x = 0, .ofs_y = -1},
    {.bitmap_index = 6449, .adv_w = 224, .box_w = 12, .box_h = 12, .ofs_x = 1, .ofs_y = -1},
    {.bitmap_index = 6467, .adv_w = 224, .box_w = 12, .box_h = 12, .ofs_x = 1, .ofs_y = -1},
    {.bitmap_index = 6485, .adv_w = 224, .box_w = 12, .box_h = 12, .ofs_x = 1, .ofs_y = -1},
    {.bitmap_index = 6503, .adv_w = 224, .box_w = 12, .box_h = 12, .ofs_x = 1, .ofs_y = -1},
    {.bitmap_index = 6521, .adv_w = 224, .box_w = 11, .box_h = 12, .ofs_x = 1, .ofs_y = -1},
    {.bitmap_index = 6538, .adv_w = 224, .box_w = 12, .box_h = 13, .ofs_x = 0, .ofs_y = -2},
    {.bitmap_index = 6558, .adv_w = 224, .box_w = 12, .box_h = 12, .ofs_x = 1, .ofs_y = -1},
    {.bitmap_index = 6576, .adv_w = 224, .box_w = 11, .box_h = 12, .ofs_x = 1, .ofs_y = -1},
    {.bitmap_index = 6593, .adv_w = 224, .box_w = 12, .box_h = 12, .ofs_x = 1, .ofs_y = -1},
    {.bitmap_index = 6611, .adv_w = 224, .box_w = 13, .box_h = 12, .ofs_x = 0, .ofs_y = -1},
    {.bitmap_index = 6631, .adv_w = 224, .box_w = 12, .box_h = 12, .ofs_x = 1, .ofs_y = -1},
    {.bitmap_index = 6649, .adv_w = 224, .box_w = 12, .box_h = 12, .ofs_x = 0, .ofs_y = -1},
    {.bitmap_index = 6667, .adv_w = 224, .box_w = 13, .box_h = 13, .ofs_x = 0, .ofs_y = -2},
    {.bitmap_index = 6689, .adv_w = 224, .box_w = 11, .box_h = 12, .ofs_x = 1, .ofs_y = -1},
    {.bitmap_index = 6706, .adv_w = 224, .box_w = 12, .box_h = 12, .ofs_x = 0, .ofs_y = -1},
    {.bitmap_index = 6724, .adv_w = 224, .box_w = 12, .box_h = 12, .ofs_x = 1, .ofs_y = -1},
    {.bitmap_index = 6742, .adv_w = 224, .box_w = 12, .box_h = 12, .ofs_x = 0, .ofs_y = -1},
    {.bitmap_index = 6760, .adv_w = 224, .box_w = 12, .box_h = 12, .ofs_x = 1, .ofs_y = -1},
    {.bitmap_index = 6778, .adv_w = 224, .box_w = 12, .box_h = 12, .ofs_x = 1, .ofs_y = -1},
    {.bitmap_index = 6796, .adv_w = 224, .box_w = 12, .box_h = 13, .ofs_x = 1, .ofs_y = -2},
    {.bitmap_index = 6816, .adv_w = 224, .box_w = 12, .box_h = 12, .ofs_x = 0, .ofs_y = -1},
    {.bitmap_index = 6834, .adv_w = 224, .box_w = 12, .box_h = 12, .ofs_x = 1, .ofs_y = -1},
    {.bitmap_index = 6852, .adv_w = 224, .box_w = 12, .box_h = 12, .ofs_x = 1, .ofs_y = -1},
    {.bitmap_index = 6870, .adv_w = 224, .box_w = 12, .box_h = 12, .ofs_x = 0, .ofs_y = -1},
    {.bitmap_index = 6888, .adv_w = 224, .box_w = 12, .box_h = 12, .ofs_x = 1, .ofs_y = -1},
    {.bitmap_index = 6906, .adv_w = 224, .box_w = 12, .box_h = 13, .ofs_x = 0, .ofs_y = -1},
    {.bitmap_index = 6926, .adv_w = 224, .box_w = 12, .box_h = 12, .ofs_x = 0, .ofs_y = -1},
    {.bitmap_index = 6944, .adv_w = 224, .box_w = 13, .box_h = 12, .ofs_x = 0, .ofs_y = -1},
    {.bitmap_index = 6964, .adv_w = 224, .box_w = 11, .box_h = 12, .ofs_x = 1, .ofs_y = -1},
    {.bitmap_index = 6981, .adv_w = 224, .box_w = 12, .box_h = 12, .ofs_x = 1, .ofs_y = -1},
    {.bitmap_index = 6999, .adv_w = 224, .box_w = 11, .box_h = 12, .ofs_x = 1, .ofs_y = -1},
    {.bitmap_index = 7016, .adv_w = 224, .box_w = 12, .box_h = 12, .ofs_x = 0, .ofs_y = -1},
    {.bitmap_index = 7034, .adv_w = 224, .box_w = 12, .box_h = 12, .ofs_x = 1, .ofs_y = -1},
    {.bitmap_index = 7052, .adv_w = 224, .box_w = 12, .box_h = 12, .ofs_x = 1, .ofs_y = -1},
    {.bitmap_index = 7070, .adv_w = 224, .box_w = 12, .box_h = 13, .ofs_x = 1, .ofs_y = -2},
    {.bitmap_index = 7090, .adv_w = 224, .box_w = 11, .box_h = 12, .ofs_x = 1, .ofs_y = -1},
    {.bitmap_index = 7107, .adv_w = 224, .box_w = 11, .box_h = 12, .ofs_x = 1, .ofs_y = -1},
    {.bitmap_index = 7124, .adv_w = 224, .box_w = 12, .box_h = 12, .ofs_x = 1, .ofs_y = -1},
    {.bitmap_index = 7142, .adv_w = 224, .box_w = 13, .box_h = 14, .ofs_x = 0, .ofs_y = -2},
    {.bitmap_index = 7165, .adv_w = 224, .box_w = 12, .box_h = 12, .ofs_x = 0, .ofs_y = -1},
    {.bitmap_index = 7183, .adv_w = 224, .box_w = 12, .box_h = 12, .ofs_x = 1, .ofs_y = -1},
    {.bitmap_index = 7201, .adv_w = 224, .box_w = 12, .box_h = 12, .ofs_x = 1, .ofs_y = -1},
    {.bitmap_index = 7219, .adv_w = 224, .box_w = 11, .box_h = 12, .ofs_x = 1, .ofs_y = -1},
    {.bitmap_index = 7236, .adv_w = 224, .box_w = 12, .box_h = 12, .ofs_x = 0, .ofs_y = -1},
    {.bitmap_index = 7254, .adv_w = 224, .box_w = 13, .box_h = 12, .ofs_x = 0, .ofs_y = -1},
    {.bitmap_index = 7274, .adv_w = 224, .box_w = 13, .box_h = 12, .ofs_x = 1, .ofs_y = -1},
    {.bitmap_index = 7294, .adv_w = 224, .box_w = 12, .box_h = 12, .ofs_x = 1, .ofs_y = -1},
    {.bitmap_index = 7312, .adv_w = 224, .box_w = 11, .box_h = 13, .ofs_x = 1, .ofs_y = -2},
    {.bitmap_index = 7330, .adv_w = 224, .box_w = 12, .box_h = 14, .ofs_x = 1, .ofs_y = -2},
    {.bitmap_index = 7351, .adv_w = 224, .box_w = 12, .box_h = 12, .ofs_x = 1, .ofs_y = -1},
    {.bitmap_index = 7369, .adv_w = 224, .box_w = 12, .box_h = 13, .ofs_x = 1, .ofs_y = -2},
    {.bitmap_index = 7389, .adv_w = 224, .box_w = 12, .box_h = 12, .ofs_x = 1, .ofs_y = -1},
    {.bitmap_index = 7407, .adv_w = 224, .box_w = 13, .box_h = 12, .ofs_x = 0, .ofs_y = -1},
    {.bitmap_index = 7427, .adv_w = 224, .box_w = 13, .box_h = 12, .ofs_x = 0, .ofs_y = -1},
    {.bitmap_index = 7447, .adv_w = 224, .box_w = 12, .box_h = 12, .ofs_x = 1, .ofs_y = -1},
    {.bitmap_index = 7465, .adv_w = 224, .box_w = 11, .box_h = 12, .ofs_x = 1, .ofs_y = -1},
    {.bitmap_index = 7482, .adv_w = 224, .box_w = 12, .box_h = 12, .ofs_x = 1, .ofs_y = -1},
    {.bitmap_index = 7500, .adv_w = 224, .box_w = 13, .box_h = 12, .ofs_x = 1, .ofs_y = -1},
    {.bitmap_index = 7520, .adv_w = 224, .box_w = 13, .box_h = 12, .ofs_x = 1, .ofs_y = -1},
    {.bitmap_index = 7540, .adv_w = 224, .box_w = 13, .box_h = 12, .ofs_x = 1, .ofs_y = -1},
    {.bitmap_index = 7560, .adv_w = 224, .box_w = 13, .box_h = 13, .ofs_x = 0, .ofs_y = -2},
    {.bitmap_index = 7582, .adv_w = 224, .box_w = 13, .box_h = 12, .ofs_x = 1, .ofs_y = -1},
    {.bitmap_index = 7602, .adv_w = 224, .box_w = 11, .box_h = 12, .ofs_x = 1, .ofs_y = -1},
    {.bitmap_index = 7619, .adv_w = 224, .box_w = 12, .box_h = 12, .ofs_x = 0, .ofs_y = -1},
    {.bitmap_index = 7637, .adv_w = 224, .box_w = 12, .box_h = 12, .ofs_x = 1, .ofs_y = -1},
    {.bitmap_index = 7655, .adv_w = 224, .box_w = 11, .box_h = 12, .ofs_x = 1, .ofs_y = -1},
    {.bitmap_index = 7672, .adv_w = 224, .box_w = 13, .box_h = 12, .ofs_x = 1, .ofs_y = -1},
    {.bitmap_index = 7692, .adv_w = 224, .box_w = 12, .box_h = 12, .ofs_x = 1, .ofs_y = -1},
    {.bitmap_index = 7710, .adv_w = 224, .box_w = 12, .box_h = 12, .ofs_x = 0, .ofs_y = -1},
    {.bitmap_index = 7728, .adv_w = 224, .box_w = 9, .box_h = 12, .ofs_x = 3, .ofs_y = -1},
    {.bitmap_index = 7742, .adv_w = 224, .box_w = 13, .box_h = 12, .ofs_x = 0, .ofs_y = -1},
    {.bitmap_index = 7762, .adv_w = 224, .box_w = 12, .box_h = 12, .ofs_x = 1, .ofs_y = -1},
    {.bitmap_index = 7780, .adv_w = 224, .box_w = 14, .box_h = 12, .ofs_x = 0, .ofs_y = -1},
    {.bitmap_index = 7801, .adv_w = 224, .box_w = 11, .box_h = 12, .ofs_x = 2, .ofs_y = -1},
    {.bitmap_index = 7818, .adv_w = 224, .box_w = 12, .box_h = 12, .ofs_x = 2, .ofs_y = -1},
    {.bitmap_index = 7836, .adv_w = 224, .box_w = 12, .box_h = 12, .ofs_x = 1, .ofs_y = -1},
    {.bitmap_index = 7854, .adv_w = 224, .box_w = 11, .box_h = 10, .ofs_x = 2, .ofs_y = 0},
    {.bitmap_index = 7868, .adv_w = 224, .box_w = 12, .box_h = 11, .ofs_x = 1, .ofs_y = -1},
    {.bitmap_index = 7885, .adv_w = 224, .box_w = 11, .box_h = 12, .ofs_x = 2, .ofs_y = -1},
    {.bitmap_index = 7902, .adv_w = 224, .box_w = 11, .box_h = 12, .ofs_x = 2, .ofs_y = -1},
    {.bitmap_index = 7919, .adv_w = 224, .box_w = 11, .box_h = 12, .ofs_x = 2, .ofs_y = -1},
    {.bitmap_index = 7936, .adv_w = 224, .box_w = 12, .box_h = 12, .ofs_x = 1, .ofs_y = -1},
    {.bitmap_index = 7954, .adv_w = 224, .box_w = 13, .box_h = 12, .ofs_x = 0, .ofs_y = -1},
    {.bitmap_index = 7974, .adv_w = 224, .box_w = 12, .box_h = 12, .ofs_x = 1, .ofs_y = -1},
    {.bitmap_index = 7992, .adv_w = 224, .box_w = 12, .box_h = 12, .ofs_x = 1, .ofs_y = -1},
    {.bitmap_index = 8010, .adv_w = 224, .box_w = 13, .box_h = 12, .ofs_x = 1, .ofs_y = -1},
    {.bitmap_index = 8030, .adv_w = 224, .box_w = 13, .box_h = 12, .ofs_x = 0, .ofs_y = -1},
    {.bitmap_index = 8050, .adv_w = 224, .box_w = 14, .box_h = 12, .ofs_x = 0, .ofs_y = -1},
    {.bitmap_index = 8071, .adv_w = 224, .box_w = 13, .box_h = 13, .ofs_x = 1, .ofs_y = -1},
    {.bitmap_index = 8093, .adv_w = 224, .box_w = 13, .box_h = 13, .ofs_x = 0, .ofs_y = -1},
    {.bitmap_index = 8115, .adv_w = 224, .box_w = 13, .box_h = 12, .ofs_x = 0, .ofs_y = -1},
    {.bitmap_index = 8135, .adv_w = 224, .box_w = 12, .box_h = 12, .ofs_x = 2, .ofs_y = -1},
    {.bitmap_index = 8153, .adv_w = 224, .box_w = 12, .box_h = 12, .ofs_x = 1, .ofs_y = -1},
    {.bitmap_index = 8171, .adv_w = 224, .box_w = 12, .box_h = 12, .ofs_x = 1, .ofs_y = -1},
    {.bitmap_index = 8189, .adv_w = 224, .box_w = 12, .box_h = 12, .ofs_x = 1, .ofs_y = -1},
    {.bitmap_index = 8207, .adv_w = 224, .box_w = 7, .box_h = 12, .ofs_x = 5, .ofs_y = -1},
    {.bitmap_index = 8218, .adv_w = 224, .box_w = 11, .box_h = 12, .ofs_x = 2, .ofs_y = -1},
    {.bitmap_index = 8235, .adv_w = 224, .box_w = 12, .box_h = 12, .ofs_x = 1, .ofs_y = -1},
    {.bitmap_index = 8253, .adv_w = 224, .box_w = 12, .box_h = 12, .ofs_x = 1, .ofs_y = -1},
    {.bitmap_index = 8271, .adv_w = 224, .box_w = 11, .box_h = 12, .ofs_x = 2, .ofs_y = -1},
    {.bitmap_index = 8288, .adv_w = 224, .box_w = 12, .box_h = 12, .ofs_x = 1, .ofs_y = -1},
    {.bitmap_index = 8306, .adv_w = 224, .box_w = 12, .box_h = 12, .ofs_x = 2, .ofs_y = -1},
    {.bitmap_index = 8324, .adv_w = 224, .box_w = 12, .box_h = 10, .ofs_x = 1, .ofs_y = 0},
    {.bitmap_index = 8339, .adv_w = 224, .box_w = 11, .box_h = 13, .ofs_x = 1, .ofs_y = -1},
    {.bitmap_index = 8357, .adv_w = 224, .box_w = 13, .box_h = 13, .ofs_x = 0, .ofs_y = -1},
    {.bitmap_index = 8379, .adv_w = 224, .box_w = 11, .box_h = 12, .ofs_x = 1, .ofs_y = -1},
    {.bitmap_index = 8396, .adv_w = 224, .box_w = 12, .box_h = 12, .ofs_x = 1, .ofs_y = -1},
    {.bitmap_index = 8414, .adv_w = 224, .box_w = 12, .box_h = 12, .ofs_x = 1, .ofs_y = -1},
    {.bitmap_index = 8432, .adv_w = 224, .box_w = 14, .box_h = 12, .ofs_x = 0, .ofs_y = -1},
    {.bitmap_index = 8453, .adv_w = 224, .box_w = 12, .box_h = 13, .ofs_x = 0, .ofs_y = -1},
    {.bitmap_index = 8473, .adv_w = 224, .box_w = 12, .box_h = 13, .ofs_x = 0, .ofs_y = -1},
    {.bitmap_index = 8493, .adv_w = 224, .box_w = 12, .box_h = 12, .ofs_x = 0, .ofs_y = -1},
    {.bitmap_index = 8511, .adv_w = 224, .box_w = 12, .box_h = 12, .ofs_x = 0, .ofs_y = -1},
    {.bitmap_index = 8529, .adv_w = 224, .box_w = 13, .box_h = 12, .ofs_x = 0, .ofs_y = -1},
    {.bitmap_index = 8549, .adv_w = 224, .box_w = 12, .box_h = 12, .ofs_x = 0, .ofs_y = -1},
    {.bitmap_index = 8567, .adv_w = 224, .box_w = 13, .box_h = 11, .ofs_x = 0, .ofs_y = -1},
    {.bitmap_index = 8585, .adv_w = 224, .box_w = 13, .box_h = 12, .ofs_x = 0, .ofs_y = -2},
    {.bitmap_index = 8605, .adv_w = 224, .box_w = 12, .box_h = 12, .ofs_x = 1, .ofs_y = -1},
    {.bitmap_index = 8623, .adv_w = 224, .box_w = 13, .box_h = 13, .ofs_x = 0, .ofs_y = -2},
    {.bitmap_index = 8645, .adv_w = 224, .box_w = 12, .box_h = 12, .ofs_x = 1, .ofs_y = -1},
    {.bitmap_index = 8663, .adv_w = 224, .box_w = 13, .box_h = 12, .ofs_x = 0, .ofs_y = -1},
    {.bitmap_index = 8683, .adv_w = 224, .box_w = 12, .box_h = 12, .ofs_x = 1, .ofs_y = -1},
    {.bitmap_index = 8701, .adv_w = 224, .box_w = 12, .box_h = 13, .ofs_x = 1, .ofs_y = -2},
    {.bitmap_index = 8721, .adv_w = 224, .box_w = 12, .box_h = 12, .ofs_x = 1, .ofs_y = -1},
    {.bitmap_index = 8739, .adv_w = 224, .box_w = 13, .box_h = 12, .ofs_x = 0, .ofs_y = -1},
    {.bitmap_index = 8759, .adv_w = 224, .box_w = 12, .box_h = 12, .ofs_x = 1, .ofs_y = -1},
    {.bitmap_index = 8777, .adv_w = 224, .box_w = 13, .box_h = 13, .ofs_x = 1, .ofs_y = -1},
    {.bitmap_index = 8799, .adv_w = 224, .box_w = 12, .box_h = 11, .ofs_x = 1, .ofs_y = -1},
    {.bitmap_index = 8816, .adv_w = 224, .box_w = 12, .box_h = 12, .ofs_x = 1, .ofs_y = -1},
    {.bitmap_index = 8834, .adv_w = 224, .box_w = 13, .box_h = 12, .ofs_x = 0, .ofs_y = -1},
    {.bitmap_index = 8854, .adv_w = 224, .box_w = 13, .box_h = 13, .ofs_x = 0, .ofs_y = -2},
    {.bitmap_index = 8876, .adv_w = 224, .box_w = 13, .box_h = 11, .ofs_x = 0, .ofs_y = -1},
    {.bitmap_index = 8894, .adv_w = 224, .box_w = 12, .box_h = 12, .ofs_x = 1, .ofs_y = -1},
    {.bitmap_index = 8912, .adv_w = 224, .box_w = 13, .box_h = 12, .ofs_x = 0, .ofs_y = -1},
    {.bitmap_index = 8932, .adv_w = 224, .box_w = 13, .box_h = 12, .ofs_x = 1, .ofs_y = -1},
    {.bitmap_index = 8952, .adv_w = 224, .box_w = 12, .box_h = 12, .ofs_x = 1, .ofs_y = -1},
    {.bitmap_index = 8970, .adv_w = 224, .box_w = 11, .box_h = 12, .ofs_x = 1, .ofs_y = -1},
    {.bitmap_index = 8987, .adv_w = 224, .box_w = 12, .box_h = 14, .ofs_x = 1, .ofs_y = -2},
    {.bitmap_index = 9008, .adv_w = 224, .box_w = 13, .box_h = 12, .ofs_x = 0, .ofs_y = -1},
    {.bitmap_index = 9028, .adv_w = 224, .box_w = 14, .box_h = 13, .ofs_x = 0, .ofs_y = -2},
    {.bitmap_index = 9051, .adv_w = 224, .box_w = 12, .box_h = 12, .ofs_x = 1, .ofs_y = -1},
    {.bitmap_index = 9069, .adv_w = 224, .box_w = 9, .box_h = 10, .ofs_x = 2, .ofs_y = 0},
    {.bitmap_index = 9081, .adv_w = 224, .box_w = 13, .box_h = 12, .ofs_x = 1, .ofs_y = -1},
    {.bitmap_index = 9101, .adv_w = 224, .box_w = 12, .box_h = 13, .ofs_x = 0, .ofs_y = -2},
    {.bitmap_index = 9121, .adv_w = 224, .box_w = 11, .box_h = 12, .ofs_x = 1, .ofs_y = -1},
    {.bitmap_index = 9138, .adv_w = 224, .box_w = 11, .box_h = 11, .ofs_x = 1, .ofs_y = -1},
    {.bitmap_index = 9154, .adv_w = 224, .box_w = 12, .box_h = 11, .ofs_x = 1, .ofs_y = -1},
    {.bitmap_index = 9171, .adv_w = 224, .box_w = 10, .box_h = 12, .ofs_x = 2, .ofs_y = -1},
    {.bitmap_index = 9186, .adv_w = 224, .box_w = 11, .box_h = 11, .ofs_x = 1, .ofs_y = -1},
    {.bitmap_index = 9202, .adv_w = 224, .box_w = 13, .box_h = 12, .ofs_x = 1, .ofs_y = -1},
    {.bitmap_index = 9222, .adv_w = 224, .box_w = 13, .box_h = 11, .ofs_x = 1, .ofs_y = -1},
    {.bitmap_index = 9240, .adv_w = 224, .box_w = 13, .box_h = 11, .ofs_x = 1, .ofs_y = -1},
    {.bitmap_index = 9258, .adv_w = 224, .box_w = 11, .box_h = 13, .ofs_x = 2, .ofs_y = -1},
    {.bitmap_index = 9276, .adv_w = 224, .box_w = 13, .box_h = 13, .ofs_x = 0, .ofs_y = -2},
    {.bitmap_index = 9298, .adv_w = 224, .box_w = 14, .box_h = 13, .ofs_x = 0, .ofs_y = -1},
    {.bitmap_index = 9321, .adv_w = 224, .box_w = 12, .box_h = 12, .ofs_x = 1, .ofs_y = -1},
    {.bitmap_index = 9339, .adv_w = 224, .box_w = 12, .box_h = 12, .ofs_x = 1, .ofs_y = -1},
    {.bitmap_index = 9357, .adv_w = 224, .box_w = 11, .box_h = 12, .ofs_x = 1, .ofs_y = -1},
    {.bitmap_index = 9374, .adv_w = 224, .box_w = 12, .box_h = 11, .ofs_x = 1, .ofs_y = -1},
    {.bitmap_index = 9391, .adv_w = 224, .box_w = 11, .box_h = 12, .ofs_x = 1, .ofs_y = -1},
    {.bitmap_index = 9408, .adv_w = 224, .box_w = 13, .box_h = 12, .ofs_x = 1, .ofs_y = -1},
    {.bitmap_index = 9428, .adv_w = 224, .box_w = 12, .box_h = 12, .ofs_x = 1, .ofs_y = -1},
    {.bitmap_index = 9446, .adv_w = 224, .box_w = 12, .box_h = 12, .ofs_x = 1, .ofs_y = -1},
    {.bitmap_index = 9464, .adv_w = 224, .box_w = 13, .box_h = 13, .ofs_x = 0, .ofs_y = -1},
    {.bitmap_index = 9486, .adv_w = 224, .box_w = 12, .box_h = 12, .ofs_x = 1, .ofs_y = -1},
    {.bitmap_index = 9504, .adv_w = 224, .box_w = 13, .box_h = 12, .ofs_x = 1, .ofs_y = -1},
    {.bitmap_index = 9524, .adv_w = 224, .box_w = 13, .box_h = 12, .ofs_x = 1, .ofs_y = -1},
    {.bitmap_index = 9544, .adv_w = 224, .box_w = 10, .box_h = 12, .ofs_x = 2, .ofs_y = -1},
    {.bitmap_index = 9559, .adv_w = 224, .box_w = 11, .box_h = 12, .ofs_x = 2, .ofs_y = -1},
    {.bitmap_index = 9576, .adv_w = 224, .box_w = 12, .box_h = 13, .ofs_x = 0, .ofs_y = -1},
    {.bitmap_index = 9596, .adv_w = 224, .box_w = 13, .box_h = 12, .ofs_x = 1, .ofs_y = -1},
    {.bitmap_index = 9616, .adv_w = 224, .box_w = 12, .box_h = 13, .ofs_x = 1, .ofs_y = -2},
    {.bitmap_index = 9636, .adv_w = 224, .box_w = 12, .box_h = 12, .ofs_x = 1, .ofs_y = -1},
    {.bitmap_index = 9654, .adv_w = 224, .box_w = 10, .box_h = 12, .ofs_x = 2, .ofs_y = -1},
    {.bitmap_index = 9669, .adv_w = 224, .box_w = 12, .box_h = 11, .ofs_x = 1, .ofs_y = -1},
    {.bitmap_index = 9686, .adv_w = 224, .box_w = 10, .box_h = 12, .ofs_x = 2, .ofs_y = -1},
    {.bitmap_index = 9701, .adv_w = 224, .box_w = 12, .box_h = 12, .ofs_x = 1, .ofs_y = -1},
    {.bitmap_index = 9719, .adv_w = 224, .box_w = 13, .box_h = 12, .ofs_x = 0, .ofs_y = -1},
    {.bitmap_index = 9739, .adv_w = 224, .box_w = 13, .box_h = 12, .ofs_x = 0, .ofs_y = -1},
    {.bitmap_index = 9759, .adv_w = 224, .box_w = 14, .box_h = 12, .ofs_x = 0, .ofs_y = -1},
    {.bitmap_index = 9780, .adv_w = 224, .box_w = 12, .box_h = 13, .ofs_x = 1, .ofs_y = -1},
    {.bitmap_index = 9800, .adv_w = 224, .box_w = 12, .box_h = 14, .ofs_x = 1, .ofs_y = -2},
    {.bitmap_index = 9821, .adv_w = 224, .box_w = 14, .box_h = 11, .ofs_x = 0, .ofs_y = -1},
    {.bitmap_index = 9841, .adv_w = 224, .box_w = 12, .box_h = 12, .ofs_x = 1, .ofs_y = -1},
    {.bitmap_index = 9859, .adv_w = 224, .box_w = 12, .box_h = 12, .ofs_x = 1, .ofs_y = -1},
    {.bitmap_index = 9877, .adv_w = 224, .box_w = 12, .box_h = 12, .ofs_x = 1, .ofs_y = -1},
    {.bitmap_index = 9895, .adv_w = 224, .box_w = 12, .box_h = 12, .ofs_x = 1, .ofs_y = -1},
    {.bitmap_index = 9913, .adv_w = 224, .box_w = 12, .box_h = 12, .ofs_x = 1, .ofs_y = -1},
    {.bitmap_index = 9931, .adv_w = 224, .box_w = 12, .box_h = 12, .ofs_x = 1, .ofs_y = -1},
    {.bitmap_index = 9949, .adv_w = 224, .box_w = 12, .box_h = 12, .ofs_x = 1, .ofs_y = -1},
    {.bitmap_index = 9967, .adv_w = 224, .box_w = 12, .box_h = 13, .ofs_x = 0, .ofs_y = -1},
    {.bitmap_index = 9987, .adv_w = 224, .box_w = 12, .box_h = 12, .ofs_x = 1, .ofs_y = -1},
    {.bitmap_index = 10005, .adv_w = 224, .box_w = 12, .box_h = 12, .ofs_x = 1, .ofs_y = -1},
    {.bitmap_index = 10023, .adv_w = 224, .box_w = 12, .box_h = 12, .ofs_x = 1, .ofs_y = -1},
    {.bitmap_index = 10041, .adv_w = 224, .box_w = 12, .box_h = 12, .ofs_x = 1, .ofs_y = -1},
    {.bitmap_index = 10059, .adv_w = 224, .box_w = 12, .box_h = 13, .ofs_x = 1, .ofs_y = -1},
    {.bitmap_index = 10079, .adv_w = 224, .box_w = 11, .box_h = 13, .ofs_x = 1, .ofs_y = -2},
    {.bitmap_index = 10097, .adv_w = 224, .box_w = 13, .box_h = 12, .ofs_x = 1, .ofs_y = -1},
    {.bitmap_index = 10117, .adv_w = 224, .box_w = 12, .box_h = 12, .ofs_x = 1, .ofs_y = -1},
    {.bitmap_index = 10135, .adv_w = 224, .box_w = 13, .box_h = 12, .ofs_x = 1, .ofs_y = -1},
    {.bitmap_index = 10155, .adv_w = 224, .box_w = 12, .box_h = 12, .ofs_x = 2, .ofs_y = -1},
    {.bitmap_index = 10173, .adv_w = 224, .box_w = 12, .box_h = 12, .ofs_x = 1, .ofs_y = -1},
    {.bitmap_index = 10191, .adv_w = 224, .box_w = 11, .box_h = 12, .ofs_x = 1, .ofs_y = -1},
    {.bitmap_index = 10208, .adv_w = 224, .box_w = 12, .box_h = 12, .ofs_x = 1, .ofs_y = -1},
    {.bitmap_index = 10226, .adv_w = 224, .box_w = 13, .box_h = 12, .ofs_x = 1, .ofs_y = -1},
    {.bitmap_index = 10246, .adv_w = 224, .box_w = 12, .box_h = 14, .ofs_x = 1, .ofs_y = -2},
    {.bitmap_index = 10267, .adv_w = 224, .box_w = 11, .box_h = 12, .ofs_x = 1, .ofs_y = -1},
    {.bitmap_index = 10284, .adv_w = 224, .box_w = 12, .box_h = 12, .ofs_x = 1, .ofs_y = -1},
    {.bitmap_index = 10302, .adv_w = 224, .box_w = 12, .box_h = 12, .ofs_x = 0, .ofs_y = -1},
    {.bitmap_index = 10320, .adv_w = 224, .box_w = 12, .box_h = 12, .ofs_x = 1, .ofs_y = -1},
    {.bitmap_index = 10338, .adv_w = 224, .box_w = 13, .box_h = 11, .ofs_x = 1, .ofs_y = -1},
    {.bitmap_index = 10356, .adv_w = 224, .box_w = 11, .box_h = 12, .ofs_x = 1, .ofs_y = -1},
    {.bitmap_index = 10373, .adv_w = 224, .box_w = 12, .box_h = 12, .ofs_x = 1, .ofs_y = -1},
    {.bitmap_index = 10391, .adv_w = 224, .box_w = 14, .box_h = 12, .ofs_x = 0, .ofs_y = -1},
    {.bitmap_index = 10412, .adv_w = 224, .box_w = 12, .box_h = 12, .ofs_x = 1, .ofs_y = -1},
    {.bitmap_index = 10430, .adv_w = 224, .box_w = 12, .box_h = 12, .ofs_x = 1, .ofs_y = -1},
    {.bitmap_index = 10448, .adv_w = 224, .box_w = 12, .box_h = 13, .ofs_x = 1, .ofs_y = -1},
    {.bitmap_index = 10468, .adv_w = 224, .box_w = 12, .box_h = 12, .ofs_x = 1, .ofs_y = -1},
    {.bitmap_index = 10486, .adv_w = 224, .box_w = 12, .box_h = 12, .ofs_x = 1, .ofs_y = -1},
    {.bitmap_index = 10504, .adv_w = 224, .box_w = 11, .box_h = 12, .ofs_x = 1, .ofs_y = -1},
    {.bitmap_index = 10521, .adv_w = 224, .box_w = 12, .box_h = 12, .ofs_x = 1, .ofs_y = -1},
    {.bitmap_index = 10539, .adv_w = 224, .box_w = 12, .box_h = 12, .ofs_x = 1, .ofs_y = -1},
    {.bitmap_index = 10557, .adv_w = 224, .box_w = 12, .box_h = 12, .ofs_x = 1, .ofs_y = -1},
    {.bitmap_index = 10575, .adv_w = 224, .box_w = 12, .box_h = 13, .ofs_x = 1, .ofs_y = -1},
    {.bitmap_index = 10595, .adv_w = 224, .box_w = 12, .box_h = 12, .ofs_x = 1, .ofs_y = -1},
    {.bitmap_index = 10613, .adv_w = 224, .box_w = 13, .box_h = 13, .ofs_x = 1, .ofs_y = -2},
    {.bitmap_index = 10635, .adv_w = 224, .box_w = 11, .box_h = 12, .ofs_x = 1, .ofs_y = -1},
    {.bitmap_index = 10652, .adv_w = 224, .box_w = 13, .box_h = 13, .ofs_x = 1, .ofs_y = -2},
    {.bitmap_index = 10674, .adv_w = 224, .box_w = 13, .box_h = 12, .ofs_x = 0, .ofs_y = -1},
    {.bitmap_index = 10694, .adv_w = 224, .box_w = 11, .box_h = 12, .ofs_x = 1, .ofs_y = -1},
    {.bitmap_index = 10711, .adv_w = 224, .box_w = 13, .box_h = 14, .ofs_x = 0, .ofs_y = -2},
    {.bitmap_index = 10734, .adv_w = 224, .box_w = 11, .box_h = 12, .ofs_x = 1, .ofs_y = -1},
    {.bitmap_index = 10751, .adv_w = 224, .box_w = 12, .box_h = 12, .ofs_x = 1, .ofs_y = -1},
    {.bitmap_index = 10769, .adv_w = 224, .box_w = 12, .box_h = 13, .ofs_x = 1, .ofs_y = -1},
    {.bitmap_index = 10789, .adv_w = 224, .box_w = 13, .box_h = 13, .ofs_x = 1, .ofs_y = -1},
    {.bitmap_index = 10811, .adv_w = 224, .box_w = 12, .box_h = 12, .ofs_x = 1, .ofs_y = -1},
    {.bitmap_index = 10829, .adv_w = 224, .box_w = 12, .box_h = 13, .ofs_x = 1, .ofs_y = -2},
    {.bitmap_index = 10849, .adv_w = 224, .box_w = 12, .box_h = 12, .ofs_x = 1, .ofs_y = -1},
    {.bitmap_index = 10867, .adv_w = 224, .box_w = 12, .box_h = 12, .ofs_x = 1, .ofs_y = -1},
    {.bitmap_index = 10885, .adv_w = 224, .box_w = 12, .box_h = 13, .ofs_x = 1, .ofs_y = -2},
    {.bitmap_index = 10905, .adv_w = 224, .box_w = 12, .box_h = 12, .ofs_x = 0, .ofs_y = -1},
    {.bitmap_index = 10923, .adv_w = 224, .box_w = 12, .box_h = 12, .ofs_x = 1, .ofs_y = -1},
    {.bitmap_index = 10941, .adv_w = 224, .box_w = 12, .box_h = 12, .ofs_x = 1, .ofs_y = -1},
    {.bitmap_index = 10959, .adv_w = 224, .box_w = 13, .box_h = 12, .ofs_x = 1, .ofs_y = -1},
    {.bitmap_index = 10979, .adv_w = 224, .box_w = 13, .box_h = 12, .ofs_x = 0, .ofs_y = -1},
    {.bitmap_index = 10999, .adv_w = 224, .box_w = 12, .box_h = 12, .ofs_x = 1, .ofs_y = -1},
    {.bitmap_index = 11017, .adv_w = 224, .box_w = 12, .box_h = 12, .ofs_x = 1, .ofs_y = -1},
    {.bitmap_index = 11035, .adv_w = 224, .box_w = 13, .box_h = 12, .ofs_x = 1, .ofs_y = -1},
    {.bitmap_index = 11055, .adv_w = 224, .box_w = 12, .box_h = 13, .ofs_x = 1, .ofs_y = -2},
    {.bitmap_index = 11075, .adv_w = 224, .box_w = 12, .box_h = 12, .ofs_x = 1, .ofs_y = -1},
    {.bitmap_index = 11093, .adv_w = 224, .box_w = 13, .box_h = 12, .ofs_x = 1, .ofs_y = -1},
    {.bitmap_index = 11113, .adv_w = 224, .box_w = 12, .box_h = 12, .ofs_x = 1, .ofs_y = -1},
    {.bitmap_index = 11131, .adv_w = 224, .box_w = 12, .box_h = 12, .ofs_x = 1, .ofs_y = -1},
    {.bitmap_index = 11149, .adv_w = 224, .box_w = 14, .box_h = 13, .ofs_x = 0, .ofs_y = -1},
    {.bitmap_index = 11172, .adv_w = 224, .box_w = 12, .box_h = 12, .ofs_x = 1, .ofs_y = -1},
    {.bitmap_index = 11190, .adv_w = 224, .box_w = 12, .box_h = 14, .ofs_x = 1, .ofs_y = -2},
    {.bitmap_index = 11211, .adv_w = 224, .box_w = 12, .box_h = 12, .ofs_x = 1, .ofs_y = -1},
    {.bitmap_index = 11229, .adv_w = 224, .box_w = 12, .box_h = 12, .ofs_x = 1, .ofs_y = -1},
    {.bitmap_index = 11247, .adv_w = 224, .box_w = 11, .box_h = 12, .ofs_x = 1, .ofs_y = -1},
    {.bitmap_index = 11264, .adv_w = 224, .box_w = 12, .box_h = 12, .ofs_x = 1, .ofs_y = -1},
    {.bitmap_index = 11282, .adv_w = 224, .box_w = 12, .box_h = 12, .ofs_x = 1, .ofs_y = -1},
    {.bitmap_index = 11300, .adv_w = 224, .box_w = 13, .box_h = 12, .ofs_x = 1, .ofs_y = -1},
    {.bitmap_index = 11320, .adv_w = 224, .box_w = 13, .box_h = 12, .ofs_x = 1, .ofs_y = -1},
    {.bitmap_index = 11340, .adv_w = 224, .box_w = 13, .box_h = 13, .ofs_x = 1, .ofs_y = -2},
    {.bitmap_index = 11362, .adv_w = 224, .box_w = 12, .box_h = 12, .ofs_x = 1, .ofs_y = -1},
    {.bitmap_index = 11380, .adv_w = 224, .box_w = 12, .box_h = 12, .ofs_x = 1, .ofs_y = -1},
    {.bitmap_index = 11398, .adv_w = 224, .box_w = 12, .box_h = 12, .ofs_x = 1, .ofs_y = -1},
    {.bitmap_index = 11416, .adv_w = 224, .box_w = 12, .box_h = 13, .ofs_x = 1, .ofs_y = -1},
    {.bitmap_index = 11436, .adv_w = 224, .box_w = 12, .box_h = 12, .ofs_x = 1, .ofs_y = -1},
    {.bitmap_index = 11454, .adv_w = 224, .box_w = 12, .box_h = 13, .ofs_x = 1, .ofs_y = -2},
    {.bitmap_index = 11474, .adv_w = 224, .box_w = 12, .box_h = 12, .ofs_x = 1, .ofs_y = -1},
    {.bitmap_index = 11492, .adv_w = 224, .box_w = 12, .box_h = 12, .ofs_x = 1, .ofs_y = -1},
    {.bitmap_index = 11510, .adv_w = 224, .box_w = 12, .box_h = 12, .ofs_x = 1, .ofs_y = -1},
    {.bitmap_index = 11528, .adv_w = 224, .box_w = 13, .box_h = 13, .ofs_x = 1, .ofs_y = -1},
    {.bitmap_index = 11550, .adv_w = 224, .box_w = 12, .box_h = 12, .ofs_x = 1, .ofs_y = -1},
    {.bitmap_index = 11568, .adv_w = 224, .box_w = 12, .box_h = 12, .ofs_x = 1, .ofs_y = -1},
    {.bitmap_index = 11586, .adv_w = 224, .box_w = 13, .box_h = 12, .ofs_x = 1, .ofs_y = -1},
    {.bitmap_index = 11606, .adv_w = 224, .box_w = 12, .box_h = 12, .ofs_x = 1, .ofs_y = -1},
    {.bitmap_index = 11624, .adv_w = 224, .box_w = 13, .box_h = 12, .ofs_x = 0, .ofs_y = -1},
    {.bitmap_index = 11644, .adv_w = 224, .box_w = 12, .box_h = 12, .ofs_x = 1, .ofs_y = -1},
    {.bitmap_index = 11662, .adv_w = 224, .box_w = 12, .box_h = 12, .ofs_x = 1, .ofs_y = -1},
    {.bitmap_index = 11680, .adv_w = 224, .box_w = 12, .box_h = 12, .ofs_x = 1, .ofs_y = -1},
    {.bitmap_index = 11698, .adv_w = 224, .box_w = 12, .box_h = 13, .ofs_x = 1, .ofs_y = -2},
    {.bitmap_index = 11718, .adv_w = 224, .box_w = 12, .box_h = 13, .ofs_x = 1, .ofs_y = -1},
    {.bitmap_index = 11738, .adv_w = 224, .box_w = 12, .box_h = 12, .ofs_x = 1, .ofs_y = -1},
    {.bitmap_index = 11756, .adv_w = 224, .box_w = 12, .box_h = 12, .ofs_x = 1, .ofs_y = -1},
    {.bitmap_index = 11774, .adv_w = 224, .box_w = 12, .box_h = 12, .ofs_x = 1, .ofs_y = -1},
    {.bitmap_index = 11792, .adv_w = 224, .box_w = 12, .box_h = 12, .ofs_x = 1, .ofs_y = -1},
    {.bitmap_index = 11810, .adv_w = 224, .box_w = 12, .box_h = 13, .ofs_x = 1, .ofs_y = -2},
    {.bitmap_index = 11830, .adv_w = 224, .box_w = 13, .box_h = 12, .ofs_x = 1, .ofs_y = -1},
    {.bitmap_index = 11850, .adv_w = 224, .box_w = 12, .box_h = 12, .ofs_x = 1, .ofs_y = -1},
    {.bitmap_index = 11868, .adv_w = 224, .box_w = 12, .box_h = 12, .ofs_x = 1, .ofs_y = -1},
    {.bitmap_index = 11886, .adv_w = 224, .box_w = 12, .box_h = 12, .ofs_x = 1, .ofs_y = -1},
    {.bitmap_index = 11904, .adv_w = 224, .box_w = 12, .box_h = 12, .ofs_x = 1, .ofs_y = -1},
    {.bitmap_index = 11922, .adv_w = 224, .box_w = 12, .box_h = 12, .ofs_x = 1, .ofs_y = -1},
    {.bitmap_index = 11940, .adv_w = 224, .box_w = 12, .box_h = 12, .ofs_x = 1, .ofs_y = -1},
    {.bitmap_index = 11958, .adv_w = 224, .box_w = 12, .box_h = 12, .ofs_x = 1, .ofs_y = -1},
    {.bitmap_index = 11976, .adv_w = 224, .box_w = 12, .box_h = 12, .ofs_x = 1, .ofs_y = -1},
    {.bitmap_index = 11994, .adv_w = 224, .box_w = 13, .box_h = 13, .ofs_x = 1, .ofs_y = -1},
    {.bitmap_index = 12016, .adv_w = 224, .box_w = 12, .box_h = 12, .ofs_x = 1, .ofs_y = -1},
    {.bitmap_index = 12034, .adv_w = 224, .box_w = 13, .box_h = 12, .ofs_x = 0, .ofs_y = -1},
    {.bitmap_index = 12054, .adv_w = 224, .box_w = 13, .box_h = 12, .ofs_x = 0, .ofs_y = -1},
    {.bitmap_index = 12074, .adv_w = 224, .box_w = 13, .box_h = 12, .ofs_x = 1, .ofs_y = -1},
    {.bitmap_index = 12094, .adv_w = 224, .box_w = 13, .box_h = 12, .ofs_x = 1, .ofs_y = -1},
    {.bitmap_index = 12114, .adv_w = 224, .box_w = 13, .box_h = 12, .ofs_x = 1, .ofs_y = -1},
    {.bitmap_index = 12134, .adv_w = 224, .box_w = 12, .box_h = 13, .ofs_x = 1, .ofs_y = -2},
    {.bitmap_index = 12154, .adv_w = 224, .box_w = 12, .box_h = 13, .ofs_x = 1, .ofs_y = -1},
    {.bitmap_index = 12174, .adv_w = 224, .box_w = 12, .box_h = 13, .ofs_x = 1, .ofs_y = -2},
    {.bitmap_index = 12194, .adv_w = 224, .box_w = 10, .box_h = 12, .ofs_x = 2, .ofs_y = -1},
    {.bitmap_index = 12209, .adv_w = 224, .box_w = 10, .box_h = 10, .ofs_x = 2, .ofs_y = 0},
    {.bitmap_index = 12222, .adv_w = 224, .box_w = 10, .box_h = 11, .ofs_x = 2, .ofs_y = -1},
    {.bitmap_index = 12236, .adv_w = 224, .box_w = 11, .box_h = 12, .ofs_x = 2, .ofs_y = -1},
    {.bitmap_index = 12253, .adv_w = 224, .box_w = 11, .box_h = 12, .ofs_x = 2, .ofs_y = -1},
    {.bitmap_index = 12270, .adv_w = 224, .box_w = 11, .box_h = 12, .ofs_x = 2, .ofs_y = -1},
    {.bitmap_index = 12287, .adv_w = 224, .box_w = 11, .box_h = 12, .ofs_x = 1, .ofs_y = -1},
    {.bitmap_index = 12304, .adv_w = 224, .box_w = 11, .box_h = 12, .ofs_x = 2, .ofs_y = -1},
    {.bitmap_index = 12321, .adv_w = 224, .box_w = 10, .box_h = 12, .ofs_x = 2, .ofs_y = -1},
    {.bitmap_index = 12336, .adv_w = 224, .box_w = 10, .box_h = 12, .ofs_x = 2, .ofs_y = -1},
    {.bitmap_index = 12351, .adv_w = 224, .box_w = 10, .box_h = 12, .ofs_x = 2, .ofs_y = -1},
    {.bitmap_index = 12366, .adv_w = 224, .box_w = 11, .box_h = 12, .ofs_x = 2, .ofs_y = -1},
    {.bitmap_index = 12383, .adv_w = 224, .box_w = 11, .box_h = 12, .ofs_x = 2, .ofs_y = -1},
    {.bitmap_index = 12400, .adv_w = 224, .box_w = 12, .box_h = 12, .ofs_x = 2, .ofs_y = -1},
    {.bitmap_index = 12418, .adv_w = 224, .box_w = 11, .box_h = 12, .ofs_x = 2, .ofs_y = -1},
    {.bitmap_index = 12435, .adv_w = 224, .box_w = 11, .box_h = 12, .ofs_x = 2, .ofs_y = -1},
    {.bitmap_index = 12452, .adv_w = 224, .box_w = 11, .box_h = 12, .ofs_x = 1, .ofs_y = -1},
    {.bitmap_index = 12469, .adv_w = 224, .box_w = 13, .box_h = 12, .ofs_x = 0, .ofs_y = -1},
    {.bitmap_index = 12489, .adv_w = 224, .box_w = 13, .box_h = 12, .ofs_x = 0, .ofs_y = -1},
    {.bitmap_index = 12509, .adv_w = 224, .box_w = 13, .box_h = 12, .ofs_x = 0, .ofs_y = -1},
    {.bitmap_index = 12529, .adv_w = 224, .box_w = 12, .box_h = 12, .ofs_x = 1, .ofs_y = -1},
    {.bitmap_index = 12547, .adv_w = 224, .box_w = 13, .box_h = 12, .ofs_x = 1, .ofs_y = -1},
    {.bitmap_index = 12567, .adv_w = 224, .box_w = 13, .box_h = 13, .ofs_x = 1, .ofs_y = -1},
    {.bitmap_index = 12589, .adv_w = 224, .box_w = 12, .box_h = 12, .ofs_x = 1, .ofs_y = -1},
    {.bitmap_index = 12607, .adv_w = 224, .box_w = 13, .box_h = 12, .ofs_x = 1, .ofs_y = -1},
    {.bitmap_index = 12627, .adv_w = 224, .box_w = 13, .box_h = 13, .ofs_x = 1, .ofs_y = -1},
    {.bitmap_index = 12649, .adv_w = 224, .box_w = 13, .box_h = 12, .ofs_x = 1, .ofs_y = -1},
    {.bitmap_index = 12669, .adv_w = 224, .box_w = 13, .box_h = 12, .ofs_x = 0, .ofs_y = -1},
    {.bitmap_index = 12689, .adv_w = 224, .box_w = 12, .box_h = 12, .ofs_x = 1, .ofs_y = -1},
    {.bitmap_index = 12707, .adv_w = 224, .box_w = 14, .box_h = 12, .ofs_x = 0, .ofs_y = -1},
    {.bitmap_index = 12728, .adv_w = 224, .box_w = 12, .box_h = 11, .ofs_x = 1, .ofs_y = -1},
    {.bitmap_index = 12745, .adv_w = 224, .box_w = 13, .box_h = 12, .ofs_x = 1, .ofs_y = -1},
    {.bitmap_index = 12765, .adv_w = 224, .box_w = 13, .box_h = 13, .ofs_x = 1, .ofs_y = -1},
    {.bitmap_index = 12787, .adv_w = 224, .box_w = 13, .box_h = 13, .ofs_x = 1, .ofs_y = -1},
    {.bitmap_index = 12809, .adv_w = 224, .box_w = 12, .box_h = 13, .ofs_x = 1, .ofs_y = -2},
    {.bitmap_index = 12829, .adv_w = 224, .box_w = 13, .box_h = 12, .ofs_x = 1, .ofs_y = -1},
    {.bitmap_index = 12849, .adv_w = 224, .box_w = 13, .box_h = 12, .ofs_x = 0, .ofs_y = -1},
    {.bitmap_index = 12869, .adv_w = 224, .box_w = 12, .box_h = 12, .ofs_x = 0, .ofs_y = -1},
    {.bitmap_index = 12887, .adv_w = 224, .box_w = 13, .box_h = 12, .ofs_x = 1, .ofs_y = -1},
    {.bitmap_index = 12907, .adv_w = 224, .box_w = 13, .box_h = 13, .ofs_x = 0, .ofs_y = -1},
    {.bitmap_index = 12929, .adv_w = 224, .box_w = 13, .box_h = 12, .ofs_x = 0, .ofs_y = -1},
    {.bitmap_index = 12949, .adv_w = 224, .box_w = 14, .box_h = 12, .ofs_x = 0, .ofs_y = -1},
    {.bitmap_index = 12970, .adv_w = 224, .box_w = 13, .box_h = 12, .ofs_x = 1, .ofs_y = -1},
    {.bitmap_index = 12990, .adv_w = 224, .box_w = 13, .box_h = 12, .ofs_x = 1, .ofs_y = -1},
    {.bitmap_index = 13010, .adv_w = 224, .box_w = 13, .box_h = 12, .ofs_x = 0, .ofs_y = -1},
    {.bitmap_index = 13030, .adv_w = 224, .box_w = 12, .box_h = 12, .ofs_x = 1, .ofs_y = -1},
    {.bitmap_index = 13048, .adv_w = 224, .box_w = 13, .box_h = 13, .ofs_x = 1, .ofs_y = -1},
    {.bitmap_index = 13070, .adv_w = 224, .box_w = 13, .box_h = 12, .ofs_x = 0, .ofs_y = -1},
    {.bitmap_index = 13090, .adv_w = 224, .box_w = 14, .box_h = 12, .ofs_x = 0, .ofs_y = -1},
    {.bitmap_index = 13111, .adv_w = 224, .box_w = 13, .box_h = 12, .ofs_x = 0, .ofs_y = -1},
    {.bitmap_index = 13131, .adv_w = 224, .box_w = 13, .box_h = 12, .ofs_x = 0, .ofs_y = -1},
    {.bitmap_index = 13151, .adv_w = 224, .box_w = 13, .box_h = 14, .ofs_x = 0, .ofs_y = -2},
    {.bitmap_index = 13174, .adv_w = 224, .box_w = 13, .box_h = 14, .ofs_x = 0, .ofs_y = -2},
    {.bitmap_index = 13197, .adv_w = 224, .box_w = 13, .box_h = 13, .ofs_x = 1, .ofs_y = -2},
    {.bitmap_index = 13219, .adv_w = 224, .box_w = 13, .box_h = 12, .ofs_x = 0, .ofs_y = -1},
    {.bitmap_index = 13239, .adv_w = 224, .box_w = 14, .box_h = 12, .ofs_x = 0, .ofs_y = -1},
    {.bitmap_index = 13260, .adv_w = 224, .box_w = 14, .box_h = 13, .ofs_x = 0, .ofs_y = -1},
    {.bitmap_index = 13283, .adv_w = 224, .box_w = 13, .box_h = 13, .ofs_x = 1, .ofs_y = -1},
    {.bitmap_index = 13305, .adv_w = 224, .box_w = 13, .box_h = 12, .ofs_x = 0, .ofs_y = -1},
    {.bitmap_index = 13325, .adv_w = 224, .box_w = 12, .box_h = 12, .ofs_x = 1, .ofs_y = -1},
    {.bitmap_index = 13343, .adv_w = 224, .box_w = 11, .box_h = 12, .ofs_x = 1, .ofs_y = -1},
    {.bitmap_index = 13360, .adv_w = 224, .box_w = 13, .box_h = 12, .ofs_x = 0, .ofs_y = -1},
    {.bitmap_index = 13380, .adv_w = 224, .box_w = 12, .box_h = 12, .ofs_x = 1, .ofs_y = -1},
    {.bitmap_index = 13398, .adv_w = 224, .box_w = 13, .box_h = 12, .ofs_x = 0, .ofs_y = -1},
    {.bitmap_index = 13418, .adv_w = 224, .box_w = 12, .box_h = 12, .ofs_x = 1, .ofs_y = -1},
    {.bitmap_index = 13436, .adv_w = 224, .box_w = 13, .box_h = 12, .ofs_x = 0, .ofs_y = -1},
    {.bitmap_index = 13456, .adv_w = 224, .box_w = 14, .box_h = 12, .ofs_x = 0, .ofs_y = -1},
    {.bitmap_index = 13477, .adv_w = 224, .box_w = 13, .box_h = 12, .ofs_x = 0, .ofs_y = -1},
    {.bitmap_index = 13497, .adv_w = 224, .box_w = 13, .box_h = 12, .ofs_x = 0, .ofs_y = -1},
    {.bitmap_index = 13517, .adv_w = 224, .box_w = 12, .box_h = 12, .ofs_x = 1, .ofs_y = -1},
    {.bitmap_index = 13535, .adv_w = 224, .box_w = 13, .box_h = 12, .ofs_x = 0, .ofs_y = -1},
    {.bitmap_index = 13555, .adv_w = 224, .box_w = 12, .box_h = 12, .ofs_x = 0, .ofs_y = -1},
    {.bitmap_index = 13573, .adv_w = 224, .box_w = 13, .box_h = 12, .ofs_x = 0, .ofs_y = -1},
    {.bitmap_index = 13593, .adv_w = 224, .box_w = 13, .box_h = 14, .ofs_x = 0, .ofs_y = -2},
    {.bitmap_index = 13616, .adv_w = 224, .box_w = 13, .box_h = 12, .ofs_x = 0, .ofs_y = -1},
    {.bitmap_index = 13636, .adv_w = 224, .box_w = 12, .box_h = 12, .ofs_x = 1, .ofs_y = -1},
    {.bitmap_index = 13654, .adv_w = 224, .box_w = 12, .box_h = 12, .ofs_x = 1, .ofs_y = -1},
    {.bitmap_index = 13672, .adv_w = 224, .box_w = 13, .box_h = 12, .ofs_x = 0, .ofs_y = -1},
    {.bitmap_index = 13692, .adv_w = 224, .box_w = 13, .box_h = 12, .ofs_x = 0, .ofs_y = -1},
    {.bitmap_index = 13712, .adv_w = 224, .box_w = 13, .box_h = 12, .ofs_x = 0, .ofs_y = -1},
    {.bitmap_index = 13732, .adv_w = 224, .box_w = 13, .box_h = 12, .ofs_x = 1, .ofs_y = -1},
    {.bitmap_index = 13752, .adv_w = 224, .box_w = 13, .box_h = 12, .ofs_x = 1, .ofs_y = -1},
    {.bitmap_index = 13772, .adv_w = 224, .box_w = 13, .box_h = 12, .ofs_x = 0, .ofs_y = -1},
    {.bitmap_index = 13792, .adv_w = 224, .box_w = 13, .box_h = 13, .ofs_x = 0, .ofs_y = -1},
    {.bitmap_index = 13814, .adv_w = 224, .box_w = 11, .box_h = 12, .ofs_x = 2, .ofs_y = -1},
    {.bitmap_index = 13831, .adv_w = 224, .box_w = 12, .box_h = 12, .ofs_x = 1, .ofs_y = -1},
    {.bitmap_index = 13849, .adv_w = 224, .box_w = 12, .box_h = 12, .ofs_x = 1, .ofs_y = -1},
    {.bitmap_index = 13867, .adv_w = 224, .box_w = 12, .box_h = 12, .ofs_x = 1, .ofs_y = -1},
    {.bitmap_index = 13885, .adv_w = 224, .box_w = 11, .box_h = 12, .ofs_x = 1, .ofs_y = -1},
    {.bitmap_index = 13902, .adv_w = 224, .box_w = 12, .box_h = 12, .ofs_x = 1, .ofs_y = -1},
    {.bitmap_index = 13920, .adv_w = 224, .box_w = 13, .box_h = 12, .ofs_x = 1, .ofs_y = -1},
    {.bitmap_index = 13940, .adv_w = 224, .box_w = 12, .box_h = 13, .ofs_x = 1, .ofs_y = -1},
    {.bitmap_index = 13960, .adv_w = 224, .box_w = 12, .box_h = 13, .ofs_x = 1, .ofs_y = -2},
    {.bitmap_index = 13980, .adv_w = 224, .box_w = 12, .box_h = 13, .ofs_x = 1, .ofs_y = -2},
    {.bitmap_index = 14000, .adv_w = 224, .box_w = 11, .box_h = 12, .ofs_x = 1, .ofs_y = -1},
    {.bitmap_index = 14017, .adv_w = 224, .box_w = 13, .box_h = 12, .ofs_x = 0, .ofs_y = -1},
    {.bitmap_index = 14037, .adv_w = 224, .box_w = 12, .box_h = 13, .ofs_x = 1, .ofs_y = -1},
    {.bitmap_index = 14057, .adv_w = 224, .box_w = 12, .box_h = 13, .ofs_x = 1, .ofs_y = -1},
    {.bitmap_index = 14077, .adv_w = 224, .box_w = 13, .box_h = 13, .ofs_x = 1, .ofs_y = -2},
    {.bitmap_index = 14099, .adv_w = 224, .box_w = 13, .box_h = 13, .ofs_x = 0, .ofs_y = -2},
    {.bitmap_index = 14121, .adv_w = 224, .box_w = 13, .box_h = 11, .ofs_x = 0, .ofs_y = -1},
    {.bitmap_index = 14139, .adv_w = 224, .box_w = 13, .box_h = 12, .ofs_x = 0, .ofs_y = -1},
    {.bitmap_index = 14159, .adv_w = 224, .box_w = 14, .box_h = 13, .ofs_x = 0, .ofs_y = -2},
    {.bitmap_index = 14182, .adv_w = 224, .box_w = 13, .box_h = 13, .ofs_x = 0, .ofs_y = -2},
    {.bitmap_index = 14204, .adv_w = 224, .box_w = 13, .box_h = 12, .ofs_x = 1, .ofs_y = -1},
    {.bitmap_index = 14224, .adv_w = 224, .box_w = 13, .box_h = 13, .ofs_x = 0, .ofs_y = -2},
    {.bitmap_index = 14246, .adv_w = 224, .box_w = 12, .box_h = 12, .ofs_x = 1, .ofs_y = -1},
    {.bitmap_index = 14264, .adv_w = 224, .box_w = 12, .box_h = 13, .ofs_x = 1, .ofs_y = -2},
    {.bitmap_index = 14284, .adv_w = 224, .box_w = 12, .box_h = 12, .ofs_x = 1, .ofs_y = -1},
    {.bitmap_index = 14302, .adv_w = 224, .box_w = 14, .box_h = 12, .ofs_x = 0, .ofs_y = -1},
    {.bitmap_index = 14323, .adv_w = 224, .box_w = 13, .box_h = 12, .ofs_x = 1, .ofs_y = -1},
    {.bitmap_index = 14343, .adv_w = 224, .box_w = 13, .box_h = 12, .ofs_x = 1, .ofs_y = -1},
    {.bitmap_index = 14363, .adv_w = 224, .box_w = 14, .box_h = 12, .ofs_x = 0, .ofs_y = -1},
    {.bitmap_index = 14384, .adv_w = 224, .box_w = 12, .box_h = 12, .ofs_x = 1, .ofs_y = -1},
    {.bitmap_index = 14402, .adv_w = 224, .box_w = 13, .box_h = 12, .ofs_x = 0, .ofs_y = -1},
    {.bitmap_index = 14422, .adv_w = 224, .box_w = 13, .box_h = 12, .ofs_x = 1, .ofs_y = -1},
    {.bitmap_index = 14442, .adv_w = 224, .box_w = 14, .box_h = 12, .ofs_x = 0, .ofs_y = -1},
    {.bitmap_index = 14463, .adv_w = 224, .box_w = 12, .box_h = 12, .ofs_x = 1, .ofs_y = -1},
    {.bitmap_index = 14481, .adv_w = 224, .box_w = 12, .box_h = 13, .ofs_x = 1, .ofs_y = -2},
    {.bitmap_index = 14501, .adv_w = 224, .box_w = 14, .box_h = 13, .ofs_x = 0, .ofs_y = -1},
    {.bitmap_index = 14524, .adv_w = 224, .box_w = 12, .box_h = 12, .ofs_x = 1, .ofs_y = -1},
    {.bitmap_index = 14542, .adv_w = 224, .box_w = 12, .box_h = 14, .ofs_x = 1, .ofs_y = -2},
    {.bitmap_index = 14563, .adv_w = 224, .box_w = 14, .box_h = 14, .ofs_x = 0, .ofs_y = -2},
    {.bitmap_index = 14588, .adv_w = 224, .box_w = 12, .box_h = 12, .ofs_x = 1, .ofs_y = -1},
    {.bitmap_index = 14606, .adv_w = 224, .box_w = 14, .box_h = 13, .ofs_x = 0, .ofs_y = -1},
    {.bitmap_index = 14629, .adv_w = 224, .box_w = 13, .box_h = 13, .ofs_x = 0, .ofs_y = -1},
    {.bitmap_index = 14651, .adv_w = 224, .box_w = 12, .box_h = 12, .ofs_x = 1, .ofs_y = -1},
    {.bitmap_index = 14669, .adv_w = 224, .box_w = 14, .box_h = 12, .ofs_x = 0, .ofs_y = -1},
    {.bitmap_index = 14690, .adv_w = 224, .box_w = 12, .box_h = 12, .ofs_x = 1, .ofs_y = -1},
    {.bitmap_index = 14708, .adv_w = 224, .box_w = 12, .box_h = 12, .ofs_x = 1, .ofs_y = -1},
    {.bitmap_index = 14726, .adv_w = 224, .box_w = 13, .box_h = 12, .ofs_x = 1, .ofs_y = -1},
    {.bitmap_index = 14746, .adv_w = 224, .box_w = 12, .box_h = 12, .ofs_x = 1, .ofs_y = -1},
    {.bitmap_index = 14764, .adv_w = 224, .box_w = 12, .box_h = 12, .ofs_x = 1, .ofs_y = -1},
    {.bitmap_index = 14782, .adv_w = 224, .box_w = 12, .box_h = 13, .ofs_x = 1, .ofs_y = -1},
    {.bitmap_index = 14802, .adv_w = 224, .box_w = 13, .box_h = 12, .ofs_x = 1, .ofs_y = -1},
    {.bitmap_index = 14822, .adv_w = 224, .box_w = 12, .box_h = 12, .ofs_x = 1, .ofs_y = -1},
    {.bitmap_index = 14840, .adv_w = 224, .box_w = 12, .box_h = 13, .ofs_x = 1, .ofs_y = -2},
    {.bitmap_index = 14860, .adv_w = 224, .box_w = 13, .box_h = 13, .ofs_x = 0, .ofs_y = -2},
    {.bitmap_index = 14882, .adv_w = 224, .box_w = 13, .box_h = 12, .ofs_x = 1, .ofs_y = -1},
    {.bitmap_index = 14902, .adv_w = 224, .box_w = 13, .box_h = 13, .ofs_x = 0, .ofs_y = -2},
    {.bitmap_index = 14924, .adv_w = 224, .box_w = 13, .box_h = 12, .ofs_x = 0, .ofs_y = -1},
    {.bitmap_index = 14944, .adv_w = 224, .box_w = 13, .box_h = 12, .ofs_x = 1, .ofs_y = -1},
    {.bitmap_index = 14964, .adv_w = 224, .box_w = 12, .box_h = 12, .ofs_x = 1, .ofs_y = -1},
    {.bitmap_index = 14982, .adv_w = 224, .box_w = 13, .box_h = 12, .ofs_x = 1, .ofs_y = -1},
    {.bitmap_index = 15002, .adv_w = 224, .box_w = 13, .box_h = 12, .ofs_x = 0, .ofs_y = -1},
    {.bitmap_index = 15022, .adv_w = 224, .box_w = 13, .box_h = 13, .ofs_x = 0, .ofs_y = -1},
    {.bitmap_index = 15044, .adv_w = 224, .box_w = 13, .box_h = 12, .ofs_x = 0, .ofs_y = -1},
    {.bitmap_index = 15064, .adv_w = 224, .box_w = 13, .box_h = 12, .ofs_x = 1, .ofs_y = -1},
    {.bitmap_index = 15084, .adv_w = 224, .box_w = 13, .box_h = 12, .ofs_x = 0, .ofs_y = -1},
    {.bitmap_index = 15104, .adv_w = 224, .box_w = 13, .box_h = 12, .ofs_x = 0, .ofs_y = -1},
    {.bitmap_index = 15124, .adv_w = 224, .box_w = 13, .box_h = 13, .ofs_x = 1, .ofs_y = -2},
    {.bitmap_index = 15146, .adv_w = 224, .box_w = 13, .box_h = 12, .ofs_x = 1, .ofs_y = -1},
    {.bitmap_index = 15166, .adv_w = 224, .box_w = 14, .box_h = 12, .ofs_x = 0, .ofs_y = -1},
    {.bitmap_index = 15187, .adv_w = 224, .box_w = 12, .box_h = 13, .ofs_x = 1, .ofs_y = -2},
    {.bitmap_index = 15207, .adv_w = 224, .box_w = 13, .box_h = 12, .ofs_x = 0, .ofs_y = -1},
    {.bitmap_index = 15227, .adv_w = 224, .box_w = 13, .box_h = 13, .ofs_x = 1, .ofs_y = -2},
    {.bitmap_index = 15249, .adv_w = 224, .box_w = 12, .box_h = 12, .ofs_x = 1, .ofs_y = -1},
    {.bitmap_index = 15267, .adv_w = 224, .box_w = 12, .box_h = 13, .ofs_x = 1, .ofs_y = -1},
    {.bitmap_index = 15287, .adv_w = 224, .box_w = 13, .box_h = 12, .ofs_x = 0, .ofs_y = -1},
    {.bitmap_index = 15307, .adv_w = 224, .box_w = 12, .box_h = 13, .ofs_x = 1, .ofs_y = -2},
    {.bitmap_index = 15327, .adv_w = 224, .box_w = 13, .box_h = 12, .ofs_x = 0, .ofs_y = -1},
    {.bitmap_index = 15347, .adv_w = 224, .box_w = 13, .box_h = 13, .ofs_x = 1, .ofs_y = -1},
    {.bitmap_index = 15369, .adv_w = 224, .box_w = 13, .box_h = 12, .ofs_x = 0, .ofs_y = -1},
    {.bitmap_index = 15389, .adv_w = 224, .box_w = 13, .box_h = 12, .ofs_x = 1, .ofs_y = -1},
    {.bitmap_index = 15409, .adv_w = 224, .box_w = 13, .box_h = 13, .ofs_x = 0, .ofs_y = -1},
    {.bitmap_index = 15431, .adv_w = 224, .box_w = 14, .box_h = 13, .ofs_x = 0, .ofs_y = -1},
    {.bitmap_index = 15454, .adv_w = 224, .box_w = 13, .box_h = 12, .ofs_x = 1, .ofs_y = -1},
    {.bitmap_index = 15474, .adv_w = 224, .box_w = 12, .box_h = 13, .ofs_x = 1, .ofs_y = -2},
    {.bitmap_index = 15494, .adv_w = 224, .box_w = 13, .box_h = 14, .ofs_x = 1, .ofs_y = -2},
    {.bitmap_index = 15517, .adv_w = 224, .box_w = 13, .box_h = 12, .ofs_x = 0, .ofs_y = -1},
    {.bitmap_index = 15537, .adv_w = 224, .box_w = 12, .box_h = 12, .ofs_x = 1, .ofs_y = -1},
    {.bitmap_index = 15555, .adv_w = 224, .box_w = 13, .box_h = 13, .ofs_x = 0, .ofs_y = -1},
    {.bitmap_index = 15577, .adv_w = 224, .box_w = 12, .box_h = 13, .ofs_x = 1, .ofs_y = -1},
    {.bitmap_index = 15597, .adv_w = 224, .box_w = 13, .box_h = 12, .ofs_x = 0, .ofs_y = -1},
    {.bitmap_index = 15617, .adv_w = 224, .box_w = 12, .box_h = 13, .ofs_x = 1, .ofs_y = -1},
    {.bitmap_index = 15637, .adv_w = 224, .box_w = 14, .box_h = 12, .ofs_x = 0, .ofs_y = -1},
    {.bitmap_index = 15658, .adv_w = 224, .box_w = 13, .box_h = 14, .ofs_x = 1, .ofs_y = -2},
    {.bitmap_index = 15681, .adv_w = 224, .box_w = 13, .box_h = 13, .ofs_x = 1, .ofs_y = -2},
    {.bitmap_index = 15703, .adv_w = 224, .box_w = 13, .box_h = 12, .ofs_x = 1, .ofs_y = -1},
    {.bitmap_index = 15723, .adv_w = 224, .box_w = 12, .box_h = 13, .ofs_x = 1, .ofs_y = -1},
    {.bitmap_index = 15743, .adv_w = 224, .box_w = 13, .box_h = 12, .ofs_x = 0, .ofs_y = -1},
    {.bitmap_index = 15763, .adv_w = 224, .box_w = 14, .box_h = 12, .ofs_x = 0, .ofs_y = -1},
    {.bitmap_index = 15784, .adv_w = 224, .box_w = 12, .box_h = 12, .ofs_x = 1, .ofs_y = -1},
    {.bitmap_index = 15802, .adv_w = 224, .box_w = 12, .box_h = 12, .ofs_x = 1, .ofs_y = -1},
    {.bitmap_index = 15820, .adv_w = 224, .box_w = 13, .box_h = 12, .ofs_x = 1, .ofs_y = -1},
    {.bitmap_index = 15840, .adv_w = 224, .box_w = 12, .box_h = 12, .ofs_x = 1, .ofs_y = -1},
    {.bitmap_index = 15858, .adv_w = 224, .box_w = 12, .box_h = 13, .ofs_x = 1, .ofs_y = -1},
    {.bitmap_index = 15878, .adv_w = 224, .box_w = 13, .box_h = 12, .ofs_x = 0, .ofs_y = -1},
    {.bitmap_index = 15898, .adv_w = 224, .box_w = 14, .box_h = 13, .ofs_x = 0, .ofs_y = -2},
    {.bitmap_index = 15921, .adv_w = 224, .box_w = 12, .box_h = 13, .ofs_x = 1, .ofs_y = -2},
    {.bitmap_index = 15941, .adv_w = 224, .box_w = 14, .box_h = 11, .ofs_x = 0, .ofs_y = -1},
    {.bitmap_index = 15961, .adv_w = 224, .box_w = 13, .box_h = 12, .ofs_x = 0, .ofs_y = -1},
    {.bitmap_index = 15981, .adv_w = 224, .box_w = 13, .box_h = 12, .ofs_x = 1, .ofs_y = -1},
    {.bitmap_index = 16001, .adv_w = 224, .box_w = 12, .box_h = 12, .ofs_x = 1, .ofs_y = -1},
    {.bitmap_index = 16019, .adv_w = 224, .box_w = 12, .box_h = 13, .ofs_x = 1, .ofs_y = -2},
    {.bitmap_index = 16039, .adv_w = 224, .box_w = 13, .box_h = 12, .ofs_x = 0, .ofs_y = -1},
    {.bitmap_index = 16059, .adv_w = 224, .box_w = 12, .box_h = 13, .ofs_x = 1, .ofs_y = -2},
    {.bitmap_index = 16079, .adv_w = 224, .box_w = 11, .box_h = 13, .ofs_x = 2, .ofs_y = -2},
    {.bitmap_index = 16097, .adv_w = 224, .box_w = 11, .box_h = 12, .ofs_x = 1, .ofs_y = -1},
    {.bitmap_index = 16114, .adv_w = 224, .box_w = 11, .box_h = 12, .ofs_x = 2, .ofs_y = -1},
    {.bitmap_index = 16131, .adv_w = 224, .box_w = 12, .box_h = 12, .ofs_x = 1, .ofs_y = -1},
    {.bitmap_index = 16149, .adv_w = 224, .box_w = 13, .box_h = 12, .ofs_x = 1, .ofs_y = -1},
    {.bitmap_index = 16169, .adv_w = 224, .box_w = 12, .box_h = 13, .ofs_x = 1, .ofs_y = -2},
    {.bitmap_index = 16189, .adv_w = 224, .box_w = 13, .box_h = 13, .ofs_x = 1, .ofs_y = -1},
    {.bitmap_index = 16211, .adv_w = 224, .box_w = 12, .box_h = 13, .ofs_x = 1, .ofs_y = -1},
    {.bitmap_index = 16231, .adv_w = 224, .box_w = 12, .box_h = 12, .ofs_x = 0, .ofs_y = -1},
    {.bitmap_index = 16249, .adv_w = 224, .box_w = 12, .box_h = 13, .ofs_x = 1, .ofs_y = -1},
    {.bitmap_index = 16269, .adv_w = 224, .box_w = 12, .box_h = 13, .ofs_x = 1, .ofs_y = -1},
    {.bitmap_index = 16289, .adv_w = 224, .box_w = 12, .box_h = 12, .ofs_x = 1, .ofs_y = -1},
    {.bitmap_index = 16307, .adv_w = 224, .box_w = 13, .box_h = 12, .ofs_x = 0, .ofs_y = -1},
    {.bitmap_index = 16327, .adv_w = 224, .box_w = 13, .box_h = 13, .ofs_x = 1, .ofs_y = -1},
    {.bitmap_index = 16349, .adv_w = 224, .box_w = 13, .box_h = 12, .ofs_x = 0, .ofs_y = -1},
    {.bitmap_index = 16369, .adv_w = 224, .box_w = 11, .box_h = 12, .ofs_x = 1, .ofs_y = -1},
    {.bitmap_index = 16386, .adv_w = 224, .box_w = 12, .box_h = 12, .ofs_x = 1, .ofs_y = -1},
    {.bitmap_index = 16404, .adv_w = 224, .box_w = 13, .box_h = 12, .ofs_x = 0, .ofs_y = -1},
    {.bitmap_index = 16424, .adv_w = 224, .box_w = 11, .box_h = 13, .ofs_x = 1, .ofs_y = -1},
    {.bitmap_index = 16442, .adv_w = 224, .box_w = 12, .box_h = 12, .ofs_x = 0, .ofs_y = -1},
    {.bitmap_index = 16460, .adv_w = 224, .box_w = 12, .box_h = 13, .ofs_x = 1, .ofs_y = -1},
    {.bitmap_index = 16480, .adv_w = 224, .box_w = 12, .box_h = 13, .ofs_x = 1, .ofs_y = -1},
    {.bitmap_index = 16500, .adv_w = 224, .box_w = 12, .box_h = 12, .ofs_x = 1, .ofs_y = -1},
    {.bitmap_index = 16518, .adv_w = 224, .box_w = 12, .box_h = 12, .ofs_x = 0, .ofs_y = -1},
    {.bitmap_index = 16536, .adv_w = 224, .box_w = 11, .box_h = 13, .ofs_x = 1, .ofs_y = -1},
    {.bitmap_index = 16554, .adv_w = 224, .box_w = 12, .box_h = 12, .ofs_x = 1, .ofs_y = -1},
    {.bitmap_index = 16572, .adv_w = 224, .box_w = 11, .box_h = 12, .ofs_x = 1, .ofs_y = -1},
    {.bitmap_index = 16589, .adv_w = 224, .box_w = 13, .box_h = 12, .ofs_x = 0, .ofs_y = -1},
    {.bitmap_index = 16609, .adv_w = 224, .box_w = 12, .box_h = 12, .ofs_x = 1, .ofs_y = -1},
    {.bitmap_index = 16627, .adv_w = 224, .box_w = 13, .box_h = 12, .ofs_x = 1, .ofs_y = -1},
    {.bitmap_index = 16647, .adv_w = 224, .box_w = 13, .box_h = 13, .ofs_x = 1, .ofs_y = -1},
    {.bitmap_index = 16669, .adv_w = 224, .box_w = 12, .box_h = 13, .ofs_x = 1, .ofs_y = -2},
    {.bitmap_index = 16689, .adv_w = 224, .box_w = 13, .box_h = 13, .ofs_x = 1, .ofs_y = -1},
    {.bitmap_index = 16711, .adv_w = 224, .box_w = 13, .box_h = 12, .ofs_x = 0, .ofs_y = -1},
    {.bitmap_index = 16731, .adv_w = 224, .box_w = 12, .box_h = 13, .ofs_x = 1, .ofs_y = -1},
    {.bitmap_index = 16751, .adv_w = 224, .box_w = 12, .box_h = 13, .ofs_x = 1, .ofs_y = -2},
    {.bitmap_index = 16771, .adv_w = 224, .box_w = 11, .box_h = 13, .ofs_x = 1, .ofs_y = -1},
    {.bitmap_index = 16789, .adv_w = 224, .box_w = 13, .box_h = 12, .ofs_x = 0, .ofs_y = -1},
    {.bitmap_index = 16809, .adv_w = 224, .box_w = 11, .box_h = 12, .ofs_x = 1, .ofs_y = -1},
    {.bitmap_index = 16826, .adv_w = 224, .box_w = 13, .box_h = 12, .ofs_x = 0, .ofs_y = -1},
    {.bitmap_index = 16846, .adv_w = 224, .box_w = 12, .box_h = 12, .ofs_x = 1, .ofs_y = -1},
    {.bitmap_index = 16864, .adv_w = 224, .box_w = 13, .box_h = 12, .ofs_x = 0, .ofs_y = -1},
    {.bitmap_index = 16884, .adv_w = 224, .box_w = 12, .box_h = 13, .ofs_x = 1, .ofs_y = -2},
    {.bitmap_index = 16904, .adv_w = 224, .box_w = 13, .box_h = 12, .ofs_x = 0, .ofs_y = -1},
    {.bitmap_index = 16924, .adv_w = 224, .box_w = 13, .box_h = 13, .ofs_x = 0, .ofs_y = -2},
    {.bitmap_index = 16946, .adv_w = 224, .box_w = 13, .box_h = 14, .ofs_x = 0, .ofs_y = -2},
    {.bitmap_index = 16969, .adv_w = 224, .box_w = 13, .box_h = 12, .ofs_x = 0, .ofs_y = -1},
    {.bitmap_index = 16989, .adv_w = 224, .box_w = 12, .box_h = 12, .ofs_x = 1, .ofs_y = -1},
    {.bitmap_index = 17007, .adv_w = 224, .box_w = 13, .box_h = 12, .ofs_x = 0, .ofs_y = -1},
    {.bitmap_index = 17027, .adv_w = 224, .box_w = 12, .box_h = 13, .ofs_x = 1, .ofs_y = -1},
    {.bitmap_index = 17047, .adv_w = 224, .box_w = 12, .box_h = 11, .ofs_x = 1, .ofs_y = -1},
    {.bitmap_index = 17064, .adv_w = 224, .box_w = 12, .box_h = 12, .ofs_x = 2, .ofs_y = -1},
    {.bitmap_index = 17082, .adv_w = 224, .box_w = 12, .box_h = 13, .ofs_x = 1, .ofs_y = -2},
    {.bitmap_index = 17102, .adv_w = 224, .box_w = 13, .box_h = 12, .ofs_x = 1, .ofs_y = -1},
    {.bitmap_index = 17122, .adv_w = 224, .box_w = 14, .box_h = 12, .ofs_x = 0, .ofs_y = -1},
    {.bitmap_index = 17143, .adv_w = 224, .box_w = 13, .box_h = 13, .ofs_x = 1, .ofs_y = -1},
    {.bitmap_index = 17165, .adv_w = 224, .box_w = 13, .box_h = 13, .ofs_x = 0, .ofs_y = -2},
    {.bitmap_index = 17187, .adv_w = 224, .box_w = 12, .box_h = 12, .ofs_x = 1, .ofs_y = -1},
    {.bitmap_index = 17205, .adv_w = 224, .box_w = 13, .box_h = 12, .ofs_x = 0, .ofs_y = -1},
    {.bitmap_index = 17225, .adv_w = 224, .box_w = 12, .box_h = 13, .ofs_x = 1, .ofs_y = -2},
    {.bitmap_index = 17245, .adv_w = 224, .box_w = 12, .box_h = 13, .ofs_x = 1, .ofs_y = -1},
    {.bitmap_index = 17265, .adv_w = 224, .box_w = 12, .box_h = 12, .ofs_x = 1, .ofs_y = -1},
    {.bitmap_index = 17283, .adv_w = 224, .box_w = 12, .box_h = 12, .ofs_x = 1, .ofs_y = -1},
    {.bitmap_index = 17301, .adv_w = 224, .box_w = 11, .box_h = 12, .ofs_x = 2, .ofs_y = -1},
    {.bitmap_index = 17318, .adv_w = 224, .box_w = 12, .box_h = 13, .ofs_x = 1, .ofs_y = -2},
    {.bitmap_index = 17338, .adv_w = 224, .box_w = 12, .box_h = 12, .ofs_x = 1, .ofs_y = -1},
    {.bitmap_index = 17356, .adv_w = 224, .box_w = 13, .box_h = 12, .ofs_x = 1, .ofs_y = -1},
    {.bitmap_index = 17376, .adv_w = 224, .box_w = 11, .box_h = 12, .ofs_x = 1, .ofs_y = -1},
    {.bitmap_index = 17393, .adv_w = 224, .box_w = 12, .box_h = 11, .ofs_x = 1, .ofs_y = -1},
    {.bitmap_index = 17410, .adv_w = 224, .box_w = 12, .box_h = 12, .ofs_x = 1, .ofs_y = -1},
    {.bitmap_index = 17428, .adv_w = 224, .box_w = 13, .box_h = 12, .ofs_x = 1, .ofs_y = -1},
    {.bitmap_index = 17448, .adv_w = 224, .box_w = 13, .box_h = 12, .ofs_x = 0, .ofs_y = -1},
    {.bitmap_index = 17468, .adv_w = 224, .box_w = 13, .box_h = 13, .ofs_x = 0, .ofs_y = -2},
    {.bitmap_index = 17490, .adv_w = 224, .box_w = 12, .box_h = 12, .ofs_x = 1, .ofs_y = -1},
    {.bitmap_index = 17508, .adv_w = 224, .box_w = 13, .box_h = 12, .ofs_x = 0, .ofs_y = -1},
    {.bitmap_index = 17528, .adv_w = 224, .box_w = 12, .box_h = 12, .ofs_x = 0, .ofs_y = -1},
    {.bitmap_index = 17546, .adv_w = 224, .box_w = 13, .box_h = 12, .ofs_x = 0, .ofs_y = -1},
    {.bitmap_index = 17566, .adv_w = 224, .box_w = 13, .box_h = 12, .ofs_x = 0, .ofs_y = -1},
    {.bitmap_index = 17586, .adv_w = 224, .box_w = 12, .box_h = 13, .ofs_x = 1, .ofs_y = -2},
    {.bitmap_index = 17606, .adv_w = 224, .box_w = 12, .box_h = 12, .ofs_x = 0, .ofs_y = -1},
    {.bitmap_index = 17624, .adv_w = 224, .box_w = 13, .box_h = 13, .ofs_x = 0, .ofs_y = -2},
    {.bitmap_index = 17646, .adv_w = 224, .box_w = 13, .box_h = 12, .ofs_x = 0, .ofs_y = -1},
    {.bitmap_index = 17666, .adv_w = 224, .box_w = 13, .box_h = 12, .ofs_x = 0, .ofs_y = -1},
    {.bitmap_index = 17686, .adv_w = 224, .box_w = 13, .box_h = 12, .ofs_x = 0, .ofs_y = -1},
    {.bitmap_index = 17706, .adv_w = 224, .box_w = 13, .box_h = 13, .ofs_x = 0, .ofs_y = -2},
    {.bitmap_index = 17728, .adv_w = 224, .box_w = 13, .box_h = 12, .ofs_x = 0, .ofs_y = -1},
    {.bitmap_index = 17748, .adv_w = 224, .box_w = 13, .box_h = 12, .ofs_x = 0, .ofs_y = -1},
    {.bitmap_index = 17768, .adv_w = 224, .box_w = 12, .box_h = 12, .ofs_x = 1, .ofs_y = -1},
    {.bitmap_index = 17786, .adv_w = 224, .box_w = 13, .box_h = 12, .ofs_x = 1, .ofs_y = -1},
    {.bitmap_index = 17806, .adv_w = 224, .box_w = 12, .box_h = 12, .ofs_x = 1, .ofs_y = -1},
    {.bitmap_index = 17824, .adv_w = 224, .box_w = 10, .box_h = 12, .ofs_x = 2, .ofs_y = -1},
    {.bitmap_index = 17839, .adv_w = 224, .box_w = 12, .box_h = 13, .ofs_x = 1, .ofs_y = -2},
    {.bitmap_index = 17859, .adv_w = 224, .box_w = 12, .box_h = 12, .ofs_x = 1, .ofs_y = -1},
    {.bitmap_index = 17877, .adv_w = 224, .box_w = 12, .box_h = 12, .ofs_x = 1, .ofs_y = -1},
    {.bitmap_index = 17895, .adv_w = 224, .box_w = 11, .box_h = 12, .ofs_x = 2, .ofs_y = -1},
    {.bitmap_index = 17912, .adv_w = 224, .box_w = 13, .box_h = 12, .ofs_x = 1, .ofs_y = -1},
    {.bitmap_index = 17932, .adv_w = 224, .box_w = 12, .box_h = 12, .ofs_x = 1, .ofs_y = -1},
    {.bitmap_index = 17950, .adv_w = 224, .box_w = 10, .box_h = 12, .ofs_x = 2, .ofs_y = -1},
    {.bitmap_index = 17965, .adv_w = 224, .box_w = 11, .box_h = 14, .ofs_x = 2, .ofs_y = -2},
    {.bitmap_index = 17985, .adv_w = 224, .box_w = 13, .box_h = 12, .ofs_x = 0, .ofs_y = -1},
    {.bitmap_index = 18005, .adv_w = 224, .box_w = 13, .box_h = 13, .ofs_x = 1, .ofs_y = -2},
    {.bitmap_index = 18027, .adv_w = 224, .box_w = 12, .box_h = 12, .ofs_x = 1, .ofs_y = -1},
    {.bitmap_index = 18045, .adv_w = 224, .box_w = 12, .box_h = 12, .ofs_x = 1, .ofs_y = -1},
    {.bitmap_index = 18063, .adv_w = 224, .box_w = 13, .box_h = 12, .ofs_x = 1, .ofs_y = -1},
    {.bitmap_index = 18083, .adv_w = 224, .box_w = 12, .box_h = 13, .ofs_x = 1, .ofs_y = -1},
    {.bitmap_index = 18103, .adv_w = 224, .box_w = 12, .box_h = 12, .ofs_x = 1, .ofs_y = -1},
    {.bitmap_index = 18121, .adv_w = 224, .box_w = 13, .box_h = 13, .ofs_x = 1, .ofs_y = -1},
    {.bitmap_index = 18143, .adv_w = 224, .box_w = 13, .box_h = 13, .ofs_x = 1, .ofs_y = -1},
    {.bitmap_index = 18165, .adv_w = 224, .box_w = 12, .box_h = 13, .ofs_x = 1, .ofs_y = -2},
    {.bitmap_index = 18185, .adv_w = 224, .box_w = 12, .box_h = 12, .ofs_x = 1, .ofs_y = -1},
    {.bitmap_index = 18203, .adv_w = 224, .box_w = 13, .box_h = 12, .ofs_x = 0, .ofs_y = -1},
    {.bitmap_index = 18223, .adv_w = 224, .box_w = 12, .box_h = 12, .ofs_x = 1, .ofs_y = -1},
    {.bitmap_index = 18241, .adv_w = 224, .box_w = 13, .box_h = 12, .ofs_x = 0, .ofs_y = -1},
    {.bitmap_index = 18261, .adv_w = 224, .box_w = 12, .box_h = 12, .ofs_x = 1, .ofs_y = -1},
    {.bitmap_index = 18279, .adv_w = 224, .box_w = 13, .box_h = 12, .ofs_x = 0, .ofs_y = -1},
    {.bitmap_index = 18299, .adv_w = 224, .box_w = 12, .box_h = 13, .ofs_x = 1, .ofs_y = -1},
    {.bitmap_index = 18319, .adv_w = 224, .box_w = 10, .box_h = 12, .ofs_x = 1, .ofs_y = -1},
    {.bitmap_index = 18334, .adv_w = 224, .box_w = 11, .box_h = 12, .ofs_x = 1, .ofs_y = -1},
    {.bitmap_index = 18351, .adv_w = 224, .box_w = 13, .box_h = 12, .ofs_x = 0, .ofs_y = -1},
    {.bitmap_index = 18371, .adv_w = 224, .box_w = 13, .box_h = 12, .ofs_x = 1, .ofs_y = -1},
    {.bitmap_index = 18391, .adv_w = 224, .box_w = 11, .box_h = 9, .ofs_x = 2, .ofs_y = 0},
    {.bitmap_index = 18404, .adv_w = 224, .box_w = 13, .box_h = 12, .ofs_x = 0, .ofs_y = -1},
    {.bitmap_index = 18424, .adv_w = 224, .box_w = 12, .box_h = 12, .ofs_x = 1, .ofs_y = -1},
    {.bitmap_index = 18442, .adv_w = 224, .box_w = 11, .box_h = 12, .ofs_x = 2, .ofs_y = -1},
    {.bitmap_index = 18459, .adv_w = 224, .box_w = 14, .box_h = 12, .ofs_x = 0, .ofs_y = -1},
    {.bitmap_index = 18480, .adv_w = 224, .box_w = 12, .box_h = 10, .ofs_x = 1, .ofs_y = 0},
    {.bitmap_index = 18495, .adv_w = 224, .box_w = 12, .box_h = 12, .ofs_x = 1, .ofs_y = -1},
    {.bitmap_index = 18513, .adv_w = 224, .box_w = 11, .box_h = 11, .ofs_x = 2, .ofs_y = -1},
    {.bitmap_index = 18529, .adv_w = 224, .box_w = 12, .box_h = 11, .ofs_x = 1, .ofs_y = -1},
    {.bitmap_index = 18546, .adv_w = 224, .box_w = 10, .box_h = 11, .ofs_x = 2, .ofs_y = -1},
    {.bitmap_index = 18560, .adv_w = 224, .box_w = 14, .box_h = 12, .ofs_x = 0, .ofs_y = -1},
    {.bitmap_index = 18581, .adv_w = 224, .box_w = 9, .box_h = 12, .ofs_x = 2, .ofs_y = -1},
    {.bitmap_index = 18595, .adv_w = 224, .box_w = 11, .box_h = 12, .ofs_x = 1, .ofs_y = -1},
    {.bitmap_index = 18612, .adv_w = 224, .box_w = 13, .box_h = 12, .ofs_x = 1, .ofs_y = -1},
    {.bitmap_index = 18632, .adv_w = 224, .box_w = 13, .box_h = 12, .ofs_x = 0, .ofs_y = -1},
    {.bitmap_index = 18652, .adv_w = 224, .box_w = 12, .box_h = 12, .ofs_x = 0, .ofs_y = -1},
    {.bitmap_index = 18670, .adv_w = 224, .box_w = 12, .box_h = 12, .ofs_x = 1, .ofs_y = -1},
    {.bitmap_index = 18688, .adv_w = 224, .box_w = 13, .box_h = 12, .ofs_x = 0, .ofs_y = -1},
    {.bitmap_index = 18708, .adv_w = 224, .box_w = 12, .box_h = 12, .ofs_x = 1, .ofs_y = -1},
    {.bitmap_index = 18726, .adv_w = 224, .box_w = 12, .box_h = 12, .ofs_x = 1, .ofs_y = -1},
    {.bitmap_index = 18744, .adv_w = 224, .box_w = 11, .box_h = 12, .ofs_x = 1, .ofs_y = -1},
    {.bitmap_index = 18761, .adv_w = 224, .box_w = 12, .box_h = 12, .ofs_x = 1, .ofs_y = -1},
    {.bitmap_index = 18779, .adv_w = 224, .box_w = 13, .box_h = 13, .ofs_x = 0, .ofs_y = -1},
    {.bitmap_index = 18801, .adv_w = 224, .box_w = 12, .box_h = 12, .ofs_x = 1, .ofs_y = -1},
    {.bitmap_index = 18819, .adv_w = 224, .box_w = 12, .box_h = 12, .ofs_x = 1, .ofs_y = -1},
    {.bitmap_index = 18837, .adv_w = 224, .box_w = 12, .box_h = 12, .ofs_x = 1, .ofs_y = -1},
    {.bitmap_index = 18855, .adv_w = 224, .box_w = 12, .box_h = 12, .ofs_x = 1, .ofs_y = -1},
    {.bitmap_index = 18873, .adv_w = 224, .box_w = 11, .box_h = 12, .ofs_x = 1, .ofs_y = -1},
    {.bitmap_index = 18890, .adv_w = 224, .box_w = 12, .box_h = 12, .ofs_x = 1, .ofs_y = -1},
    {.bitmap_index = 18908, .adv_w = 224, .box_w = 11, .box_h = 12, .ofs_x = 1, .ofs_y = -1},
    {.bitmap_index = 18925, .adv_w = 224, .box_w = 12, .box_h = 12, .ofs_x = 1, .ofs_y = -1},
    {.bitmap_index = 18943, .adv_w = 224, .box_w = 13, .box_h = 12, .ofs_x = 1, .ofs_y = -1},
    {.bitmap_index = 18963, .adv_w = 224, .box_w = 13, .box_h = 12, .ofs_x = 1, .ofs_y = -1},
    {.bitmap_index = 18983, .adv_w = 224, .box_w = 12, .box_h = 12, .ofs_x = 1, .ofs_y = -1},
    {.bitmap_index = 19001, .adv_w = 224, .box_w = 14, .box_h = 12, .ofs_x = 0, .ofs_y = -1},
    {.bitmap_index = 19022, .adv_w = 224, .box_w = 13, .box_h = 12, .ofs_x = 1, .ofs_y = -1},
    {.bitmap_index = 19042, .adv_w = 224, .box_w = 11, .box_h = 11, .ofs_x = 1, .ofs_y = -1},
    {.bitmap_index = 19058, .adv_w = 224, .box_w = 11, .box_h = 12, .ofs_x = 2, .ofs_y = -1},
    {.bitmap_index = 19075, .adv_w = 224, .box_w = 12, .box_h = 12, .ofs_x = 1, .ofs_y = -1},
    {.bitmap_index = 19093, .adv_w = 224, .box_w = 13, .box_h = 13, .ofs_x = 1, .ofs_y = -1},
    {.bitmap_index = 19115, .adv_w = 224, .box_w = 11, .box_h = 12, .ofs_x = 1, .ofs_y = -1},
    {.bitmap_index = 19132, .adv_w = 224, .box_w = 12, .box_h = 12, .ofs_x = 0, .ofs_y = -1},
    {.bitmap_index = 19150, .adv_w = 224, .box_w = 12, .box_h = 12, .ofs_x = 1, .ofs_y = -1},
    {.bitmap_index = 19168, .adv_w = 224, .box_w = 11, .box_h = 12, .ofs_x = 2, .ofs_y = -1},
    {.bitmap_index = 19185, .adv_w = 224, .box_w = 13, .box_h = 12, .ofs_x = 0, .ofs_y = -1},
    {.bitmap_index = 19205, .adv_w = 224, .box_w = 13, .box_h = 13, .ofs_x = 0, .ofs_y = -1},
    {.bitmap_index = 19227, .adv_w = 224, .box_w = 13, .box_h = 12, .ofs_x = 0, .ofs_y = -1},
    {.bitmap_index = 19247, .adv_w = 224, .box_w = 13, .box_h = 13, .ofs_x = 0, .ofs_y = -1},
    {.bitmap_index = 19269, .adv_w = 224, .box_w = 14, .box_h = 13, .ofs_x = 0, .ofs_y = -1},
    {.bitmap_index = 19292, .adv_w = 224, .box_w = 12, .box_h = 13, .ofs_x = 0, .ofs_y = -1},
    {.bitmap_index = 19312, .adv_w = 224, .box_w = 13, .box_h = 14, .ofs_x = 0, .ofs_y = -2},
    {.bitmap_index = 19335, .adv_w = 224, .box_w = 12, .box_h = 13, .ofs_x = 1, .ofs_y = -1},
    {.bitmap_index = 19355, .adv_w = 224, .box_w = 13, .box_h = 13, .ofs_x = 0, .ofs_y = -1},
    {.bitmap_index = 19377, .adv_w = 224, .box_w = 12, .box_h = 14, .ofs_x = 1, .ofs_y = -2},
    {.bitmap_index = 19398, .adv_w = 224, .box_w = 13, .box_h = 13, .ofs_x = 0, .ofs_y = -1},
    {.bitmap_index = 19420, .adv_w = 224, .box_w = 12, .box_h = 13, .ofs_x = 1, .ofs_y = -1},
    {.bitmap_index = 19440, .adv_w = 224, .box_w = 13, .box_h = 13, .ofs_x = 0, .ofs_y = -1},
    {.bitmap_index = 19462, .adv_w = 224, .box_w = 13, .box_h = 13, .ofs_x = 0, .ofs_y = -1},
    {.bitmap_index = 19484, .adv_w = 224, .box_w = 13, .box_h = 14, .ofs_x = 0, .ofs_y = -2},
    {.bitmap_index = 19507, .adv_w = 224, .box_w = 13, .box_h = 13, .ofs_x = 0, .ofs_y = -1},
    {.bitmap_index = 19529, .adv_w = 224, .box_w = 14, .box_h = 13, .ofs_x = 0, .ofs_y = -1},
    {.bitmap_index = 19552, .adv_w = 224, .box_w = 14, .box_h = 13, .ofs_x = 0, .ofs_y = -1},
    {.bitmap_index = 19575, .adv_w = 224, .box_w = 12, .box_h = 13, .ofs_x = 1, .ofs_y = -1},
    {.bitmap_index = 19595, .adv_w = 224, .box_w = 13, .box_h = 13, .ofs_x = 0, .ofs_y = -1},
    {.bitmap_index = 19617, .adv_w = 224, .box_w = 13, .box_h = 12, .ofs_x = 0, .ofs_y = -1},
    {.bitmap_index = 19637, .adv_w = 224, .box_w = 13, .box_h = 13, .ofs_x = 0, .ofs_y = -1},
    {.bitmap_index = 19659, .adv_w = 224, .box_w = 13, .box_h = 12, .ofs_x = 0, .ofs_y = -1},
    {.bitmap_index = 19679, .adv_w = 224, .box_w = 13, .box_h = 13, .ofs_x = 1, .ofs_y = -2},
    {.bitmap_index = 19701, .adv_w = 224, .box_w = 12, .box_h = 14, .ofs_x = 1, .ofs_y = -2},
    {.bitmap_index = 19722, .adv_w = 224, .box_w = 13, .box_h = 12, .ofs_x = 0, .ofs_y = -1},
    {.bitmap_index = 19742, .adv_w = 224, .box_w = 12, .box_h = 11, .ofs_x = 1, .ofs_y = -1},
    {.bitmap_index = 19759, .adv_w = 224, .box_w = 13, .box_h = 12, .ofs_x = 1, .ofs_y = -1},
    {.bitmap_index = 19779, .adv_w = 224, .box_w = 13, .box_h = 11, .ofs_x = 1, .ofs_y = -1},
    {.bitmap_index = 19797, .adv_w = 224, .box_w = 12, .box_h = 12, .ofs_x = 1, .ofs_y = -1},
    {.bitmap_index = 19815, .adv_w = 224, .box_w = 12, .box_h = 12, .ofs_x = 1, .ofs_y = -1},
    {.bitmap_index = 19833, .adv_w = 224, .box_w = 12, .box_h = 12, .ofs_x = 1, .ofs_y = -1},
    {.bitmap_index = 19851, .adv_w = 224, .box_w = 13, .box_h = 12, .ofs_x = 1, .ofs_y = -1},
    {.bitmap_index = 19871, .adv_w = 224, .box_w = 12, .box_h = 13, .ofs_x = 1, .ofs_y = -2},
    {.bitmap_index = 19891, .adv_w = 224, .box_w = 10, .box_h = 12, .ofs_x = 2, .ofs_y = -1},
    {.bitmap_index = 19906, .adv_w = 224, .box_w = 10, .box_h = 12, .ofs_x = 1, .ofs_y = -1},
    {.bitmap_index = 19921, .adv_w = 224, .box_w = 12, .box_h = 12, .ofs_x = 1, .ofs_y = -1},
    {.bitmap_index = 19939, .adv_w = 224, .box_w = 11, .box_h = 12, .ofs_x = 1, .ofs_y = -1},
    {.bitmap_index = 19956, .adv_w = 224, .box_w = 12, .box_h = 13, .ofs_x = 1, .ofs_y = -2},
    {.bitmap_index = 19976, .adv_w = 224, .box_w = 13, .box_h = 12, .ofs_x = 1, .ofs_y = -1},
    {.bitmap_index = 19996, .adv_w = 224, .box_w = 12, .box_h = 12, .ofs_x = 1, .ofs_y = -1},
    {.bitmap_index = 20014, .adv_w = 224, .box_w = 13, .box_h = 12, .ofs_x = 1, .ofs_y = -1},
    {.bitmap_index = 20034, .adv_w = 224, .box_w = 12, .box_h = 12, .ofs_x = 1, .ofs_y = -1},
    {.bitmap_index = 20052, .adv_w = 224, .box_w = 11, .box_h = 12, .ofs_x = 1, .ofs_y = -1},
    {.bitmap_index = 20069, .adv_w = 224, .box_w = 13, .box_h = 13, .ofs_x = 0, .ofs_y = -1},
    {.bitmap_index = 20091, .adv_w = 224, .box_w = 13, .box_h = 12, .ofs_x = 0, .ofs_y = -1},
    {.bitmap_index = 20111, .adv_w = 224, .box_w = 12, .box_h = 12, .ofs_x = 1, .ofs_y = -1},
    {.bitmap_index = 20129, .adv_w = 224, .box_w = 10, .box_h = 12, .ofs_x = 2, .ofs_y = -1},
    {.bitmap_index = 20144, .adv_w = 224, .box_w = 12, .box_h = 12, .ofs_x = 1, .ofs_y = -1},
    {.bitmap_index = 20162, .adv_w = 224, .box_w = 13, .box_h = 12, .ofs_x = 1, .ofs_y = -1},
    {.bitmap_index = 20182, .adv_w = 224, .box_w = 13, .box_h = 13, .ofs_x = 1, .ofs_y = -2},
    {.bitmap_index = 20204, .adv_w = 224, .box_w = 13, .box_h = 12, .ofs_x = 0, .ofs_y = -1},
    {.bitmap_index = 20224, .adv_w = 224, .box_w = 13, .box_h = 12, .ofs_x = 1, .ofs_y = -1},
    {.bitmap_index = 20244, .adv_w = 224, .box_w = 13, .box_h = 12, .ofs_x = 1, .ofs_y = -1},
    {.bitmap_index = 20264, .adv_w = 224, .box_w = 12, .box_h = 12, .ofs_x = 1, .ofs_y = -1},
    {.bitmap_index = 20282, .adv_w = 224, .box_w = 13, .box_h = 13, .ofs_x = 1, .ofs_y = -1},
    {.bitmap_index = 20304, .adv_w = 224, .box_w = 13, .box_h = 12, .ofs_x = 1, .ofs_y = -1},
    {.bitmap_index = 20324, .adv_w = 224, .box_w = 12, .box_h = 13, .ofs_x = 1, .ofs_y = -1},
    {.bitmap_index = 20344, .adv_w = 224, .box_w = 12, .box_h = 12, .ofs_x = 0, .ofs_y = -1},
    {.bitmap_index = 20362, .adv_w = 224, .box_w = 13, .box_h = 12, .ofs_x = 0, .ofs_y = -1},
    {.bitmap_index = 20382, .adv_w = 224, .box_w = 13, .box_h = 12, .ofs_x = 1, .ofs_y = -1},
    {.bitmap_index = 20402, .adv_w = 224, .box_w = 13, .box_h = 12, .ofs_x = 1, .ofs_y = -1},
    {.bitmap_index = 20422, .adv_w = 224, .box_w = 13, .box_h = 12, .ofs_x = 0, .ofs_y = -1},
    {.bitmap_index = 20442, .adv_w = 224, .box_w = 13, .box_h = 12, .ofs_x = 0, .ofs_y = -1},
    {.bitmap_index = 20462, .adv_w = 224, .box_w = 13, .box_h = 12, .ofs_x = 1, .ofs_y = -1},
    {.bitmap_index = 20482, .adv_w = 224, .box_w = 12, .box_h = 12, .ofs_x = 0, .ofs_y = -1},
    {.bitmap_index = 20500, .adv_w = 224, .box_w = 13, .box_h = 12, .ofs_x = 0, .ofs_y = -1},
    {.bitmap_index = 20520, .adv_w = 224, .box_w = 13, .box_h = 12, .ofs_x = 0, .ofs_y = -1},
    {.bitmap_index = 20540, .adv_w = 224, .box_w = 13, .box_h = 12, .ofs_x = 0, .ofs_y = -1},
    {.bitmap_index = 20560, .adv_w = 224, .box_w = 13, .box_h = 12, .ofs_x = 0, .ofs_y = -1},
    {.bitmap_index = 20580, .adv_w = 224, .box_w = 13, .box_h = 12, .ofs_x = 0, .ofs_y = -1},
    {.bitmap_index = 20600, .adv_w = 224, .box_w = 13, .box_h = 13, .ofs_x = 0, .ofs_y = -1},
    {.bitmap_index = 20622, .adv_w = 224, .box_w = 13, .box_h = 12, .ofs_x = 0, .ofs_y = -1},
    {.bitmap_index = 20642, .adv_w = 224, .box_w = 13, .box_h = 12, .ofs_x = 0, .ofs_y = -1},
    {.bitmap_index = 20662, .adv_w = 224, .box_w = 14, .box_h = 12, .ofs_x = 0, .ofs_y = -1},
    {.bitmap_index = 20683, .adv_w = 224, .box_w = 13, .box_h = 12, .ofs_x = 0, .ofs_y = -1},
    {.bitmap_index = 20703, .adv_w = 224, .box_w = 12, .box_h = 12, .ofs_x = 1, .ofs_y = -1},
    {.bitmap_index = 20721, .adv_w = 224, .box_w = 13, .box_h = 12, .ofs_x = 1, .ofs_y = -1},
    {.bitmap_index = 20741, .adv_w = 224, .box_w = 13, .box_h = 12, .ofs_x = 0, .ofs_y = -1},
    {.bitmap_index = 20761, .adv_w = 224, .box_w = 12, .box_h = 11, .ofs_x = 1, .ofs_y = -1},
    {.bitmap_index = 20778, .adv_w = 224, .box_w = 13, .box_h = 11, .ofs_x = 0, .ofs_y = -1},
    {.bitmap_index = 20796, .adv_w = 224, .box_w = 12, .box_h = 12, .ofs_x = 1, .ofs_y = -1},
    {.bitmap_index = 20814, .adv_w = 224, .box_w = 12, .box_h = 12, .ofs_x = 1, .ofs_y = -1},
    {.bitmap_index = 20832, .adv_w = 224, .box_w = 13, .box_h = 12, .ofs_x = 0, .ofs_y = -1},
    {.bitmap_index = 20852, .adv_w = 224, .box_w = 12, .box_h = 12, .ofs_x = 1, .ofs_y = -1},
    {.bitmap_index = 20870, .adv_w = 224, .box_w = 12, .box_h = 12, .ofs_x = 1, .ofs_y = -1},
    {.bitmap_index = 20888, .adv_w = 224, .box_w = 12, .box_h = 12, .ofs_x = 1, .ofs_y = -1},
    {.bitmap_index = 20906, .adv_w = 224, .box_w = 13, .box_h = 12, .ofs_x = 1, .ofs_y = -1},
    {.bitmap_index = 20926, .adv_w = 224, .box_w = 13, .box_h = 12, .ofs_x = 0, .ofs_y = -1},
    {.bitmap_index = 20946, .adv_w = 224, .box_w = 12, .box_h = 13, .ofs_x = 1, .ofs_y = -2},
    {.bitmap_index = 20966, .adv_w = 224, .box_w = 13, .box_h = 12, .ofs_x = 0, .ofs_y = -1},
    {.bitmap_index = 20986, .adv_w = 224, .box_w = 12, .box_h = 12, .ofs_x = 1, .ofs_y = -1},
    {.bitmap_index = 21004, .adv_w = 224, .box_w = 13, .box_h = 13, .ofs_x = 1, .ofs_y = -2},
    {.bitmap_index = 21026, .adv_w = 224, .box_w = 12, .box_h = 12, .ofs_x = 1, .ofs_y = -1},
    {.bitmap_index = 21044, .adv_w = 224, .box_w = 13, .box_h = 12, .ofs_x = 0, .ofs_y = -1},
    {.bitmap_index = 21064, .adv_w = 224, .box_w = 13, .box_h = 12, .ofs_x = 1, .ofs_y = -1},
    {.bitmap_index = 21084, .adv_w = 224, .box_w = 12, .box_h = 12, .ofs_x = 1, .ofs_y = -1},
    {.bitmap_index = 21102, .adv_w = 224, .box_w = 12, .box_h = 12, .ofs_x = 1, .ofs_y = -1},
    {.bitmap_index = 21120, .adv_w = 224, .box_w = 13, .box_h = 12, .ofs_x = 1, .ofs_y = -1},
    {.bitmap_index = 21140, .adv_w = 224, .box_w = 12, .box_h = 12, .ofs_x = 1, .ofs_y = -1},
    {.bitmap_index = 21158, .adv_w = 224, .box_w = 13, .box_h = 12, .ofs_x = 1, .ofs_y = -1},
    {.bitmap_index = 21178, .adv_w = 224, .box_w = 13, .box_h = 12, .ofs_x = 0, .ofs_y = -1},
    {.bitmap_index = 21198, .adv_w = 224, .box_w = 12, .box_h = 12, .ofs_x = 1, .ofs_y = -1},
    {.bitmap_index = 21216, .adv_w = 224, .box_w = 12, .box_h = 13, .ofs_x = 1, .ofs_y = -1},
    {.bitmap_index = 21236, .adv_w = 224, .box_w = 13, .box_h = 12, .ofs_x = 1, .ofs_y = -1},
    {.bitmap_index = 21256, .adv_w = 224, .box_w = 13, .box_h = 12, .ofs_x = 1, .ofs_y = -1},
    {.bitmap_index = 21276, .adv_w = 224, .box_w = 12, .box_h = 12, .ofs_x = 1, .ofs_y = -1},
    {.bitmap_index = 21294, .adv_w = 224, .box_w = 13, .box_h = 12, .ofs_x = 0, .ofs_y = -1},
    {.bitmap_index = 21314, .adv_w = 224, .box_w = 13, .box_h = 13, .ofs_x = 0, .ofs_y = -1},
    {.bitmap_index = 21336, .adv_w = 224, .box_w = 13, .box_h = 12, .ofs_x = 1, .ofs_y = -1},
    {.bitmap_index = 21356, .adv_w = 224, .box_w = 12, .box_h = 12, .ofs_x = 1, .ofs_y = -1},
    {.bitmap_index = 21374, .adv_w = 224, .box_w = 13, .box_h = 12, .ofs_x = 0, .ofs_y = -1},
    {.bitmap_index = 21394, .adv_w = 224, .box_w = 12, .box_h = 12, .ofs_x = 1, .ofs_y = -1},
    {.bitmap_index = 21412, .adv_w = 224, .box_w = 13, .box_h = 12, .ofs_x = 1, .ofs_y = -1},
    {.bitmap_index = 21432, .adv_w = 224, .box_w = 14, .box_h = 12, .ofs_x = 0, .ofs_y = -1},
    {.bitmap_index = 21453, .adv_w = 224, .box_w = 12, .box_h = 12, .ofs_x = 1, .ofs_y = -1},
    {.bitmap_index = 21471, .adv_w = 224, .box_w = 13, .box_h = 12, .ofs_x = 0, .ofs_y = -1},
    {.bitmap_index = 21491, .adv_w = 224, .box_w = 13, .box_h = 12, .ofs_x = 1, .ofs_y = -1},
    {.bitmap_index = 21511, .adv_w = 224, .box_w = 13, .box_h = 12, .ofs_x = 0, .ofs_y = -1},
    {.bitmap_index = 21531, .adv_w = 224, .box_w = 12, .box_h = 12, .ofs_x = 1, .ofs_y = -1},
    {.bitmap_index = 21549, .adv_w = 224, .box_w = 13, .box_h = 12, .ofs_x = 1, .ofs_y = -1},
    {.bitmap_index = 21569, .adv_w = 224, .box_w = 12, .box_h = 12, .ofs_x = 0, .ofs_y = -1},
    {.bitmap_index = 21587, .adv_w = 224, .box_w = 12, .box_h = 12, .ofs_x = 1, .ofs_y = -1},
    {.bitmap_index = 21605, .adv_w = 224, .box_w = 13, .box_h = 12, .ofs_x = 0, .ofs_y = -1},
    {.bitmap_index = 21625, .adv_w = 224, .box_w = 12, .box_h = 12, .ofs_x = 1, .ofs_y = -1},
    {.bitmap_index = 21643, .adv_w = 224, .box_w = 13, .box_h = 12, .ofs_x = 0, .ofs_y = -1},
    {.bitmap_index = 21663, .adv_w = 224, .box_w = 13, .box_h = 13, .ofs_x = 1, .ofs_y = -1},
    {.bitmap_index = 21685, .adv_w = 224, .box_w = 13, .box_h = 12, .ofs_x = 1, .ofs_y = -1},
    {.bitmap_index = 21705, .adv_w = 224, .box_w = 13, .box_h = 12, .ofs_x = 1, .ofs_y = -1},
    {.bitmap_index = 21725, .adv_w = 224, .box_w = 12, .box_h = 12, .ofs_x = 1, .ofs_y = -1},
    {.bitmap_index = 21743, .adv_w = 224, .box_w = 12, .box_h = 12, .ofs_x = 1, .ofs_y = -1},
    {.bitmap_index = 21761, .adv_w = 224, .box_w = 12, .box_h = 12, .ofs_x = 1, .ofs_y = -1},
    {.bitmap_index = 21779, .adv_w = 224, .box_w = 13, .box_h = 12, .ofs_x = 1, .ofs_y = -1},
    {.bitmap_index = 21799, .adv_w = 224, .box_w = 12, .box_h = 12, .ofs_x = 1, .ofs_y = -1},
    {.bitmap_index = 21817, .adv_w = 224, .box_w = 12, .box_h = 12, .ofs_x = 1, .ofs_y = -1},
    {.bitmap_index = 21835, .adv_w = 224, .box_w = 13, .box_h = 12, .ofs_x = 1, .ofs_y = -1},
    {.bitmap_index = 21855, .adv_w = 224, .box_w = 12, .box_h = 12, .ofs_x = 1, .ofs_y = -1},
    {.bitmap_index = 21873, .adv_w = 224, .box_w = 13, .box_h = 12, .ofs_x = 1, .ofs_y = -1},
    {.bitmap_index = 21893, .adv_w = 224, .box_w = 13, .box_h = 12, .ofs_x = 0, .ofs_y = -1},
    {.bitmap_index = 21913, .adv_w = 224, .box_w = 13, .box_h = 12, .ofs_x = 0, .ofs_y = -1},
    {.bitmap_index = 21933, .adv_w = 224, .box_w = 13, .box_h = 12, .ofs_x = 1, .ofs_y = -1},
    {.bitmap_index = 21953, .adv_w = 224, .box_w = 12, .box_h = 12, .ofs_x = 1, .ofs_y = -1},
    {.bitmap_index = 21971, .adv_w = 224, .box_w = 12, .box_h = 12, .ofs_x = 1, .ofs_y = -1},
    {.bitmap_index = 21989, .adv_w = 224, .box_w = 12, .box_h = 12, .ofs_x = 1, .ofs_y = -1},
    {.bitmap_index = 22007, .adv_w = 224, .box_w = 13, .box_h = 12, .ofs_x = 1, .ofs_y = -1},
    {.bitmap_index = 22027, .adv_w = 224, .box_w = 12, .box_h = 12, .ofs_x = 1, .ofs_y = -1},
    {.bitmap_index = 22045, .adv_w = 224, .box_w = 12, .box_h = 12, .ofs_x = 1, .ofs_y = -1},
    {.bitmap_index = 22063, .adv_w = 224, .box_w = 13, .box_h = 12, .ofs_x = 1, .ofs_y = -1},
    {.bitmap_index = 22083, .adv_w = 224, .box_w = 13, .box_h = 12, .ofs_x = 1, .ofs_y = -1},
    {.bitmap_index = 22103, .adv_w = 224, .box_w = 12, .box_h = 12, .ofs_x = 1, .ofs_y = -1},
    {.bitmap_index = 22121, .adv_w = 224, .box_w = 13, .box_h = 12, .ofs_x = 1, .ofs_y = -1},
    {.bitmap_index = 22141, .adv_w = 224, .box_w = 13, .box_h = 12, .ofs_x = 1, .ofs_y = -1},
    {.bitmap_index = 22161, .adv_w = 224, .box_w = 13, .box_h = 12, .ofs_x = 1, .ofs_y = -1},
    {.bitmap_index = 22181, .adv_w = 224, .box_w = 13, .box_h = 12, .ofs_x = 0, .ofs_y = -1},
    {.bitmap_index = 22201, .adv_w = 224, .box_w = 13, .box_h = 12, .ofs_x = 1, .ofs_y = -1},
    {.bitmap_index = 22221, .adv_w = 224, .box_w = 12, .box_h = 12, .ofs_x = 1, .ofs_y = -1},
    {.bitmap_index = 22239, .adv_w = 224, .box_w = 12, .box_h = 12, .ofs_x = 1, .ofs_y = -1},
    {.bitmap_index = 22257, .adv_w = 224, .box_w = 13, .box_h = 12, .ofs_x = 0, .ofs_y = -1},
    {.bitmap_index = 22277, .adv_w = 224, .box_w = 13, .box_h = 13, .ofs_x = 1, .ofs_y = -1},
    {.bitmap_index = 22299, .adv_w = 224, .box_w = 12, .box_h = 12, .ofs_x = 1, .ofs_y = -1},
    {.bitmap_index = 22317, .adv_w = 224, .box_w = 13, .box_h = 13, .ofs_x = 0, .ofs_y = -1},
    {.bitmap_index = 22339, .adv_w = 224, .box_w = 11, .box_h = 12, .ofs_x = 2, .ofs_y = -1},
    {.bitmap_index = 22356, .adv_w = 224, .box_w = 13, .box_h = 12, .ofs_x = 1, .ofs_y = -1},
    {.bitmap_index = 22376, .adv_w = 224, .box_w = 12, .box_h = 13, .ofs_x = 1, .ofs_y = -2},
    {.bitmap_index = 22396, .adv_w = 224, .box_w = 13, .box_h = 12, .ofs_x = 1, .ofs_y = -1},
    {.bitmap_index = 22416, .adv_w = 224, .box_w = 13, .box_h = 12, .ofs_x = 0, .ofs_y = -1},
    {.bitmap_index = 22436, .adv_w = 224, .box_w = 12, .box_h = 12, .ofs_x = 1, .ofs_y = -1},
    {.bitmap_index = 22454, .adv_w = 224, .box_w = 13, .box_h = 12, .ofs_x = 1, .ofs_y = -1},
    {.bitmap_index = 22474, .adv_w = 224, .box_w = 13, .box_h = 12, .ofs_x = 1, .ofs_y = -1},
    {.bitmap_index = 22494, .adv_w = 224, .box_w = 13, .box_h = 12, .ofs_x = 1, .ofs_y = -1},
    {.bitmap_index = 22514, .adv_w = 224, .box_w = 13, .box_h = 12, .ofs_x = 0, .ofs_y = -1},
    {.bitmap_index = 22534, .adv_w = 224, .box_w = 12, .box_h = 12, .ofs_x = 1, .ofs_y = -1},
    {.bitmap_index = 22552, .adv_w = 224, .box_w = 13, .box_h = 13, .ofs_x = 1, .ofs_y = -2},
    {.bitmap_index = 22574, .adv_w = 224, .box_w = 14, .box_h = 13, .ofs_x = 0, .ofs_y = -1},
    {.bitmap_index = 22597, .adv_w = 224, .box_w = 13, .box_h = 12, .ofs_x = 0, .ofs_y = -1},
    {.bitmap_index = 22617, .adv_w = 224, .box_w = 13, .box_h = 12, .ofs_x = 1, .ofs_y = -1},
    {.bitmap_index = 22637, .adv_w = 224, .box_w = 12, .box_h = 12, .ofs_x = 1, .ofs_y = -1},
    {.bitmap_index = 22655, .adv_w = 224, .box_w = 12, .box_h = 12, .ofs_x = 1, .ofs_y = -1},
    {.bitmap_index = 22673, .adv_w = 224, .box_w = 12, .box_h = 13, .ofs_x = 1, .ofs_y = -1},
    {.bitmap_index = 22693, .adv_w = 224, .box_w = 13, .box_h = 12, .ofs_x = 1, .ofs_y = -1},
    {.bitmap_index = 22713, .adv_w = 224, .box_w = 12, .box_h = 12, .ofs_x = 1, .ofs_y = -1},
    {.bitmap_index = 22731, .adv_w = 224, .box_w = 14, .box_h = 12, .ofs_x = 0, .ofs_y = -1},
    {.bitmap_index = 22752, .adv_w = 224, .box_w = 13, .box_h = 12, .ofs_x = 1, .ofs_y = -1},
    {.bitmap_index = 22772, .adv_w = 224, .box_w = 13, .box_h = 12, .ofs_x = 1, .ofs_y = -1},
    {.bitmap_index = 22792, .adv_w = 224, .box_w = 13, .box_h = 12, .ofs_x = 1, .ofs_y = -1},
    {.bitmap_index = 22812, .adv_w = 224, .box_w = 12, .box_h = 12, .ofs_x = 1, .ofs_y = -1},
    {.bitmap_index = 22830, .adv_w = 224, .box_w = 13, .box_h = 13, .ofs_x = 1, .ofs_y = -2},
    {.bitmap_index = 22852, .adv_w = 224, .box_w = 13, .box_h = 12, .ofs_x = 0, .ofs_y = -1},
    {.bitmap_index = 22872, .adv_w = 224, .box_w = 13, .box_h = 12, .ofs_x = 1, .ofs_y = -1},
    {.bitmap_index = 22892, .adv_w = 224, .box_w = 12, .box_h = 12, .ofs_x = 1, .ofs_y = -1},
    {.bitmap_index = 22910, .adv_w = 224, .box_w = 13, .box_h = 13, .ofs_x = 1, .ofs_y = -1},
    {.bitmap_index = 22932, .adv_w = 224, .box_w = 12, .box_h = 13, .ofs_x = 1, .ofs_y = -2},
    {.bitmap_index = 22952, .adv_w = 224, .box_w = 13, .box_h = 12, .ofs_x = 0, .ofs_y = -1},
    {.bitmap_index = 22972, .adv_w = 224, .box_w = 13, .box_h = 12, .ofs_x = 0, .ofs_y = -1},
    {.bitmap_index = 22992, .adv_w = 224, .box_w = 14, .box_h = 12, .ofs_x = 0, .ofs_y = -1},
    {.bitmap_index = 23013, .adv_w = 224, .box_w = 12, .box_h = 13, .ofs_x = 1, .ofs_y = -2},
    {.bitmap_index = 23033, .adv_w = 224, .box_w = 11, .box_h = 14, .ofs_x = 1, .ofs_y = -2},
    {.bitmap_index = 23053, .adv_w = 224, .box_w = 13, .box_h = 14, .ofs_x = 0, .ofs_y = -2},
    {.bitmap_index = 23076, .adv_w = 224, .box_w = 13, .box_h = 12, .ofs_x = 0, .ofs_y = -1},
    {.bitmap_index = 23096, .adv_w = 224, .box_w = 13, .box_h = 12, .ofs_x = 0, .ofs_y = -1},
    {.bitmap_index = 23116, .adv_w = 224, .box_w = 12, .box_h = 12, .ofs_x = 0, .ofs_y = -1},
    {.bitmap_index = 23134, .adv_w = 224, .box_w = 12, .box_h = 12, .ofs_x = 1, .ofs_y = -1},
    {.bitmap_index = 23152, .adv_w = 224, .box_w = 13, .box_h = 12, .ofs_x = 1, .ofs_y = -1},
    {.bitmap_index = 23172, .adv_w = 224, .box_w = 13, .box_h = 12, .ofs_x = 1, .ofs_y = -1},
    {.bitmap_index = 23192, .adv_w = 224, .box_w = 12, .box_h = 12, .ofs_x = 1, .ofs_y = -1},
    {.bitmap_index = 23210, .adv_w = 224, .box_w = 13, .box_h = 12, .ofs_x = 1, .ofs_y = -1},
    {.bitmap_index = 23230, .adv_w = 224, .box_w = 12, .box_h = 13, .ofs_x = 1, .ofs_y = -2},
    {.bitmap_index = 23250, .adv_w = 224, .box_w = 12, .box_h = 12, .ofs_x = 1, .ofs_y = -1},
    {.bitmap_index = 23268, .adv_w = 224, .box_w = 12, .box_h = 13, .ofs_x = 1, .ofs_y = -2},
    {.bitmap_index = 23288, .adv_w = 224, .box_w = 13, .box_h = 12, .ofs_x = 1, .ofs_y = -1},
    {.bitmap_index = 23308, .adv_w = 224, .box_w = 11, .box_h = 12, .ofs_x = 1, .ofs_y = -1},
    {.bitmap_index = 23325, .adv_w = 224, .box_w = 13, .box_h = 12, .ofs_x = 1, .ofs_y = -1},
    {.bitmap_index = 23345, .adv_w = 224, .box_w = 12, .box_h = 13, .ofs_x = 1, .ofs_y = -2},
    {.bitmap_index = 23365, .adv_w = 224, .box_w = 12, .box_h = 12, .ofs_x = 0, .ofs_y = -1},
    {.bitmap_index = 23383, .adv_w = 224, .box_w = 12, .box_h = 12, .ofs_x = 1, .ofs_y = -1},
    {.bitmap_index = 23401, .adv_w = 224, .box_w = 13, .box_h = 13, .ofs_x = 1, .ofs_y = -2},
    {.bitmap_index = 23423, .adv_w = 224, .box_w = 13, .box_h = 12, .ofs_x = 1, .ofs_y = -1},
    {.bitmap_index = 23443, .adv_w = 224, .box_w = 12, .box_h = 13, .ofs_x = 1, .ofs_y = -2},
    {.bitmap_index = 23463, .adv_w = 224, .box_w = 12, .box_h = 12, .ofs_x = 1, .ofs_y = -1},
    {.bitmap_index = 23481, .adv_w = 224, .box_w = 13, .box_h = 12, .ofs_x = 1, .ofs_y = -1},
    {.bitmap_index = 23501, .adv_w = 224, .box_w = 12, .box_h = 12, .ofs_x = 1, .ofs_y = -1},
    {.bitmap_index = 23519, .adv_w = 224, .box_w = 13, .box_h = 12, .ofs_x = 0, .ofs_y = -1},
    {.bitmap_index = 23539, .adv_w = 224, .box_w = 13, .box_h = 12, .ofs_x = 1, .ofs_y = -1},
    {.bitmap_index = 23559, .adv_w = 224, .box_w = 12, .box_h = 13, .ofs_x = 1, .ofs_y = -2},
    {.bitmap_index = 23579, .adv_w = 224, .box_w = 14, .box_h = 12, .ofs_x = 0, .ofs_y = -1},
    {.bitmap_index = 23600, .adv_w = 224, .box_w = 12, .box_h = 13, .ofs_x = 1, .ofs_y = -2},
    {.bitmap_index = 23620, .adv_w = 224, .box_w = 13, .box_h = 12, .ofs_x = 1, .ofs_y = -1},
    {.bitmap_index = 23640, .adv_w = 224, .box_w = 13, .box_h = 12, .ofs_x = 1, .ofs_y = -1},
    {.bitmap_index = 23660, .adv_w = 224, .box_w = 12, .box_h = 13, .ofs_x = 1, .ofs_y = -1},
    {.bitmap_index = 23680, .adv_w = 224, .box_w = 13, .box_h = 13, .ofs_x = 1, .ofs_y = -2},
    {.bitmap_index = 23702, .adv_w = 224, .box_w = 13, .box_h = 12, .ofs_x = 1, .ofs_y = -1},
    {.bitmap_index = 23722, .adv_w = 224, .box_w = 12, .box_h = 13, .ofs_x = 1, .ofs_y = -1},
    {.bitmap_index = 23742, .adv_w = 224, .box_w = 12, .box_h = 12, .ofs_x = 1, .ofs_y = -1},
    {.bitmap_index = 23760, .adv_w = 224, .box_w = 13, .box_h = 12, .ofs_x = 1, .ofs_y = -1},
    {.bitmap_index = 23780, .adv_w = 224, .box_w = 12, .box_h = 12, .ofs_x = 1, .ofs_y = -1},
    {.bitmap_index = 23798, .adv_w = 224, .box_w = 12, .box_h = 12, .ofs_x = 1, .ofs_y = -1},
    {.bitmap_index = 23816, .adv_w = 224, .box_w = 13, .box_h = 12, .ofs_x = 0, .ofs_y = -1},
    {.bitmap_index = 23836, .adv_w = 224, .box_w = 13, .box_h = 12, .ofs_x = 1, .ofs_y = -1},
    {.bitmap_index = 23856, .adv_w = 224, .box_w = 13, .box_h = 12, .ofs_x = 1, .ofs_y = -1},
    {.bitmap_index = 23876, .adv_w = 224, .box_w = 13, .box_h = 12, .ofs_x = 1, .ofs_y = -1},
    {.bitmap_index = 23896, .adv_w = 224, .box_w = 12, .box_h = 13, .ofs_x = 1, .ofs_y = -2},
    {.bitmap_index = 23916, .adv_w = 224, .box_w = 12, .box_h = 12, .ofs_x = 1, .ofs_y = -1},
    {.bitmap_index = 23934, .adv_w = 224, .box_w = 13, .box_h = 12, .ofs_x = 1, .ofs_y = -1},
    {.bitmap_index = 23954, .adv_w = 224, .box_w = 12, .box_h = 12, .ofs_x = 1, .ofs_y = -1},
    {.bitmap_index = 23972, .adv_w = 224, .box_w = 13, .box_h = 12, .ofs_x = 1, .ofs_y = -1},
    {.bitmap_index = 23992, .adv_w = 224, .box_w = 13, .box_h = 13, .ofs_x = 1, .ofs_y = -2},
    {.bitmap_index = 24014, .adv_w = 224, .box_w = 13, .box_h = 12, .ofs_x = 1, .ofs_y = -1},
    {.bitmap_index = 24034, .adv_w = 224, .box_w = 12, .box_h = 12, .ofs_x = 1, .ofs_y = -1},
    {.bitmap_index = 24052, .adv_w = 224, .box_w = 12, .box_h = 12, .ofs_x = 1, .ofs_y = -1},
    {.bitmap_index = 24070, .adv_w = 224, .box_w = 13, .box_h = 12, .ofs_x = 0, .ofs_y = -1},
    {.bitmap_index = 24090, .adv_w = 224, .box_w = 12, .box_h = 13, .ofs_x = 1, .ofs_y = -2},
    {.bitmap_index = 24110, .adv_w = 224, .box_w = 12, .box_h = 13, .ofs_x = 1, .ofs_y = -2},
    {.bitmap_index = 24130, .adv_w = 224, .box_w = 13, .box_h = 12, .ofs_x = 1, .ofs_y = -1},
    {.bitmap_index = 24150, .adv_w = 224, .box_w = 13, .box_h = 12, .ofs_x = 0, .ofs_y = -1},
    {.bitmap_index = 24170, .adv_w = 224, .box_w = 12, .box_h = 13, .ofs_x = 1, .ofs_y = -2},
    {.bitmap_index = 24190, .adv_w = 224, .box_w = 13, .box_h = 12, .ofs_x = 1, .ofs_y = -1},
    {.bitmap_index = 24210, .adv_w = 224, .box_w = 11, .box_h = 12, .ofs_x = 1, .ofs_y = -1},
    {.bitmap_index = 24227, .adv_w = 224, .box_w = 12, .box_h = 13, .ofs_x = 1, .ofs_y = -2},
    {.bitmap_index = 24247, .adv_w = 224, .box_w = 12, .box_h = 13, .ofs_x = 1, .ofs_y = -2},
    {.bitmap_index = 24267, .adv_w = 224, .box_w = 12, .box_h = 12, .ofs_x = 1, .ofs_y = -1},
    {.bitmap_index = 24285, .adv_w = 224, .box_w = 12, .box_h = 12, .ofs_x = 1, .ofs_y = -1},
    {.bitmap_index = 24303, .adv_w = 224, .box_w = 13, .box_h = 12, .ofs_x = 1, .ofs_y = -1},
    {.bitmap_index = 24323, .adv_w = 224, .box_w = 12, .box_h = 12, .ofs_x = 0, .ofs_y = -1},
    {.bitmap_index = 24341, .adv_w = 224, .box_w = 12, .box_h = 12, .ofs_x = 1, .ofs_y = -1},
    {.bitmap_index = 24359, .adv_w = 224, .box_w = 13, .box_h = 12, .ofs_x = 1, .ofs_y = -1},
    {.bitmap_index = 24379, .adv_w = 224, .box_w = 12, .box_h = 12, .ofs_x = 1, .ofs_y = -1},
    {.bitmap_index = 24397, .adv_w = 224, .box_w = 13, .box_h = 12, .ofs_x = 1, .ofs_y = -1},
    {.bitmap_index = 24417, .adv_w = 224, .box_w = 13, .box_h = 12, .ofs_x = 1, .ofs_y = -1},
    {.bitmap_index = 24437, .adv_w = 224, .box_w = 13, .box_h = 12, .ofs_x = 1, .ofs_y = -1},
    {.bitmap_index = 24457, .adv_w = 224, .box_w = 13, .box_h = 12, .ofs_x = 1, .ofs_y = -1},
    {.bitmap_index = 24477, .adv_w = 224, .box_w = 12, .box_h = 12, .ofs_x = 1, .ofs_y = -1},
    {.bitmap_index = 24495, .adv_w = 224, .box_w = 13, .box_h = 12, .ofs_x = 1, .ofs_y = -1},
    {.bitmap_index = 24515, .adv_w = 224, .box_w = 12, .box_h = 13, .ofs_x = 1, .ofs_y = -2},
    {.bitmap_index = 24535, .adv_w = 224, .box_w = 13, .box_h = 12, .ofs_x = 1, .ofs_y = -1},
    {.bitmap_index = 24555, .adv_w = 224, .box_w = 13, .box_h = 12, .ofs_x = 1, .ofs_y = -1},
    {.bitmap_index = 24575, .adv_w = 224, .box_w = 13, .box_h = 12, .ofs_x = 1, .ofs_y = -1},
    {.bitmap_index = 24595, .adv_w = 224, .box_w = 13, .box_h = 12, .ofs_x = 0, .ofs_y = -1},
    {.bitmap_index = 24615, .adv_w = 224, .box_w = 13, .box_h = 13, .ofs_x = 1, .ofs_y = -2},
    {.bitmap_index = 24637, .adv_w = 224, .box_w = 12, .box_h = 12, .ofs_x = 1, .ofs_y = -1},
    {.bitmap_index = 24655, .adv_w = 224, .box_w = 13, .box_h = 12, .ofs_x = 0, .ofs_y = -1},
    {.bitmap_index = 24675, .adv_w = 224, .box_w = 13, .box_h = 13, .ofs_x = 0, .ofs_y = -2},
    {.bitmap_index = 24697, .adv_w = 224, .box_w = 13, .box_h = 12, .ofs_x = 1, .ofs_y = -1},
    {.bitmap_index = 24717, .adv_w = 224, .box_w = 12, .box_h = 12, .ofs_x = 1, .ofs_y = -1},
    {.bitmap_index = 24735, .adv_w = 224, .box_w = 13, .box_h = 12, .ofs_x = 0, .ofs_y = -1},
    {.bitmap_index = 24755, .adv_w = 224, .box_w = 13, .box_h = 13, .ofs_x = 0, .ofs_y = -2},
    {.bitmap_index = 24777, .adv_w = 224, .box_w = 12, .box_h = 12, .ofs_x = 1, .ofs_y = -1},
    {.bitmap_index = 24795, .adv_w = 224, .box_w = 13, .box_h = 13, .ofs_x = 1, .ofs_y = -2},
    {.bitmap_index = 24817, .adv_w = 224, .box_w = 12, .box_h = 12, .ofs_x = 1, .ofs_y = -1},
    {.bitmap_index = 24835, .adv_w = 224, .box_w = 13, .box_h = 12, .ofs_x = 1, .ofs_y = -1},
    {.bitmap_index = 24855, .adv_w = 224, .box_w = 13, .box_h = 12, .ofs_x = 1, .ofs_y = -1},
    {.bitmap_index = 24875, .adv_w = 224, .box_w = 13, .box_h = 13, .ofs_x = 1, .ofs_y = -2},
    {.bitmap_index = 24897, .adv_w = 224, .box_w = 13, .box_h = 12, .ofs_x = 0, .ofs_y = -1},
    {.bitmap_index = 24917, .adv_w = 224, .box_w = 13, .box_h = 13, .ofs_x = 0, .ofs_y = -2},
    {.bitmap_index = 24939, .adv_w = 224, .box_w = 13, .box_h = 13, .ofs_x = 0, .ofs_y = -2},
    {.bitmap_index = 24961, .adv_w = 224, .box_w = 13, .box_h = 12, .ofs_x = 1, .ofs_y = -1},
    {.bitmap_index = 24981, .adv_w = 224, .box_w = 13, .box_h = 12, .ofs_x = 1, .ofs_y = -1},
    {.bitmap_index = 25001, .adv_w = 224, .box_w = 13, .box_h = 12, .ofs_x = 0, .ofs_y = -1},
    {.bitmap_index = 25021, .adv_w = 224, .box_w = 13, .box_h = 12, .ofs_x = 1, .ofs_y = -1},
    {.bitmap_index = 25041, .adv_w = 224, .box_w = 12, .box_h = 13, .ofs_x = 1, .ofs_y = -1},
    {.bitmap_index = 25061, .adv_w = 224, .box_w = 13, .box_h = 13, .ofs_x = 1, .ofs_y = -2},
    {.bitmap_index = 25083, .adv_w = 224, .box_w = 13, .box_h = 12, .ofs_x = 0, .ofs_y = -1},
    {.bitmap_index = 25103, .adv_w = 224, .box_w = 13, .box_h = 13, .ofs_x = 1, .ofs_y = -2},
    {.bitmap_index = 25125, .adv_w = 224, .box_w = 13, .box_h = 12, .ofs_x = 0, .ofs_y = -1},
    {.bitmap_index = 25145, .adv_w = 224, .box_w = 13, .box_h = 12, .ofs_x = 0, .ofs_y = -1},
    {.bitmap_index = 25165, .adv_w = 224, .box_w = 13, .box_h = 13, .ofs_x = 1, .ofs_y = -2},
    {.bitmap_index = 25187, .adv_w = 224, .box_w = 13, .box_h = 12, .ofs_x = 1, .ofs_y = -1},
    {.bitmap_index = 25207, .adv_w = 224, .box_w = 12, .box_h = 13, .ofs_x = 0, .ofs_y = -1},
    {.bitmap_index = 25227, .adv_w = 224, .box_w = 12, .box_h = 12, .ofs_x = 1, .ofs_y = -1},
    {.bitmap_index = 25245, .adv_w = 224, .box_w = 12, .box_h = 12, .ofs_x = 1, .ofs_y = -1},
    {.bitmap_index = 25263, .adv_w = 224, .box_w = 12, .box_h = 12, .ofs_x = 0, .ofs_y = -1},
    {.bitmap_index = 25281, .adv_w = 224, .box_w = 13, .box_h = 12, .ofs_x = 1, .ofs_y = -1},
    {.bitmap_index = 25301, .adv_w = 224, .box_w = 12, .box_h = 12, .ofs_x = 1, .ofs_y = -1},
    {.bitmap_index = 25319, .adv_w = 224, .box_w = 13, .box_h = 13, .ofs_x = 1, .ofs_y = -2},
    {.bitmap_index = 25341, .adv_w = 224, .box_w = 11, .box_h = 12, .ofs_x = 1, .ofs_y = -1},
    {.bitmap_index = 25358, .adv_w = 224, .box_w = 13, .box_h = 12, .ofs_x = 1, .ofs_y = -1},
    {.bitmap_index = 25378, .adv_w = 224, .box_w = 13, .box_h = 12, .ofs_x = 0, .ofs_y = -1},
    {.bitmap_index = 25398, .adv_w = 224, .box_w = 12, .box_h = 13, .ofs_x = 1, .ofs_y = -2},
    {.bitmap_index = 25418, .adv_w = 224, .box_w = 13, .box_h = 13, .ofs_x = 1, .ofs_y = -2},
    {.bitmap_index = 25440, .adv_w = 224, .box_w = 13, .box_h = 12, .ofs_x = 0, .ofs_y = -1},
    {.bitmap_index = 25460, .adv_w = 224, .box_w = 12, .box_h = 12, .ofs_x = 1, .ofs_y = -1},
    {.bitmap_index = 25478, .adv_w = 224, .box_w = 14, .box_h = 12, .ofs_x = 0, .ofs_y = -1},
    {.bitmap_index = 25499, .adv_w = 224, .box_w = 12, .box_h = 12, .ofs_x = 1, .ofs_y = -1},
    {.bitmap_index = 25517, .adv_w = 224, .box_w = 12, .box_h = 12, .ofs_x = 0, .ofs_y = -1},
    {.bitmap_index = 25535, .adv_w = 224, .box_w = 13, .box_h = 12, .ofs_x = 1, .ofs_y = -1},
    {.bitmap_index = 25555, .adv_w = 224, .box_w = 13, .box_h = 13, .ofs_x = 0, .ofs_y = -2},
    {.bitmap_index = 25577, .adv_w = 224, .box_w = 13, .box_h = 12, .ofs_x = 0, .ofs_y = -1},
    {.bitmap_index = 25597, .adv_w = 224, .box_w = 13, .box_h = 13, .ofs_x = 0, .ofs_y = -2},
    {.bitmap_index = 25619, .adv_w = 224, .box_w = 13, .box_h = 12, .ofs_x = 1, .ofs_y = -1},
    {.bitmap_index = 25639, .adv_w = 224, .box_w = 13, .box_h = 13, .ofs_x = 1, .ofs_y = -2},
    {.bitmap_index = 25661, .adv_w = 224, .box_w = 13, .box_h = 12, .ofs_x = 1, .ofs_y = -1},
    {.bitmap_index = 25681, .adv_w = 224, .box_w = 13, .box_h = 13, .ofs_x = 0, .ofs_y = -2},
    {.bitmap_index = 25703, .adv_w = 224, .box_w = 12, .box_h = 12, .ofs_x = 0, .ofs_y = -1},
    {.bitmap_index = 25721, .adv_w = 224, .box_w = 12, .box_h = 12, .ofs_x = 1, .ofs_y = -1},
    {.bitmap_index = 25739, .adv_w = 224, .box_w = 13, .box_h = 12, .ofs_x = 1, .ofs_y = -1},
    {.bitmap_index = 25759, .adv_w = 224, .box_w = 13, .box_h = 12, .ofs_x = 0, .ofs_y = -1},
    {.bitmap_index = 25779, .adv_w = 224, .box_w = 12, .box_h = 12, .ofs_x = 0, .ofs_y = -1},
    {.bitmap_index = 25797, .adv_w = 224, .box_w = 13, .box_h = 12, .ofs_x = 1, .ofs_y = -1},
    {.bitmap_index = 25817, .adv_w = 224, .box_w = 12, .box_h = 12, .ofs_x = 1, .ofs_y = -1},
    {.bitmap_index = 25835, .adv_w = 224, .box_w = 13, .box_h = 12, .ofs_x = 1, .ofs_y = -1},
    {.bitmap_index = 25855, .adv_w = 224, .box_w = 13, .box_h = 13, .ofs_x = 0, .ofs_y = -2},
    {.bitmap_index = 25877, .adv_w = 224, .box_w = 13, .box_h = 12, .ofs_x = 1, .ofs_y = -1},
    {.bitmap_index = 25897, .adv_w = 224, .box_w = 14, .box_h = 12, .ofs_x = 0, .ofs_y = -1},
    {.bitmap_index = 25918, .adv_w = 224, .box_w = 13, .box_h = 12, .ofs_x = 1, .ofs_y = -1},
    {.bitmap_index = 25938, .adv_w = 224, .box_w = 13, .box_h = 12, .ofs_x = 1, .ofs_y = -1},
    {.bitmap_index = 25958, .adv_w = 224, .box_w = 14, .box_h = 12, .ofs_x = 0, .ofs_y = -1},
    {.bitmap_index = 25979, .adv_w = 224, .box_w = 13, .box_h = 12, .ofs_x = 1, .ofs_y = -1},
    {.bitmap_index = 25999, .adv_w = 224, .box_w = 14, .box_h = 12, .ofs_x = 0, .ofs_y = -1},
    {.bitmap_index = 26020, .adv_w = 224, .box_w = 14, .box_h = 12, .ofs_x = 0, .ofs_y = -1},
    {.bitmap_index = 26041, .adv_w = 224, .box_w = 13, .box_h = 12, .ofs_x = 0, .ofs_y = -1},
    {.bitmap_index = 26061, .adv_w = 224, .box_w = 12, .box_h = 12, .ofs_x = 1, .ofs_y = -1},
    {.bitmap_index = 26079, .adv_w = 224, .box_w = 13, .box_h = 12, .ofs_x = 0, .ofs_y = -1},
    {.bitmap_index = 26099, .adv_w = 224, .box_w = 13, .box_h = 12, .ofs_x = 1, .ofs_y = -1},
    {.bitmap_index = 26119, .adv_w = 224, .box_w = 13, .box_h = 12, .ofs_x = 1, .ofs_y = -1},
    {.bitmap_index = 26139, .adv_w = 224, .box_w = 13, .box_h = 12, .ofs_x = 0, .ofs_y = -1},
    {.bitmap_index = 26159, .adv_w = 224, .box_w = 13, .box_h = 12, .ofs_x = 0, .ofs_y = -1},
    {.bitmap_index = 26179, .adv_w = 224, .box_w = 14, .box_h = 12, .ofs_x = 0, .ofs_y = -1},
    {.bitmap_index = 26200, .adv_w = 224, .box_w = 14, .box_h = 12, .ofs_x = 0, .ofs_y = -1},
    {.bitmap_index = 26221, .adv_w = 224, .box_w = 13, .box_h = 12, .ofs_x = 1, .ofs_y = -1},
    {.bitmap_index = 26241, .adv_w = 224, .box_w = 13, .box_h = 13, .ofs_x = 1, .ofs_y = -1},
    {.bitmap_index = 26263, .adv_w = 224, .box_w = 12, .box_h = 12, .ofs_x = 1, .ofs_y = -1},
    {.bitmap_index = 26281, .adv_w = 224, .box_w = 13, .box_h = 13, .ofs_x = 1, .ofs_y = -2},
    {.bitmap_index = 26303, .adv_w = 224, .box_w = 12, .box_h = 12, .ofs_x = 0, .ofs_y = -1},
    {.bitmap_index = 26321, .adv_w = 224, .box_w = 13, .box_h = 12, .ofs_x = 0, .ofs_y = -1},
    {.bitmap_index = 26341, .adv_w = 224, .box_w = 13, .box_h = 12, .ofs_x = 0, .ofs_y = -1},
    {.bitmap_index = 26361, .adv_w = 224, .box_w = 13, .box_h = 13, .ofs_x = 0, .ofs_y = -2},
    {.bitmap_index = 26383, .adv_w = 224, .box_w = 12, .box_h = 12, .ofs_x = 1, .ofs_y = -1},
    {.bitmap_index = 26401, .adv_w = 224, .box_w = 13, .box_h = 13, .ofs_x = 1, .ofs_y = -2},
    {.bitmap_index = 26423, .adv_w = 224, .box_w = 13, .box_h = 12, .ofs_x = 0, .ofs_y = -1},
    {.bitmap_index = 26443, .adv_w = 224, .box_w = 12, .box_h = 12, .ofs_x = 1, .ofs_y = -1},
    {.bitmap_index = 26461, .adv_w = 224, .box_w = 13, .box_h = 12, .ofs_x = 0, .ofs_y = -1},
    {.bitmap_index = 26481, .adv_w = 224, .box_w = 13, .box_h = 12, .ofs_x = 0, .ofs_y = -1},
    {.bitmap_index = 26501, .adv_w = 224, .box_w = 13, .box_h = 12, .ofs_x = 1, .ofs_y = -1},
    {.bitmap_index = 26521, .adv_w = 224, .box_w = 13, .box_h = 12, .ofs_x = 1, .ofs_y = -1},
    {.bitmap_index = 26541, .adv_w = 224, .box_w = 13, .box_h = 13, .ofs_x = 0, .ofs_y = -2},
    {.bitmap_index = 26563, .adv_w = 224, .box_w = 13, .box_h = 14, .ofs_x = 1, .ofs_y = -2},
    {.bitmap_index = 26586, .adv_w = 224, .box_w = 13, .box_h = 13, .ofs_x = 0, .ofs_y = -1},
    {.bitmap_index = 26608, .adv_w = 224, .box_w = 14, .box_h = 12, .ofs_x = 0, .ofs_y = -1},
    {.bitmap_index = 26629, .adv_w = 224, .box_w = 13, .box_h = 13, .ofs_x = 0, .ofs_y = -1},
    {.bitmap_index = 26651, .adv_w = 224, .box_w = 13, .box_h = 12, .ofs_x = 0, .ofs_y = -1},
    {.bitmap_index = 26671, .adv_w = 224, .box_w = 12, .box_h = 12, .ofs_x = 1, .ofs_y = -1},
    {.bitmap_index = 26689, .adv_w = 224, .box_w = 13, .box_h = 13, .ofs_x = 0, .ofs_y = -2},
    {.bitmap_index = 26711, .adv_w = 224, .box_w = 13, .box_h = 12, .ofs_x = 0, .ofs_y = -1},
    {.bitmap_index = 26731, .adv_w = 224, .box_w = 12, .box_h = 13, .ofs_x = 1, .ofs_y = -2},
    {.bitmap_index = 26751, .adv_w = 224, .box_w = 13, .box_h = 12, .ofs_x = 1, .ofs_y = -1},
    {.bitmap_index = 26771, .adv_w = 224, .box_w = 13, .box_h = 12, .ofs_x = 0, .ofs_y = -1},
    {.bitmap_index = 26791, .adv_w = 224, .box_w = 14, .box_h = 12, .ofs_x = 0, .ofs_y = -1},
    {.bitmap_index = 26812, .adv_w = 224, .box_w = 12, .box_h = 12, .ofs_x = 1, .ofs_y = -1},
    {.bitmap_index = 26830, .adv_w = 224, .box_w = 13, .box_h = 12, .ofs_x = 0, .ofs_y = -1},
    {.bitmap_index = 26850, .adv_w = 224, .box_w = 13, .box_h = 12, .ofs_x = 0, .ofs_y = -1},
    {.bitmap_index = 26870, .adv_w = 224, .box_w = 13, .box_h = 13, .ofs_x = 0, .ofs_y = -2},
    {.bitmap_index = 26892, .adv_w = 224, .box_w = 13, .box_h = 12, .ofs_x = 0, .ofs_y = -1},
    {.bitmap_index = 26912, .adv_w = 224, .box_w = 13, .box_h = 12, .ofs_x = 0, .ofs_y = -1},
    {.bitmap_index = 26932, .adv_w = 224, .box_w = 13, .box_h = 12, .ofs_x = 0, .ofs_y = -1},
    {.bitmap_index = 26952, .adv_w = 224, .box_w = 13, .box_h = 13, .ofs_x = 0, .ofs_y = -2},
    {.bitmap_index = 26974, .adv_w = 224, .box_w = 14, .box_h = 12, .ofs_x = 0, .ofs_y = -1},
    {.bitmap_index = 26995, .adv_w = 224, .box_w = 13, .box_h = 12, .ofs_x = 0, .ofs_y = -1},
    {.bitmap_index = 27015, .adv_w = 224, .box_w = 13, .box_h = 12, .ofs_x = 1, .ofs_y = -1},
    {.bitmap_index = 27035, .adv_w = 224, .box_w = 13, .box_h = 12, .ofs_x = 0, .ofs_y = -1},
    {.bitmap_index = 27055, .adv_w = 224, .box_w = 13, .box_h = 12, .ofs_x = 0, .ofs_y = -1},
    {.bitmap_index = 27075, .adv_w = 224, .box_w = 12, .box_h = 13, .ofs_x = 1, .ofs_y = -2},
    {.bitmap_index = 27095, .adv_w = 224, .box_w = 13, .box_h = 13, .ofs_x = 0, .ofs_y = -1},
    {.bitmap_index = 27117, .adv_w = 224, .box_w = 13, .box_h = 12, .ofs_x = 0, .ofs_y = -1},
    {.bitmap_index = 27137, .adv_w = 224, .box_w = 13, .box_h = 13, .ofs_x = 1, .ofs_y = -2},
    {.bitmap_index = 27159, .adv_w = 224, .box_w = 13, .box_h = 13, .ofs_x = 0, .ofs_y = -2},
    {.bitmap_index = 27181, .adv_w = 224, .box_w = 13, .box_h = 13, .ofs_x = 0, .ofs_y = -2},
    {.bitmap_index = 27203, .adv_w = 224, .box_w = 12, .box_h = 12, .ofs_x = 1, .ofs_y = -1},
    {.bitmap_index = 27221, .adv_w = 224, .box_w = 13, .box_h = 12, .ofs_x = 0, .ofs_y = -1},
    {.bitmap_index = 27241, .adv_w = 224, .box_w = 12, .box_h = 14, .ofs_x = 2, .ofs_y = -2},
    {.bitmap_index = 27262, .adv_w = 224, .box_w = 13, .box_h = 13, .ofs_x = 1, .ofs_y = -1},
    {.bitmap_index = 27284, .adv_w = 224, .box_w = 12, .box_h = 12, .ofs_x = 1, .ofs_y = -1},
    {.bitmap_index = 27302, .adv_w = 224, .box_w = 14, .box_h = 12, .ofs_x = 0, .ofs_y = -1},
    {.bitmap_index = 27323, .adv_w = 224, .box_w = 13, .box_h = 13, .ofs_x = 0, .ofs_y = -2},
    {.bitmap_index = 27345, .adv_w = 224, .box_w = 14, .box_h = 13, .ofs_x = 0, .ofs_y = -2},
    {.bitmap_index = 27368, .adv_w = 224, .box_w = 13, .box_h = 12, .ofs_x = 1, .ofs_y = -1},
    {.bitmap_index = 27388, .adv_w = 224, .box_w = 13, .box_h = 13, .ofs_x = 0, .ofs_y = -1},
    {.bitmap_index = 27410, .adv_w = 224, .box_w = 12, .box_h = 12, .ofs_x = 1, .ofs_y = -1},
    {.bitmap_index = 27428, .adv_w = 224, .box_w = 14, .box_h = 12, .ofs_x = 0, .ofs_y = -1},
    {.bitmap_index = 27449, .adv_w = 224, .box_w = 14, .box_h = 13, .ofs_x = 0, .ofs_y = -2},
    {.bitmap_index = 27472, .adv_w = 224, .box_w = 12, .box_h = 12, .ofs_x = 1, .ofs_y = -1},
    {.bitmap_index = 27490, .adv_w = 224, .box_w = 14, .box_h = 13, .ofs_x = 0, .ofs_y = -1},
    {.bitmap_index = 27513, .adv_w = 224, .box_w = 13, .box_h = 12, .ofs_x = 1, .ofs_y = -1},
    {.bitmap_index = 27533, .adv_w = 224, .box_w = 13, .box_h = 12, .ofs_x = 1, .ofs_y = -1},
    {.bitmap_index = 27553, .adv_w = 224, .box_w = 13, .box_h = 12, .ofs_x = 1, .ofs_y = -1},
    {.bitmap_index = 27573, .adv_w = 224, .box_w = 13, .box_h = 12, .ofs_x = 0, .ofs_y = -1},
    {.bitmap_index = 27593, .adv_w = 224, .box_w = 13, .box_h = 12, .ofs_x = 1, .ofs_y = -1},
    {.bitmap_index = 27613, .adv_w = 224, .box_w = 13, .box_h = 12, .ofs_x = 0, .ofs_y = -1},
    {.bitmap_index = 27633, .adv_w = 224, .box_w = 13, .box_h = 12, .ofs_x = 1, .ofs_y = -1},
    {.bitmap_index = 27653, .adv_w = 224, .box_w = 11, .box_h = 11, .ofs_x = 1, .ofs_y = -1},
    {.bitmap_index = 27669, .adv_w = 224, .box_w = 14, .box_h = 12, .ofs_x = 0, .ofs_y = -1},
    {.bitmap_index = 27690, .adv_w = 224, .box_w = 13, .box_h = 12, .ofs_x = 0, .ofs_y = -1},
    {.bitmap_index = 27710, .adv_w = 224, .box_w = 11, .box_h = 12, .ofs_x = 2, .ofs_y = -1},
    {.bitmap_index = 27727, .adv_w = 224, .box_w = 13, .box_h = 12, .ofs_x = 0, .ofs_y = -1},
    {.bitmap_index = 27747, .adv_w = 224, .box_w = 13, .box_h = 12, .ofs_x = 1, .ofs_y = -1},
    {.bitmap_index = 27767, .adv_w = 224, .box_w = 12, .box_h = 12, .ofs_x = 0, .ofs_y = -1},
    {.bitmap_index = 27785, .adv_w = 224, .box_w = 12, .box_h = 12, .ofs_x = 1, .ofs_y = -1},
    {.bitmap_index = 27803, .adv_w = 224, .box_w = 12, .box_h = 12, .ofs_x = 1, .ofs_y = -1},
    {.bitmap_index = 27821, .adv_w = 224, .box_w = 13, .box_h = 12, .ofs_x = 0, .ofs_y = -1},
    {.bitmap_index = 27841, .adv_w = 224, .box_w = 13, .box_h = 12, .ofs_x = 1, .ofs_y = -1},
    {.bitmap_index = 27861, .adv_w = 224, .box_w = 12, .box_h = 12, .ofs_x = 1, .ofs_y = -1},
    {.bitmap_index = 27879, .adv_w = 224, .box_w = 12, .box_h = 12, .ofs_x = 1, .ofs_y = -1},
    {.bitmap_index = 27897, .adv_w = 224, .box_w = 12, .box_h = 13, .ofs_x = 1, .ofs_y = -1},
    {.bitmap_index = 27917, .adv_w = 224, .box_w = 12, .box_h = 12, .ofs_x = 1, .ofs_y = -1},
    {.bitmap_index = 27935, .adv_w = 224, .box_w = 13, .box_h = 14, .ofs_x = 0, .ofs_y = -2},
    {.bitmap_index = 27958, .adv_w = 224, .box_w = 12, .box_h = 12, .ofs_x = 1, .ofs_y = -1},
    {.bitmap_index = 27976, .adv_w = 224, .box_w = 13, .box_h = 14, .ofs_x = 0, .ofs_y = -2},
    {.bitmap_index = 27999, .adv_w = 224, .box_w = 13, .box_h = 12, .ofs_x = 0, .ofs_y = -1},
    {.bitmap_index = 28019, .adv_w = 224, .box_w = 14, .box_h = 13, .ofs_x = 0, .ofs_y = -1},
    {.bitmap_index = 28042, .adv_w = 224, .box_w = 14, .box_h = 14, .ofs_x = 0, .ofs_y = -2},
    {.bitmap_index = 28067, .adv_w = 224, .box_w = 12, .box_h = 11, .ofs_x = 1, .ofs_y = -1},
    {.bitmap_index = 28084, .adv_w = 224, .box_w = 12, .box_h = 11, .ofs_x = 1, .ofs_y = -1},
    {.bitmap_index = 28101, .adv_w = 224, .box_w = 8, .box_h = 11, .ofs_x = 3, .ofs_y = -1},
    {.bitmap_index = 28112, .adv_w = 224, .box_w = 13, .box_h = 11, .ofs_x = 0, .ofs_y = 0},
    {.bitmap_index = 28130, .adv_w = 224, .box_w = 10, .box_h = 10, .ofs_x = 2, .ofs_y = 0},
    {.bitmap_index = 28143, .adv_w = 224, .box_w = 11, .box_h = 12, .ofs_x = 3, .ofs_y = -1},
    {.bitmap_index = 28160, .adv_w = 224, .box_w = 13, .box_h = 12, .ofs_x = 1, .ofs_y = -1},
    {.bitmap_index = 28180, .adv_w = 224, .box_w = 12, .box_h = 12, .ofs_x = 0, .ofs_y = -1},
    {.bitmap_index = 28198, .adv_w = 224, .box_w = 12, .box_h = 12, .ofs_x = 1, .ofs_y = -1},
    {.bitmap_index = 28216, .adv_w = 224, .box_w = 13, .box_h = 12, .ofs_x = 1, .ofs_y = -1},
    {.bitmap_index = 28236, .adv_w = 224, .box_w = 12, .box_h = 13, .ofs_x = 1, .ofs_y = -2},
    {.bitmap_index = 28256, .adv_w = 224, .box_w = 12, .box_h = 12, .ofs_x = 1, .ofs_y = -1},
    {.bitmap_index = 28274, .adv_w = 224, .box_w = 12, .box_h = 11, .ofs_x = 1, .ofs_y = 0},
    {.bitmap_index = 28291, .adv_w = 224, .box_w = 12, .box_h = 12, .ofs_x = 1, .ofs_y = -1},
    {.bitmap_index = 28309, .adv_w = 224, .box_w = 12, .box_h = 12, .ofs_x = 1, .ofs_y = -1},
    {.bitmap_index = 28327, .adv_w = 224, .box_w = 10, .box_h = 12, .ofs_x = 2, .ofs_y = -1},
    {.bitmap_index = 28342, .adv_w = 224, .box_w = 11, .box_h = 12, .ofs_x = 1, .ofs_y = -1},
    {.bitmap_index = 28359, .adv_w = 224, .box_w = 12, .box_h = 12, .ofs_x = 1, .ofs_y = -1},
    {.bitmap_index = 28377, .adv_w = 224, .box_w = 11, .box_h = 12, .ofs_x = 1, .ofs_y = -1},
    {.bitmap_index = 28394, .adv_w = 224, .box_w = 12, .box_h = 12, .ofs_x = 1, .ofs_y = -1},
    {.bitmap_index = 28412, .adv_w = 224, .box_w = 13, .box_h = 13, .ofs_x = 1, .ofs_y = -2},
    {.bitmap_index = 28434, .adv_w = 224, .box_w = 12, .box_h = 12, .ofs_x = 0, .ofs_y = -1},
    {.bitmap_index = 28452, .adv_w = 224, .box_w = 12, .box_h = 12, .ofs_x = 1, .ofs_y = -1},
    {.bitmap_index = 28470, .adv_w = 224, .box_w = 14, .box_h = 12, .ofs_x = 0, .ofs_y = -1},
    {.bitmap_index = 28491, .adv_w = 224, .box_w = 12, .box_h = 12, .ofs_x = 1, .ofs_y = -1},
    {.bitmap_index = 28509, .adv_w = 224, .box_w = 12, .box_h = 12, .ofs_x = 1, .ofs_y = -1},
    {.bitmap_index = 28527, .adv_w = 224, .box_w = 11, .box_h = 12, .ofs_x = 1, .ofs_y = -1},
    {.bitmap_index = 28544, .adv_w = 224, .box_w = 13, .box_h = 12, .ofs_x = 0, .ofs_y = -1},
    {.bitmap_index = 28564, .adv_w = 224, .box_w = 12, .box_h = 12, .ofs_x = 1, .ofs_y = -1},
    {.bitmap_index = 28582, .adv_w = 224, .box_w = 14, .box_h = 12, .ofs_x = 0, .ofs_y = -1},
    {.bitmap_index = 28603, .adv_w = 224, .box_w = 12, .box_h = 12, .ofs_x = 1, .ofs_y = -1},
    {.bitmap_index = 28621, .adv_w = 224, .box_w = 12, .box_h = 12, .ofs_x = 1, .ofs_y = -1},
    {.bitmap_index = 28639, .adv_w = 224, .box_w = 13, .box_h = 12, .ofs_x = 1, .ofs_y = -1},
    {.bitmap_index = 28659, .adv_w = 224, .box_w = 12, .box_h = 12, .ofs_x = 1, .ofs_y = -1},
    {.bitmap_index = 28677, .adv_w = 224, .box_w = 12, .box_h = 12, .ofs_x = 1, .ofs_y = -1},
    {.bitmap_index = 28695, .adv_w = 224, .box_w = 12, .box_h = 12, .ofs_x = 1, .ofs_y = -1},
    {.bitmap_index = 28713, .adv_w = 224, .box_w = 13, .box_h = 12, .ofs_x = 1, .ofs_y = -1},
    {.bitmap_index = 28733, .adv_w = 224, .box_w = 12, .box_h = 13, .ofs_x = 1, .ofs_y = -1},
    {.bitmap_index = 28753, .adv_w = 224, .box_w = 12, .box_h = 12, .ofs_x = 1, .ofs_y = -1},
    {.bitmap_index = 28771, .adv_w = 224, .box_w = 12, .box_h = 12, .ofs_x = 1, .ofs_y = -1},
    {.bitmap_index = 28789, .adv_w = 224, .box_w = 13, .box_h = 12, .ofs_x = 0, .ofs_y = -1},
    {.bitmap_index = 28809, .adv_w = 224, .box_w = 12, .box_h = 13, .ofs_x = 1, .ofs_y = -1},
    {.bitmap_index = 28829, .adv_w = 224, .box_w = 12, .box_h = 12, .ofs_x = 1, .ofs_y = -1},
    {.bitmap_index = 28847, .adv_w = 224, .box_w = 12, .box_h = 12, .ofs_x = 1, .ofs_y = -1},
    {.bitmap_index = 28865, .adv_w = 224, .box_w = 12, .box_h = 12, .ofs_x = 1, .ofs_y = -1},
    {.bitmap_index = 28883, .adv_w = 224, .box_w = 12, .box_h = 12, .ofs_x = 1, .ofs_y = -1},
    {.bitmap_index = 28901, .adv_w = 224, .box_w = 13, .box_h = 12, .ofs_x = 0, .ofs_y = -1},
    {.bitmap_index = 28921, .adv_w = 224, .box_w = 12, .box_h = 12, .ofs_x = 1, .ofs_y = -1},
    {.bitmap_index = 28939, .adv_w = 224, .box_w = 14, .box_h = 12, .ofs_x = 0, .ofs_y = -1},
    {.bitmap_index = 28960, .adv_w = 224, .box_w = 12, .box_h = 12, .ofs_x = 1, .ofs_y = -1},
    {.bitmap_index = 28978, .adv_w = 224, .box_w = 13, .box_h = 12, .ofs_x = 0, .ofs_y = -1},
    {.bitmap_index = 28998, .adv_w = 224, .box_w = 13, .box_h = 12, .ofs_x = 1, .ofs_y = -1},
    {.bitmap_index = 29018, .adv_w = 224, .box_w = 12, .box_h = 13, .ofs_x = 1, .ofs_y = -1},
    {.bitmap_index = 29038, .adv_w = 224, .box_w = 14, .box_h = 12, .ofs_x = 0, .ofs_y = -1},
    {.bitmap_index = 29059, .adv_w = 224, .box_w = 14, .box_h = 12, .ofs_x = 0, .ofs_y = -1},
    {.bitmap_index = 29080, .adv_w = 224, .box_w = 12, .box_h = 12, .ofs_x = 1, .ofs_y = -1},
    {.bitmap_index = 29098, .adv_w = 224, .box_w = 10, .box_h = 12, .ofs_x = 2, .ofs_y = -1},
    {.bitmap_index = 29113, .adv_w = 224, .box_w = 13, .box_h = 13, .ofs_x = 0, .ofs_y = -2},
    {.bitmap_index = 29135, .adv_w = 224, .box_w = 12, .box_h = 12, .ofs_x = 1, .ofs_y = -1},
    {.bitmap_index = 29153, .adv_w = 224, .box_w = 13, .box_h = 13, .ofs_x = 1, .ofs_y = -2},
    {.bitmap_index = 29175, .adv_w = 224, .box_w = 10, .box_h = 12, .ofs_x = 2, .ofs_y = -1},
    {.bitmap_index = 29190, .adv_w = 224, .box_w = 13, .box_h = 12, .ofs_x = 0, .ofs_y = -1},
    {.bitmap_index = 29210, .adv_w = 224, .box_w = 12, .box_h = 12, .ofs_x = 1, .ofs_y = -1},
    {.bitmap_index = 29228, .adv_w = 224, .box_w = 10, .box_h = 13, .ofs_x = 1, .ofs_y = -2},
    {.bitmap_index = 29245, .adv_w = 224, .box_w = 12, .box_h = 13, .ofs_x = 1, .ofs_y = -1},
    {.bitmap_index = 29265, .adv_w = 224, .box_w = 11, .box_h = 13, .ofs_x = 1, .ofs_y = -2},
    {.bitmap_index = 29283, .adv_w = 224, .box_w = 13, .box_h = 12, .ofs_x = 1, .ofs_y = -1},
    {.bitmap_index = 29303, .adv_w = 224, .box_w = 11, .box_h = 13, .ofs_x = 2, .ofs_y = -2},
    {.bitmap_index = 29321, .adv_w = 224, .box_w = 12, .box_h = 12, .ofs_x = 1, .ofs_y = -1},
    {.bitmap_index = 29339, .adv_w = 224, .box_w = 12, .box_h = 12, .ofs_x = 1, .ofs_y = -1},
    {.bitmap_index = 29357, .adv_w = 224, .box_w = 12, .box_h = 12, .ofs_x = 0, .ofs_y = -1},
    {.bitmap_index = 29375, .adv_w = 224, .box_w = 14, .box_h = 13, .ofs_x = 0, .ofs_y = -2},
    {.bitmap_index = 29398, .adv_w = 224, .box_w = 13, .box_h = 12, .ofs_x = 0, .ofs_y = -1},
    {.bitmap_index = 29418, .adv_w = 224, .box_w = 13, .box_h = 13, .ofs_x = 0, .ofs_y = -1},
    {.bitmap_index = 29440, .adv_w = 224, .box_w = 13, .box_h = 12, .ofs_x = 0, .ofs_y = -1},
    {.bitmap_index = 29460, .adv_w = 224, .box_w = 13, .box_h = 12, .ofs_x = 0, .ofs_y = -1},
    {.bitmap_index = 29480, .adv_w = 224, .box_w = 13, .box_h = 12, .ofs_x = 0, .ofs_y = -1},
    {.bitmap_index = 29500, .adv_w = 224, .box_w = 13, .box_h = 12, .ofs_x = 1, .ofs_y = -1},
    {.bitmap_index = 29520, .adv_w = 224, .box_w = 13, .box_h = 12, .ofs_x = 1, .ofs_y = -1},
    {.bitmap_index = 29540, .adv_w = 224, .box_w = 12, .box_h = 12, .ofs_x = 1, .ofs_y = -1},
    {.bitmap_index = 29558, .adv_w = 224, .box_w = 12, .box_h = 12, .ofs_x = 1, .ofs_y = -1},
    {.bitmap_index = 29576, .adv_w = 224, .box_w = 13, .box_h = 12, .ofs_x = 0, .ofs_y = -1},
    {.bitmap_index = 29596, .adv_w = 224, .box_w = 12, .box_h = 13, .ofs_x = 1, .ofs_y = -1},
    {.bitmap_index = 29616, .adv_w = 224, .box_w = 12, .box_h = 14, .ofs_x = 1, .ofs_y = -2},
    {.bitmap_index = 29637, .adv_w = 224, .box_w = 13, .box_h = 12, .ofs_x = 1, .ofs_y = -1},
    {.bitmap_index = 29657, .adv_w = 224, .box_w = 13, .box_h = 12, .ofs_x = 0, .ofs_y = -1},
    {.bitmap_index = 29677, .adv_w = 224, .box_w = 14, .box_h = 12, .ofs_x = 0, .ofs_y = -1},
    {.bitmap_index = 29698, .adv_w = 224, .box_w = 13, .box_h = 12, .ofs_x = 0, .ofs_y = -1},
    {.bitmap_index = 29718, .adv_w = 224, .box_w = 14, .box_h = 12, .ofs_x = 0, .ofs_y = -1},
    {.bitmap_index = 29739, .adv_w = 224, .box_w = 13, .box_h = 12, .ofs_x = 1, .ofs_y = -1},
    {.bitmap_index = 29759, .adv_w = 224, .box_w = 13, .box_h = 12, .ofs_x = 0, .ofs_y = -1},
    {.bitmap_index = 29779, .adv_w = 224, .box_w = 13, .box_h = 12, .ofs_x = 0, .ofs_y = -1},
    {.bitmap_index = 29799, .adv_w = 224, .box_w = 13, .box_h = 12, .ofs_x = 1, .ofs_y = -1},
    {.bitmap_index = 29819, .adv_w = 224, .box_w = 13, .box_h = 12, .ofs_x = 0, .ofs_y = -1},
    {.bitmap_index = 29839, .adv_w = 224, .box_w = 13, .box_h = 12, .ofs_x = 1, .ofs_y = -1},
    {.bitmap_index = 29859, .adv_w = 224, .box_w = 13, .box_h = 12, .ofs_x = 0, .ofs_y = -1},
    {.bitmap_index = 29879, .adv_w = 224, .box_w = 13, .box_h = 12, .ofs_x = 1, .ofs_y = -1},
    {.bitmap_index = 29899, .adv_w = 224, .box_w = 13, .box_h = 12, .ofs_x = 0, .ofs_y = -1},
    {.bitmap_index = 29919, .adv_w = 224, .box_w = 12, .box_h = 12, .ofs_x = 1, .ofs_y = -1},
    {.bitmap_index = 29937, .adv_w = 224, .box_w = 13, .box_h = 12, .ofs_x = 1, .ofs_y = -1},
    {.bitmap_index = 29957, .adv_w = 224, .box_w = 13, .box_h = 12, .ofs_x = 0, .ofs_y = -1},
    {.bitmap_index = 29977, .adv_w = 224, .box_w = 13, .box_h = 12, .ofs_x = 0, .ofs_y = -1},
    {.bitmap_index = 29997, .adv_w = 224, .box_w = 13, .box_h = 12, .ofs_x = 1, .ofs_y = -1},
    {.bitmap_index = 30017, .adv_w = 224, .box_w = 13, .box_h = 12, .ofs_x = 1, .ofs_y = -1},
    {.bitmap_index = 30037, .adv_w = 224, .box_w = 13, .box_h = 12, .ofs_x = 1, .ofs_y = -1},
    {.bitmap_index = 30057, .adv_w = 224, .box_w = 12, .box_h = 12, .ofs_x = 1, .ofs_y = -1},
    {.bitmap_index = 30075, .adv_w = 224, .box_w = 13, .box_h = 12, .ofs_x = 0, .ofs_y = -1},
    {.bitmap_index = 30095, .adv_w = 224, .box_w = 12, .box_h = 12, .ofs_x = 1, .ofs_y = -1},
    {.bitmap_index = 30113, .adv_w = 224, .box_w = 13, .box_h = 12, .ofs_x = 1, .ofs_y = -1},
    {.bitmap_index = 30133, .adv_w = 224, .box_w = 12, .box_h = 12, .ofs_x = 1, .ofs_y = -1},
    {.bitmap_index = 30151, .adv_w = 224, .box_w = 13, .box_h = 12, .ofs_x = 0, .ofs_y = -1},
    {.bitmap_index = 30171, .adv_w = 224, .box_w = 13, .box_h = 12, .ofs_x = 1, .ofs_y = -1},
    {.bitmap_index = 30191, .adv_w = 224, .box_w = 13, .box_h = 12, .ofs_x = 1, .ofs_y = -1},
    {.bitmap_index = 30211, .adv_w = 224, .box_w = 12, .box_h = 12, .ofs_x = 1, .ofs_y = -1},
    {.bitmap_index = 30229, .adv_w = 224, .box_w = 13, .box_h = 12, .ofs_x = 1, .ofs_y = -1},
    {.bitmap_index = 30249, .adv_w = 224, .box_w = 12, .box_h = 12, .ofs_x = 1, .ofs_y = -1},
    {.bitmap_index = 30267, .adv_w = 224, .box_w = 13, .box_h = 12, .ofs_x = 1, .ofs_y = -1},
    {.bitmap_index = 30287, .adv_w = 224, .box_w = 13, .box_h = 12, .ofs_x = 0, .ofs_y = -1},
    {.bitmap_index = 30307, .adv_w = 224, .box_w = 13, .box_h = 12, .ofs_x = 1, .ofs_y = -1},
    {.bitmap_index = 30327, .adv_w = 224, .box_w = 12, .box_h = 12, .ofs_x = 0, .ofs_y = -1},
    {.bitmap_index = 30345, .adv_w = 224, .box_w = 13, .box_h = 12, .ofs_x = 1, .ofs_y = -1},
    {.bitmap_index = 30365, .adv_w = 224, .box_w = 12, .box_h = 12, .ofs_x = 1, .ofs_y = -1},
    {.bitmap_index = 30383, .adv_w = 224, .box_w = 13, .box_h = 12, .ofs_x = 0, .ofs_y = -1},
    {.bitmap_index = 30403, .adv_w = 224, .box_w = 13, .box_h = 12, .ofs_x = 1, .ofs_y = -1},
    {.bitmap_index = 30423, .adv_w = 224, .box_w = 13, .box_h = 13, .ofs_x = 0, .ofs_y = -1},
    {.bitmap_index = 30445, .adv_w = 224, .box_w = 13, .box_h = 12, .ofs_x = 0, .ofs_y = -1},
    {.bitmap_index = 30465, .adv_w = 224, .box_w = 12, .box_h = 12, .ofs_x = 1, .ofs_y = -1},
    {.bitmap_index = 30483, .adv_w = 224, .box_w = 14, .box_h = 12, .ofs_x = 0, .ofs_y = -1},
    {.bitmap_index = 30504, .adv_w = 224, .box_w = 12, .box_h = 12, .ofs_x = 1, .ofs_y = -1},
    {.bitmap_index = 30522, .adv_w = 224, .box_w = 14, .box_h = 13, .ofs_x = 0, .ofs_y = -1},
    {.bitmap_index = 30545, .adv_w = 224, .box_w = 13, .box_h = 12, .ofs_x = 0, .ofs_y = -1},
    {.bitmap_index = 30565, .adv_w = 224, .box_w = 12, .box_h = 12, .ofs_x = 1, .ofs_y = -1},
    {.bitmap_index = 30583, .adv_w = 224, .box_w = 12, .box_h = 12, .ofs_x = 0, .ofs_y = -1},
    {.bitmap_index = 30601, .adv_w = 224, .box_w = 13, .box_h = 12, .ofs_x = 0, .ofs_y = -1},
    {.bitmap_index = 30621, .adv_w = 224, .box_w = 13, .box_h = 12, .ofs_x = 1, .ofs_y = -1},
    {.bitmap_index = 30641, .adv_w = 224, .box_w = 13, .box_h = 13, .ofs_x = 0, .ofs_y = -1},
    {.bitmap_index = 30663, .adv_w = 224, .box_w = 13, .box_h = 12, .ofs_x = 1, .ofs_y = -1},
    {.bitmap_index = 30683, .adv_w = 224, .box_w = 13, .box_h = 12, .ofs_x = 1, .ofs_y = -1},
    {.bitmap_index = 30703, .adv_w = 224, .box_w = 14, .box_h = 12, .ofs_x = 0, .ofs_y = -1},
    {.bitmap_index = 30724, .adv_w = 224, .box_w = 13, .box_h = 12, .ofs_x = 0, .ofs_y = -1},
    {.bitmap_index = 30744, .adv_w = 224, .box_w = 13, .box_h = 12, .ofs_x = 1, .ofs_y = -1},
    {.bitmap_index = 30764, .adv_w = 224, .box_w = 13, .box_h = 12, .ofs_x = 0, .ofs_y = -1},
    {.bitmap_index = 30784, .adv_w = 224, .box_w = 13, .box_h = 12, .ofs_x = 0, .ofs_y = -1},
    {.bitmap_index = 30804, .adv_w = 224, .box_w = 12, .box_h = 12, .ofs_x = 1, .ofs_y = -1},
    {.bitmap_index = 30822, .adv_w = 224, .box_w = 12, .box_h = 12, .ofs_x = 1, .ofs_y = -1},
    {.bitmap_index = 30840, .adv_w = 224, .box_w = 13, .box_h = 12, .ofs_x = 1, .ofs_y = -1},
    {.bitmap_index = 30860, .adv_w = 224, .box_w = 12, .box_h = 12, .ofs_x = 1, .ofs_y = -1},
    {.bitmap_index = 30878, .adv_w = 224, .box_w = 13, .box_h = 12, .ofs_x = 1, .ofs_y = -1},
    {.bitmap_index = 30898, .adv_w = 224, .box_w = 13, .box_h = 12, .ofs_x = 1, .ofs_y = -1},
    {.bitmap_index = 30918, .adv_w = 224, .box_w = 12, .box_h = 12, .ofs_x = 1, .ofs_y = -1},
    {.bitmap_index = 30936, .adv_w = 224, .box_w = 12, .box_h = 12, .ofs_x = 1, .ofs_y = -1},
    {.bitmap_index = 30954, .adv_w = 224, .box_w = 14, .box_h = 12, .ofs_x = 0, .ofs_y = -1},
    {.bitmap_index = 30975, .adv_w = 224, .box_w = 13, .box_h = 12, .ofs_x = 1, .ofs_y = -1},
    {.bitmap_index = 30995, .adv_w = 224, .box_w = 13, .box_h = 12, .ofs_x = 1, .ofs_y = -1},
    {.bitmap_index = 31015, .adv_w = 224, .box_w = 13, .box_h = 12, .ofs_x = 1, .ofs_y = -1},
    {.bitmap_index = 31035, .adv_w = 224, .box_w = 12, .box_h = 12, .ofs_x = 1, .ofs_y = -1},
    {.bitmap_index = 31053, .adv_w = 224, .box_w = 13, .box_h = 12, .ofs_x = 1, .ofs_y = -1},
    {.bitmap_index = 31073, .adv_w = 224, .box_w = 12, .box_h = 12, .ofs_x = 1, .ofs_y = -1},
    {.bitmap_index = 31091, .adv_w = 224, .box_w = 13, .box_h = 12, .ofs_x = 1, .ofs_y = -1},
    {.bitmap_index = 31111, .adv_w = 224, .box_w = 13, .box_h = 12, .ofs_x = 1, .ofs_y = -1},
    {.bitmap_index = 31131, .adv_w = 224, .box_w = 13, .box_h = 12, .ofs_x = 1, .ofs_y = -1},
    {.bitmap_index = 31151, .adv_w = 224, .box_w = 13, .box_h = 12, .ofs_x = 1, .ofs_y = -1},
    {.bitmap_index = 31171, .adv_w = 224, .box_w = 13, .box_h = 12, .ofs_x = 1, .ofs_y = -1},
    {.bitmap_index = 31191, .adv_w = 224, .box_w = 13, .box_h = 12, .ofs_x = 1, .ofs_y = -1},
    {.bitmap_index = 31211, .adv_w = 224, .box_w = 12, .box_h = 12, .ofs_x = 1, .ofs_y = -1},
    {.bitmap_index = 31229, .adv_w = 224, .box_w = 13, .box_h = 13, .ofs_x = 0, .ofs_y = -1},
    {.bitmap_index = 31251, .adv_w = 224, .box_w = 13, .box_h = 13, .ofs_x = 0, .ofs_y = -1},
    {.bitmap_index = 31273, .adv_w = 224, .box_w = 13, .box_h = 12, .ofs_x = 1, .ofs_y = -1},
    {.bitmap_index = 31293, .adv_w = 224, .box_w = 13, .box_h = 12, .ofs_x = 1, .ofs_y = -1},
    {.bitmap_index = 31313, .adv_w = 224, .box_w = 13, .box_h = 12, .ofs_x = 1, .ofs_y = -1},
    {.bitmap_index = 31333, .adv_w = 224, .box_w = 12, .box_h = 13, .ofs_x = 1, .ofs_y = -2},
    {.bitmap_index = 31353, .adv_w = 224, .box_w = 13, .box_h = 12, .ofs_x = 1, .ofs_y = -1},
    {.bitmap_index = 31373, .adv_w = 224, .box_w = 13, .box_h = 12, .ofs_x = 0, .ofs_y = -1},
    {.bitmap_index = 31393, .adv_w = 224, .box_w = 13, .box_h = 12, .ofs_x = 1, .ofs_y = -1},
    {.bitmap_index = 31413, .adv_w = 224, .box_w = 12, .box_h = 12, .ofs_x = 1, .ofs_y = -1},
    {.bitmap_index = 31431, .adv_w = 224, .box_w = 13, .box_h = 12, .ofs_x = 0, .ofs_y = -1},
    {.bitmap_index = 31451, .adv_w = 224, .box_w = 13, .box_h = 12, .ofs_x = 1, .ofs_y = -1},
    {.bitmap_index = 31471, .adv_w = 224, .box_w = 13, .box_h = 12, .ofs_x = 1, .ofs_y = -1},
    {.bitmap_index = 31491, .adv_w = 224, .box_w = 13, .box_h = 12, .ofs_x = 0, .ofs_y = -1},
    {.bitmap_index = 31511, .adv_w = 224, .box_w = 13, .box_h = 12, .ofs_x = 1, .ofs_y = -1},
    {.bitmap_index = 31531, .adv_w = 224, .box_w = 13, .box_h = 12, .ofs_x = 1, .ofs_y = -1},
    {.bitmap_index = 31551, .adv_w = 224, .box_w = 13, .box_h = 12, .ofs_x = 1, .ofs_y = -1},
    {.bitmap_index = 31571, .adv_w = 224, .box_w = 13, .box_h = 12, .ofs_x = 1, .ofs_y = -1},
    {.bitmap_index = 31591, .adv_w = 224, .box_w = 13, .box_h = 12, .ofs_x = 0, .ofs_y = -1},
    {.bitmap_index = 31611, .adv_w = 224, .box_w = 12, .box_h = 12, .ofs_x = 0, .ofs_y = -1},
    {.bitmap_index = 31629, .adv_w = 224, .box_w = 12, .box_h = 12, .ofs_x = 0, .ofs_y = -1},
    {.bitmap_index = 31647, .adv_w = 224, .box_w = 13, .box_h = 12, .ofs_x = 1, .ofs_y = -1},
    {.bitmap_index = 31667, .adv_w = 224, .box_w = 13, .box_h = 12, .ofs_x = 1, .ofs_y = -1},
    {.bitmap_index = 31687, .adv_w = 224, .box_w = 13, .box_h = 12, .ofs_x = 0, .ofs_y = -1},
    {.bitmap_index = 31707, .adv_w = 224, .box_w = 12, .box_h = 12, .ofs_x = 1, .ofs_y = -1},
    {.bitmap_index = 31725, .adv_w = 224, .box_w = 12, .box_h = 12, .ofs_x = 1, .ofs_y = -1},
    {.bitmap_index = 31743, .adv_w = 224, .box_w = 13, .box_h = 12, .ofs_x = 1, .ofs_y = -1},
    {.bitmap_index = 31763, .adv_w = 224, .box_w = 13, .box_h = 12, .ofs_x = 1, .ofs_y = -1},
    {.bitmap_index = 31783, .adv_w = 224, .box_w = 13, .box_h = 12, .ofs_x = 0, .ofs_y = -1},
    {.bitmap_index = 31803, .adv_w = 224, .box_w = 14, .box_h = 12, .ofs_x = 0, .ofs_y = -1},
    {.bitmap_index = 31824, .adv_w = 224, .box_w = 13, .box_h = 12, .ofs_x = 0, .ofs_y = -1},
    {.bitmap_index = 31844, .adv_w = 224, .box_w = 13, .box_h = 12, .ofs_x = 1, .ofs_y = -1},
    {.bitmap_index = 31864, .adv_w = 224, .box_w = 13, .box_h = 12, .ofs_x = 1, .ofs_y = -1},
    {.bitmap_index = 31884, .adv_w = 224, .box_w = 12, .box_h = 12, .ofs_x = 1, .ofs_y = -1},
    {.bitmap_index = 31902, .adv_w = 224, .box_w = 12, .box_h = 12, .ofs_x = 1, .ofs_y = -1},
    {.bitmap_index = 31920, .adv_w = 224, .box_w = 12, .box_h = 12, .ofs_x = 1, .ofs_y = -1},
    {.bitmap_index = 31938, .adv_w = 224, .box_w = 13, .box_h = 12, .ofs_x = 0, .ofs_y = -1},
    {.bitmap_index = 31958, .adv_w = 224, .box_w = 13, .box_h = 12, .ofs_x = 0, .ofs_y = -1},
    {.bitmap_index = 31978, .adv_w = 224, .box_w = 14, .box_h = 12, .ofs_x = 0, .ofs_y = -1},
    {.bitmap_index = 31999, .adv_w = 224, .box_w = 12, .box_h = 12, .ofs_x = 1, .ofs_y = -1},
    {.bitmap_index = 32017, .adv_w = 224, .box_w = 13, .box_h = 12, .ofs_x = 0, .ofs_y = -1},
    {.bitmap_index = 32037, .adv_w = 224, .box_w = 14, .box_h = 12, .ofs_x = 1, .ofs_y = -1},
    {.bitmap_index = 32058, .adv_w = 224, .box_w = 13, .box_h = 12, .ofs_x = 1, .ofs_y = -1},
    {.bitmap_index = 32078, .adv_w = 224, .box_w = 14, .box_h = 12, .ofs_x = 0, .ofs_y = -1},
    {.bitmap_index = 32099, .adv_w = 224, .box_w = 13, .box_h = 12, .ofs_x = 1, .ofs_y = -1},
    {.bitmap_index = 32119, .adv_w = 224, .box_w = 13, .box_h = 12, .ofs_x = 1, .ofs_y = -1},
    {.bitmap_index = 32139, .adv_w = 224, .box_w = 12, .box_h = 13, .ofs_x = 1, .ofs_y = -1},
    {.bitmap_index = 32159, .adv_w = 224, .box_w = 13, .box_h = 12, .ofs_x = 1, .ofs_y = -1},
    {.bitmap_index = 32179, .adv_w = 224, .box_w = 13, .box_h = 12, .ofs_x = 0, .ofs_y = -1},
    {.bitmap_index = 32199, .adv_w = 224, .box_w = 13, .box_h = 12, .ofs_x = 0, .ofs_y = -1},
    {.bitmap_index = 32219, .adv_w = 224, .box_w = 12, .box_h = 12, .ofs_x = 1, .ofs_y = -1},
    {.bitmap_index = 32237, .adv_w = 224, .box_w = 13, .box_h = 12, .ofs_x = 1, .ofs_y = -1},
    {.bitmap_index = 32257, .adv_w = 224, .box_w = 13, .box_h = 12, .ofs_x = 0, .ofs_y = -1},
    {.bitmap_index = 32277, .adv_w = 224, .box_w = 13, .box_h = 13, .ofs_x = 0, .ofs_y = -1},
    {.bitmap_index = 32299, .adv_w = 224, .box_w = 13, .box_h = 13, .ofs_x = 0, .ofs_y = -1},
    {.bitmap_index = 32321, .adv_w = 224, .box_w = 13, .box_h = 12, .ofs_x = 0, .ofs_y = -1},
    {.bitmap_index = 32341, .adv_w = 224, .box_w = 13, .box_h = 12, .ofs_x = 0, .ofs_y = -1},
    {.bitmap_index = 32361, .adv_w = 224, .box_w = 13, .box_h = 12, .ofs_x = 0, .ofs_y = -1},
    {.bitmap_index = 32381, .adv_w = 224, .box_w = 13, .box_h = 12, .ofs_x = 0, .ofs_y = -1},
    {.bitmap_index = 32401, .adv_w = 224, .box_w = 13, .box_h = 12, .ofs_x = 0, .ofs_y = -1},
    {.bitmap_index = 32421, .adv_w = 224, .box_w = 13, .box_h = 12, .ofs_x = 0, .ofs_y = -1},
    {.bitmap_index = 32441, .adv_w = 224, .box_w = 13, .box_h = 12, .ofs_x = 0, .ofs_y = -1},
    {.bitmap_index = 32461, .adv_w = 224, .box_w = 13, .box_h = 12, .ofs_x = 0, .ofs_y = -1},
    {.bitmap_index = 32481, .adv_w = 224, .box_w = 13, .box_h = 12, .ofs_x = 0, .ofs_y = -1},
    {.bitmap_index = 32501, .adv_w = 224, .box_w = 13, .box_h = 13, .ofs_x = 1, .ofs_y = -1},
    {.bitmap_index = 32523, .adv_w = 224, .box_w = 14, .box_h = 13, .ofs_x = 0, .ofs_y = -1},
    {.bitmap_index = 32546, .adv_w = 224, .box_w = 13, .box_h = 12, .ofs_x = 1, .ofs_y = -1},
    {.bitmap_index = 32566, .adv_w = 224, .box_w = 13, .box_h = 12, .ofs_x = 1, .ofs_y = -1},
    {.bitmap_index = 32586, .adv_w = 224, .box_w = 14, .box_h = 12, .ofs_x = 0, .ofs_y = -1},
    {.bitmap_index = 32607, .adv_w = 224, .box_w = 12, .box_h = 13, .ofs_x = 1, .ofs_y = -2},
    {.bitmap_index = 32627, .adv_w = 224, .box_w = 13, .box_h = 12, .ofs_x = 1, .ofs_y = -1},
    {.bitmap_index = 32647, .adv_w = 224, .box_w = 14, .box_h = 13, .ofs_x = 0, .ofs_y = -1},
    {.bitmap_index = 32670, .adv_w = 224, .box_w = 13, .box_h = 12, .ofs_x = 1, .ofs_y = -1},
    {.bitmap_index = 32690, .adv_w = 224, .box_w = 13, .box_h = 12, .ofs_x = 0, .ofs_y = -1},
    {.bitmap_index = 32710, .adv_w = 224, .box_w = 12, .box_h = 12, .ofs_x = 1, .ofs_y = -1},
    {.bitmap_index = 32728, .adv_w = 224, .box_w = 12, .box_h = 10, .ofs_x = 1, .ofs_y = 0},
    {.bitmap_index = 32743, .adv_w = 224, .box_w = 12, .box_h = 12, .ofs_x = 1, .ofs_y = -1},
    {.bitmap_index = 32761, .adv_w = 224, .box_w = 13, .box_h = 12, .ofs_x = 0, .ofs_y = -1},
    {.bitmap_index = 32781, .adv_w = 224, .box_w = 12, .box_h = 12, .ofs_x = 1, .ofs_y = -1},
    {.bitmap_index = 32799, .adv_w = 224, .box_w = 13, .box_h = 12, .ofs_x = 0, .ofs_y = -1},
    {.bitmap_index = 32819, .adv_w = 224, .box_w = 13, .box_h = 11, .ofs_x = 1, .ofs_y = -1},
    {.bitmap_index = 32837, .adv_w = 224, .box_w = 12, .box_h = 11, .ofs_x = 1, .ofs_y = -1},
    {.bitmap_index = 32854, .adv_w = 224, .box_w = 12, .box_h = 10, .ofs_x = 1, .ofs_y = 0},
    {.bitmap_index = 32869, .adv_w = 224, .box_w = 12, .box_h = 12, .ofs_x = 1, .ofs_y = -1},
    {.bitmap_index = 32887, .adv_w = 224, .box_w = 12, .box_h = 12, .ofs_x = 1, .ofs_y = -1},
    {.bitmap_index = 32905, .adv_w = 224, .box_w = 12, .box_h = 12, .ofs_x = 1, .ofs_y = -1},
    {.bitmap_index = 32923, .adv_w = 224, .box_w = 14, .box_h = 12, .ofs_x = 0, .ofs_y = -1},
    {.bitmap_index = 32944, .adv_w = 224, .box_w = 12, .box_h = 12, .ofs_x = 1, .ofs_y = -1},
    {.bitmap_index = 32962, .adv_w = 224, .box_w = 12, .box_h = 12, .ofs_x = 1, .ofs_y = -1},
    {.bitmap_index = 32980, .adv_w = 224, .box_w = 12, .box_h = 12, .ofs_x = 1, .ofs_y = -1},
    {.bitmap_index = 32998, .adv_w = 224, .box_w = 12, .box_h = 13, .ofs_x = 1, .ofs_y = -1},
    {.bitmap_index = 33018, .adv_w = 224, .box_w = 13, .box_h = 13, .ofs_x = 1, .ofs_y = -1},
    {.bitmap_index = 33040, .adv_w = 224, .box_w = 12, .box_h = 13, .ofs_x = 1, .ofs_y = -2},
    {.bitmap_index = 33060, .adv_w = 224, .box_w = 13, .box_h = 12, .ofs_x = 0, .ofs_y = -1},
    {.bitmap_index = 33080, .adv_w = 224, .box_w = 12, .box_h = 14, .ofs_x = 1, .ofs_y = -2},
    {.bitmap_index = 33101, .adv_w = 224, .box_w = 13, .box_h = 12, .ofs_x = 1, .ofs_y = -1},
    {.bitmap_index = 33121, .adv_w = 224, .box_w = 12, .box_h = 12, .ofs_x = 1, .ofs_y = -1},
    {.bitmap_index = 33139, .adv_w = 224, .box_w = 12, .box_h = 13, .ofs_x = 1, .ofs_y = -2},
    {.bitmap_index = 33159, .adv_w = 224, .box_w = 10, .box_h = 12, .ofs_x = 2, .ofs_y = -1},
    {.bitmap_index = 33174, .adv_w = 224, .box_w = 12, .box_h = 12, .ofs_x = 0, .ofs_y = -1},
    {.bitmap_index = 33192, .adv_w = 224, .box_w = 12, .box_h = 12, .ofs_x = 1, .ofs_y = -1},
    {.bitmap_index = 33210, .adv_w = 224, .box_w = 12, .box_h = 11, .ofs_x = 1, .ofs_y = -1},
    {.bitmap_index = 33227, .adv_w = 224, .box_w = 12, .box_h = 12, .ofs_x = 1, .ofs_y = -1},
    {.bitmap_index = 33245, .adv_w = 224, .box_w = 11, .box_h = 13, .ofs_x = 1, .ofs_y = -1},
    {.bitmap_index = 33263, .adv_w = 224, .box_w = 13, .box_h = 12, .ofs_x = 1, .ofs_y = -1},
    {.bitmap_index = 33283, .adv_w = 224, .box_w = 12, .box_h = 13, .ofs_x = 1, .ofs_y = -2},
    {.bitmap_index = 33303, .adv_w = 224, .box_w = 12, .box_h = 12, .ofs_x = 1, .ofs_y = -1},
    {.bitmap_index = 33321, .adv_w = 224, .box_w = 13, .box_h = 12, .ofs_x = 1, .ofs_y = -2},
    {.bitmap_index = 33341, .adv_w = 224, .box_w = 13, .box_h = 13, .ofs_x = 1, .ofs_y = -1},
    {.bitmap_index = 33363, .adv_w = 224, .box_w = 12, .box_h = 13, .ofs_x = 1, .ofs_y = -2},
    {.bitmap_index = 33383, .adv_w = 224, .box_w = 12, .box_h = 13, .ofs_x = 1, .ofs_y = -2},
    {.bitmap_index = 33403, .adv_w = 224, .box_w = 13, .box_h = 12, .ofs_x = 1, .ofs_y = -1},
    {.bitmap_index = 33423, .adv_w = 224, .box_w = 13, .box_h = 12, .ofs_x = 1, .ofs_y = -1},
    {.bitmap_index = 33443, .adv_w = 224, .box_w = 12, .box_h = 13, .ofs_x = 1, .ofs_y = -2},
    {.bitmap_index = 33463, .adv_w = 224, .box_w = 13, .box_h = 13, .ofs_x = 1, .ofs_y = -1},
    {.bitmap_index = 33485, .adv_w = 224, .box_w = 13, .box_h = 12, .ofs_x = 1, .ofs_y = -1},
    {.bitmap_index = 33505, .adv_w = 224, .box_w = 13, .box_h = 12, .ofs_x = 1, .ofs_y = -1},
    {.bitmap_index = 33525, .adv_w = 224, .box_w = 12, .box_h = 12, .ofs_x = 1, .ofs_y = -1},
    {.bitmap_index = 33543, .adv_w = 224, .box_w = 12, .box_h = 12, .ofs_x = 1, .ofs_y = -1},
    {.bitmap_index = 33561, .adv_w = 224, .box_w = 12, .box_h = 12, .ofs_x = 0, .ofs_y = -1},
    {.bitmap_index = 33579, .adv_w = 224, .box_w = 13, .box_h = 12, .ofs_x = 1, .ofs_y = -1},
    {.bitmap_index = 33599, .adv_w = 224, .box_w = 13, .box_h = 12, .ofs_x = 0, .ofs_y = -1},
    {.bitmap_index = 33619, .adv_w = 224, .box_w = 12, .box_h = 12, .ofs_x = 1, .ofs_y = -1},
    {.bitmap_index = 33637, .adv_w = 224, .box_w = 13, .box_h = 12, .ofs_x = 1, .ofs_y = -1},
    {.bitmap_index = 33657, .adv_w = 224, .box_w = 12, .box_h = 12, .ofs_x = 1, .ofs_y = -1},
    {.bitmap_index = 33675, .adv_w = 224, .box_w = 13, .box_h = 12, .ofs_x = 0, .ofs_y = -1},
    {.bitmap_index = 33695, .adv_w = 224, .box_w = 12, .box_h = 13, .ofs_x = 1, .ofs_y = -1},
    {.bitmap_index = 33715, .adv_w = 224, .box_w = 13, .box_h = 13, .ofs_x = 0, .ofs_y = -2},
    {.bitmap_index = 33737, .adv_w = 224, .box_w = 12, .box_h = 12, .ofs_x = 1, .ofs_y = -1},
    {.bitmap_index = 33755, .adv_w = 224, .box_w = 13, .box_h = 12, .ofs_x = 0, .ofs_y = -1},
    {.bitmap_index = 33775, .adv_w = 224, .box_w = 12, .box_h = 12, .ofs_x = 1, .ofs_y = -1},
    {.bitmap_index = 33793, .adv_w = 224, .box_w = 13, .box_h = 13, .ofs_x = 0, .ofs_y = -2},
    {.bitmap_index = 33815, .adv_w = 224, .box_w = 13, .box_h = 12, .ofs_x = 1, .ofs_y = -1},
    {.bitmap_index = 33835, .adv_w = 224, .box_w = 13, .box_h = 12, .ofs_x = 1, .ofs_y = -1},
    {.bitmap_index = 33855, .adv_w = 224, .box_w = 13, .box_h = 12, .ofs_x = 0, .ofs_y = -1},
    {.bitmap_index = 33875, .adv_w = 224, .box_w = 12, .box_h = 12, .ofs_x = 1, .ofs_y = -1},
    {.bitmap_index = 33893, .adv_w = 224, .box_w = 12, .box_h = 12, .ofs_x = 1, .ofs_y = -1},
    {.bitmap_index = 33911, .adv_w = 224, .box_w = 12, .box_h = 12, .ofs_x = 1, .ofs_y = -1},
    {.bitmap_index = 33929, .adv_w = 224, .box_w = 12, .box_h = 12, .ofs_x = 0, .ofs_y = -1},
    {.bitmap_index = 33947, .adv_w = 224, .box_w = 12, .box_h = 13, .ofs_x = 1, .ofs_y = -2},
    {.bitmap_index = 33967, .adv_w = 224, .box_w = 12, .box_h = 12, .ofs_x = 1, .ofs_y = -1},
    {.bitmap_index = 33985, .adv_w = 224, .box_w = 13, .box_h = 12, .ofs_x = 1, .ofs_y = -1},
    {.bitmap_index = 34005, .adv_w = 224, .box_w = 13, .box_h = 12, .ofs_x = 1, .ofs_y = -1},
    {.bitmap_index = 34025, .adv_w = 224, .box_w = 11, .box_h = 14, .ofs_x = 1, .ofs_y = -2},
    {.bitmap_index = 34045, .adv_w = 224, .box_w = 12, .box_h = 12, .ofs_x = 1, .ofs_y = -1},
    {.bitmap_index = 34063, .adv_w = 224, .box_w = 13, .box_h = 12, .ofs_x = 1, .ofs_y = -1},
    {.bitmap_index = 34083, .adv_w = 224, .box_w = 12, .box_h = 13, .ofs_x = 1, .ofs_y = -2},
    {.bitmap_index = 34103, .adv_w = 224, .box_w = 12, .box_h = 12, .ofs_x = 1, .ofs_y = -1},
    {.bitmap_index = 34121, .adv_w = 224, .box_w = 12, .box_h = 12, .ofs_x = 1, .ofs_y = -1},
    {.bitmap_index = 34139, .adv_w = 224, .box_w = 14, .box_h = 13, .ofs_x = 0, .ofs_y = -1},
    {.bitmap_index = 34162, .adv_w = 224, .box_w = 13, .box_h = 13, .ofs_x = 1, .ofs_y = -1},
    {.bitmap_index = 34184, .adv_w = 224, .box_w = 12, .box_h = 12, .ofs_x = 1, .ofs_y = -1},
    {.bitmap_index = 34202, .adv_w = 224, .box_w = 12, .box_h = 12, .ofs_x = 1, .ofs_y = -1},
    {.bitmap_index = 34220, .adv_w = 224, .box_w = 11, .box_h = 12, .ofs_x = 1, .ofs_y = -1},
    {.bitmap_index = 34237, .adv_w = 224, .box_w = 12, .box_h = 12, .ofs_x = 1, .ofs_y = -1},
    {.bitmap_index = 34255, .adv_w = 224, .box_w = 13, .box_h = 13, .ofs_x = 1, .ofs_y = -1},
    {.bitmap_index = 34277, .adv_w = 224, .box_w = 12, .box_h = 12, .ofs_x = 1, .ofs_y = -1},
    {.bitmap_index = 34295, .adv_w = 224, .box_w = 13, .box_h = 12, .ofs_x = 1, .ofs_y = -1},
    {.bitmap_index = 34315, .adv_w = 224, .box_w = 12, .box_h = 12, .ofs_x = 1, .ofs_y = -1},
    {.bitmap_index = 34333, .adv_w = 224, .box_w = 13, .box_h = 12, .ofs_x = 1, .ofs_y = -1},
    {.bitmap_index = 34353, .adv_w = 224, .box_w = 13, .box_h = 12, .ofs_x = 0, .ofs_y = -1},
    {.bitmap_index = 34373, .adv_w = 224, .box_w = 13, .box_h = 12, .ofs_x = 0, .ofs_y = -1},
    {.bitmap_index = 34393, .adv_w = 224, .box_w = 12, .box_h = 12, .ofs_x = 1, .ofs_y = -1},
    {.bitmap_index = 34411, .adv_w = 224, .box_w = 13, .box_h = 12, .ofs_x = 0, .ofs_y = -1},
    {.bitmap_index = 34431, .adv_w = 224, .box_w = 12, .box_h = 13, .ofs_x = 1, .ofs_y = -1},
    {.bitmap_index = 34451, .adv_w = 224, .box_w = 12, .box_h = 12, .ofs_x = 1, .ofs_y = -1},
    {.bitmap_index = 34469, .adv_w = 224, .box_w = 12, .box_h = 12, .ofs_x = 0, .ofs_y = -1},
    {.bitmap_index = 34487, .adv_w = 224, .box_w = 13, .box_h = 12, .ofs_x = 0, .ofs_y = -1},
    {.bitmap_index = 34507, .adv_w = 224, .box_w = 13, .box_h = 13, .ofs_x = 1, .ofs_y = -1},
    {.bitmap_index = 34529, .adv_w = 224, .box_w = 14, .box_h = 12, .ofs_x = 0, .ofs_y = -1},
    {.bitmap_index = 34550, .adv_w = 224, .box_w = 12, .box_h = 12, .ofs_x = 1, .ofs_y = -1},
    {.bitmap_index = 34568, .adv_w = 224, .box_w = 12, .box_h = 14, .ofs_x = 1, .ofs_y = -2},
    {.bitmap_index = 34589, .adv_w = 224, .box_w = 13, .box_h = 12, .ofs_x = 1, .ofs_y = -1},
    {.bitmap_index = 34609, .adv_w = 224, .box_w = 13, .box_h = 12, .ofs_x = 0, .ofs_y = -1},
    {.bitmap_index = 34629, .adv_w = 224, .box_w = 12, .box_h = 13, .ofs_x = 1, .ofs_y = -1},
    {.bitmap_index = 34649, .adv_w = 224, .box_w = 12, .box_h = 13, .ofs_x = 1, .ofs_y = -1},
    {.bitmap_index = 34669, .adv_w = 224, .box_w = 13, .box_h = 13, .ofs_x = 0, .ofs_y = -1},
    {.bitmap_index = 34691, .adv_w = 224, .box_w = 13, .box_h = 13, .ofs_x = 0, .ofs_y = -1},
    {.bitmap_index = 34713, .adv_w = 224, .box_w = 12, .box_h = 12, .ofs_x = 1, .ofs_y = -1},
    {.bitmap_index = 34731, .adv_w = 224, .box_w = 12, .box_h = 12, .ofs_x = 1, .ofs_y = -1},
    {.bitmap_index = 34749, .adv_w = 224, .box_w = 13, .box_h = 12, .ofs_x = 0, .ofs_y = -1},
    {.bitmap_index = 34769, .adv_w = 224, .box_w = 12, .box_h = 12, .ofs_x = 1, .ofs_y = -1},
    {.bitmap_index = 34787, .adv_w = 224, .box_w = 12, .box_h = 12, .ofs_x = 1, .ofs_y = -1},
    {.bitmap_index = 34805, .adv_w = 224, .box_w = 12, .box_h = 13, .ofs_x = 1, .ofs_y = -2},
    {.bitmap_index = 34825, .adv_w = 224, .box_w = 13, .box_h = 12, .ofs_x = 0, .ofs_y = -1},
    {.bitmap_index = 34845, .adv_w = 224, .box_w = 13, .box_h = 12, .ofs_x = 1, .ofs_y = -1},
    {.bitmap_index = 34865, .adv_w = 224, .box_w = 12, .box_h = 12, .ofs_x = 1, .ofs_y = -1},
    {.bitmap_index = 34883, .adv_w = 224, .box_w = 12, .box_h = 12, .ofs_x = 1, .ofs_y = -1},
    {.bitmap_index = 34901, .adv_w = 224, .box_w = 11, .box_h = 12, .ofs_x = 1, .ofs_y = -1},
    {.bitmap_index = 34918, .adv_w = 224, .box_w = 12, .box_h = 12, .ofs_x = 0, .ofs_y = -1},
    {.bitmap_index = 34936, .adv_w = 224, .box_w = 12, .box_h = 12, .ofs_x = 1, .ofs_y = -1},
    {.bitmap_index = 34954, .adv_w = 224, .box_w = 12, .box_h = 11, .ofs_x = 1, .ofs_y = -1},
    {.bitmap_index = 34971, .adv_w = 224, .box_w = 13, .box_h = 13, .ofs_x = 0, .ofs_y = -1},
    {.bitmap_index = 34993, .adv_w = 224, .box_w = 12, .box_h = 12, .ofs_x = 0, .ofs_y = -1},
    {.bitmap_index = 35011, .adv_w = 224, .box_w = 13, .box_h = 13, .ofs_x = 1, .ofs_y = -1},
    {.bitmap_index = 35033, .adv_w = 224, .box_w = 13, .box_h = 12, .ofs_x = 0, .ofs_y = -1},
    {.bitmap_index = 35053, .adv_w = 224, .box_w = 12, .box_h = 12, .ofs_x = 1, .ofs_y = -1},
    {.bitmap_index = 35071, .adv_w = 224, .box_w = 13, .box_h = 12, .ofs_x = 0, .ofs_y = -1},
    {.bitmap_index = 35091, .adv_w = 224, .box_w = 12, .box_h = 14, .ofs_x = 1, .ofs_y = -2},
    {.bitmap_index = 35112, .adv_w = 224, .box_w = 12, .box_h = 12, .ofs_x = 1, .ofs_y = -1},
    {.bitmap_index = 35130, .adv_w = 224, .box_w = 13, .box_h = 12, .ofs_x = 1, .ofs_y = -1},
    {.bitmap_index = 35150, .adv_w = 224, .box_w = 13, .box_h = 14, .ofs_x = 1, .ofs_y = -2},
    {.bitmap_index = 35173, .adv_w = 224, .box_w = 12, .box_h = 12, .ofs_x = 1, .ofs_y = -1},
    {.bitmap_index = 35191, .adv_w = 224, .box_w = 13, .box_h = 13, .ofs_x = 1, .ofs_y = -1},
    {.bitmap_index = 35213, .adv_w = 224, .box_w = 11, .box_h = 12, .ofs_x = 1, .ofs_y = -1},
    {.bitmap_index = 35230, .adv_w = 224, .box_w = 13, .box_h = 13, .ofs_x = 1, .ofs_y = -2},
    {.bitmap_index = 35252, .adv_w = 224, .box_w = 12, .box_h = 12, .ofs_x = 1, .ofs_y = -1},
    {.bitmap_index = 35270, .adv_w = 224, .box_w = 12, .box_h = 12, .ofs_x = 1, .ofs_y = -1},
    {.bitmap_index = 35288, .adv_w = 224, .box_w = 12, .box_h = 12, .ofs_x = 1, .ofs_y = -1},
    {.bitmap_index = 35306, .adv_w = 224, .box_w = 12, .box_h = 12, .ofs_x = 1, .ofs_y = -1},
    {.bitmap_index = 35324, .adv_w = 224, .box_w = 13, .box_h = 12, .ofs_x = 1, .ofs_y = -1},
    {.bitmap_index = 35344, .adv_w = 224, .box_w = 13, .box_h = 13, .ofs_x = 0, .ofs_y = -1},
    {.bitmap_index = 35366, .adv_w = 224, .box_w = 12, .box_h = 14, .ofs_x = 1, .ofs_y = -2},
    {.bitmap_index = 35387, .adv_w = 224, .box_w = 12, .box_h = 13, .ofs_x = 1, .ofs_y = -1},
    {.bitmap_index = 35407, .adv_w = 224, .box_w = 12, .box_h = 12, .ofs_x = 0, .ofs_y = -1},
    {.bitmap_index = 35425, .adv_w = 224, .box_w = 12, .box_h = 12, .ofs_x = 0, .ofs_y = -1},
    {.bitmap_index = 35443, .adv_w = 224, .box_w = 13, .box_h = 12, .ofs_x = 1, .ofs_y = -1},
    {.bitmap_index = 35463, .adv_w = 224, .box_w = 13, .box_h = 12, .ofs_x = 1, .ofs_y = -1},
    {.bitmap_index = 35483, .adv_w = 224, .box_w = 12, .box_h = 12, .ofs_x = 1, .ofs_y = -1},
    {.bitmap_index = 35501, .adv_w = 224, .box_w = 12, .box_h = 13, .ofs_x = 1, .ofs_y = -2},
    {.bitmap_index = 35521, .adv_w = 224, .box_w = 12, .box_h = 13, .ofs_x = 1, .ofs_y = -1},
    {.bitmap_index = 35541, .adv_w = 224, .box_w = 12, .box_h = 12, .ofs_x = 0, .ofs_y = -1},
    {.bitmap_index = 35559, .adv_w = 224, .box_w = 13, .box_h = 13, .ofs_x = 0, .ofs_y = -1},
    {.bitmap_index = 35581, .adv_w = 224, .box_w = 13, .box_h = 13, .ofs_x = 0, .ofs_y = -1},
    {.bitmap_index = 35603, .adv_w = 224, .box_w = 13, .box_h = 12, .ofs_x = 1, .ofs_y = -1},
    {.bitmap_index = 35623, .adv_w = 224, .box_w = 12, .box_h = 12, .ofs_x = 0, .ofs_y = -1},
    {.bitmap_index = 35641, .adv_w = 224, .box_w = 14, .box_h = 13, .ofs_x = 0, .ofs_y = -2},
    {.bitmap_index = 35664, .adv_w = 224, .box_w = 12, .box_h = 13, .ofs_x = 1, .ofs_y = -1},
    {.bitmap_index = 35684, .adv_w = 224, .box_w = 12, .box_h = 13, .ofs_x = 1, .ofs_y = -2},
    {.bitmap_index = 35704, .adv_w = 224, .box_w = 13, .box_h = 12, .ofs_x = 1, .ofs_y = -1},
    {.bitmap_index = 35724, .adv_w = 224, .box_w = 12, .box_h = 13, .ofs_x = 1, .ofs_y = -2},
    {.bitmap_index = 35744, .adv_w = 224, .box_w = 12, .box_h = 13, .ofs_x = 0, .ofs_y = -1},
    {.bitmap_index = 35764, .adv_w = 224, .box_w = 13, .box_h = 11, .ofs_x = 1, .ofs_y = -1},
    {.bitmap_index = 35782, .adv_w = 224, .box_w = 12, .box_h = 12, .ofs_x = 1, .ofs_y = -1},
    {.bitmap_index = 35800, .adv_w = 224, .box_w = 13, .box_h = 12, .ofs_x = 1, .ofs_y = -1},
    {.bitmap_index = 35820, .adv_w = 224, .box_w = 14, .box_h = 12, .ofs_x = 0, .ofs_y = -1},
    {.bitmap_index = 35841, .adv_w = 224, .box_w = 12, .box_h = 12, .ofs_x = 1, .ofs_y = -1},
    {.bitmap_index = 35859, .adv_w = 224, .box_w = 12, .box_h = 12, .ofs_x = 1, .ofs_y = -1},
    {.bitmap_index = 35877, .adv_w = 224, .box_w = 12, .box_h = 12, .ofs_x = 0, .ofs_y = -1},
    {.bitmap_index = 35895, .adv_w = 224, .box_w = 12, .box_h = 12, .ofs_x = 1, .ofs_y = -1},
    {.bitmap_index = 35913, .adv_w = 224, .box_w = 12, .box_h = 14, .ofs_x = 1, .ofs_y = -2},
    {.bitmap_index = 35934, .adv_w = 224, .box_w = 12, .box_h = 14, .ofs_x = 1, .ofs_y = -2},
    {.bitmap_index = 35955, .adv_w = 224, .box_w = 12, .box_h = 12, .ofs_x = 1, .ofs_y = -1},
    {.bitmap_index = 35973, .adv_w = 224, .box_w = 13, .box_h = 13, .ofs_x = 1, .ofs_y = -1},
    {.bitmap_index = 35995, .adv_w = 224, .box_w = 13, .box_h = 13, .ofs_x = 1, .ofs_y = -2},
    {.bitmap_index = 36017, .adv_w = 224, .box_w = 12, .box_h = 12, .ofs_x = 1, .ofs_y = -1},
    {.bitmap_index = 36035, .adv_w = 224, .box_w = 13, .box_h = 12, .ofs_x = 0, .ofs_y = -1},
    {.bitmap_index = 36055, .adv_w = 224, .box_w = 13, .box_h = 12, .ofs_x = 0, .ofs_y = -1},
    {.bitmap_index = 36075, .adv_w = 224, .box_w = 12, .box_h = 12, .ofs_x = 1, .ofs_y = -1},
    {.bitmap_index = 36093, .adv_w = 224, .box_w = 13, .box_h = 13, .ofs_x = 0, .ofs_y = -1},
    {.bitmap_index = 36115, .adv_w = 224, .box_w = 13, .box_h = 13, .ofs_x = 1, .ofs_y = -2},
    {.bitmap_index = 36137, .adv_w = 224, .box_w = 13, .box_h = 13, .ofs_x = 0, .ofs_y = -1},
    {.bitmap_index = 36159, .adv_w = 224, .box_w = 11, .box_h = 12, .ofs_x = 1, .ofs_y = -1},
    {.bitmap_index = 36176, .adv_w = 224, .box_w = 11, .box_h = 12, .ofs_x = 1, .ofs_y = -1},
    {.bitmap_index = 36193, .adv_w = 224, .box_w = 12, .box_h = 13, .ofs_x = 1, .ofs_y = -1},
    {.bitmap_index = 36213, .adv_w = 224, .box_w = 13, .box_h = 12, .ofs_x = 0, .ofs_y = -1},
    {.bitmap_index = 36233, .adv_w = 224, .box_w = 12, .box_h = 12, .ofs_x = 1, .ofs_y = -1},
    {.bitmap_index = 36251, .adv_w = 224, .box_w = 13, .box_h = 13, .ofs_x = 1, .ofs_y = -2},
    {.bitmap_index = 36273, .adv_w = 224, .box_w = 12, .box_h = 12, .ofs_x = 1, .ofs_y = -1},
    {.bitmap_index = 36291, .adv_w = 224, .box_w = 12, .box_h = 13, .ofs_x = 1, .ofs_y = -1},
    {.bitmap_index = 36311, .adv_w = 224, .box_w = 12, .box_h = 12, .ofs_x = 1, .ofs_y = -1},
    {.bitmap_index = 36329, .adv_w = 224, .box_w = 12, .box_h = 13, .ofs_x = 1, .ofs_y = -1},
    {.bitmap_index = 36349, .adv_w = 224, .box_w = 12, .box_h = 13, .ofs_x = 1, .ofs_y = -2},
    {.bitmap_index = 36369, .adv_w = 224, .box_w = 12, .box_h = 12, .ofs_x = 1, .ofs_y = -1},
    {.bitmap_index = 36387, .adv_w = 224, .box_w = 13, .box_h = 13, .ofs_x = 0, .ofs_y = -1},
    {.bitmap_index = 36409, .adv_w = 224, .box_w = 11, .box_h = 12, .ofs_x = 1, .ofs_y = -1},
    {.bitmap_index = 36426, .adv_w = 224, .box_w = 12, .box_h = 13, .ofs_x = 1, .ofs_y = -2},
    {.bitmap_index = 36446, .adv_w = 224, .box_w = 13, .box_h = 12, .ofs_x = 0, .ofs_y = -1},
    {.bitmap_index = 36466, .adv_w = 224, .box_w = 12, .box_h = 12, .ofs_x = 1, .ofs_y = -1},
    {.bitmap_index = 36484, .adv_w = 224, .box_w = 12, .box_h = 12, .ofs_x = 1, .ofs_y = -1},
    {.bitmap_index = 36502, .adv_w = 224, .box_w = 13, .box_h = 14, .ofs_x = 0, .ofs_y = -2},
    {.bitmap_index = 36525, .adv_w = 224, .box_w = 12, .box_h = 12, .ofs_x = 1, .ofs_y = -1},
    {.bitmap_index = 36543, .adv_w = 224, .box_w = 13, .box_h = 12, .ofs_x = 0, .ofs_y = -1},
    {.bitmap_index = 36563, .adv_w = 224, .box_w = 13, .box_h = 12, .ofs_x = 0, .ofs_y = -1},
    {.bitmap_index = 36583, .adv_w = 224, .box_w = 13, .box_h = 13, .ofs_x = 0, .ofs_y = -2},
    {.bitmap_index = 36605, .adv_w = 224, .box_w = 12, .box_h = 13, .ofs_x = 1, .ofs_y = -1},
    {.bitmap_index = 36625, .adv_w = 224, .box_w = 12, .box_h = 12, .ofs_x = 1, .ofs_y = -1},
    {.bitmap_index = 36643, .adv_w = 224, .box_w = 13, .box_h = 13, .ofs_x = 0, .ofs_y = -1},
    {.bitmap_index = 36665, .adv_w = 224, .box_w = 13, .box_h = 12, .ofs_x = 1, .ofs_y = -1},
    {.bitmap_index = 36685, .adv_w = 224, .box_w = 12, .box_h = 12, .ofs_x = 1, .ofs_y = -1},
    {.bitmap_index = 36703, .adv_w = 224, .box_w = 13, .box_h = 12, .ofs_x = 0, .ofs_y = -1},
    {.bitmap_index = 36723, .adv_w = 224, .box_w = 12, .box_h = 12, .ofs_x = 1, .ofs_y = -1},
    {.bitmap_index = 36741, .adv_w = 224, .box_w = 13, .box_h = 12, .ofs_x = 0, .ofs_y = -1},
    {.bitmap_index = 36761, .adv_w = 224, .box_w = 12, .box_h = 12, .ofs_x = 1, .ofs_y = -1},
    {.bitmap_index = 36779, .adv_w = 224, .box_w = 13, .box_h = 12, .ofs_x = 0, .ofs_y = -1},
    {.bitmap_index = 36799, .adv_w = 224, .box_w = 13, .box_h = 13, .ofs_x = 0, .ofs_y = -2},
    {.bitmap_index = 36821, .adv_w = 224, .box_w = 13, .box_h = 12, .ofs_x = 1, .ofs_y = -1},
    {.bitmap_index = 36841, .adv_w = 224, .box_w = 12, .box_h = 12, .ofs_x = 1, .ofs_y = -1},
    {.bitmap_index = 36859, .adv_w = 224, .box_w = 13, .box_h = 12, .ofs_x = 1, .ofs_y = -1},
    {.bitmap_index = 36879, .adv_w = 224, .box_w = 13, .box_h = 12, .ofs_x = 1, .ofs_y = -1},
    {.bitmap_index = 36899, .adv_w = 224, .box_w = 14, .box_h = 14, .ofs_x = 0, .ofs_y = -2},
    {.bitmap_index = 36924, .adv_w = 224, .box_w = 12, .box_h = 12, .ofs_x = 1, .ofs_y = -1},
    {.bitmap_index = 36942, .adv_w = 224, .box_w = 12, .box_h = 12, .ofs_x = 1, .ofs_y = -1},
    {.bitmap_index = 36960, .adv_w = 224, .box_w = 13, .box_h = 12, .ofs_x = 1, .ofs_y = -1},
    {.bitmap_index = 36980, .adv_w = 224, .box_w = 12, .box_h = 13, .ofs_x = 1, .ofs_y = -1},
    {.bitmap_index = 37000, .adv_w = 224, .box_w = 12, .box_h = 13, .ofs_x = 1, .ofs_y = -2},
    {.bitmap_index = 37020, .adv_w = 224, .box_w = 12, .box_h = 12, .ofs_x = 1, .ofs_y = -1},
    {.bitmap_index = 37038, .adv_w = 224, .box_w = 13, .box_h = 12, .ofs_x = 0, .ofs_y = -1},
    {.bitmap_index = 37058, .adv_w = 224, .box_w = 13, .box_h = 12, .ofs_x = 0, .ofs_y = -1},
    {.bitmap_index = 37078, .adv_w = 224, .box_w = 13, .box_h = 13, .ofs_x = 0, .ofs_y = -2},
    {.bitmap_index = 37100, .adv_w = 224, .box_w = 12, .box_h = 12, .ofs_x = 1, .ofs_y = -1},
    {.bitmap_index = 37118, .adv_w = 224, .box_w = 13, .box_h = 12, .ofs_x = 0, .ofs_y = -1},
    {.bitmap_index = 37138, .adv_w = 224, .box_w = 12, .box_h = 13, .ofs_x = 1, .ofs_y = -2},
    {.bitmap_index = 37158, .adv_w = 224, .box_w = 13, .box_h = 12, .ofs_x = 0, .ofs_y = -1},
    {.bitmap_index = 37178, .adv_w = 224, .box_w = 13, .box_h = 11, .ofs_x = 0, .ofs_y = -1},
    {.bitmap_index = 37196, .adv_w = 224, .box_w = 14, .box_h = 12, .ofs_x = 0, .ofs_y = -1},
    {.bitmap_index = 37217, .adv_w = 224, .box_w = 12, .box_h = 13, .ofs_x = 1, .ofs_y = -2},
    {.bitmap_index = 37237, .adv_w = 224, .box_w = 13, .box_h = 12, .ofs_x = 0, .ofs_y = -1},
    {.bitmap_index = 37257, .adv_w = 224, .box_w = 13, .box_h = 13, .ofs_x = 0, .ofs_y = -2},
    {.bitmap_index = 37279, .adv_w = 224, .box_w = 13, .box_h = 13, .ofs_x = 0, .ofs_y = -1},
    {.bitmap_index = 37301, .adv_w = 224, .box_w = 13, .box_h = 12, .ofs_x = 0, .ofs_y = -1},
    {.bitmap_index = 37321, .adv_w = 224, .box_w = 13, .box_h = 13, .ofs_x = 0, .ofs_y = -2},
    {.bitmap_index = 37343, .adv_w = 224, .box_w = 12, .box_h = 12, .ofs_x = 0, .ofs_y = -1},
    {.bitmap_index = 37361, .adv_w = 224, .box_w = 12, .box_h = 12, .ofs_x = 0, .ofs_y = -1},
    {.bitmap_index = 37379, .adv_w = 224, .box_w = 14, .box_h = 12, .ofs_x = 0, .ofs_y = -1},
    {.bitmap_index = 37400, .adv_w = 224, .box_w = 13, .box_h = 13, .ofs_x = 0, .ofs_y = -2},
    {.bitmap_index = 37422, .adv_w = 224, .box_w = 12, .box_h = 12, .ofs_x = 1, .ofs_y = -1},
    {.bitmap_index = 37440, .adv_w = 224, .box_w = 14, .box_h = 13, .ofs_x = 0, .ofs_y = -2},
    {.bitmap_index = 37463, .adv_w = 224, .box_w = 13, .box_h = 12, .ofs_x = 0, .ofs_y = -1},
    {.bitmap_index = 37483, .adv_w = 224, .box_w = 13, .box_h = 12, .ofs_x = 0, .ofs_y = -1},
    {.bitmap_index = 37503, .adv_w = 224, .box_w = 13, .box_h = 13, .ofs_x = 0, .ofs_y = -2},
    {.bitmap_index = 37525, .adv_w = 224, .box_w = 14, .box_h = 12, .ofs_x = 0, .ofs_y = -1},
    {.bitmap_index = 37546, .adv_w = 224, .box_w = 12, .box_h = 12, .ofs_x = 1, .ofs_y = -1},
    {.bitmap_index = 37564, .adv_w = 224, .box_w = 12, .box_h = 12, .ofs_x = 1, .ofs_y = -1},
    {.bitmap_index = 37582, .adv_w = 224, .box_w = 13, .box_h = 12, .ofs_x = 1, .ofs_y = -1},
    {.bitmap_index = 37602, .adv_w = 224, .box_w = 13, .box_h = 13, .ofs_x = 1, .ofs_y = -2},
    {.bitmap_index = 37624, .adv_w = 224, .box_w = 12, .box_h = 13, .ofs_x = 1, .ofs_y = -2},
    {.bitmap_index = 37644, .adv_w = 224, .box_w = 13, .box_h = 12, .ofs_x = 0, .ofs_y = -1},
    {.bitmap_index = 37664, .adv_w = 224, .box_w = 13, .box_h = 12, .ofs_x = 0, .ofs_y = -1},
    {.bitmap_index = 37684, .adv_w = 224, .box_w = 14, .box_h = 12, .ofs_x = 0, .ofs_y = -1},
    {.bitmap_index = 37705, .adv_w = 224, .box_w = 12, .box_h = 12, .ofs_x = 1, .ofs_y = -1},
    {.bitmap_index = 37723, .adv_w = 224, .box_w = 12, .box_h = 12, .ofs_x = 1, .ofs_y = -1},
    {.bitmap_index = 37741, .adv_w = 224, .box_w = 14, .box_h = 12, .ofs_x = 0, .ofs_y = -1},
    {.bitmap_index = 37762, .adv_w = 224, .box_w = 13, .box_h = 12, .ofs_x = 0, .ofs_y = -1},
    {.bitmap_index = 37782, .adv_w = 224, .box_w = 13, .box_h = 12, .ofs_x = 0, .ofs_y = -1},
    {.bitmap_index = 37802, .adv_w = 224, .box_w = 12, .box_h = 13, .ofs_x = 1, .ofs_y = -1},
    {.bitmap_index = 37822, .adv_w = 224, .box_w = 12, .box_h = 12, .ofs_x = 1, .ofs_y = -1},
    {.bitmap_index = 37840, .adv_w = 224, .box_w = 12, .box_h = 12, .ofs_x = 1, .ofs_y = -1},
    {.bitmap_index = 37858, .adv_w = 224, .box_w = 13, .box_h = 12, .ofs_x = 1, .ofs_y = -1},
    {.bitmap_index = 37878, .adv_w = 224, .box_w = 12, .box_h = 12, .ofs_x = 1, .ofs_y = -1},
    {.bitmap_index = 37896, .adv_w = 224, .box_w = 14, .box_h = 12, .ofs_x = 0, .ofs_y = -1},
    {.bitmap_index = 37917, .adv_w = 224, .box_w = 13, .box_h = 13, .ofs_x = 1, .ofs_y = -2},
    {.bitmap_index = 37939, .adv_w = 224, .box_w = 12, .box_h = 12, .ofs_x = 1, .ofs_y = -1},
    {.bitmap_index = 37957, .adv_w = 224, .box_w = 12, .box_h = 12, .ofs_x = 1, .ofs_y = -1},
    {.bitmap_index = 37975, .adv_w = 224, .box_w = 12, .box_h = 12, .ofs_x = 1, .ofs_y = -1},
    {.bitmap_index = 37993, .adv_w = 224, .box_w = 13, .box_h = 12, .ofs_x = 0, .ofs_y = -1},
    {.bitmap_index = 38013, .adv_w = 224, .box_w = 12, .box_h = 12, .ofs_x = 1, .ofs_y = -1},
    {.bitmap_index = 38031, .adv_w = 224, .box_w = 13, .box_h = 14, .ofs_x = 0, .ofs_y = -2},
    {.bitmap_index = 38054, .adv_w = 224, .box_w = 14, .box_h = 12, .ofs_x = 0, .ofs_y = -1},
    {.bitmap_index = 38075, .adv_w = 224, .box_w = 13, .box_h = 13, .ofs_x = 1, .ofs_y = -2},
    {.bitmap_index = 38097, .adv_w = 224, .box_w = 12, .box_h = 12, .ofs_x = 1, .ofs_y = -1},
    {.bitmap_index = 38115, .adv_w = 224, .box_w = 12, .box_h = 13, .ofs_x = 1, .ofs_y = -2},
    {.bitmap_index = 38135, .adv_w = 224, .box_w = 12, .box_h = 12, .ofs_x = 1, .ofs_y = -1},
    {.bitmap_index = 38153, .adv_w = 224, .box_w = 13, .box_h = 13, .ofs_x = 0, .ofs_y = -1},
    {.bitmap_index = 38175, .adv_w = 224, .box_w = 12, .box_h = 12, .ofs_x = 1, .ofs_y = -1},
    {.bitmap_index = 38193, .adv_w = 224, .box_w = 13, .box_h = 12, .ofs_x = 1, .ofs_y = -1},
    {.bitmap_index = 38213, .adv_w = 224, .box_w = 13, .box_h = 12, .ofs_x = 1, .ofs_y = -1},
    {.bitmap_index = 38233, .adv_w = 224, .box_w = 13, .box_h = 12, .ofs_x = 1, .ofs_y = -1},
    {.bitmap_index = 38253, .adv_w = 224, .box_w = 13, .box_h = 13, .ofs_x = 0, .ofs_y = -2},
    {.bitmap_index = 38275, .adv_w = 224, .box_w = 13, .box_h = 12, .ofs_x = 1, .ofs_y = -1},
    {.bitmap_index = 38295, .adv_w = 224, .box_w = 13, .box_h = 13, .ofs_x = 0, .ofs_y = -2},
    {.bitmap_index = 38317, .adv_w = 224, .box_w = 13, .box_h = 12, .ofs_x = 0, .ofs_y = -1},
    {.bitmap_index = 38337, .adv_w = 224, .box_w = 13, .box_h = 12, .ofs_x = 1, .ofs_y = -1},
    {.bitmap_index = 38357, .adv_w = 224, .box_w = 14, .box_h = 12, .ofs_x = 0, .ofs_y = -1},
    {.bitmap_index = 38378, .adv_w = 224, .box_w = 14, .box_h = 12, .ofs_x = 0, .ofs_y = -1},
    {.bitmap_index = 38399, .adv_w = 224, .box_w = 13, .box_h = 14, .ofs_x = 0, .ofs_y = -2},
    {.bitmap_index = 38422, .adv_w = 224, .box_w = 13, .box_h = 13, .ofs_x = 1, .ofs_y = -2},
    {.bitmap_index = 38444, .adv_w = 224, .box_w = 12, .box_h = 12, .ofs_x = 1, .ofs_y = -1},
    {.bitmap_index = 38462, .adv_w = 224, .box_w = 13, .box_h = 12, .ofs_x = 0, .ofs_y = -1},
    {.bitmap_index = 38482, .adv_w = 224, .box_w = 12, .box_h = 12, .ofs_x = 1, .ofs_y = -1},
    {.bitmap_index = 38500, .adv_w = 224, .box_w = 13, .box_h = 12, .ofs_x = 1, .ofs_y = -1},
    {.bitmap_index = 38520, .adv_w = 224, .box_w = 13, .box_h = 12, .ofs_x = 0, .ofs_y = -1},
    {.bitmap_index = 38540, .adv_w = 224, .box_w = 11, .box_h = 12, .ofs_x = 1, .ofs_y = -1},
    {.bitmap_index = 38557, .adv_w = 224, .box_w = 13, .box_h = 13, .ofs_x = 1, .ofs_y = -2},
    {.bitmap_index = 38579, .adv_w = 224, .box_w = 14, .box_h = 12, .ofs_x = 0, .ofs_y = -1},
    {.bitmap_index = 38600, .adv_w = 224, .box_w = 13, .box_h = 12, .ofs_x = 0, .ofs_y = -1},
    {.bitmap_index = 38620, .adv_w = 224, .box_w = 12, .box_h = 11, .ofs_x = 1, .ofs_y = -1},
    {.bitmap_index = 38637, .adv_w = 224, .box_w = 12, .box_h = 12, .ofs_x = 1, .ofs_y = -1},
    {.bitmap_index = 38655, .adv_w = 224, .box_w = 12, .box_h = 12, .ofs_x = 1, .ofs_y = -1},
    {.bitmap_index = 38673, .adv_w = 224, .box_w = 12, .box_h = 12, .ofs_x = 0, .ofs_y = -1},
    {.bitmap_index = 38691, .adv_w = 224, .box_w = 13, .box_h = 12, .ofs_x = 0, .ofs_y = -1},
    {.bitmap_index = 38711, .adv_w = 224, .box_w = 12, .box_h = 12, .ofs_x = 1, .ofs_y = -1},
    {.bitmap_index = 38729, .adv_w = 224, .box_w = 13, .box_h = 12, .ofs_x = 0, .ofs_y = -1},
    {.bitmap_index = 38749, .adv_w = 224, .box_w = 11, .box_h = 12, .ofs_x = 1, .ofs_y = -1},
    {.bitmap_index = 38766, .adv_w = 224, .box_w = 13, .box_h = 12, .ofs_x = 0, .ofs_y = -1},
    {.bitmap_index = 38786, .adv_w = 224, .box_w = 12, .box_h = 12, .ofs_x = 1, .ofs_y = -1},
    {.bitmap_index = 38804, .adv_w = 224, .box_w = 13, .box_h = 12, .ofs_x = 0, .ofs_y = -1},
    {.bitmap_index = 38824, .adv_w = 224, .box_w = 13, .box_h = 12, .ofs_x = 0, .ofs_y = -1},
    {.bitmap_index = 38844, .adv_w = 224, .box_w = 13, .box_h = 12, .ofs_x = 0, .ofs_y = -1},
    {.bitmap_index = 38864, .adv_w = 224, .box_w = 12, .box_h = 12, .ofs_x = 1, .ofs_y = -1},
    {.bitmap_index = 38882, .adv_w = 224, .box_w = 13, .box_h = 12, .ofs_x = 1, .ofs_y = -1},
    {.bitmap_index = 38902, .adv_w = 224, .box_w = 12, .box_h = 12, .ofs_x = 1, .ofs_y = -1},
    {.bitmap_index = 38920, .adv_w = 224, .box_w = 12, .box_h = 12, .ofs_x = 1, .ofs_y = -1},
    {.bitmap_index = 38938, .adv_w = 224, .box_w = 12, .box_h = 12, .ofs_x = 1, .ofs_y = -1},
    {.bitmap_index = 38956, .adv_w = 224, .box_w = 14, .box_h = 13, .ofs_x = 0, .ofs_y = -2},
    {.bitmap_index = 38979, .adv_w = 224, .box_w = 12, .box_h = 12, .ofs_x = 0, .ofs_y = -1},
    {.bitmap_index = 38997, .adv_w = 224, .box_w = 13, .box_h = 12, .ofs_x = 0, .ofs_y = -1},
    {.bitmap_index = 39017, .adv_w = 224, .box_w = 13, .box_h = 12, .ofs_x = 0, .ofs_y = -1},
    {.bitmap_index = 39037, .adv_w = 224, .box_w = 13, .box_h = 13, .ofs_x = 1, .ofs_y = -2},
    {.bitmap_index = 39059, .adv_w = 224, .box_w = 13, .box_h = 12, .ofs_x = 1, .ofs_y = -1},
    {.bitmap_index = 39079, .adv_w = 224, .box_w = 13, .box_h = 13, .ofs_x = 0, .ofs_y = -2},
    {.bitmap_index = 39101, .adv_w = 224, .box_w = 13, .box_h = 12, .ofs_x = 0, .ofs_y = -1},
    {.bitmap_index = 39121, .adv_w = 224, .box_w = 13, .box_h = 12, .ofs_x = 1, .ofs_y = -1},
    {.bitmap_index = 39141, .adv_w = 224, .box_w = 13, .box_h = 12, .ofs_x = 1, .ofs_y = -1},
    {.bitmap_index = 39161, .adv_w = 224, .box_w = 13, .box_h = 13, .ofs_x = 1, .ofs_y = -2},
    {.bitmap_index = 39183, .adv_w = 224, .box_w = 13, .box_h = 14, .ofs_x = 0, .ofs_y = -2},
    {.bitmap_index = 39206, .adv_w = 224, .box_w = 13, .box_h = 12, .ofs_x = 0, .ofs_y = -1},
    {.bitmap_index = 39226, .adv_w = 224, .box_w = 12, .box_h = 13, .ofs_x = 0, .ofs_y = -1},
    {.bitmap_index = 39246, .adv_w = 224, .box_w = 13, .box_h = 11, .ofs_x = 0, .ofs_y = -1},
    {.bitmap_index = 39264, .adv_w = 224, .box_w = 13, .box_h = 12, .ofs_x = 0, .ofs_y = -1},
    {.bitmap_index = 39284, .adv_w = 224, .box_w = 13, .box_h = 12, .ofs_x = 0, .ofs_y = -1},
    {.bitmap_index = 39304, .adv_w = 224, .box_w = 13, .box_h = 12, .ofs_x = 0, .ofs_y = -1},
    {.bitmap_index = 39324, .adv_w = 224, .box_w = 12, .box_h = 12, .ofs_x = 1, .ofs_y = -1},
    {.bitmap_index = 39342, .adv_w = 224, .box_w = 12, .box_h = 12, .ofs_x = 1, .ofs_y = -1},
    {.bitmap_index = 39360, .adv_w = 224, .box_w = 12, .box_h = 12, .ofs_x = 1, .ofs_y = -1},
    {.bitmap_index = 39378, .adv_w = 224, .box_w = 13, .box_h = 12, .ofs_x = 0, .ofs_y = -1},
    {.bitmap_index = 39398, .adv_w = 224, .box_w = 13, .box_h = 12, .ofs_x = 0, .ofs_y = -1},
    {.bitmap_index = 39418, .adv_w = 224, .box_w = 14, .box_h = 13, .ofs_x = 0, .ofs_y = -2},
    {.bitmap_index = 39441, .adv_w = 224, .box_w = 12, .box_h = 12, .ofs_x = 1, .ofs_y = -1},
    {.bitmap_index = 39459, .adv_w = 224, .box_w = 13, .box_h = 12, .ofs_x = 0, .ofs_y = -1},
    {.bitmap_index = 39479, .adv_w = 224, .box_w = 12, .box_h = 10, .ofs_x = 1, .ofs_y = 0},
    {.bitmap_index = 39494, .adv_w = 224, .box_w = 13, .box_h = 10, .ofs_x = 1, .ofs_y = 0},
    {.bitmap_index = 39511, .adv_w = 224, .box_w = 13, .box_h = 13, .ofs_x = 1, .ofs_y = -2},
    {.bitmap_index = 39533, .adv_w = 224, .box_w = 12, .box_h = 12, .ofs_x = 1, .ofs_y = -1},
    {.bitmap_index = 39551, .adv_w = 224, .box_w = 13, .box_h = 11, .ofs_x = 0, .ofs_y = -1},
    {.bitmap_index = 39569, .adv_w = 224, .box_w = 13, .box_h = 13, .ofs_x = 1, .ofs_y = -2},
    {.bitmap_index = 39591, .adv_w = 224, .box_w = 12, .box_h = 11, .ofs_x = 1, .ofs_y = -1},
    {.bitmap_index = 39608, .adv_w = 224, .box_w = 13, .box_h = 12, .ofs_x = 1, .ofs_y = -1},
    {.bitmap_index = 39628, .adv_w = 224, .box_w = 13, .box_h = 13, .ofs_x = 0, .ofs_y = -1},
    {.bitmap_index = 39650, .adv_w = 224, .box_w = 13, .box_h = 12, .ofs_x = 1, .ofs_y = -1},
    {.bitmap_index = 39670, .adv_w = 224, .box_w = 14, .box_h = 12, .ofs_x = 1, .ofs_y = -1},
    {.bitmap_index = 39691, .adv_w = 224, .box_w = 13, .box_h = 12, .ofs_x = 0, .ofs_y = -1},
    {.bitmap_index = 39711, .adv_w = 224, .box_w = 13, .box_h = 14, .ofs_x = 1, .ofs_y = -2},
    {.bitmap_index = 39734, .adv_w = 224, .box_w = 13, .box_h = 12, .ofs_x = 0, .ofs_y = -1},
    {.bitmap_index = 39754, .adv_w = 224, .box_w = 13, .box_h = 12, .ofs_x = 0, .ofs_y = -1},
    {.bitmap_index = 39774, .adv_w = 224, .box_w = 13, .box_h = 13, .ofs_x = 0, .ofs_y = -1},
    {.bitmap_index = 39796, .adv_w = 224, .box_w = 12, .box_h = 12, .ofs_x = 1, .ofs_y = -1},
    {.bitmap_index = 39814, .adv_w = 224, .box_w = 13, .box_h = 11, .ofs_x = 0, .ofs_y = -1},
    {.bitmap_index = 39832, .adv_w = 224, .box_w = 14, .box_h = 13, .ofs_x = 1, .ofs_y = -1},
    {.bitmap_index = 39855, .adv_w = 224, .box_w = 13, .box_h = 13, .ofs_x = 1, .ofs_y = -1},
    {.bitmap_index = 39877, .adv_w = 224, .box_w = 13, .box_h = 13, .ofs_x = 0, .ofs_y = -2},
    {.bitmap_index = 39899, .adv_w = 224, .box_w = 13, .box_h = 12, .ofs_x = 1, .ofs_y = -1},
    {.bitmap_index = 39919, .adv_w = 224, .box_w = 13, .box_h = 13, .ofs_x = 1, .ofs_y = -2},
    {.bitmap_index = 39941, .adv_w = 224, .box_w = 13, .box_h = 13, .ofs_x = 1, .ofs_y = -1},
    {.bitmap_index = 39963, .adv_w = 224, .box_w = 13, .box_h = 13, .ofs_x = 0, .ofs_y = -1},
    {.bitmap_index = 39985, .adv_w = 224, .box_w = 13, .box_h = 12, .ofs_x = 1, .ofs_y = -1},
    {.bitmap_index = 40005, .adv_w = 224, .box_w = 13, .box_h = 12, .ofs_x = 1, .ofs_y = -1},
    {.bitmap_index = 40025, .adv_w = 224, .box_w = 12, .box_h = 12, .ofs_x = 0, .ofs_y = -1},
    {.bitmap_index = 40043, .adv_w = 224, .box_w = 13, .box_h = 12, .ofs_x = 0, .ofs_y = -1},
    {.bitmap_index = 40063, .adv_w = 224, .box_w = 13, .box_h = 13, .ofs_x = 1, .ofs_y = -2},
    {.bitmap_index = 40085, .adv_w = 224, .box_w = 13, .box_h = 13, .ofs_x = 1, .ofs_y = -1},
    {.bitmap_index = 40107, .adv_w = 224, .box_w = 12, .box_h = 12, .ofs_x = 1, .ofs_y = -1},
    {.bitmap_index = 40125, .adv_w = 224, .box_w = 13, .box_h = 14, .ofs_x = 1, .ofs_y = -2},
    {.bitmap_index = 40148, .adv_w = 224, .box_w = 12, .box_h = 11, .ofs_x = 1, .ofs_y = -1},
    {.bitmap_index = 40165, .adv_w = 224, .box_w = 13, .box_h = 12, .ofs_x = 1, .ofs_y = -1},
    {.bitmap_index = 40185, .adv_w = 224, .box_w = 13, .box_h = 12, .ofs_x = 1, .ofs_y = -1},
    {.bitmap_index = 40205, .adv_w = 224, .box_w = 12, .box_h = 12, .ofs_x = 1, .ofs_y = -1},
    {.bitmap_index = 40223, .adv_w = 224, .box_w = 13, .box_h = 12, .ofs_x = 0, .ofs_y = -1},
    {.bitmap_index = 40243, .adv_w = 224, .box_w = 13, .box_h = 12, .ofs_x = 1, .ofs_y = -1},
    {.bitmap_index = 40263, .adv_w = 224, .box_w = 13, .box_h = 12, .ofs_x = 1, .ofs_y = -1},
    {.bitmap_index = 40283, .adv_w = 224, .box_w = 12, .box_h = 12, .ofs_x = 1, .ofs_y = -1},
    {.bitmap_index = 40301, .adv_w = 224, .box_w = 12, .box_h = 12, .ofs_x = 0, .ofs_y = -1},
    {.bitmap_index = 40319, .adv_w = 224, .box_w = 11, .box_h = 13, .ofs_x = 1, .ofs_y = -2},
    {.bitmap_index = 40337, .adv_w = 224, .box_w = 13, .box_h = 12, .ofs_x = 1, .ofs_y = -1},
    {.bitmap_index = 40357, .adv_w = 224, .box_w = 13, .box_h = 12, .ofs_x = 0, .ofs_y = -1},
    {.bitmap_index = 40377, .adv_w = 224, .box_w = 9, .box_h = 11, .ofs_x = 2, .ofs_y = -1},
    {.bitmap_index = 40390, .adv_w = 224, .box_w = 10, .box_h = 12, .ofs_x = 2, .ofs_y = -1},
    {.bitmap_index = 40405, .adv_w = 224, .box_w = 10, .box_h = 12, .ofs_x = 2, .ofs_y = -1},
    {.bitmap_index = 40420, .adv_w = 224, .box_w = 10, .box_h = 12, .ofs_x = 2, .ofs_y = -1},
    {.bitmap_index = 40435, .adv_w = 224, .box_w = 12, .box_h = 12, .ofs_x = 2, .ofs_y = -1},
    {.bitmap_index = 40453, .adv_w = 224, .box_w = 11, .box_h = 12, .ofs_x = 1, .ofs_y = -1},
    {.bitmap_index = 40470, .adv_w = 224, .box_w = 12, .box_h = 13, .ofs_x = 1, .ofs_y = -2},
    {.bitmap_index = 40490, .adv_w = 224, .box_w = 11, .box_h = 12, .ofs_x = 2, .ofs_y = -1},
    {.bitmap_index = 40507, .adv_w = 224, .box_w = 12, .box_h = 12, .ofs_x = 1, .ofs_y = -1},
    {.bitmap_index = 40525, .adv_w = 224, .box_w = 13, .box_h = 12, .ofs_x = 0, .ofs_y = -1},
    {.bitmap_index = 40545, .adv_w = 224, .box_w = 12, .box_h = 12, .ofs_x = 1, .ofs_y = -1},
    {.bitmap_index = 40563, .adv_w = 224, .box_w = 12, .box_h = 12, .ofs_x = 1, .ofs_y = -1},
    {.bitmap_index = 40581, .adv_w = 224, .box_w = 12, .box_h = 13, .ofs_x = 1, .ofs_y = -1},
    {.bitmap_index = 40601, .adv_w = 224, .box_w = 12, .box_h = 13, .ofs_x = 1, .ofs_y = -1},
    {.bitmap_index = 40621, .adv_w = 224, .box_w = 13, .box_h = 13, .ofs_x = 1, .ofs_y = -1},
    {.bitmap_index = 40643, .adv_w = 224, .box_w = 12, .box_h = 12, .ofs_x = 1, .ofs_y = -1},
    {.bitmap_index = 40661, .adv_w = 224, .box_w = 12, .box_h = 13, .ofs_x = 1, .ofs_y = -1},
    {.bitmap_index = 40681, .adv_w = 224, .box_w = 12, .box_h = 13, .ofs_x = 1, .ofs_y = -1},
    {.bitmap_index = 40701, .adv_w = 224, .box_w = 12, .box_h = 12, .ofs_x = 1, .ofs_y = -1},
    {.bitmap_index = 40719, .adv_w = 224, .box_w = 13, .box_h = 12, .ofs_x = 0, .ofs_y = -1},
    {.bitmap_index = 40739, .adv_w = 224, .box_w = 13, .box_h = 12, .ofs_x = 1, .ofs_y = -1},
    {.bitmap_index = 40759, .adv_w = 224, .box_w = 13, .box_h = 12, .ofs_x = 0, .ofs_y = -1},
    {.bitmap_index = 40779, .adv_w = 224, .box_w = 13, .box_h = 13, .ofs_x = 0, .ofs_y = -1},
    {.bitmap_index = 40801, .adv_w = 224, .box_w = 13, .box_h = 12, .ofs_x = 0, .ofs_y = -1},
    {.bitmap_index = 40821, .adv_w = 224, .box_w = 13, .box_h = 12, .ofs_x = 0, .ofs_y = -1},
    {.bitmap_index = 40841, .adv_w = 224, .box_w = 13, .box_h = 13, .ofs_x = 0, .ofs_y = -2},
    {.bitmap_index = 40863, .adv_w = 224, .box_w = 13, .box_h = 13, .ofs_x = 1, .ofs_y = -1},
    {.bitmap_index = 40885, .adv_w = 224, .box_w = 13, .box_h = 13, .ofs_x = 0, .ofs_y = -1},
    {.bitmap_index = 40907, .adv_w = 224, .box_w = 13, .box_h = 12, .ofs_x = 0, .ofs_y = -1},
    {.bitmap_index = 40927, .adv_w = 224, .box_w = 13, .box_h = 13, .ofs_x = 1, .ofs_y = -1},
    {.bitmap_index = 40949, .adv_w = 224, .box_w = 12, .box_h = 14, .ofs_x = 1, .ofs_y = -2},
    {.bitmap_index = 40970, .adv_w = 224, .box_w = 13, .box_h = 12, .ofs_x = 1, .ofs_y = -1},
    {.bitmap_index = 40990, .adv_w = 224, .box_w = 13, .box_h = 13, .ofs_x = 0, .ofs_y = -1},
    {.bitmap_index = 41012, .adv_w = 224, .box_w = 12, .box_h = 13, .ofs_x = 1, .ofs_y = -1},
    {.bitmap_index = 41032, .adv_w = 224, .box_w = 12, .box_h = 13, .ofs_x = 1, .ofs_y = -1},
    {.bitmap_index = 41052, .adv_w = 224, .box_w = 12, .box_h = 14, .ofs_x = 1, .ofs_y = -2},
    {.bitmap_index = 41073, .adv_w = 224, .box_w = 12, .box_h = 14, .ofs_x = 1, .ofs_y = -2},
    {.bitmap_index = 41094, .adv_w = 224, .box_w = 12, .box_h = 13, .ofs_x = 1, .ofs_y = -1},
    {.bitmap_index = 41114, .adv_w = 224, .box_w = 12, .box_h = 13, .ofs_x = 1, .ofs_y = -2},
    {.bitmap_index = 41134, .adv_w = 224, .box_w = 13, .box_h = 13, .ofs_x = 0, .ofs_y = -2},
    {.bitmap_index = 41156, .adv_w = 224, .box_w = 13, .box_h = 13, .ofs_x = 0, .ofs_y = -2},
    {.bitmap_index = 41178, .adv_w = 224, .box_w = 13, .box_h = 13, .ofs_x = 1, .ofs_y = -1},
    {.bitmap_index = 41200, .adv_w = 224, .box_w = 12, .box_h = 13, .ofs_x = 1, .ofs_y = -1},
    {.bitmap_index = 41220, .adv_w = 224, .box_w = 12, .box_h = 12, .ofs_x = 1, .ofs_y = -1},
    {.bitmap_index = 41238, .adv_w = 224, .box_w = 13, .box_h = 13, .ofs_x = 0, .ofs_y = -2},
    {.bitmap_index = 41260, .adv_w = 224, .box_w = 13, .box_h = 12, .ofs_x = 1, .ofs_y = -1},
    {.bitmap_index = 41280, .adv_w = 224, .box_w = 12, .box_h = 13, .ofs_x = 1, .ofs_y = -1},
    {.bitmap_index = 41300, .adv_w = 224, .box_w = 12, .box_h = 12, .ofs_x = 1, .ofs_y = -1},
    {.bitmap_index = 41318, .adv_w = 224, .box_w = 13, .box_h = 14, .ofs_x = 1, .ofs_y = -2},
    {.bitmap_index = 41341, .adv_w = 224, .box_w = 13, .box_h = 13, .ofs_x = 1, .ofs_y = -1},
    {.bitmap_index = 41363, .adv_w = 224, .box_w = 12, .box_h = 12, .ofs_x = 1, .ofs_y = -1},
    {.bitmap_index = 41381, .adv_w = 224, .box_w = 13, .box_h = 12, .ofs_x = 0, .ofs_y = -1},
    {.bitmap_index = 41401, .adv_w = 224, .box_w = 13, .box_h = 12, .ofs_x = 1, .ofs_y = -1},
    {.bitmap_index = 41421, .adv_w = 224, .box_w = 14, .box_h = 12, .ofs_x = 0, .ofs_y = -1},
    {.bitmap_index = 41442, .adv_w = 224, .box_w = 13, .box_h = 12, .ofs_x = 0, .ofs_y = -1},
    {.bitmap_index = 41462, .adv_w = 224, .box_w = 13, .box_h = 12, .ofs_x = 1, .ofs_y = -1},
    {.bitmap_index = 41482, .adv_w = 224, .box_w = 13, .box_h = 12, .ofs_x = 1, .ofs_y = -1},
    {.bitmap_index = 41502, .adv_w = 224, .box_w = 14, .box_h = 12, .ofs_x = 0, .ofs_y = -1},
    {.bitmap_index = 41523, .adv_w = 224, .box_w = 10, .box_h = 12, .ofs_x = 2, .ofs_y = -1},
    {.bitmap_index = 41538, .adv_w = 224, .box_w = 13, .box_h = 12, .ofs_x = 1, .ofs_y = -1},
    {.bitmap_index = 41558, .adv_w = 224, .box_w = 13, .box_h = 14, .ofs_x = 0, .ofs_y = -2},
    {.bitmap_index = 41581, .adv_w = 224, .box_w = 11, .box_h = 13, .ofs_x = 1, .ofs_y = -1},
    {.bitmap_index = 41599, .adv_w = 224, .box_w = 12, .box_h = 12, .ofs_x = 1, .ofs_y = -1},
    {.bitmap_index = 41617, .adv_w = 224, .box_w = 13, .box_h = 13, .ofs_x = 1, .ofs_y = -1},
    {.bitmap_index = 41639, .adv_w = 224, .box_w = 12, .box_h = 12, .ofs_x = 1, .ofs_y = -1},
    {.bitmap_index = 41657, .adv_w = 224, .box_w = 13, .box_h = 13, .ofs_x = 1, .ofs_y = -2},
    {.bitmap_index = 41679, .adv_w = 224, .box_w = 13, .box_h = 10, .ofs_x = 0, .ofs_y = 0},
    {.bitmap_index = 41696, .adv_w = 224, .box_w = 13, .box_h = 12, .ofs_x = 1, .ofs_y = -1},
    {.bitmap_index = 41716, .adv_w = 224, .box_w = 13, .box_h = 12, .ofs_x = 1, .ofs_y = -1},
    {.bitmap_index = 41736, .adv_w = 224, .box_w = 13, .box_h = 11, .ofs_x = 1, .ofs_y = -1},
    {.bitmap_index = 41754, .adv_w = 224, .box_w = 12, .box_h = 12, .ofs_x = 1, .ofs_y = -1},
    {.bitmap_index = 41772, .adv_w = 224, .box_w = 12, .box_h = 12, .ofs_x = 1, .ofs_y = -1},
    {.bitmap_index = 41790, .adv_w = 224, .box_w = 12, .box_h = 12, .ofs_x = 1, .ofs_y = -1},
    {.bitmap_index = 41808, .adv_w = 224, .box_w = 13, .box_h = 12, .ofs_x = 1, .ofs_y = -1},
    {.bitmap_index = 41828, .adv_w = 224, .box_w = 14, .box_h = 12, .ofs_x = 0, .ofs_y = -1},
    {.bitmap_index = 41849, .adv_w = 224, .box_w = 13, .box_h = 12, .ofs_x = 0, .ofs_y = -1},
    {.bitmap_index = 41869, .adv_w = 224, .box_w = 13, .box_h = 12, .ofs_x = 0, .ofs_y = -1},
    {.bitmap_index = 41889, .adv_w = 224, .box_w = 13, .box_h = 13, .ofs_x = 0, .ofs_y = -1},
    {.bitmap_index = 41911, .adv_w = 224, .box_w = 12, .box_h = 12, .ofs_x = 1, .ofs_y = -1},
    {.bitmap_index = 41929, .adv_w = 224, .box_w = 12, .box_h = 12, .ofs_x = 1, .ofs_y = -1},
    {.bitmap_index = 41947, .adv_w = 224, .box_w = 13, .box_h = 12, .ofs_x = 1, .ofs_y = -1},
    {.bitmap_index = 41967, .adv_w = 224, .box_w = 9, .box_h = 12, .ofs_x = 3, .ofs_y = -1},
    {.bitmap_index = 41981, .adv_w = 224, .box_w = 11, .box_h = 11, .ofs_x = 1, .ofs_y = -1},
    {.bitmap_index = 41997, .adv_w = 224, .box_w = 12, .box_h = 12, .ofs_x = 1, .ofs_y = -1},
    {.bitmap_index = 42015, .adv_w = 224, .box_w = 13, .box_h = 12, .ofs_x = 0, .ofs_y = -1},
    {.bitmap_index = 42035, .adv_w = 224, .box_w = 11, .box_h = 12, .ofs_x = 1, .ofs_y = -1},
    {.bitmap_index = 42052, .adv_w = 224, .box_w = 12, .box_h = 12, .ofs_x = 1, .ofs_y = -1},
    {.bitmap_index = 42070, .adv_w = 224, .box_w = 12, .box_h = 12, .ofs_x = 1, .ofs_y = -1},
    {.bitmap_index = 42088, .adv_w = 224, .box_w = 13, .box_h = 12, .ofs_x = 0, .ofs_y = -1},
    {.bitmap_index = 42108, .adv_w = 224, .box_w = 13, .box_h = 12, .ofs_x = 0, .ofs_y = -1},
    {.bitmap_index = 42128, .adv_w = 224, .box_w = 12, .box_h = 12, .ofs_x = 0, .ofs_y = -1},
    {.bitmap_index = 42146, .adv_w = 224, .box_w = 13, .box_h = 13, .ofs_x = 1, .ofs_y = -1},
    {.bitmap_index = 42168, .adv_w = 224, .box_w = 12, .box_h = 12, .ofs_x = 1, .ofs_y = -1},
    {.bitmap_index = 42186, .adv_w = 224, .box_w = 12, .box_h = 12, .ofs_x = 1, .ofs_y = -1},
    {.bitmap_index = 42204, .adv_w = 224, .box_w = 12, .box_h = 12, .ofs_x = 1, .ofs_y = -1},
    {.bitmap_index = 42222, .adv_w = 224, .box_w = 12, .box_h = 12, .ofs_x = 1, .ofs_y = -1},
    {.bitmap_index = 42240, .adv_w = 224, .box_w = 13, .box_h = 11, .ofs_x = 1, .ofs_y = -1},
    {.bitmap_index = 42258, .adv_w = 224, .box_w = 13, .box_h = 12, .ofs_x = 1, .ofs_y = -1},
    {.bitmap_index = 42278, .adv_w = 224, .box_w = 13, .box_h = 12, .ofs_x = 1, .ofs_y = -1},
    {.bitmap_index = 42298, .adv_w = 224, .box_w = 12, .box_h = 12, .ofs_x = 1, .ofs_y = -1},
    {.bitmap_index = 42316, .adv_w = 224, .box_w = 12, .box_h = 13, .ofs_x = 1, .ofs_y = -1},
    {.bitmap_index = 42336, .adv_w = 224, .box_w = 12, .box_h = 12, .ofs_x = 1, .ofs_y = -1},
    {.bitmap_index = 42354, .adv_w = 224, .box_w = 13, .box_h = 12, .ofs_x = 1, .ofs_y = -1},
    {.bitmap_index = 42374, .adv_w = 224, .box_w = 13, .box_h = 12, .ofs_x = 1, .ofs_y = -1},
    {.bitmap_index = 42394, .adv_w = 224, .box_w = 11, .box_h = 12, .ofs_x = 1, .ofs_y = -1},
    {.bitmap_index = 42411, .adv_w = 224, .box_w = 12, .box_h = 12, .ofs_x = 1, .ofs_y = -1},
    {.bitmap_index = 42429, .adv_w = 224, .box_w = 12, .box_h = 12, .ofs_x = 1, .ofs_y = -1},
    {.bitmap_index = 42447, .adv_w = 224, .box_w = 12, .box_h = 12, .ofs_x = 1, .ofs_y = -1},
    {.bitmap_index = 42465, .adv_w = 224, .box_w = 12, .box_h = 13, .ofs_x = 1, .ofs_y = -1},
    {.bitmap_index = 42485, .adv_w = 224, .box_w = 12, .box_h = 12, .ofs_x = 1, .ofs_y = -1},
    {.bitmap_index = 42503, .adv_w = 224, .box_w = 12, .box_h = 12, .ofs_x = 1, .ofs_y = -1},
    {.bitmap_index = 42521, .adv_w = 224, .box_w = 13, .box_h = 12, .ofs_x = 1, .ofs_y = -1},
    {.bitmap_index = 42541, .adv_w = 224, .box_w = 12, .box_h = 13, .ofs_x = 1, .ofs_y = -1},
    {.bitmap_index = 42561, .adv_w = 224, .box_w = 12, .box_h = 12, .ofs_x = 1, .ofs_y = -1},
    {.bitmap_index = 42579, .adv_w = 224, .box_w = 12, .box_h = 13, .ofs_x = 1, .ofs_y = -1},
    {.bitmap_index = 42599, .adv_w = 224, .box_w = 12, .box_h = 12, .ofs_x = 1, .ofs_y = -1},
    {.bitmap_index = 42617, .adv_w = 224, .box_w = 12, .box_h = 12, .ofs_x = 1, .ofs_y = -1},
    {.bitmap_index = 42635, .adv_w = 224, .box_w = 11, .box_h = 13, .ofs_x = 1, .ofs_y = -2},
    {.bitmap_index = 42653, .adv_w = 224, .box_w = 12, .box_h = 12, .ofs_x = 0, .ofs_y = -1},
    {.bitmap_index = 42671, .adv_w = 224, .box_w = 12, .box_h = 12, .ofs_x = 1, .ofs_y = -1},
    {.bitmap_index = 42689, .adv_w = 224, .box_w = 14, .box_h = 12, .ofs_x = 0, .ofs_y = -1},
    {.bitmap_index = 42710, .adv_w = 224, .box_w = 13, .box_h = 12, .ofs_x = 0, .ofs_y = -1},
    {.bitmap_index = 42730, .adv_w = 224, .box_w = 13, .box_h = 12, .ofs_x = 0, .ofs_y = -1},
    {.bitmap_index = 42750, .adv_w = 224, .box_w = 12, .box_h = 11, .ofs_x = 1, .ofs_y = -1},
    {.bitmap_index = 42767, .adv_w = 224, .box_w = 14, .box_h = 12, .ofs_x = 0, .ofs_y = -1},
    {.bitmap_index = 42788, .adv_w = 224, .box_w = 12, .box_h = 13, .ofs_x = 1, .ofs_y = -2},
    {.bitmap_index = 42808, .adv_w = 224, .box_w = 13, .box_h = 11, .ofs_x = 0, .ofs_y = -1},
    {.bitmap_index = 42826, .adv_w = 224, .box_w = 12, .box_h = 13, .ofs_x = 1, .ofs_y = -2},
    {.bitmap_index = 42846, .adv_w = 224, .box_w = 13, .box_h = 12, .ofs_x = 0, .ofs_y = -1},
    {.bitmap_index = 42866, .adv_w = 224, .box_w = 12, .box_h = 14, .ofs_x = 1, .ofs_y = -2},
    {.bitmap_index = 42887, .adv_w = 224, .box_w = 13, .box_h = 12, .ofs_x = 1, .ofs_y = -1},
    {.bitmap_index = 42907, .adv_w = 224, .box_w = 12, .box_h = 13, .ofs_x = 1, .ofs_y = -2},
    {.bitmap_index = 42927, .adv_w = 224, .box_w = 13, .box_h = 12, .ofs_x = 0, .ofs_y = -1},
    {.bitmap_index = 42947, .adv_w = 224, .box_w = 13, .box_h = 11, .ofs_x = 0, .ofs_y = -1},
    {.bitmap_index = 42965, .adv_w = 224, .box_w = 13, .box_h = 13, .ofs_x = 0, .ofs_y = -2},
    {.bitmap_index = 42987, .adv_w = 224, .box_w = 13, .box_h = 12, .ofs_x = 0, .ofs_y = -1},
    {.bitmap_index = 43007, .adv_w = 224, .box_w = 13, .box_h = 12, .ofs_x = 0, .ofs_y = -1},
    {.bitmap_index = 43027, .adv_w = 224, .box_w = 13, .box_h = 12, .ofs_x = 1, .ofs_y = -1},
    {.bitmap_index = 43047, .adv_w = 224, .box_w = 12, .box_h = 12, .ofs_x = 1, .ofs_y = -1},
    {.bitmap_index = 43065, .adv_w = 224, .box_w = 14, .box_h = 12, .ofs_x = 0, .ofs_y = -1},
    {.bitmap_index = 43086, .adv_w = 224, .box_w = 13, .box_h = 12, .ofs_x = 1, .ofs_y = -1},
    {.bitmap_index = 43106, .adv_w = 224, .box_w = 13, .box_h = 13, .ofs_x = 1, .ofs_y = -1},
    {.bitmap_index = 43128, .adv_w = 224, .box_w = 13, .box_h = 12, .ofs_x = 1, .ofs_y = -1},
    {.bitmap_index = 43148, .adv_w = 224, .box_w = 13, .box_h = 13, .ofs_x = 0, .ofs_y = -1},
    {.bitmap_index = 43170, .adv_w = 224, .box_w = 13, .box_h = 12, .ofs_x = 0, .ofs_y = -1},
    {.bitmap_index = 43190, .adv_w = 224, .box_w = 13, .box_h = 12, .ofs_x = 0, .ofs_y = -1},
    {.bitmap_index = 43210, .adv_w = 224, .box_w = 14, .box_h = 12, .ofs_x = 0, .ofs_y = -1},
    {.bitmap_index = 43231, .adv_w = 224, .box_w = 13, .box_h = 12, .ofs_x = 1, .ofs_y = -1},
    {.bitmap_index = 43251, .adv_w = 224, .box_w = 13, .box_h = 13, .ofs_x = 0, .ofs_y = -1},
    {.bitmap_index = 43273, .adv_w = 224, .box_w = 13, .box_h = 12, .ofs_x = 1, .ofs_y = -1},
    {.bitmap_index = 43293, .adv_w = 224, .box_w = 14, .box_h = 14, .ofs_x = 0, .ofs_y = -2},
    {.bitmap_index = 43318, .adv_w = 224, .box_w = 13, .box_h = 13, .ofs_x = 1, .ofs_y = -2},
    {.bitmap_index = 43340, .adv_w = 224, .box_w = 13, .box_h = 12, .ofs_x = 1, .ofs_y = -1},
    {.bitmap_index = 43360, .adv_w = 224, .box_w = 12, .box_h = 12, .ofs_x = 1, .ofs_y = -1},
    {.bitmap_index = 43378, .adv_w = 224, .box_w = 14, .box_h = 12, .ofs_x = 0, .ofs_y = -1},
    {.bitmap_index = 43399, .adv_w = 224, .box_w = 12, .box_h = 13, .ofs_x = 1, .ofs_y = -2},
    {.bitmap_index = 43419, .adv_w = 224, .box_w = 13, .box_h = 12, .ofs_x = 1, .ofs_y = -1},
    {.bitmap_index = 43439, .adv_w = 224, .box_w = 13, .box_h = 12, .ofs_x = 1, .ofs_y = -1},
    {.bitmap_index = 43459, .adv_w = 224, .box_w = 13, .box_h = 12, .ofs_x = 1, .ofs_y = -1},
    {.bitmap_index = 43479, .adv_w = 224, .box_w = 13, .box_h = 13, .ofs_x = 0, .ofs_y = -1},
    {.bitmap_index = 43501, .adv_w = 224, .box_w = 13, .box_h = 13, .ofs_x = 1, .ofs_y = -2},
    {.bitmap_index = 43523, .adv_w = 224, .box_w = 13, .box_h = 12, .ofs_x = 1, .ofs_y = -1},
    {.bitmap_index = 43543, .adv_w = 224, .box_w = 13, .box_h = 12, .ofs_x = 1, .ofs_y = -1},
    {.bitmap_index = 43563, .adv_w = 224, .box_w = 13, .box_h = 12, .ofs_x = 0, .ofs_y = -1},
    {.bitmap_index = 43583, .adv_w = 224, .box_w = 13, .box_h = 12, .ofs_x = 1, .ofs_y = -1},
    {.bitmap_index = 43603, .adv_w = 224, .box_w = 13, .box_h = 12, .ofs_x = 1, .ofs_y = -1},
    {.bitmap_index = 43623, .adv_w = 224, .box_w = 12, .box_h = 11, .ofs_x = 1, .ofs_y = -1},
    {.bitmap_index = 43640, .adv_w = 224, .box_w = 13, .box_h = 12, .ofs_x = 0, .ofs_y = -1},
    {.bitmap_index = 43660, .adv_w = 224, .box_w = 13, .box_h = 12, .ofs_x = 0, .ofs_y = -1},
    {.bitmap_index = 43680, .adv_w = 224, .box_w = 13, .box_h = 12, .ofs_x = 0, .ofs_y = -1},
    {.bitmap_index = 43700, .adv_w = 224, .box_w = 13, .box_h = 12, .ofs_x = 1, .ofs_y = -1},
    {.bitmap_index = 43720, .adv_w = 224, .box_w = 13, .box_h = 12, .ofs_x = 1, .ofs_y = -1},
    {.bitmap_index = 43740, .adv_w = 224, .box_w = 12, .box_h = 12, .ofs_x = 1, .ofs_y = -1},
    {.bitmap_index = 43758, .adv_w = 224, .box_w = 12, .box_h = 12, .ofs_x = 1, .ofs_y = -1},
    {.bitmap_index = 43776, .adv_w = 224, .box_w = 13, .box_h = 13, .ofs_x = 1, .ofs_y = -1},
    {.bitmap_index = 43798, .adv_w = 224, .box_w = 13, .box_h = 12, .ofs_x = 1, .ofs_y = -1},
    {.bitmap_index = 43818, .adv_w = 224, .box_w = 12, .box_h = 12, .ofs_x = 1, .ofs_y = -1},
    {.bitmap_index = 43836, .adv_w = 224, .box_w = 13, .box_h = 13, .ofs_x = 0, .ofs_y = -1},
    {.bitmap_index = 43858, .adv_w = 224, .box_w = 13, .box_h = 14, .ofs_x = 0, .ofs_y = -2},
    {.bitmap_index = 43881, .adv_w = 224, .box_w = 13, .box_h = 13, .ofs_x = 1, .ofs_y = -1},
    {.bitmap_index = 43903, .adv_w = 224, .box_w = 12, .box_h = 12, .ofs_x = 1, .ofs_y = -1},
    {.bitmap_index = 43921, .adv_w = 224, .box_w = 13, .box_h = 12, .ofs_x = 0, .ofs_y = -1},
    {.bitmap_index = 43941, .adv_w = 224, .box_w = 12, .box_h = 13, .ofs_x = 1, .ofs_y = -1},
    {.bitmap_index = 43961, .adv_w = 224, .box_w = 12, .box_h = 12, .ofs_x = 1, .ofs_y = -1},
    {.bitmap_index = 43979, .adv_w = 224, .box_w = 12, .box_h = 13, .ofs_x = 1, .ofs_y = -1},
    {.bitmap_index = 43999, .adv_w = 224, .box_w = 13, .box_h = 12, .ofs_x = 1, .ofs_y = -1},
    {.bitmap_index = 44019, .adv_w = 224, .box_w = 12, .box_h = 12, .ofs_x = 1, .ofs_y = -1},
    {.bitmap_index = 44037, .adv_w = 224, .box_w = 12, .box_h = 12, .ofs_x = 1, .ofs_y = -1},
    {.bitmap_index = 44055, .adv_w = 224, .box_w = 12, .box_h = 12, .ofs_x = 1, .ofs_y = -1},
    {.bitmap_index = 44073, .adv_w = 224, .box_w = 13, .box_h = 12, .ofs_x = 1, .ofs_y = -1},
    {.bitmap_index = 44093, .adv_w = 224, .box_w = 13, .box_h = 12, .ofs_x = 0, .ofs_y = -1},
    {.bitmap_index = 44113, .adv_w = 224, .box_w = 14, .box_h = 12, .ofs_x = 0, .ofs_y = -1},
    {.bitmap_index = 44134, .adv_w = 224, .box_w = 12, .box_h = 12, .ofs_x = 0, .ofs_y = -1},
    {.bitmap_index = 44152, .adv_w = 224, .box_w = 13, .box_h = 12, .ofs_x = 1, .ofs_y = -1},
    {.bitmap_index = 44172, .adv_w = 224, .box_w = 14, .box_h = 12, .ofs_x = 0, .ofs_y = -1},
    {.bitmap_index = 44193, .adv_w = 224, .box_w = 14, .box_h = 12, .ofs_x = 0, .ofs_y = -1},
    {.bitmap_index = 44214, .adv_w = 224, .box_w = 12, .box_h = 12, .ofs_x = 1, .ofs_y = -1},
    {.bitmap_index = 44232, .adv_w = 224, .box_w = 13, .box_h = 12, .ofs_x = 0, .ofs_y = -1},
    {.bitmap_index = 44252, .adv_w = 224, .box_w = 12, .box_h = 12, .ofs_x = 1, .ofs_y = -1},
    {.bitmap_index = 44270, .adv_w = 224, .box_w = 14, .box_h = 12, .ofs_x = 0, .ofs_y = -1},
    {.bitmap_index = 44291, .adv_w = 224, .box_w = 12, .box_h = 12, .ofs_x = 1, .ofs_y = -1},
    {.bitmap_index = 44309, .adv_w = 224, .box_w = 13, .box_h = 12, .ofs_x = 1, .ofs_y = -1},
    {.bitmap_index = 44329, .adv_w = 224, .box_w = 14, .box_h = 12, .ofs_x = 0, .ofs_y = -1},
    {.bitmap_index = 44350, .adv_w = 224, .box_w = 13, .box_h = 12, .ofs_x = 0, .ofs_y = -1},
    {.bitmap_index = 44370, .adv_w = 224, .box_w = 14, .box_h = 12, .ofs_x = 0, .ofs_y = -1},
    {.bitmap_index = 44391, .adv_w = 224, .box_w = 12, .box_h = 12, .ofs_x = 1, .ofs_y = -1},
    {.bitmap_index = 44409, .adv_w = 224, .box_w = 13, .box_h = 13, .ofs_x = 0, .ofs_y = -1},
    {.bitmap_index = 44431, .adv_w = 224, .box_w = 13, .box_h = 12, .ofs_x = 0, .ofs_y = -1},
    {.bitmap_index = 44451, .adv_w = 224, .box_w = 12, .box_h = 12, .ofs_x = 1, .ofs_y = -1},
    {.bitmap_index = 44469, .adv_w = 224, .box_w = 12, .box_h = 12, .ofs_x = 1, .ofs_y = -1},
    {.bitmap_index = 44487, .adv_w = 224, .box_w = 13, .box_h = 12, .ofs_x = 1, .ofs_y = -1},
    {.bitmap_index = 44507, .adv_w = 224, .box_w = 13, .box_h = 12, .ofs_x = 0, .ofs_y = -1},
    {.bitmap_index = 44527, .adv_w = 224, .box_w = 12, .box_h = 12, .ofs_x = 1, .ofs_y = -1},
    {.bitmap_index = 44545, .adv_w = 224, .box_w = 12, .box_h = 13, .ofs_x = 1, .ofs_y = -1},
    {.bitmap_index = 44565, .adv_w = 224, .box_w = 12, .box_h = 13, .ofs_x = 1, .ofs_y = -1},
    {.bitmap_index = 44585, .adv_w = 224, .box_w = 13, .box_h = 12, .ofs_x = 1, .ofs_y = -1},
    {.bitmap_index = 44605, .adv_w = 224, .box_w = 13, .box_h = 13, .ofs_x = 1, .ofs_y = -1},
    {.bitmap_index = 44627, .adv_w = 224, .box_w = 12, .box_h = 12, .ofs_x = 1, .ofs_y = -1},
    {.bitmap_index = 44645, .adv_w = 224, .box_w = 12, .box_h = 12, .ofs_x = 1, .ofs_y = -1},
    {.bitmap_index = 44663, .adv_w = 224, .box_w = 12, .box_h = 12, .ofs_x = 1, .ofs_y = -1},
    {.bitmap_index = 44681, .adv_w = 224, .box_w = 13, .box_h = 12, .ofs_x = 1, .ofs_y = -1},
    {.bitmap_index = 44701, .adv_w = 224, .box_w = 13, .box_h = 12, .ofs_x = 0, .ofs_y = -1},
    {.bitmap_index = 44721, .adv_w = 224, .box_w = 13, .box_h = 13, .ofs_x = 1, .ofs_y = -1},
    {.bitmap_index = 44743, .adv_w = 224, .box_w = 12, .box_h = 12, .ofs_x = 1, .ofs_y = -1},
    {.bitmap_index = 44761, .adv_w = 224, .box_w = 11, .box_h = 12, .ofs_x = 2, .ofs_y = -1},
    {.bitmap_index = 44778, .adv_w = 224, .box_w = 12, .box_h = 12, .ofs_x = 1, .ofs_y = -1},
    {.bitmap_index = 44796, .adv_w = 224, .box_w = 12, .box_h = 13, .ofs_x = 1, .ofs_y = -1},
    {.bitmap_index = 44816, .adv_w = 224, .box_w = 12, .box_h = 13, .ofs_x = 1, .ofs_y = -1},
    {.bitmap_index = 44836, .adv_w = 224, .box_w = 11, .box_h = 13, .ofs_x = 1, .ofs_y = -1},
    {.bitmap_index = 44854, .adv_w = 224, .box_w = 12, .box_h = 14, .ofs_x = 1, .ofs_y = -2},
    {.bitmap_index = 44875, .adv_w = 224, .box_w = 13, .box_h = 12, .ofs_x = 0, .ofs_y = -1},
    {.bitmap_index = 44895, .adv_w = 224, .box_w = 12, .box_h = 13, .ofs_x = 1, .ofs_y = -1},
    {.bitmap_index = 44915, .adv_w = 224, .box_w = 12, .box_h = 12, .ofs_x = 1, .ofs_y = -1},
    {.bitmap_index = 44933, .adv_w = 224, .box_w = 11, .box_h = 12, .ofs_x = 1, .ofs_y = -1},
    {.bitmap_index = 44950, .adv_w = 224, .box_w = 12, .box_h = 12, .ofs_x = 1, .ofs_y = -1},
    {.bitmap_index = 44968, .adv_w = 224, .box_w = 12, .box_h = 12, .ofs_x = 1, .ofs_y = -1},
    {.bitmap_index = 44986, .adv_w = 224, .box_w = 12, .box_h = 12, .ofs_x = 1, .ofs_y = -1},
    {.bitmap_index = 45004, .adv_w = 224, .box_w = 12, .box_h = 12, .ofs_x = 1, .ofs_y = -1},
    {.bitmap_index = 45022, .adv_w = 224, .box_w = 13, .box_h = 12, .ofs_x = 0, .ofs_y = -1},
    {.bitmap_index = 45042, .adv_w = 224, .box_w = 12, .box_h = 12, .ofs_x = 2, .ofs_y = -1},
    {.bitmap_index = 45060, .adv_w = 224, .box_w = 12, .box_h = 12, .ofs_x = 1, .ofs_y = -1},
    {.bitmap_index = 45078, .adv_w = 224, .box_w = 12, .box_h = 12, .ofs_x = 1, .ofs_y = -1},
    {.bitmap_index = 45096, .adv_w = 224, .box_w = 13, .box_h = 12, .ofs_x = 1, .ofs_y = -1},
    {.bitmap_index = 45116, .adv_w = 224, .box_w = 13, .box_h = 12, .ofs_x = 1, .ofs_y = -1},
    {.bitmap_index = 45136, .adv_w = 224, .box_w = 12, .box_h = 12, .ofs_x = 1, .ofs_y = -1},
    {.bitmap_index = 45154, .adv_w = 224, .box_w = 13, .box_h = 12, .ofs_x = 0, .ofs_y = -1},
    {.bitmap_index = 45174, .adv_w = 224, .box_w = 13, .box_h = 13, .ofs_x = 1, .ofs_y = -2},
    {.bitmap_index = 45196, .adv_w = 224, .box_w = 13, .box_h = 12, .ofs_x = 1, .ofs_y = -1},
    {.bitmap_index = 45216, .adv_w = 224, .box_w = 13, .box_h = 13, .ofs_x = 1, .ofs_y = -1},
    {.bitmap_index = 45238, .adv_w = 224, .box_w = 13, .box_h = 12, .ofs_x = 1, .ofs_y = -1},
    {.bitmap_index = 45258, .adv_w = 224, .box_w = 13, .box_h = 12, .ofs_x = 0, .ofs_y = -1},
    {.bitmap_index = 45278, .adv_w = 224, .box_w = 13, .box_h = 12, .ofs_x = 0, .ofs_y = -1},
    {.bitmap_index = 45298, .adv_w = 224, .box_w = 13, .box_h = 13, .ofs_x = 0, .ofs_y = -1},
    {.bitmap_index = 45320, .adv_w = 224, .box_w = 12, .box_h = 14, .ofs_x = 1, .ofs_y = -2},
    {.bitmap_index = 45341, .adv_w = 224, .box_w = 12, .box_h = 13, .ofs_x = 1, .ofs_y = -1},
    {.bitmap_index = 45361, .adv_w = 224, .box_w = 12, .box_h = 12, .ofs_x = 1, .ofs_y = -1},
    {.bitmap_index = 45379, .adv_w = 224, .box_w = 13, .box_h = 12, .ofs_x = 1, .ofs_y = -1},
    {.bitmap_index = 45399, .adv_w = 224, .box_w = 12, .box_h = 12, .ofs_x = 0, .ofs_y = -1},
    {.bitmap_index = 45417, .adv_w = 224, .box_w = 12, .box_h = 13, .ofs_x = 1, .ofs_y = -1},
    {.bitmap_index = 45437, .adv_w = 224, .box_w = 12, .box_h = 13, .ofs_x = 1, .ofs_y = -1},
    {.bitmap_index = 45457, .adv_w = 224, .box_w = 13, .box_h = 13, .ofs_x = 1, .ofs_y = -1},
    {.bitmap_index = 45479, .adv_w = 224, .box_w = 11, .box_h = 13, .ofs_x = 1, .ofs_y = -1},
    {.bitmap_index = 45497, .adv_w = 224, .box_w = 13, .box_h = 12, .ofs_x = 0, .ofs_y = -1},
    {.bitmap_index = 45517, .adv_w = 224, .box_w = 13, .box_h = 13, .ofs_x = 0, .ofs_y = -1},
    {.bitmap_index = 45539, .adv_w = 224, .box_w = 12, .box_h = 14, .ofs_x = 1, .ofs_y = -2},
    {.bitmap_index = 45560, .adv_w = 224, .box_w = 12, .box_h = 13, .ofs_x = 1, .ofs_y = -1},
    {.bitmap_index = 45580, .adv_w = 224, .box_w = 12, .box_h = 13, .ofs_x = 1, .ofs_y = -1},
    {.bitmap_index = 45600, .adv_w = 224, .box_w = 12, .box_h = 12, .ofs_x = 1, .ofs_y = -1},
    {.bitmap_index = 45618, .adv_w = 224, .box_w = 12, .box_h = 13, .ofs_x = 1, .ofs_y = -1},
    {.bitmap_index = 45638, .adv_w = 224, .box_w = 14, .box_h = 13, .ofs_x = 0, .ofs_y = -1},
    {.bitmap_index = 45661, .adv_w = 224, .box_w = 13, .box_h = 12, .ofs_x = 1, .ofs_y = -1},
    {.bitmap_index = 45681, .adv_w = 224, .box_w = 12, .box_h = 13, .ofs_x = 1, .ofs_y = -1},
    {.bitmap_index = 45701, .adv_w = 224, .box_w = 13, .box_h = 13, .ofs_x = 1, .ofs_y = -1},
    {.bitmap_index = 45723, .adv_w = 224, .box_w = 12, .box_h = 12, .ofs_x = 1, .ofs_y = -1},
    {.bitmap_index = 45741, .adv_w = 224, .box_w = 12, .box_h = 12, .ofs_x = 1, .ofs_y = -1},
    {.bitmap_index = 45759, .adv_w = 224, .box_w = 13, .box_h = 12, .ofs_x = 1, .ofs_y = -1},
    {.bitmap_index = 45779, .adv_w = 224, .box_w = 12, .box_h = 12, .ofs_x = 1, .ofs_y = -1},
    {.bitmap_index = 45797, .adv_w = 224, .box_w = 13, .box_h = 13, .ofs_x = 1, .ofs_y = -1},
    {.bitmap_index = 45819, .adv_w = 224, .box_w = 13, .box_h = 12, .ofs_x = 1, .ofs_y = -1},
    {.bitmap_index = 45839, .adv_w = 224, .box_w = 13, .box_h = 12, .ofs_x = 0, .ofs_y = -1},
    {.bitmap_index = 45859, .adv_w = 224, .box_w = 12, .box_h = 12, .ofs_x = 1, .ofs_y = -1},
    {.bitmap_index = 45877, .adv_w = 224, .box_w = 13, .box_h = 13, .ofs_x = 0, .ofs_y = -2},
    {.bitmap_index = 45899, .adv_w = 224, .box_w = 13, .box_h = 12, .ofs_x = 0, .ofs_y = -1},
    {.bitmap_index = 45919, .adv_w = 224, .box_w = 12, .box_h = 13, .ofs_x = 1, .ofs_y = -1},
    {.bitmap_index = 45939, .adv_w = 224, .box_w = 13, .box_h = 12, .ofs_x = 0, .ofs_y = -1},
    {.bitmap_index = 45959, .adv_w = 224, .box_w = 13, .box_h = 12, .ofs_x = 0, .ofs_y = -1},
    {.bitmap_index = 45979, .adv_w = 224, .box_w = 12, .box_h = 12, .ofs_x = 1, .ofs_y = -1},
    {.bitmap_index = 45997, .adv_w = 224, .box_w = 12, .box_h = 12, .ofs_x = 1, .ofs_y = -1},
    {.bitmap_index = 46015, .adv_w = 224, .box_w = 12, .box_h = 13, .ofs_x = 1, .ofs_y = -2},
    {.bitmap_index = 46035, .adv_w = 224, .box_w = 12, .box_h = 12, .ofs_x = 1, .ofs_y = -1},
    {.bitmap_index = 46053, .adv_w = 224, .box_w = 12, .box_h = 12, .ofs_x = 1, .ofs_y = -1},
    {.bitmap_index = 46071, .adv_w = 224, .box_w = 12, .box_h = 12, .ofs_x = 0, .ofs_y = -1},
    {.bitmap_index = 46089, .adv_w = 224, .box_w = 13, .box_h = 14, .ofs_x = 0, .ofs_y = -2},
    {.bitmap_index = 46112, .adv_w = 224, .box_w = 12, .box_h = 13, .ofs_x = 1, .ofs_y = -2},
    {.bitmap_index = 46132, .adv_w = 224, .box_w = 12, .box_h = 12, .ofs_x = 2, .ofs_y = -1},
    {.bitmap_index = 46150, .adv_w = 224, .box_w = 13, .box_h = 12, .ofs_x = 0, .ofs_y = -1},
    {.bitmap_index = 46170, .adv_w = 224, .box_w = 13, .box_h = 12, .ofs_x = 0, .ofs_y = -1},
    {.bitmap_index = 46190, .adv_w = 224, .box_w = 12, .box_h = 13, .ofs_x = 1, .ofs_y = -2},
    {.bitmap_index = 46210, .adv_w = 224, .box_w = 13, .box_h = 12, .ofs_x = 0, .ofs_y = -1},
    {.bitmap_index = 46230, .adv_w = 224, .box_w = 14, .box_h = 12, .ofs_x = 0, .ofs_y = -1},
    {.bitmap_index = 46251, .adv_w = 224, .box_w = 13, .box_h = 12, .ofs_x = 0, .ofs_y = -1},
    {.bitmap_index = 46271, .adv_w = 224, .box_w = 13, .box_h = 13, .ofs_x = 0, .ofs_y = -1},
    {.bitmap_index = 46293, .adv_w = 224, .box_w = 13, .box_h = 12, .ofs_x = 0, .ofs_y = -1},
    {.bitmap_index = 46313, .adv_w = 224, .box_w = 12, .box_h = 12, .ofs_x = 1, .ofs_y = -1},
    {.bitmap_index = 46331, .adv_w = 224, .box_w = 13, .box_h = 13, .ofs_x = 0, .ofs_y = -2},
    {.bitmap_index = 46353, .adv_w = 224, .box_w = 11, .box_h = 12, .ofs_x = 1, .ofs_y = -1},
    {.bitmap_index = 46370, .adv_w = 224, .box_w = 13, .box_h = 13, .ofs_x = 1, .ofs_y = -2},
    {.bitmap_index = 46392, .adv_w = 224, .box_w = 12, .box_h = 12, .ofs_x = 1, .ofs_y = -1},
    {.bitmap_index = 46410, .adv_w = 224, .box_w = 13, .box_h = 12, .ofs_x = 0, .ofs_y = -1},
    {.bitmap_index = 46430, .adv_w = 224, .box_w = 12, .box_h = 12, .ofs_x = 1, .ofs_y = -1},
    {.bitmap_index = 46448, .adv_w = 224, .box_w = 13, .box_h = 12, .ofs_x = 0, .ofs_y = -1},
    {.bitmap_index = 46468, .adv_w = 224, .box_w = 13, .box_h = 12, .ofs_x = 1, .ofs_y = -1},
    {.bitmap_index = 46488, .adv_w = 224, .box_w = 14, .box_h = 12, .ofs_x = 0, .ofs_y = -1},
    {.bitmap_index = 46509, .adv_w = 224, .box_w = 13, .box_h = 12, .ofs_x = 1, .ofs_y = -1},
    {.bitmap_index = 46529, .adv_w = 224, .box_w = 13, .box_h = 12, .ofs_x = 1, .ofs_y = -1},
    {.bitmap_index = 46549, .adv_w = 224, .box_w = 13, .box_h = 12, .ofs_x = 1, .ofs_y = -1},
    {.bitmap_index = 46569, .adv_w = 224, .box_w = 13, .box_h = 12, .ofs_x = 0, .ofs_y = -1},
    {.bitmap_index = 46589, .adv_w = 224, .box_w = 13, .box_h = 12, .ofs_x = 1, .ofs_y = -1},
    {.bitmap_index = 46609, .adv_w = 224, .box_w = 13, .box_h = 13, .ofs_x = 1, .ofs_y = -1},
    {.bitmap_index = 46631, .adv_w = 224, .box_w = 11, .box_h = 12, .ofs_x = 2, .ofs_y = -1},
    {.bitmap_index = 46648, .adv_w = 224, .box_w = 13, .box_h = 12, .ofs_x = 0, .ofs_y = -1},
    {.bitmap_index = 46668, .adv_w = 224, .box_w = 13, .box_h = 12, .ofs_x = 0, .ofs_y = -1},
    {.bitmap_index = 46688, .adv_w = 224, .box_w = 11, .box_h = 13, .ofs_x = 1, .ofs_y = -2},
    {.bitmap_index = 46706, .adv_w = 224, .box_w = 12, .box_h = 12, .ofs_x = 1, .ofs_y = -1},
    {.bitmap_index = 46724, .adv_w = 224, .box_w = 13, .box_h = 13, .ofs_x = 0, .ofs_y = -2},
    {.bitmap_index = 46746, .adv_w = 224, .box_w = 12, .box_h = 12, .ofs_x = 1, .ofs_y = -1},
    {.bitmap_index = 46764, .adv_w = 224, .box_w = 12, .box_h = 13, .ofs_x = 1, .ofs_y = -1},
    {.bitmap_index = 46784, .adv_w = 224, .box_w = 13, .box_h = 12, .ofs_x = 0, .ofs_y = -1},
    {.bitmap_index = 46804, .adv_w = 224, .box_w = 11, .box_h = 12, .ofs_x = 1, .ofs_y = -1},
    {.bitmap_index = 46821, .adv_w = 224, .box_w = 12, .box_h = 12, .ofs_x = 1, .ofs_y = -1},
    {.bitmap_index = 46839, .adv_w = 224, .box_w = 12, .box_h = 12, .ofs_x = 1, .ofs_y = -1},
    {.bitmap_index = 46857, .adv_w = 224, .box_w = 12, .box_h = 13, .ofs_x = 0, .ofs_y = -1},
    {.bitmap_index = 46877, .adv_w = 224, .box_w = 13, .box_h = 13, .ofs_x = 0, .ofs_y = -2},
    {.bitmap_index = 46899, .adv_w = 224, .box_w = 12, .box_h = 12, .ofs_x = 1, .ofs_y = -1},
    {.bitmap_index = 46917, .adv_w = 224, .box_w = 11, .box_h = 13, .ofs_x = 1, .ofs_y = -1},
    {.bitmap_index = 46935, .adv_w = 224, .box_w = 12, .box_h = 12, .ofs_x = 0, .ofs_y = -1},
    {.bitmap_index = 46953, .adv_w = 224, .box_w = 13, .box_h = 12, .ofs_x = 1, .ofs_y = -1},
    {.bitmap_index = 46973, .adv_w = 224, .box_w = 13, .box_h = 12, .ofs_x = 1, .ofs_y = -1},
    {.bitmap_index = 46993, .adv_w = 224, .box_w = 12, .box_h = 12, .ofs_x = 1, .ofs_y = -1},
    {.bitmap_index = 47011, .adv_w = 224, .box_w = 12, .box_h = 12, .ofs_x = 1, .ofs_y = -1},
    {.bitmap_index = 47029, .adv_w = 224, .box_w = 12, .box_h = 12, .ofs_x = 1, .ofs_y = -1},
    {.bitmap_index = 47047, .adv_w = 224, .box_w = 13, .box_h = 12, .ofs_x = 1, .ofs_y = -1},
    {.bitmap_index = 47067, .adv_w = 224, .box_w = 13, .box_h = 12, .ofs_x = 0, .ofs_y = -1},
    {.bitmap_index = 47087, .adv_w = 224, .box_w = 13, .box_h = 13, .ofs_x = 0, .ofs_y = -1},
    {.bitmap_index = 47109, .adv_w = 224, .box_w = 13, .box_h = 13, .ofs_x = 1, .ofs_y = -1},
    {.bitmap_index = 47131, .adv_w = 224, .box_w = 13, .box_h = 11, .ofs_x = 1, .ofs_y = 0},
    {.bitmap_index = 47149, .adv_w = 224, .box_w = 13, .box_h = 12, .ofs_x = 0, .ofs_y = -1},
    {.bitmap_index = 47169, .adv_w = 224, .box_w = 12, .box_h = 12, .ofs_x = 1, .ofs_y = -1},
    {.bitmap_index = 47187, .adv_w = 224, .box_w = 13, .box_h = 12, .ofs_x = 0, .ofs_y = -1},
    {.bitmap_index = 47207, .adv_w = 224, .box_w = 11, .box_h = 12, .ofs_x = 1, .ofs_y = -1},
    {.bitmap_index = 47224, .adv_w = 224, .box_w = 11, .box_h = 12, .ofs_x = 1, .ofs_y = -1},
    {.bitmap_index = 47241, .adv_w = 224, .box_w = 12, .box_h = 12, .ofs_x = 1, .ofs_y = -1},
    {.bitmap_index = 47259, .adv_w = 224, .box_w = 13, .box_h = 13, .ofs_x = 1, .ofs_y = -2},
    {.bitmap_index = 47281, .adv_w = 224, .box_w = 12, .box_h = 12, .ofs_x = 1, .ofs_y = -1},
    {.bitmap_index = 47299, .adv_w = 224, .box_w = 12, .box_h = 12, .ofs_x = 1, .ofs_y = -1},
    {.bitmap_index = 47317, .adv_w = 224, .box_w = 13, .box_h = 13, .ofs_x = 1, .ofs_y = -1},
    {.bitmap_index = 47339, .adv_w = 224, .box_w = 13, .box_h = 12, .ofs_x = 1, .ofs_y = -1},
    {.bitmap_index = 47359, .adv_w = 224, .box_w = 13, .box_h = 12, .ofs_x = 1, .ofs_y = -1},
    {.bitmap_index = 47379, .adv_w = 224, .box_w = 14, .box_h = 12, .ofs_x = 0, .ofs_y = -1},
    {.bitmap_index = 47400, .adv_w = 224, .box_w = 12, .box_h = 12, .ofs_x = 0, .ofs_y = -1},
    {.bitmap_index = 47418, .adv_w = 224, .box_w = 12, .box_h = 12, .ofs_x = 1, .ofs_y = -1},
    {.bitmap_index = 47436, .adv_w = 224, .box_w = 13, .box_h = 13, .ofs_x = 1, .ofs_y = -2},
    {.bitmap_index = 47458, .adv_w = 224, .box_w = 13, .box_h = 12, .ofs_x = 0, .ofs_y = -1},
    {.bitmap_index = 47478, .adv_w = 224, .box_w = 13, .box_h = 13, .ofs_x = 1, .ofs_y = -1},
    {.bitmap_index = 47500, .adv_w = 224, .box_w = 13, .box_h = 13, .ofs_x = 0, .ofs_y = -1},
    {.bitmap_index = 47522, .adv_w = 224, .box_w = 12, .box_h = 13, .ofs_x = 1, .ofs_y = -2},
    {.bitmap_index = 47542, .adv_w = 224, .box_w = 13, .box_h = 12, .ofs_x = 0, .ofs_y = -1},
    {.bitmap_index = 47562, .adv_w = 224, .box_w = 12, .box_h = 13, .ofs_x = 1, .ofs_y = -1},
    {.bitmap_index = 47582, .adv_w = 224, .box_w = 13, .box_h = 12, .ofs_x = 0, .ofs_y = -1},
    {.bitmap_index = 47602, .adv_w = 224, .box_w = 13, .box_h = 12, .ofs_x = 0, .ofs_y = -1},
    {.bitmap_index = 47622, .adv_w = 224, .box_w = 13, .box_h = 12, .ofs_x = 1, .ofs_y = -1},
    {.bitmap_index = 47642, .adv_w = 224, .box_w = 12, .box_h = 12, .ofs_x = 1, .ofs_y = -1},
    {.bitmap_index = 47660, .adv_w = 224, .box_w = 12, .box_h = 12, .ofs_x = 1, .ofs_y = -1},
    {.bitmap_index = 47678, .adv_w = 224, .box_w = 12, .box_h = 12, .ofs_x = 1, .ofs_y = -1},
    {.bitmap_index = 47696, .adv_w = 224, .box_w = 13, .box_h = 13, .ofs_x = 1, .ofs_y = -1},
    {.bitmap_index = 47718, .adv_w = 224, .box_w = 13, .box_h = 13, .ofs_x = 0, .ofs_y = -1},
    {.bitmap_index = 47740, .adv_w = 224, .box_w = 12, .box_h = 13, .ofs_x = 1, .ofs_y = -1},
    {.bitmap_index = 47760, .adv_w = 224, .box_w = 13, .box_h = 14, .ofs_x = 0, .ofs_y = -2},
    {.bitmap_index = 47783, .adv_w = 224, .box_w = 12, .box_h = 12, .ofs_x = 1, .ofs_y = -1},
    {.bitmap_index = 47801, .adv_w = 224, .box_w = 12, .box_h = 12, .ofs_x = 1, .ofs_y = -1},
    {.bitmap_index = 47819, .adv_w = 224, .box_w = 12, .box_h = 12, .ofs_x = 1, .ofs_y = -1},
    {.bitmap_index = 47837, .adv_w = 224, .box_w = 13, .box_h = 12, .ofs_x = 0, .ofs_y = -1},
    {.bitmap_index = 47857, .adv_w = 224, .box_w = 13, .box_h = 12, .ofs_x = 0, .ofs_y = -1},
    {.bitmap_index = 47877, .adv_w = 224, .box_w = 13, .box_h = 12, .ofs_x = 0, .ofs_y = -1},
    {.bitmap_index = 47897, .adv_w = 224, .box_w = 13, .box_h = 12, .ofs_x = 0, .ofs_y = -1},
    {.bitmap_index = 47917, .adv_w = 224, .box_w = 14, .box_h = 13, .ofs_x = 0, .ofs_y = -1},
    {.bitmap_index = 47940, .adv_w = 224, .box_w = 14, .box_h = 12, .ofs_x = 0, .ofs_y = -1},
    {.bitmap_index = 47961, .adv_w = 224, .box_w = 13, .box_h = 13, .ofs_x = 0, .ofs_y = -1},
    {.bitmap_index = 47983, .adv_w = 224, .box_w = 13, .box_h = 12, .ofs_x = 0, .ofs_y = -1},
    {.bitmap_index = 48003, .adv_w = 224, .box_w = 13, .box_h = 13, .ofs_x = 1, .ofs_y = -1},
    {.bitmap_index = 48025, .adv_w = 224, .box_w = 13, .box_h = 12, .ofs_x = 1, .ofs_y = -1},
    {.bitmap_index = 48045, .adv_w = 224, .box_w = 12, .box_h = 12, .ofs_x = 1, .ofs_y = -1},
    {.bitmap_index = 48063, .adv_w = 224, .box_w = 13, .box_h = 12, .ofs_x = 1, .ofs_y = -1},
    {.bitmap_index = 48083, .adv_w = 224, .box_w = 13, .box_h = 13, .ofs_x = 0, .ofs_y = -2},
    {.bitmap_index = 48105, .adv_w = 224, .box_w = 14, .box_h = 13, .ofs_x = 0, .ofs_y = -1},
    {.bitmap_index = 48128, .adv_w = 224, .box_w = 13, .box_h = 13, .ofs_x = 1, .ofs_y = -1},
    {.bitmap_index = 48150, .adv_w = 224, .box_w = 12, .box_h = 13, .ofs_x = 1, .ofs_y = -1},
    {.bitmap_index = 48170, .adv_w = 224, .box_w = 13, .box_h = 14, .ofs_x = 1, .ofs_y = -2},
    {.bitmap_index = 48193, .adv_w = 224, .box_w = 13, .box_h = 12, .ofs_x = 0, .ofs_y = -1},
    {.bitmap_index = 48213, .adv_w = 224, .box_w = 13, .box_h = 12, .ofs_x = 1, .ofs_y = -1},
    {.bitmap_index = 48233, .adv_w = 224, .box_w = 13, .box_h = 12, .ofs_x = 0, .ofs_y = -1},
    {.bitmap_index = 48253, .adv_w = 224, .box_w = 14, .box_h = 13, .ofs_x = 0, .ofs_y = -2},
    {.bitmap_index = 48276, .adv_w = 224, .box_w = 12, .box_h = 12, .ofs_x = 1, .ofs_y = -1},
    {.bitmap_index = 48294, .adv_w = 224, .box_w = 11, .box_h = 12, .ofs_x = 2, .ofs_y = -1},
    {.bitmap_index = 48311, .adv_w = 224, .box_w = 12, .box_h = 12, .ofs_x = 1, .ofs_y = -1},
    {.bitmap_index = 48329, .adv_w = 224, .box_w = 11, .box_h = 12, .ofs_x = 1, .ofs_y = -1},
    {.bitmap_index = 48346, .adv_w = 224, .box_w = 11, .box_h = 12, .ofs_x = 1, .ofs_y = -1},
    {.bitmap_index = 48363, .adv_w = 224, .box_w = 12, .box_h = 13, .ofs_x = 1, .ofs_y = -2},
    {.bitmap_index = 48383, .adv_w = 224, .box_w = 12, .box_h = 12, .ofs_x = 1, .ofs_y = -1},
    {.bitmap_index = 48401, .adv_w = 224, .box_w = 12, .box_h = 12, .ofs_x = 1, .ofs_y = -1},
    {.bitmap_index = 48419, .adv_w = 224, .box_w = 12, .box_h = 12, .ofs_x = 1, .ofs_y = -1},
    {.bitmap_index = 48437, .adv_w = 224, .box_w = 12, .box_h = 12, .ofs_x = 1, .ofs_y = -1},
    {.bitmap_index = 48455, .adv_w = 224, .box_w = 13, .box_h = 13, .ofs_x = 0, .ofs_y = -1},
    {.bitmap_index = 48477, .adv_w = 224, .box_w = 12, .box_h = 12, .ofs_x = 1, .ofs_y = -1},
    {.bitmap_index = 48495, .adv_w = 224, .box_w = 11, .box_h = 12, .ofs_x = 1, .ofs_y = -1},
    {.bitmap_index = 48512, .adv_w = 224, .box_w = 12, .box_h = 13, .ofs_x = 1, .ofs_y = -1},
    {.bitmap_index = 48532, .adv_w = 224, .box_w = 11, .box_h = 13, .ofs_x = 2, .ofs_y = -1},
    {.bitmap_index = 48550, .adv_w = 224, .box_w = 12, .box_h = 12, .ofs_x = 0, .ofs_y = -1},
    {.bitmap_index = 48568, .adv_w = 224, .box_w = 12, .box_h = 12, .ofs_x = 1, .ofs_y = -1},
    {.bitmap_index = 48586, .adv_w = 224, .box_w = 11, .box_h = 11, .ofs_x = 1, .ofs_y = -1},
    {.bitmap_index = 48602, .adv_w = 224, .box_w = 13, .box_h = 12, .ofs_x = 1, .ofs_y = -1},
    {.bitmap_index = 48622, .adv_w = 224, .box_w = 14, .box_h = 12, .ofs_x = 0, .ofs_y = -1},
    {.bitmap_index = 48643, .adv_w = 224, .box_w = 12, .box_h = 12, .ofs_x = 1, .ofs_y = -1},
    {.bitmap_index = 48661, .adv_w = 224, .box_w = 12, .box_h = 13, .ofs_x = 0, .ofs_y = -1},
    {.bitmap_index = 48681, .adv_w = 224, .box_w = 13, .box_h = 12, .ofs_x = 1, .ofs_y = -1},
    {.bitmap_index = 48701, .adv_w = 224, .box_w = 12, .box_h = 12, .ofs_x = 1, .ofs_y = -1},
    {.bitmap_index = 48719, .adv_w = 224, .box_w = 13, .box_h = 12, .ofs_x = 0, .ofs_y = -1},
    {.bitmap_index = 48739, .adv_w = 224, .box_w = 12, .box_h = 13, .ofs_x = 1, .ofs_y = -1},
    {.bitmap_index = 48759, .adv_w = 224, .box_w = 13, .box_h = 12, .ofs_x = 0, .ofs_y = -1},
    {.bitmap_index = 48779, .adv_w = 224, .box_w = 13, .box_h = 12, .ofs_x = 0, .ofs_y = -1},
    {.bitmap_index = 48799, .adv_w = 224, .box_w = 13, .box_h = 12, .ofs_x = 0, .ofs_y = -1},
    {.bitmap_index = 48819, .adv_w = 224, .box_w = 12, .box_h = 12, .ofs_x = 1, .ofs_y = -1},
    {.bitmap_index = 48837, .adv_w = 224, .box_w = 12, .box_h = 12, .ofs_x = 1, .ofs_y = -1},
    {.bitmap_index = 48855, .adv_w = 224, .box_w = 13, .box_h = 12, .ofs_x = 0, .ofs_y = -1},
    {.bitmap_index = 48875, .adv_w = 224, .box_w = 12, .box_h = 11, .ofs_x = 1, .ofs_y = -1},
    {.bitmap_index = 48892, .adv_w = 224, .box_w = 13, .box_h = 12, .ofs_x = 0, .ofs_y = -1},
    {.bitmap_index = 48912, .adv_w = 224, .box_w = 12, .box_h = 12, .ofs_x = 1, .ofs_y = -1},
    {.bitmap_index = 48930, .adv_w = 224, .box_w = 14, .box_h = 12, .ofs_x = 0, .ofs_y = -1},
    {.bitmap_index = 48951, .adv_w = 224, .box_w = 13, .box_h = 12, .ofs_x = 1, .ofs_y = -1},
    {.bitmap_index = 48971, .adv_w = 224, .box_w = 13, .box_h = 12, .ofs_x = 0, .ofs_y = -1},
    {.bitmap_index = 48991, .adv_w = 224, .box_w = 13, .box_h = 12, .ofs_x = 0, .ofs_y = -1},
    {.bitmap_index = 49011, .adv_w = 224, .box_w = 13, .box_h = 12, .ofs_x = 0, .ofs_y = -1},
    {.bitmap_index = 49031, .adv_w = 224, .box_w = 13, .box_h = 12, .ofs_x = 0, .ofs_y = -1},
    {.bitmap_index = 49051, .adv_w = 224, .box_w = 12, .box_h = 12, .ofs_x = 1, .ofs_y = -1},
    {.bitmap_index = 49069, .adv_w = 224, .box_w = 13, .box_h = 12, .ofs_x = 1, .ofs_y = -1},
    {.bitmap_index = 49089, .adv_w = 224, .box_w = 13, .box_h = 12, .ofs_x = 0, .ofs_y = -1},
    {.bitmap_index = 49109, .adv_w = 224, .box_w = 13, .box_h = 12, .ofs_x = 0, .ofs_y = -1},
    {.bitmap_index = 49129, .adv_w = 224, .box_w = 12, .box_h = 13, .ofs_x = 1, .ofs_y = -1},
    {.bitmap_index = 49149, .adv_w = 224, .box_w = 13, .box_h = 12, .ofs_x = 1, .ofs_y = -1},
    {.bitmap_index = 49169, .adv_w = 224, .box_w = 13, .box_h = 12, .ofs_x = 1, .ofs_y = -1},
    {.bitmap_index = 49189, .adv_w = 224, .box_w = 13, .box_h = 12, .ofs_x = 1, .ofs_y = -1},
    {.bitmap_index = 49209, .adv_w = 224, .box_w = 13, .box_h = 12, .ofs_x = 0, .ofs_y = -1},
    {.bitmap_index = 49229, .adv_w = 224, .box_w = 13, .box_h = 12, .ofs_x = 1, .ofs_y = -1},
    {.bitmap_index = 49249, .adv_w = 224, .box_w = 13, .box_h = 12, .ofs_x = 0, .ofs_y = -1},
    {.bitmap_index = 49269, .adv_w = 224, .box_w = 13, .box_h = 12, .ofs_x = 1, .ofs_y = -1},
    {.bitmap_index = 49289, .adv_w = 224, .box_w = 12, .box_h = 12, .ofs_x = 1, .ofs_y = -1},
    {.bitmap_index = 49307, .adv_w = 224, .box_w = 10, .box_h = 12, .ofs_x = 2, .ofs_y = -1},
    {.bitmap_index = 49322, .adv_w = 224, .box_w = 11, .box_h = 13, .ofs_x = 1, .ofs_y = -2},
    {.bitmap_index = 49340, .adv_w = 224, .box_w = 13, .box_h = 12, .ofs_x = 1, .ofs_y = -1},
    {.bitmap_index = 49360, .adv_w = 224, .box_w = 10, .box_h = 12, .ofs_x = 3, .ofs_y = -1},
    {.bitmap_index = 49375, .adv_w = 224, .box_w = 13, .box_h = 12, .ofs_x = 1, .ofs_y = -1},
    {.bitmap_index = 49395, .adv_w = 224, .box_w = 13, .box_h = 12, .ofs_x = 0, .ofs_y = -1},
    {.bitmap_index = 49415, .adv_w = 224, .box_w = 12, .box_h = 12, .ofs_x = 1, .ofs_y = -1},
    {.bitmap_index = 49433, .adv_w = 224, .box_w = 13, .box_h = 12, .ofs_x = 1, .ofs_y = -1},
    {.bitmap_index = 49453, .adv_w = 224, .box_w = 13, .box_h = 12, .ofs_x = 1, .ofs_y = -1},
    {.bitmap_index = 49473, .adv_w = 224, .box_w = 13, .box_h = 12, .ofs_x = 1, .ofs_y = -1},
    {.bitmap_index = 49493, .adv_w = 224, .box_w = 13, .box_h = 13, .ofs_x = 1, .ofs_y = -2},
    {.bitmap_index = 49515, .adv_w = 224, .box_w = 13, .box_h = 14, .ofs_x = 1, .ofs_y = -2},
    {.bitmap_index = 49538, .adv_w = 224, .box_w = 13, .box_h = 12, .ofs_x = 1, .ofs_y = -1},
    {.bitmap_index = 49558, .adv_w = 224, .box_w = 12, .box_h = 13, .ofs_x = 0, .ofs_y = -1},
    {.bitmap_index = 49578, .adv_w = 224, .box_w = 12, .box_h = 13, .ofs_x = 0, .ofs_y = -2},
    {.bitmap_index = 49598, .adv_w = 224, .box_w = 14, .box_h = 12, .ofs_x = 0, .ofs_y = -1},
    {.bitmap_index = 49619, .adv_w = 224, .box_w = 13, .box_h = 13, .ofs_x = 1, .ofs_y = -2},
    {.bitmap_index = 49641, .adv_w = 224, .box_w = 12, .box_h = 13, .ofs_x = 1, .ofs_y = -1},
    {.bitmap_index = 49661, .adv_w = 224, .box_w = 12, .box_h = 12, .ofs_x = 1, .ofs_y = -1},
    {.bitmap_index = 49679, .adv_w = 224, .box_w = 13, .box_h = 12, .ofs_x = 0, .ofs_y = -1},
    {.bitmap_index = 49699, .adv_w = 224, .box_w = 12, .box_h = 12, .ofs_x = 2, .ofs_y = -1},
    {.bitmap_index = 49717, .adv_w = 224, .box_w = 12, .box_h = 12, .ofs_x = 0, .ofs_y = -1},
    {.bitmap_index = 49735, .adv_w = 224, .box_w = 13, .box_h = 12, .ofs_x = 1, .ofs_y = -1},
    {.bitmap_index = 49755, .adv_w = 224, .box_w = 13, .box_h = 12, .ofs_x = 0, .ofs_y = -1},
    {.bitmap_index = 49775, .adv_w = 224, .box_w = 11, .box_h = 12, .ofs_x = 2, .ofs_y = -1},
    {.bitmap_index = 49792, .adv_w = 224, .box_w = 13, .box_h = 12, .ofs_x = 1, .ofs_y = -1},
    {.bitmap_index = 49812, .adv_w = 224, .box_w = 13, .box_h = 12, .ofs_x = 1, .ofs_y = -1},
    {.bitmap_index = 49832, .adv_w = 224, .box_w = 13, .box_h = 13, .ofs_x = 0, .ofs_y = -1},
    {.bitmap_index = 49854, .adv_w = 224, .box_w = 13, .box_h = 12, .ofs_x = 0, .ofs_y = -1},
    {.bitmap_index = 49874, .adv_w = 224, .box_w = 13, .box_h = 12, .ofs_x = 0, .ofs_y = -2},
    {.bitmap_index = 49894, .adv_w = 224, .box_w = 13, .box_h = 12, .ofs_x = 1, .ofs_y = -1},
    {.bitmap_index = 49914, .adv_w = 224, .box_w = 12, .box_h = 12, .ofs_x = 1, .ofs_y = -1},
    {.bitmap_index = 49932, .adv_w = 224, .box_w = 12, .box_h = 14, .ofs_x = 1, .ofs_y = -2},
    {.bitmap_index = 49953, .adv_w = 224, .box_w = 13, .box_h = 12, .ofs_x = 0, .ofs_y = -1},
    {.bitmap_index = 49973, .adv_w = 224, .box_w = 13, .box_h = 13, .ofs_x = 0, .ofs_y = -1},
    {.bitmap_index = 49995, .adv_w = 224, .box_w = 13, .box_h = 13, .ofs_x = 0, .ofs_y = -2},
    {.bitmap_index = 50017, .adv_w = 224, .box_w = 13, .box_h = 13, .ofs_x = 0, .ofs_y = -1},
    {.bitmap_index = 50039, .adv_w = 224, .box_w = 13, .box_h = 13, .ofs_x = 0, .ofs_y = -2},
    {.bitmap_index = 50061, .adv_w = 224, .box_w = 12, .box_h = 12, .ofs_x = 0, .ofs_y = -1},
    {.bitmap_index = 50079, .adv_w = 224, .box_w = 12, .box_h = 12, .ofs_x = 1, .ofs_y = -1},
    {.bitmap_index = 50097, .adv_w = 224, .box_w = 13, .box_h = 12, .ofs_x = 0, .ofs_y = -1},
    {.bitmap_index = 50117, .adv_w = 224, .box_w = 13, .box_h = 12, .ofs_x = 0, .ofs_y = -1},
    {.bitmap_index = 50137, .adv_w = 224, .box_w = 13, .box_h = 12, .ofs_x = 0, .ofs_y = -1},
    {.bitmap_index = 50157, .adv_w = 224, .box_w = 13, .box_h = 12, .ofs_x = 1, .ofs_y = -1},
    {.bitmap_index = 50177, .adv_w = 224, .box_w = 12, .box_h = 13, .ofs_x = 1, .ofs_y = -2},
    {.bitmap_index = 50197, .adv_w = 224, .box_w = 13, .box_h = 13, .ofs_x = 0, .ofs_y = -1},
    {.bitmap_index = 50219, .adv_w = 224, .box_w = 13, .box_h = 13, .ofs_x = 1, .ofs_y = -1},
    {.bitmap_index = 50241, .adv_w = 224, .box_w = 13, .box_h = 12, .ofs_x = 1, .ofs_y = -1},
    {.bitmap_index = 50261, .adv_w = 224, .box_w = 13, .box_h = 12, .ofs_x = 0, .ofs_y = -1},
    {.bitmap_index = 50281, .adv_w = 224, .box_w = 13, .box_h = 12, .ofs_x = 0, .ofs_y = -1},
    {.bitmap_index = 50301, .adv_w = 224, .box_w = 13, .box_h = 12, .ofs_x = 1, .ofs_y = -1},
    {.bitmap_index = 50321, .adv_w = 224, .box_w = 13, .box_h = 13, .ofs_x = 1, .ofs_y = -1},
    {.bitmap_index = 50343, .adv_w = 224, .box_w = 13, .box_h = 12, .ofs_x = 1, .ofs_y = -1},
    {.bitmap_index = 50363, .adv_w = 224, .box_w = 13, .box_h = 13, .ofs_x = 0, .ofs_y = -1},
    {.bitmap_index = 50385, .adv_w = 224, .box_w = 13, .box_h = 12, .ofs_x = 0, .ofs_y = -1},
    {.bitmap_index = 50405, .adv_w = 224, .box_w = 13, .box_h = 13, .ofs_x = 0, .ofs_y = -1},
    {.bitmap_index = 50427, .adv_w = 224, .box_w = 13, .box_h = 13, .ofs_x = 1, .ofs_y = -1},
    {.bitmap_index = 50449, .adv_w = 224, .box_w = 13, .box_h = 12, .ofs_x = 0, .ofs_y = -1},
    {.bitmap_index = 50469, .adv_w = 224, .box_w = 12, .box_h = 14, .ofs_x = 1, .ofs_y = -2},
    {.bitmap_index = 50490, .adv_w = 224, .box_w = 13, .box_h = 12, .ofs_x = 0, .ofs_y = -1},
    {.bitmap_index = 50510, .adv_w = 224, .box_w = 13, .box_h = 13, .ofs_x = 0, .ofs_y = -2},
    {.bitmap_index = 50532, .adv_w = 224, .box_w = 13, .box_h = 12, .ofs_x = 0, .ofs_y = -1},
    {.bitmap_index = 50552, .adv_w = 224, .box_w = 12, .box_h = 12, .ofs_x = 0, .ofs_y = -1},
    {.bitmap_index = 50570, .adv_w = 224, .box_w = 14, .box_h = 13, .ofs_x = 1, .ofs_y = -1},
    {.bitmap_index = 50593, .adv_w = 224, .box_w = 13, .box_h = 13, .ofs_x = 1, .ofs_y = -1},
    {.bitmap_index = 50615, .adv_w = 224, .box_w = 14, .box_h = 12, .ofs_x = 0, .ofs_y = -1},
    {.bitmap_index = 50636, .adv_w = 224, .box_w = 13, .box_h = 14, .ofs_x = 0, .ofs_y = -2},
    {.bitmap_index = 50659, .adv_w = 224, .box_w = 12, .box_h = 12, .ofs_x = 1, .ofs_y = -1},
    {.bitmap_index = 50677, .adv_w = 224, .box_w = 13, .box_h = 13, .ofs_x = 0, .ofs_y = -1},
    {.bitmap_index = 50699, .adv_w = 224, .box_w = 13, .box_h = 13, .ofs_x = 0, .ofs_y = -2},
    {.bitmap_index = 50721, .adv_w = 224, .box_w = 12, .box_h = 12, .ofs_x = 1, .ofs_y = -1},
    {.bitmap_index = 50739, .adv_w = 224, .box_w = 13, .box_h = 12, .ofs_x = 0, .ofs_y = -1},
    {.bitmap_index = 50759, .adv_w = 224, .box_w = 13, .box_h = 13, .ofs_x = 0, .ofs_y = -2},
    {.bitmap_index = 50781, .adv_w = 224, .box_w = 13, .box_h = 13, .ofs_x = 0, .ofs_y = -2},
    {.bitmap_index = 50803, .adv_w = 224, .box_w = 13, .box_h = 13, .ofs_x = 1, .ofs_y = -2},
    {.bitmap_index = 50825, .adv_w = 224, .box_w = 13, .box_h = 12, .ofs_x = 0, .ofs_y = -1},
    {.bitmap_index = 50845, .adv_w = 224, .box_w = 13, .box_h = 13, .ofs_x = 0, .ofs_y = -1},
    {.bitmap_index = 50867, .adv_w = 224, .box_w = 12, .box_h = 12, .ofs_x = 1, .ofs_y = -1},
    {.bitmap_index = 50885, .adv_w = 224, .box_w = 13, .box_h = 13, .ofs_x = 0, .ofs_y = -1},
    {.bitmap_index = 50907, .adv_w = 224, .box_w = 14, .box_h = 12, .ofs_x = 0, .ofs_y = -1},
    {.bitmap_index = 50928, .adv_w = 224, .box_w = 11, .box_h = 11, .ofs_x = 2, .ofs_y = 0},
    {.bitmap_index = 50944, .adv_w = 224, .box_w = 9, .box_h = 12, .ofs_x = 3, .ofs_y = -1},
    {.bitmap_index = 50958, .adv_w = 224, .box_w = 12, .box_h = 12, .ofs_x = 1, .ofs_y = -1},
    {.bitmap_index = 50976, .adv_w = 224, .box_w = 12, .box_h = 10, .ofs_x = 1, .ofs_y = 0},
    {.bitmap_index = 50991, .adv_w = 224, .box_w = 12, .box_h = 13, .ofs_x = 1, .ofs_y = -2},
    {.bitmap_index = 51011, .adv_w = 224, .box_w = 10, .box_h = 12, .ofs_x = 2, .ofs_y = -1},
    {.bitmap_index = 51026, .adv_w = 224, .box_w = 10, .box_h = 12, .ofs_x = 2, .ofs_y = -1},
    {.bitmap_index = 51041, .adv_w = 224, .box_w = 11, .box_h = 13, .ofs_x = 1, .ofs_y = -2},
    {.bitmap_index = 51059, .adv_w = 224, .box_w = 14, .box_h = 12, .ofs_x = 0, .ofs_y = -1},
    {.bitmap_index = 51080, .adv_w = 224, .box_w = 12, .box_h = 12, .ofs_x = 1, .ofs_y = -1},
    {.bitmap_index = 51098, .adv_w = 224, .box_w = 13, .box_h = 12, .ofs_x = 0, .ofs_y = -1},
    {.bitmap_index = 51118, .adv_w = 224, .box_w = 14, .box_h = 13, .ofs_x = 0, .ofs_y = -1},
    {.bitmap_index = 51141, .adv_w = 224, .box_w = 13, .box_h = 13, .ofs_x = 0, .ofs_y = -2},
    {.bitmap_index = 51163, .adv_w = 224, .box_w = 13, .box_h = 12, .ofs_x = 0, .ofs_y = -1},
    {.bitmap_index = 51183, .adv_w = 224, .box_w = 13, .box_h = 13, .ofs_x = 0, .ofs_y = -1},
    {.bitmap_index = 51205, .adv_w = 224, .box_w = 12, .box_h = 13, .ofs_x = 1, .ofs_y = -2},
    {.bitmap_index = 51225, .adv_w = 224, .box_w = 12, .box_h = 12, .ofs_x = 1, .ofs_y = -1},
    {.bitmap_index = 51243, .adv_w = 224, .box_w = 13, .box_h = 12, .ofs_x = 1, .ofs_y = -1},
    {.bitmap_index = 51263, .adv_w = 224, .box_w = 13, .box_h = 13, .ofs_x = 1, .ofs_y = -1},
    {.bitmap_index = 51285, .adv_w = 224, .box_w = 12, .box_h = 12, .ofs_x = 1, .ofs_y = -1},
    {.bitmap_index = 51303, .adv_w = 224, .box_w = 12, .box_h = 12, .ofs_x = 1, .ofs_y = -1},
    {.bitmap_index = 51321, .adv_w = 224, .box_w = 13, .box_h = 13, .ofs_x = 1, .ofs_y = -1},
    {.bitmap_index = 51343, .adv_w = 224, .box_w = 13, .box_h = 13, .ofs_x = 1, .ofs_y = -1},
    {.bitmap_index = 51365, .adv_w = 224, .box_w = 13, .box_h = 13, .ofs_x = 0, .ofs_y = -1},
    {.bitmap_index = 51387, .adv_w = 224, .box_w = 12, .box_h = 12, .ofs_x = 1, .ofs_y = -1},
    {.bitmap_index = 51405, .adv_w = 224, .box_w = 10, .box_h = 12, .ofs_x = 3, .ofs_y = -1},
    {.bitmap_index = 51420, .adv_w = 224, .box_w = 13, .box_h = 12, .ofs_x = 1, .ofs_y = -1},
    {.bitmap_index = 51440, .adv_w = 224, .box_w = 12, .box_h = 13, .ofs_x = 1, .ofs_y = -1},
    {.bitmap_index = 51460, .adv_w = 224, .box_w = 12, .box_h = 12, .ofs_x = 1, .ofs_y = -1},
    {.bitmap_index = 51478, .adv_w = 224, .box_w = 12, .box_h = 12, .ofs_x = 1, .ofs_y = -1},
    {.bitmap_index = 51496, .adv_w = 224, .box_w = 13, .box_h = 12, .ofs_x = 1, .ofs_y = -1},
    {.bitmap_index = 51516, .adv_w = 224, .box_w = 13, .box_h = 12, .ofs_x = 1, .ofs_y = -1},
    {.bitmap_index = 51536, .adv_w = 224, .box_w = 13, .box_h = 12, .ofs_x = 1, .ofs_y = -1},
    {.bitmap_index = 51556, .adv_w = 224, .box_w = 13, .box_h = 13, .ofs_x = 1, .ofs_y = -2},
    {.bitmap_index = 51578, .adv_w = 224, .box_w = 12, .box_h = 12, .ofs_x = 1, .ofs_y = -1},
    {.bitmap_index = 51596, .adv_w = 224, .box_w = 13, .box_h = 12, .ofs_x = 0, .ofs_y = -1},
    {.bitmap_index = 51616, .adv_w = 224, .box_w = 12, .box_h = 12, .ofs_x = 1, .ofs_y = -1},
    {.bitmap_index = 51634, .adv_w = 224, .box_w = 13, .box_h = 12, .ofs_x = 1, .ofs_y = -1},
    {.bitmap_index = 51654, .adv_w = 224, .box_w = 13, .box_h = 12, .ofs_x = 1, .ofs_y = -1},
    {.bitmap_index = 51674, .adv_w = 224, .box_w = 14, .box_h = 12, .ofs_x = 0, .ofs_y = -1},
    {.bitmap_index = 51695, .adv_w = 224, .box_w = 14, .box_h = 12, .ofs_x = 0, .ofs_y = -1},
    {.bitmap_index = 51716, .adv_w = 224, .box_w = 13, .box_h = 12, .ofs_x = 0, .ofs_y = -1},
    {.bitmap_index = 51736, .adv_w = 224, .box_w = 13, .box_h = 12, .ofs_x = 0, .ofs_y = -1},
    {.bitmap_index = 51756, .adv_w = 224, .box_w = 12, .box_h = 13, .ofs_x = 1, .ofs_y = -1},
    {.bitmap_index = 51776, .adv_w = 224, .box_w = 11, .box_h = 12, .ofs_x = 1, .ofs_y = -1},
    {.bitmap_index = 51793, .adv_w = 224, .box_w = 12, .box_h = 12, .ofs_x = 1, .ofs_y = -1},
    {.bitmap_index = 51811, .adv_w = 224, .box_w = 13, .box_h = 12, .ofs_x = 1, .ofs_y = -1},
    {.bitmap_index = 51831, .adv_w = 224, .box_w = 12, .box_h = 12, .ofs_x = 1, .ofs_y = -1},
    {.bitmap_index = 51849, .adv_w = 224, .box_w = 14, .box_h = 12, .ofs_x = 0, .ofs_y = -1},
    {.bitmap_index = 51870, .adv_w = 224, .box_w = 12, .box_h = 12, .ofs_x = 1, .ofs_y = -1},
    {.bitmap_index = 51888, .adv_w = 224, .box_w = 13, .box_h = 12, .ofs_x = 1, .ofs_y = -1},
    {.bitmap_index = 51908, .adv_w = 224, .box_w = 12, .box_h = 12, .ofs_x = 0, .ofs_y = -1},
    {.bitmap_index = 51926, .adv_w = 224, .box_w = 12, .box_h = 12, .ofs_x = 1, .ofs_y = -1},
    {.bitmap_index = 51944, .adv_w = 224, .box_w = 12, .box_h = 12, .ofs_x = 1, .ofs_y = -1},
    {.bitmap_index = 51962, .adv_w = 224, .box_w = 13, .box_h = 12, .ofs_x = 0, .ofs_y = -1},
    {.bitmap_index = 51982, .adv_w = 224, .box_w = 13, .box_h = 12, .ofs_x = 0, .ofs_y = -1},
    {.bitmap_index = 52002, .adv_w = 224, .box_w = 12, .box_h = 12, .ofs_x = 1, .ofs_y = -1},
    {.bitmap_index = 52020, .adv_w = 224, .box_w = 13, .box_h = 12, .ofs_x = 1, .ofs_y = -1},
    {.bitmap_index = 52040, .adv_w = 224, .box_w = 12, .box_h = 13, .ofs_x = 1, .ofs_y = -2},
    {.bitmap_index = 52060, .adv_w = 224, .box_w = 13, .box_h = 12, .ofs_x = 0, .ofs_y = -1},
    {.bitmap_index = 52080, .adv_w = 224, .box_w = 12, .box_h = 12, .ofs_x = 1, .ofs_y = -1},
    {.bitmap_index = 52098, .adv_w = 224, .box_w = 13, .box_h = 13, .ofs_x = 0, .ofs_y = -2},
    {.bitmap_index = 52120, .adv_w = 224, .box_w = 13, .box_h = 14, .ofs_x = 1, .ofs_y = -2},
    {.bitmap_index = 52143, .adv_w = 224, .box_w = 13, .box_h = 12, .ofs_x = 0, .ofs_y = -1},
    {.bitmap_index = 52163, .adv_w = 224, .box_w = 12, .box_h = 12, .ofs_x = 1, .ofs_y = -1},
    {.bitmap_index = 52181, .adv_w = 224, .box_w = 13, .box_h = 12, .ofs_x = 0, .ofs_y = -1},
    {.bitmap_index = 52201, .adv_w = 224, .box_w = 12, .box_h = 12, .ofs_x = 1, .ofs_y = -1},
    {.bitmap_index = 52219, .adv_w = 224, .box_w = 13, .box_h = 13, .ofs_x = 0, .ofs_y = -2},
    {.bitmap_index = 52241, .adv_w = 224, .box_w = 13, .box_h = 13, .ofs_x = 1, .ofs_y = -2},
    {.bitmap_index = 52263, .adv_w = 224, .box_w = 13, .box_h = 12, .ofs_x = 0, .ofs_y = -1},
    {.bitmap_index = 52283, .adv_w = 224, .box_w = 13, .box_h = 12, .ofs_x = 1, .ofs_y = -1},
    {.bitmap_index = 52303, .adv_w = 224, .box_w = 12, .box_h = 12, .ofs_x = 1, .ofs_y = -1},
    {.bitmap_index = 52321, .adv_w = 224, .box_w = 13, .box_h = 12, .ofs_x = 0, .ofs_y = -1},
    {.bitmap_index = 52341, .adv_w = 224, .box_w = 12, .box_h = 12, .ofs_x = 1, .ofs_y = -1},
    {.bitmap_index = 52359, .adv_w = 224, .box_w = 11, .box_h = 12, .ofs_x = 1, .ofs_y = -1},
    {.bitmap_index = 52376, .adv_w = 224, .box_w = 12, .box_h = 12, .ofs_x = 1, .ofs_y = -1},
    {.bitmap_index = 52394, .adv_w = 224, .box_w = 12, .box_h = 12, .ofs_x = 1, .ofs_y = -1},
    {.bitmap_index = 52412, .adv_w = 224, .box_w = 13, .box_h = 12, .ofs_x = 0, .ofs_y = -1},
    {.bitmap_index = 52432, .adv_w = 224, .box_w = 13, .box_h = 13, .ofs_x = 1, .ofs_y = -2},
    {.bitmap_index = 52454, .adv_w = 224, .box_w = 12, .box_h = 13, .ofs_x = 1, .ofs_y = -2},
    {.bitmap_index = 52474, .adv_w = 224, .box_w = 12, .box_h = 12, .ofs_x = 1, .ofs_y = -1},
    {.bitmap_index = 52492, .adv_w = 224, .box_w = 13, .box_h = 12, .ofs_x = 0, .ofs_y = -1},
    {.bitmap_index = 52512, .adv_w = 224, .box_w = 13, .box_h = 13, .ofs_x = 1, .ofs_y = -2},
    {.bitmap_index = 52534, .adv_w = 224, .box_w = 13, .box_h = 12, .ofs_x = 0, .ofs_y = -1},
    {.bitmap_index = 52554, .adv_w = 224, .box_w = 12, .box_h = 12, .ofs_x = 1, .ofs_y = -1},
    {.bitmap_index = 52572, .adv_w = 224, .box_w = 13, .box_h = 13, .ofs_x = 1, .ofs_y = -2},
    {.bitmap_index = 52594, .adv_w = 224, .box_w = 12, .box_h = 13, .ofs_x = 1, .ofs_y = -2},
    {.bitmap_index = 52614, .adv_w = 224, .box_w = 12, .box_h = 12, .ofs_x = 1, .ofs_y = -1},
    {.bitmap_index = 52632, .adv_w = 224, .box_w = 13, .box_h = 12, .ofs_x = 1, .ofs_y = -1},
    {.bitmap_index = 52652, .adv_w = 224, .box_w = 12, .box_h = 12, .ofs_x = 1, .ofs_y = -1},
    {.bitmap_index = 52670, .adv_w = 224, .box_w = 12, .box_h = 13, .ofs_x = 1, .ofs_y = -2},
    {.bitmap_index = 52690, .adv_w = 224, .box_w = 13, .box_h = 12, .ofs_x = 0, .ofs_y = -1},
    {.bitmap_index = 52710, .adv_w = 224, .box_w = 13, .box_h = 12, .ofs_x = 1, .ofs_y = -1},
    {.bitmap_index = 52730, .adv_w = 224, .box_w = 13, .box_h = 13, .ofs_x = 0, .ofs_y = -2},
    {.bitmap_index = 52752, .adv_w = 224, .box_w = 12, .box_h = 12, .ofs_x = 1, .ofs_y = -1},
    {.bitmap_index = 52770, .adv_w = 224, .box_w = 12, .box_h = 13, .ofs_x = 1, .ofs_y = -2},
    {.bitmap_index = 52790, .adv_w = 224, .box_w = 13, .box_h = 12, .ofs_x = 1, .ofs_y = -1},
    {.bitmap_index = 52810, .adv_w = 224, .box_w = 12, .box_h = 12, .ofs_x = 1, .ofs_y = -1},
    {.bitmap_index = 52828, .adv_w = 224, .box_w = 12, .box_h = 12, .ofs_x = 1, .ofs_y = -1},
    {.bitmap_index = 52846, .adv_w = 224, .box_w = 12, .box_h = 12, .ofs_x = 1, .ofs_y = -1},
    {.bitmap_index = 52864, .adv_w = 224, .box_w = 13, .box_h = 12, .ofs_x = 0, .ofs_y = -1},
    {.bitmap_index = 52884, .adv_w = 224, .box_w = 13, .box_h = 12, .ofs_x = 1, .ofs_y = -1},
    {.bitmap_index = 52904, .adv_w = 224, .box_w = 12, .box_h = 12, .ofs_x = 1, .ofs_y = -1},
    {.bitmap_index = 52922, .adv_w = 224, .box_w = 12, .box_h = 13, .ofs_x = 1, .ofs_y = -2},
    {.bitmap_index = 52942, .adv_w = 224, .box_w = 12, .box_h = 12, .ofs_x = 1, .ofs_y = -1},
    {.bitmap_index = 52960, .adv_w = 224, .box_w = 13, .box_h = 13, .ofs_x = 1, .ofs_y = -2},
    {.bitmap_index = 52982, .adv_w = 224, .box_w = 12, .box_h = 12, .ofs_x = 1, .ofs_y = -1},
    {.bitmap_index = 53000, .adv_w = 224, .box_w = 13, .box_h = 12, .ofs_x = 1, .ofs_y = -1},
    {.bitmap_index = 53020, .adv_w = 224, .box_w = 12, .box_h = 12, .ofs_x = 1, .ofs_y = -1},
    {.bitmap_index = 53038, .adv_w = 224, .box_w = 12, .box_h = 13, .ofs_x = 1, .ofs_y = -2},
    {.bitmap_index = 53058, .adv_w = 224, .box_w = 13, .box_h = 13, .ofs_x = 0, .ofs_y = -2},
    {.bitmap_index = 53080, .adv_w = 224, .box_w = 12, .box_h = 12, .ofs_x = 1, .ofs_y = -1},
    {.bitmap_index = 53098, .adv_w = 224, .box_w = 12, .box_h = 12, .ofs_x = 1, .ofs_y = -1},
    {.bitmap_index = 53116, .adv_w = 224, .box_w = 12, .box_h = 12, .ofs_x = 1, .ofs_y = -1},
    {.bitmap_index = 53134, .adv_w = 224, .box_w = 13, .box_h = 12, .ofs_x = 0, .ofs_y = -1},
    {.bitmap_index = 53154, .adv_w = 224, .box_w = 13, .box_h = 12, .ofs_x = 0, .ofs_y = -1},
    {.bitmap_index = 53174, .adv_w = 224, .box_w = 13, .box_h = 13, .ofs_x = 0, .ofs_y = -2},
    {.bitmap_index = 53196, .adv_w = 224, .box_w = 13, .box_h = 13, .ofs_x = 0, .ofs_y = -2},
    {.bitmap_index = 53218, .adv_w = 224, .box_w = 13, .box_h = 12, .ofs_x = 1, .ofs_y = -1},
    {.bitmap_index = 53238, .adv_w = 224, .box_w = 12, .box_h = 12, .ofs_x = 1, .ofs_y = -1},
    {.bitmap_index = 53256, .adv_w = 224, .box_w = 12, .box_h = 12, .ofs_x = 1, .ofs_y = -1},
    {.bitmap_index = 53274, .adv_w = 224, .box_w = 12, .box_h = 12, .ofs_x = 1, .ofs_y = -1},
    {.bitmap_index = 53292, .adv_w = 224, .box_w = 13, .box_h = 12, .ofs_x = 1, .ofs_y = -1},
    {.bitmap_index = 53312, .adv_w = 224, .box_w = 12, .box_h = 12, .ofs_x = 1, .ofs_y = -1},
    {.bitmap_index = 53330, .adv_w = 224, .box_w = 12, .box_h = 12, .ofs_x = 1, .ofs_y = -1},
    {.bitmap_index = 53348, .adv_w = 224, .box_w = 12, .box_h = 12, .ofs_x = 1, .ofs_y = -1},
    {.bitmap_index = 53366, .adv_w = 224, .box_w = 14, .box_h = 12, .ofs_x = 0, .ofs_y = -1},
    {.bitmap_index = 53387, .adv_w = 224, .box_w = 12, .box_h = 12, .ofs_x = 1, .ofs_y = -1},
    {.bitmap_index = 53405, .adv_w = 224, .box_w = 13, .box_h = 13, .ofs_x = 0, .ofs_y = -2},
    {.bitmap_index = 53427, .adv_w = 224, .box_w = 12, .box_h = 12, .ofs_x = 1, .ofs_y = -1},
    {.bitmap_index = 53445, .adv_w = 224, .box_w = 12, .box_h = 12, .ofs_x = 1, .ofs_y = -1},
    {.bitmap_index = 53463, .adv_w = 224, .box_w = 13, .box_h = 12, .ofs_x = 0, .ofs_y = -1},
    {.bitmap_index = 53483, .adv_w = 224, .box_w = 12, .box_h = 12, .ofs_x = 1, .ofs_y = -1},
    {.bitmap_index = 53501, .adv_w = 224, .box_w = 13, .box_h = 12, .ofs_x = 0, .ofs_y = -1},
    {.bitmap_index = 53521, .adv_w = 224, .box_w = 13, .box_h = 12, .ofs_x = 1, .ofs_y = -1},
    {.bitmap_index = 53541, .adv_w = 224, .box_w = 12, .box_h = 12, .ofs_x = 1, .ofs_y = -1},
    {.bitmap_index = 53559, .adv_w = 224, .box_w = 12, .box_h = 12, .ofs_x = 1, .ofs_y = -1},
    {.bitmap_index = 53577, .adv_w = 224, .box_w = 13, .box_h = 12, .ofs_x = 0, .ofs_y = -1},
    {.bitmap_index = 53597, .adv_w = 224, .box_w = 13, .box_h = 12, .ofs_x = 0, .ofs_y = -1},
    {.bitmap_index = 53617, .adv_w = 224, .box_w = 12, .box_h = 12, .ofs_x = 1, .ofs_y = -1},
    {.bitmap_index = 53635, .adv_w = 224, .box_w = 14, .box_h = 12, .ofs_x = 0, .ofs_y = -1},
    {.bitmap_index = 53656, .adv_w = 224, .box_w = 13, .box_h = 12, .ofs_x = 1, .ofs_y = -1},
    {.bitmap_index = 53676, .adv_w = 224, .box_w = 12, .box_h = 12, .ofs_x = 1, .ofs_y = -1},
    {.bitmap_index = 53694, .adv_w = 224, .box_w = 12, .box_h = 13, .ofs_x = 1, .ofs_y = -2},
    {.bitmap_index = 53714, .adv_w = 224, .box_w = 13, .box_h = 12, .ofs_x = 0, .ofs_y = -1},
    {.bitmap_index = 53734, .adv_w = 224, .box_w = 12, .box_h = 12, .ofs_x = 1, .ofs_y = -1},
    {.bitmap_index = 53752, .adv_w = 224, .box_w = 12, .box_h = 12, .ofs_x = 1, .ofs_y = -1},
    {.bitmap_index = 53770, .adv_w = 224, .box_w = 12, .box_h = 12, .ofs_x = 1, .ofs_y = -1},
    {.bitmap_index = 53788, .adv_w = 224, .box_w = 13, .box_h = 12, .ofs_x = 0, .ofs_y = -1},
    {.bitmap_index = 53808, .adv_w = 224, .box_w = 12, .box_h = 12, .ofs_x = 1, .ofs_y = -1},
    {.bitmap_index = 53826, .adv_w = 224, .box_w = 12, .box_h = 12, .ofs_x = 1, .ofs_y = -1},
    {.bitmap_index = 53844, .adv_w = 224, .box_w = 13, .box_h = 12, .ofs_x = 0, .ofs_y = -1},
    {.bitmap_index = 53864, .adv_w = 224, .box_w = 13, .box_h = 12, .ofs_x = 0, .ofs_y = -1},
    {.bitmap_index = 53884, .adv_w = 224, .box_w = 13, .box_h = 12, .ofs_x = 1, .ofs_y = -1},
    {.bitmap_index = 53904, .adv_w = 224, .box_w = 12, .box_h = 12, .ofs_x = 1, .ofs_y = -1},
    {.bitmap_index = 53922, .adv_w = 224, .box_w = 14, .box_h = 12, .ofs_x = 0, .ofs_y = -1},
    {.bitmap_index = 53943, .adv_w = 224, .box_w = 13, .box_h = 12, .ofs_x = 0, .ofs_y = -1},
    {.bitmap_index = 53963, .adv_w = 224, .box_w = 13, .box_h = 12, .ofs_x = 1, .ofs_y = -1},
    {.bitmap_index = 53983, .adv_w = 224, .box_w = 13, .box_h = 12, .ofs_x = 1, .ofs_y = -1},
    {.bitmap_index = 54003, .adv_w = 224, .box_w = 13, .box_h = 12, .ofs_x = 0, .ofs_y = -1},
    {.bitmap_index = 54023, .adv_w = 224, .box_w = 13, .box_h = 12, .ofs_x = 0, .ofs_y = -1},
    {.bitmap_index = 54043, .adv_w = 224, .box_w = 13, .box_h = 13, .ofs_x = 0, .ofs_y = -2},
    {.bitmap_index = 54065, .adv_w = 224, .box_w = 12, .box_h = 12, .ofs_x = 1, .ofs_y = -1},
    {.bitmap_index = 54083, .adv_w = 224, .box_w = 13, .box_h = 12, .ofs_x = 0, .ofs_y = -1},
    {.bitmap_index = 54103, .adv_w = 224, .box_w = 11, .box_h = 12, .ofs_x = 1, .ofs_y = -1},
    {.bitmap_index = 54120, .adv_w = 224, .box_w = 13, .box_h = 13, .ofs_x = 1, .ofs_y = -2},
    {.bitmap_index = 54142, .adv_w = 224, .box_w = 13, .box_h = 12, .ofs_x = 0, .ofs_y = -1},
    {.bitmap_index = 54162, .adv_w = 224, .box_w = 12, .box_h = 12, .ofs_x = 1, .ofs_y = -1},
    {.bitmap_index = 54180, .adv_w = 224, .box_w = 13, .box_h = 12, .ofs_x = 0, .ofs_y = -1},
    {.bitmap_index = 54200, .adv_w = 224, .box_w = 13, .box_h = 13, .ofs_x = 0, .ofs_y = -2},
    {.bitmap_index = 54222, .adv_w = 224, .box_w = 13, .box_h = 12, .ofs_x = 1, .ofs_y = -1},
    {.bitmap_index = 54242, .adv_w = 224, .box_w = 13, .box_h = 13, .ofs_x = 0, .ofs_y = -2},
    {.bitmap_index = 54264, .adv_w = 224, .box_w = 12, .box_h = 12, .ofs_x = 1, .ofs_y = -1},
    {.bitmap_index = 54282, .adv_w = 224, .box_w = 12, .box_h = 12, .ofs_x = 1, .ofs_y = -1},
    {.bitmap_index = 54300, .adv_w = 224, .box_w = 12, .box_h = 12, .ofs_x = 1, .ofs_y = -1},
    {.bitmap_index = 54318, .adv_w = 224, .box_w = 14, .box_h = 13, .ofs_x = 0, .ofs_y = -2},
    {.bitmap_index = 54341, .adv_w = 224, .box_w = 13, .box_h = 13, .ofs_x = 0, .ofs_y = -2},
    {.bitmap_index = 54363, .adv_w = 224, .box_w = 13, .box_h = 13, .ofs_x = 1, .ofs_y = -2},
    {.bitmap_index = 54385, .adv_w = 224, .box_w = 13, .box_h = 13, .ofs_x = 1, .ofs_y = -2},
    {.bitmap_index = 54407, .adv_w = 224, .box_w = 12, .box_h = 12, .ofs_x = 1, .ofs_y = -1},
    {.bitmap_index = 54425, .adv_w = 224, .box_w = 13, .box_h = 12, .ofs_x = 0, .ofs_y = -1},
    {.bitmap_index = 54445, .adv_w = 224, .box_w = 13, .box_h = 12, .ofs_x = 0, .ofs_y = -1},
    {.bitmap_index = 54465, .adv_w = 224, .box_w = 12, .box_h = 12, .ofs_x = 1, .ofs_y = -1},
    {.bitmap_index = 54483, .adv_w = 224, .box_w = 13, .box_h = 12, .ofs_x = 0, .ofs_y = -1},
    {.bitmap_index = 54503, .adv_w = 224, .box_w = 14, .box_h = 12, .ofs_x = 0, .ofs_y = -1},
    {.bitmap_index = 54524, .adv_w = 224, .box_w = 12, .box_h = 12, .ofs_x = 1, .ofs_y = -1},
    {.bitmap_index = 54542, .adv_w = 224, .box_w = 13, .box_h = 12, .ofs_x = 0, .ofs_y = -1},
    {.bitmap_index = 54562, .adv_w = 224, .box_w = 12, .box_h = 12, .ofs_x = 1, .ofs_y = -1},
    {.bitmap_index = 54580, .adv_w = 224, .box_w = 14, .box_h = 12, .ofs_x = 0, .ofs_y = -1},
    {.bitmap_index = 54601, .adv_w = 224, .box_w = 13, .box_h = 12, .ofs_x = 1, .ofs_y = -1},
    {.bitmap_index = 54621, .adv_w = 224, .box_w = 11, .box_h = 13, .ofs_x = 2, .ofs_y = -2},
    {.bitmap_index = 54639, .adv_w = 224, .box_w = 12, .box_h = 12, .ofs_x = 1, .ofs_y = -1},
    {.bitmap_index = 54657, .adv_w = 224, .box_w = 13, .box_h = 13, .ofs_x = 1, .ofs_y = -2},
    {.bitmap_index = 54679, .adv_w = 224, .box_w = 12, .box_h = 13, .ofs_x = 0, .ofs_y = -2},
    {.bitmap_index = 54699, .adv_w = 224, .box_w = 12, .box_h = 12, .ofs_x = 1, .ofs_y = -1},
    {.bitmap_index = 54717, .adv_w = 224, .box_w = 13, .box_h = 12, .ofs_x = 1, .ofs_y = -1},
    {.bitmap_index = 54737, .adv_w = 224, .box_w = 14, .box_h = 12, .ofs_x = 0, .ofs_y = -1},
    {.bitmap_index = 54758, .adv_w = 224, .box_w = 12, .box_h = 12, .ofs_x = 1, .ofs_y = -1},
    {.bitmap_index = 54776, .adv_w = 224, .box_w = 13, .box_h = 13, .ofs_x = 1, .ofs_y = -2},
    {.bitmap_index = 54798, .adv_w = 224, .box_w = 13, .box_h = 12, .ofs_x = 0, .ofs_y = -1},
    {.bitmap_index = 54818, .adv_w = 224, .box_w = 13, .box_h = 12, .ofs_x = 0, .ofs_y = -1},
    {.bitmap_index = 54838, .adv_w = 224, .box_w = 11, .box_h = 13, .ofs_x = 1, .ofs_y = -2},
    {.bitmap_index = 54856, .adv_w = 224, .box_w = 13, .box_h = 12, .ofs_x = 0, .ofs_y = -1},
    {.bitmap_index = 54876, .adv_w = 224, .box_w = 12, .box_h = 12, .ofs_x = 1, .ofs_y = -1},
    {.bitmap_index = 54894, .adv_w = 224, .box_w = 13, .box_h = 12, .ofs_x = 0, .ofs_y = -1},
    {.bitmap_index = 54914, .adv_w = 224, .box_w = 14, .box_h = 12, .ofs_x = 0, .ofs_y = -1},
    {.bitmap_index = 54935, .adv_w = 224, .box_w = 12, .box_h = 12, .ofs_x = 1, .ofs_y = -1},
    {.bitmap_index = 54953, .adv_w = 224, .box_w = 13, .box_h = 12, .ofs_x = 0, .ofs_y = -1},
    {.bitmap_index = 54973, .adv_w = 224, .box_w = 13, .box_h = 12, .ofs_x = 0, .ofs_y = -1},
    {.bitmap_index = 54993, .adv_w = 224, .box_w = 12, .box_h = 12, .ofs_x = 1, .ofs_y = -1},
    {.bitmap_index = 55011, .adv_w = 224, .box_w = 12, .box_h = 12, .ofs_x = 1, .ofs_y = -1},
    {.bitmap_index = 55029, .adv_w = 224, .box_w = 14, .box_h = 12, .ofs_x = 0, .ofs_y = -1},
    {.bitmap_index = 55050, .adv_w = 224, .box_w = 13, .box_h = 12, .ofs_x = 1, .ofs_y = -1},
    {.bitmap_index = 55070, .adv_w = 224, .box_w = 12, .box_h = 12, .ofs_x = 1, .ofs_y = -1},
    {.bitmap_index = 55088, .adv_w = 224, .box_w = 12, .box_h = 12, .ofs_x = 1, .ofs_y = -1},
    {.bitmap_index = 55106, .adv_w = 224, .box_w = 12, .box_h = 12, .ofs_x = 1, .ofs_y = -1},
    {.bitmap_index = 55124, .adv_w = 224, .box_w = 13, .box_h = 13, .ofs_x = 0, .ofs_y = -1},
    {.bitmap_index = 55146, .adv_w = 224, .box_w = 13, .box_h = 12, .ofs_x = 1, .ofs_y = -1},
    {.bitmap_index = 55166, .adv_w = 224, .box_w = 12, .box_h = 13, .ofs_x = 1, .ofs_y = -2},
    {.bitmap_index = 55186, .adv_w = 224, .box_w = 13, .box_h = 12, .ofs_x = 1, .ofs_y = -1},
    {.bitmap_index = 55206, .adv_w = 224, .box_w = 12, .box_h = 14, .ofs_x = 1, .ofs_y = -2},
    {.bitmap_index = 55227, .adv_w = 224, .box_w = 12, .box_h = 12, .ofs_x = 1, .ofs_y = -1},
    {.bitmap_index = 55245, .adv_w = 224, .box_w = 13, .box_h = 12, .ofs_x = 0, .ofs_y = -1},
    {.bitmap_index = 55265, .adv_w = 224, .box_w = 13, .box_h = 12, .ofs_x = 1, .ofs_y = -1},
    {.bitmap_index = 55285, .adv_w = 224, .box_w = 14, .box_h = 12, .ofs_x = 0, .ofs_y = -1},
    {.bitmap_index = 55306, .adv_w = 224, .box_w = 12, .box_h = 12, .ofs_x = 1, .ofs_y = -1},
    {.bitmap_index = 55324, .adv_w = 224, .box_w = 13, .box_h = 12, .ofs_x = 0, .ofs_y = -1},
    {.bitmap_index = 55344, .adv_w = 224, .box_w = 13, .box_h = 12, .ofs_x = 0, .ofs_y = -1},
    {.bitmap_index = 55364, .adv_w = 224, .box_w = 13, .box_h = 12, .ofs_x = 0, .ofs_y = -1},
    {.bitmap_index = 55384, .adv_w = 224, .box_w = 13, .box_h = 12, .ofs_x = 0, .ofs_y = -1},
    {.bitmap_index = 55404, .adv_w = 224, .box_w = 12, .box_h = 12, .ofs_x = 1, .ofs_y = -1},
    {.bitmap_index = 55422, .adv_w = 224, .box_w = 13, .box_h = 12, .ofs_x = 0, .ofs_y = -1},
    {.bitmap_index = 55442, .adv_w = 224, .box_w = 13, .box_h = 12, .ofs_x = 0, .ofs_y = -1},
    {.bitmap_index = 55462, .adv_w = 224, .box_w = 13, .box_h = 12, .ofs_x = 0, .ofs_y = -1},
    {.bitmap_index = 55482, .adv_w = 224, .box_w = 13, .box_h = 12, .ofs_x = 1, .ofs_y = -1},
    {.bitmap_index = 55502, .adv_w = 224, .box_w = 12, .box_h = 12, .ofs_x = 1, .ofs_y = -1},
    {.bitmap_index = 55520, .adv_w = 224, .box_w = 12, .box_h = 12, .ofs_x = 1, .ofs_y = -1},
    {.bitmap_index = 55538, .adv_w = 224, .box_w = 12, .box_h = 12, .ofs_x = 1, .ofs_y = -1},
    {.bitmap_index = 55556, .adv_w = 224, .box_w = 13, .box_h = 14, .ofs_x = 0, .ofs_y = -2},
    {.bitmap_index = 55579, .adv_w = 224, .box_w = 13, .box_h = 13, .ofs_x = 1, .ofs_y = -2},
    {.bitmap_index = 55601, .adv_w = 224, .box_w = 13, .box_h = 13, .ofs_x = 1, .ofs_y = -1},
    {.bitmap_index = 55623, .adv_w = 224, .box_w = 13, .box_h = 13, .ofs_x = 0, .ofs_y = -1},
    {.bitmap_index = 55645, .adv_w = 224, .box_w = 13, .box_h = 12, .ofs_x = 1, .ofs_y = -1},
    {.bitmap_index = 55665, .adv_w = 224, .box_w = 13, .box_h = 13, .ofs_x = 1, .ofs_y = -1},
    {.bitmap_index = 55687, .adv_w = 224, .box_w = 12, .box_h = 12, .ofs_x = 0, .ofs_y = -1},
    {.bitmap_index = 55705, .adv_w = 224, .box_w = 13, .box_h = 12, .ofs_x = 1, .ofs_y = -1},
    {.bitmap_index = 55725, .adv_w = 224, .box_w = 12, .box_h = 12, .ofs_x = 2, .ofs_y = -1},
    {.bitmap_index = 55743, .adv_w = 224, .box_w = 12, .box_h = 14, .ofs_x = 1, .ofs_y = -2},
    {.bitmap_index = 55764, .adv_w = 224, .box_w = 13, .box_h = 12, .ofs_x = 0, .ofs_y = -1},
    {.bitmap_index = 55784, .adv_w = 224, .box_w = 13, .box_h = 13, .ofs_x = 0, .ofs_y = -2},
    {.bitmap_index = 55806, .adv_w = 224, .box_w = 13, .box_h = 12, .ofs_x = 0, .ofs_y = -1},
    {.bitmap_index = 55826, .adv_w = 224, .box_w = 13, .box_h = 13, .ofs_x = 0, .ofs_y = -2},
    {.bitmap_index = 55848, .adv_w = 224, .box_w = 12, .box_h = 12, .ofs_x = 1, .ofs_y = -1},
    {.bitmap_index = 55866, .adv_w = 224, .box_w = 12, .box_h = 12, .ofs_x = 1, .ofs_y = -1},
    {.bitmap_index = 55884, .adv_w = 224, .box_w = 13, .box_h = 13, .ofs_x = 1, .ofs_y = -1},
    {.bitmap_index = 55906, .adv_w = 224, .box_w = 13, .box_h = 13, .ofs_x = 0, .ofs_y = -1},
    {.bitmap_index = 55928, .adv_w = 224, .box_w = 13, .box_h = 12, .ofs_x = 0, .ofs_y = -1},
    {.bitmap_index = 55948, .adv_w = 224, .box_w = 13, .box_h = 13, .ofs_x = 0, .ofs_y = -2},
    {.bitmap_index = 55970, .adv_w = 224, .box_w = 13, .box_h = 13, .ofs_x = 0, .ofs_y = -1},
    {.bitmap_index = 55992, .adv_w = 224, .box_w = 12, .box_h = 12, .ofs_x = 1, .ofs_y = -1},
    {.bitmap_index = 56010, .adv_w = 224, .box_w = 14, .box_h = 12, .ofs_x = 0, .ofs_y = -1},
    {.bitmap_index = 56031, .adv_w = 224, .box_w = 13, .box_h = 13, .ofs_x = 1, .ofs_y = -1},
    {.bitmap_index = 56053, .adv_w = 224, .box_w = 13, .box_h = 13, .ofs_x = 0, .ofs_y = -2},
    {.bitmap_index = 56075, .adv_w = 224, .box_w = 13, .box_h = 12, .ofs_x = 0, .ofs_y = -1},
    {.bitmap_index = 56095, .adv_w = 224, .box_w = 13, .box_h = 12, .ofs_x = 0, .ofs_y = -1},
    {.bitmap_index = 56115, .adv_w = 224, .box_w = 12, .box_h = 12, .ofs_x = 1, .ofs_y = -1},
    {.bitmap_index = 56133, .adv_w = 224, .box_w = 12, .box_h = 12, .ofs_x = 1, .ofs_y = -1},
    {.bitmap_index = 56151, .adv_w = 224, .box_w = 12, .box_h = 12, .ofs_x = 1, .ofs_y = -1},
    {.bitmap_index = 56169, .adv_w = 224, .box_w = 12, .box_h = 12, .ofs_x = 1, .ofs_y = -1},
    {.bitmap_index = 56187, .adv_w = 224, .box_w = 13, .box_h = 12, .ofs_x = 0, .ofs_y = -1},
    {.bitmap_index = 56207, .adv_w = 224, .box_w = 13, .box_h = 12, .ofs_x = 0, .ofs_y = -1},
    {.bitmap_index = 56227, .adv_w = 224, .box_w = 12, .box_h = 14, .ofs_x = 1, .ofs_y = -2},
    {.bitmap_index = 56248, .adv_w = 224, .box_w = 13, .box_h = 13, .ofs_x = 1, .ofs_y = -1},
    {.bitmap_index = 56270, .adv_w = 224, .box_w = 13, .box_h = 12, .ofs_x = 1, .ofs_y = -1},
    {.bitmap_index = 56290, .adv_w = 224, .box_w = 12, .box_h = 12, .ofs_x = 1, .ofs_y = -1},
    {.bitmap_index = 56308, .adv_w = 224, .box_w = 11, .box_h = 13, .ofs_x = 1, .ofs_y = -1},
    {.bitmap_index = 56326, .adv_w = 224, .box_w = 12, .box_h = 13, .ofs_x = 1, .ofs_y = -1},
    {.bitmap_index = 56346, .adv_w = 224, .box_w = 13, .box_h = 12, .ofs_x = 0, .ofs_y = -1},
    {.bitmap_index = 56366, .adv_w = 224, .box_w = 12, .box_h = 12, .ofs_x = 1, .ofs_y = -1},
    {.bitmap_index = 56384, .adv_w = 224, .box_w = 12, .box_h = 13, .ofs_x = 1, .ofs_y = -1},
    {.bitmap_index = 56404, .adv_w = 224, .box_w = 13, .box_h = 12, .ofs_x = 1, .ofs_y = -1},
    {.bitmap_index = 56424, .adv_w = 224, .box_w = 12, .box_h = 12, .ofs_x = 1, .ofs_y = -1},
    {.bitmap_index = 56442, .adv_w = 224, .box_w = 12, .box_h = 12, .ofs_x = 1, .ofs_y = -1},
    {.bitmap_index = 56460, .adv_w = 224, .box_w = 12, .box_h = 13, .ofs_x = 1, .ofs_y = -1},
    {.bitmap_index = 56480, .adv_w = 224, .box_w = 13, .box_h = 12, .ofs_x = 1, .ofs_y = -1},
    {.bitmap_index = 56500, .adv_w = 224, .box_w = 12, .box_h = 12, .ofs_x = 1, .ofs_y = -1},
    {.bitmap_index = 56518, .adv_w = 224, .box_w = 13, .box_h = 12, .ofs_x = 1, .ofs_y = -1},
    {.bitmap_index = 56538, .adv_w = 224, .box_w = 13, .box_h = 12, .ofs_x = 1, .ofs_y = -1},
    {.bitmap_index = 56558, .adv_w = 224, .box_w = 13, .box_h = 12, .ofs_x = 1, .ofs_y = -1},
    {.bitmap_index = 56578, .adv_w = 224, .box_w = 12, .box_h = 12, .ofs_x = 1, .ofs_y = -1},
    {.bitmap_index = 56596, .adv_w = 224, .box_w = 12, .box_h = 12, .ofs_x = 1, .ofs_y = -1},
    {.bitmap_index = 56614, .adv_w = 224, .box_w = 13, .box_h = 12, .ofs_x = 1, .ofs_y = -1},
    {.bitmap_index = 56634, .adv_w = 224, .box_w = 13, .box_h = 12, .ofs_x = 1, .ofs_y = -1},
    {.bitmap_index = 56654, .adv_w = 224, .box_w = 12, .box_h = 12, .ofs_x = 1, .ofs_y = -1},
    {.bitmap_index = 56672, .adv_w = 224, .box_w = 13, .box_h = 12, .ofs_x = 0, .ofs_y = -1},
    {.bitmap_index = 56692, .adv_w = 224, .box_w = 12, .box_h = 12, .ofs_x = 1, .ofs_y = -1},
    {.bitmap_index = 56710, .adv_w = 224, .box_w = 13, .box_h = 13, .ofs_x = 0, .ofs_y = -1},
    {.bitmap_index = 56732, .adv_w = 224, .box_w = 12, .box_h = 12, .ofs_x = 1, .ofs_y = -1},
    {.bitmap_index = 56750, .adv_w = 224, .box_w = 13, .box_h = 12, .ofs_x = 0, .ofs_y = -1},
    {.bitmap_index = 56770, .adv_w = 224, .box_w = 13, .box_h = 12, .ofs_x = 1, .ofs_y = -1},
    {.bitmap_index = 56790, .adv_w = 224, .box_w = 13, .box_h = 12, .ofs_x = 0, .ofs_y = -1},
    {.bitmap_index = 56810, .adv_w = 224, .box_w = 13, .box_h = 13, .ofs_x = 0, .ofs_y = -1},
    {.bitmap_index = 56832, .adv_w = 224, .box_w = 12, .box_h = 12, .ofs_x = 0, .ofs_y = -1},
    {.bitmap_index = 56850, .adv_w = 224, .box_w = 13, .box_h = 13, .ofs_x = 1, .ofs_y = -1},
    {.bitmap_index = 56872, .adv_w = 224, .box_w = 13, .box_h = 12, .ofs_x = 1, .ofs_y = -1},
    {.bitmap_index = 56892, .adv_w = 224, .box_w = 13, .box_h = 11, .ofs_x = 0, .ofs_y = 0},
    {.bitmap_index = 56910, .adv_w = 224, .box_w = 13, .box_h = 13, .ofs_x = 1, .ofs_y = -1},
    {.bitmap_index = 56932, .adv_w = 224, .box_w = 12, .box_h = 13, .ofs_x = 1, .ofs_y = -2},
    {.bitmap_index = 56952, .adv_w = 224, .box_w = 12, .box_h = 12, .ofs_x = 0, .ofs_y = -1},
    {.bitmap_index = 56970, .adv_w = 224, .box_w = 13, .box_h = 13, .ofs_x = 1, .ofs_y = -1},
    {.bitmap_index = 56992, .adv_w = 224, .box_w = 13, .box_h = 12, .ofs_x = 0, .ofs_y = -1},
    {.bitmap_index = 57012, .adv_w = 224, .box_w = 13, .box_h = 13, .ofs_x = 0, .ofs_y = -1},
    {.bitmap_index = 57034, .adv_w = 224, .box_w = 12, .box_h = 12, .ofs_x = 1, .ofs_y = -1},
    {.bitmap_index = 57052, .adv_w = 224, .box_w = 13, .box_h = 12, .ofs_x = 0, .ofs_y = -1},
    {.bitmap_index = 57072, .adv_w = 224, .box_w = 14, .box_h = 13, .ofs_x = 0, .ofs_y = -2},
    {.bitmap_index = 57095, .adv_w = 224, .box_w = 12, .box_h = 12, .ofs_x = 1, .ofs_y = -1},
    {.bitmap_index = 57113, .adv_w = 224, .box_w = 13, .box_h = 13, .ofs_x = 1, .ofs_y = -2},
    {.bitmap_index = 57135, .adv_w = 224, .box_w = 13, .box_h = 12, .ofs_x = 0, .ofs_y = -1},
    {.bitmap_index = 57155, .adv_w = 224, .box_w = 12, .box_h = 12, .ofs_x = 1, .ofs_y = -1},
    {.bitmap_index = 57173, .adv_w = 224, .box_w = 12, .box_h = 12, .ofs_x = 0, .ofs_y = -1},
    {.bitmap_index = 57191, .adv_w = 224, .box_w = 12, .box_h = 12, .ofs_x = 0, .ofs_y = -1},
    {.bitmap_index = 57209, .adv_w = 224, .box_w = 13, .box_h = 12, .ofs_x = 0, .ofs_y = -1},
    {.bitmap_index = 57229, .adv_w = 224, .box_w = 13, .box_h = 13, .ofs_x = 1, .ofs_y = -1},
    {.bitmap_index = 57251, .adv_w = 224, .box_w = 13, .box_h = 12, .ofs_x = 0, .ofs_y = -1},
    {.bitmap_index = 57271, .adv_w = 224, .box_w = 13, .box_h = 12, .ofs_x = 0, .ofs_y = -1},
    {.bitmap_index = 57291, .adv_w = 224, .box_w = 12, .box_h = 12, .ofs_x = 1, .ofs_y = -1},
    {.bitmap_index = 57309, .adv_w = 224, .box_w = 13, .box_h = 12, .ofs_x = 0, .ofs_y = -1},
    {.bitmap_index = 57329, .adv_w = 224, .box_w = 13, .box_h = 12, .ofs_x = 0, .ofs_y = -1},
    {.bitmap_index = 57349, .adv_w = 224, .box_w = 14, .box_h = 14, .ofs_x = 0, .ofs_y = -2},
    {.bitmap_index = 57374, .adv_w = 224, .box_w = 13, .box_h = 12, .ofs_x = 1, .ofs_y = -1},
    {.bitmap_index = 57394, .adv_w = 224, .box_w = 12, .box_h = 12, .ofs_x = 1, .ofs_y = -1},
    {.bitmap_index = 57412, .adv_w = 224, .box_w = 13, .box_h = 12, .ofs_x = 0, .ofs_y = -1},
    {.bitmap_index = 57432, .adv_w = 224, .box_w = 14, .box_h = 12, .ofs_x = 0, .ofs_y = -1},
    {.bitmap_index = 57453, .adv_w = 224, .box_w = 13, .box_h = 12, .ofs_x = 0, .ofs_y = -1},
    {.bitmap_index = 57473, .adv_w = 224, .box_w = 13, .box_h = 13, .ofs_x = 0, .ofs_y = -1},
    {.bitmap_index = 57495, .adv_w = 224, .box_w = 13, .box_h = 12, .ofs_x = 0, .ofs_y = -1},
    {.bitmap_index = 57515, .adv_w = 224, .box_w = 12, .box_h = 12, .ofs_x = 1, .ofs_y = -1},
    {.bitmap_index = 57533, .adv_w = 224, .box_w = 13, .box_h = 13, .ofs_x = 0, .ofs_y = -1},
    {.bitmap_index = 57555, .adv_w = 224, .box_w = 12, .box_h = 13, .ofs_x = 0, .ofs_y = -1},
    {.bitmap_index = 57575, .adv_w = 224, .box_w = 12, .box_h = 13, .ofs_x = 1, .ofs_y = -2},
    {.bitmap_index = 57595, .adv_w = 224, .box_w = 13, .box_h = 12, .ofs_x = 0, .ofs_y = -1},
    {.bitmap_index = 57615, .adv_w = 224, .box_w = 13, .box_h = 12, .ofs_x = 0, .ofs_y = -1},
    {.bitmap_index = 57635, .adv_w = 224, .box_w = 13, .box_h = 13, .ofs_x = 0, .ofs_y = -1},
    {.bitmap_index = 57657, .adv_w = 224, .box_w = 12, .box_h = 12, .ofs_x = 1, .ofs_y = -1},
    {.bitmap_index = 57675, .adv_w = 224, .box_w = 13, .box_h = 12, .ofs_x = 0, .ofs_y = -1},
    {.bitmap_index = 57695, .adv_w = 224, .box_w = 13, .box_h = 12, .ofs_x = 0, .ofs_y = -1},
    {.bitmap_index = 57715, .adv_w = 224, .box_w = 13, .box_h = 12, .ofs_x = 0, .ofs_y = -1},
    {.bitmap_index = 57735, .adv_w = 224, .box_w = 12, .box_h = 12, .ofs_x = 1, .ofs_y = -1},
    {.bitmap_index = 57753, .adv_w = 224, .box_w = 12, .box_h = 12, .ofs_x = 1, .ofs_y = -1},
    {.bitmap_index = 57771, .adv_w = 224, .box_w = 13, .box_h = 13, .ofs_x = 0, .ofs_y = -1},
    {.bitmap_index = 57793, .adv_w = 224, .box_w = 13, .box_h = 12, .ofs_x = 0, .ofs_y = -1},
    {.bitmap_index = 57813, .adv_w = 224, .box_w = 13, .box_h = 13, .ofs_x = 0, .ofs_y = -1},
    {.bitmap_index = 57835, .adv_w = 224, .box_w = 13, .box_h = 13, .ofs_x = 0, .ofs_y = -1},
    {.bitmap_index = 57857, .adv_w = 224, .box_w = 13, .box_h = 12, .ofs_x = 0, .ofs_y = -1},
    {.bitmap_index = 57877, .adv_w = 224, .box_w = 12, .box_h = 12, .ofs_x = 1, .ofs_y = -1},
    {.bitmap_index = 57895, .adv_w = 224, .box_w = 13, .box_h = 12, .ofs_x = 0, .ofs_y = -1},
    {.bitmap_index = 57915, .adv_w = 224, .box_w = 12, .box_h = 13, .ofs_x = 1, .ofs_y = -2},
    {.bitmap_index = 57935, .adv_w = 224, .box_w = 12, .box_h = 12, .ofs_x = 1, .ofs_y = -1},
    {.bitmap_index = 57953, .adv_w = 224, .box_w = 12, .box_h = 13, .ofs_x = 1, .ofs_y = -1},
    {.bitmap_index = 57973, .adv_w = 224, .box_w = 13, .box_h = 12, .ofs_x = 1, .ofs_y = -1},
    {.bitmap_index = 57993, .adv_w = 224, .box_w = 13, .box_h = 12, .ofs_x = 0, .ofs_y = -1},
    {.bitmap_index = 58013, .adv_w = 224, .box_w = 13, .box_h = 12, .ofs_x = 1, .ofs_y = -1},
    {.bitmap_index = 58033, .adv_w = 224, .box_w = 12, .box_h = 10, .ofs_x = 1, .ofs_y = 0},
    {.bitmap_index = 58048, .adv_w = 224, .box_w = 13, .box_h = 12, .ofs_x = 0, .ofs_y = -1},
    {.bitmap_index = 58068, .adv_w = 224, .box_w = 12, .box_h = 13, .ofs_x = 1, .ofs_y = -2},
    {.bitmap_index = 58088, .adv_w = 224, .box_w = 12, .box_h = 13, .ofs_x = 1, .ofs_y = -2},
    {.bitmap_index = 58108, .adv_w = 224, .box_w = 13, .box_h = 13, .ofs_x = 1, .ofs_y = -2},
    {.bitmap_index = 58130, .adv_w = 224, .box_w = 12, .box_h = 13, .ofs_x = 0, .ofs_y = -1},
    {.bitmap_index = 58150, .adv_w = 224, .box_w = 13, .box_h = 13, .ofs_x = 1, .ofs_y = -2},
    {.bitmap_index = 58172, .adv_w = 224, .box_w = 13, .box_h = 12, .ofs_x = 1, .ofs_y = -1},
    {.bitmap_index = 58192, .adv_w = 224, .box_w = 11, .box_h = 11, .ofs_x = 1, .ofs_y = -1},
    {.bitmap_index = 58208, .adv_w = 224, .box_w = 12, .box_h = 13, .ofs_x = 2, .ofs_y = -2},
    {.bitmap_index = 58228, .adv_w = 224, .box_w = 11, .box_h = 13, .ofs_x = 1, .ofs_y = -1},
    {.bitmap_index = 58246, .adv_w = 224, .box_w = 13, .box_h = 12, .ofs_x = 1, .ofs_y = -1},
    {.bitmap_index = 58266, .adv_w = 224, .box_w = 13, .box_h = 12, .ofs_x = 0, .ofs_y = -1},
    {.bitmap_index = 58286, .adv_w = 224, .box_w = 12, .box_h = 13, .ofs_x = 1, .ofs_y = -2},
    {.bitmap_index = 58306, .adv_w = 224, .box_w = 12, .box_h = 12, .ofs_x = 1, .ofs_y = -1},
    {.bitmap_index = 58324, .adv_w = 224, .box_w = 13, .box_h = 13, .ofs_x = 0, .ofs_y = -1},
    {.bitmap_index = 58346, .adv_w = 224, .box_w = 13, .box_h = 12, .ofs_x = 0, .ofs_y = -1},
    {.bitmap_index = 58366, .adv_w = 224, .box_w = 12, .box_h = 13, .ofs_x = 1, .ofs_y = -1},
    {.bitmap_index = 58386, .adv_w = 224, .box_w = 13, .box_h = 13, .ofs_x = 0, .ofs_y = -1},
    {.bitmap_index = 58408, .adv_w = 224, .box_w = 13, .box_h = 13, .ofs_x = 0, .ofs_y = -2},
    {.bitmap_index = 58430, .adv_w = 224, .box_w = 13, .box_h = 14, .ofs_x = 1, .ofs_y = -2},
    {.bitmap_index = 58453, .adv_w = 224, .box_w = 13, .box_h = 14, .ofs_x = 0, .ofs_y = -2},
    {.bitmap_index = 58476, .adv_w = 224, .box_w = 13, .box_h = 12, .ofs_x = 0, .ofs_y = -1},
    {.bitmap_index = 58496, .adv_w = 224, .box_w = 12, .box_h = 12, .ofs_x = 0, .ofs_y = -1},
    {.bitmap_index = 58514, .adv_w = 224, .box_w = 13, .box_h = 12, .ofs_x = 0, .ofs_y = -1},
    {.bitmap_index = 58534, .adv_w = 224, .box_w = 12, .box_h = 13, .ofs_x = 1, .ofs_y = -2},
    {.bitmap_index = 58554, .adv_w = 224, .box_w = 12, .box_h = 12, .ofs_x = 1, .ofs_y = -1},
    {.bitmap_index = 58572, .adv_w = 224, .box_w = 13, .box_h = 12, .ofs_x = 0, .ofs_y = -1},
    {.bitmap_index = 58592, .adv_w = 224, .box_w = 13, .box_h = 12, .ofs_x = 0, .ofs_y = -1},
    {.bitmap_index = 58612, .adv_w = 224, .box_w = 13, .box_h = 13, .ofs_x = 0, .ofs_y = -2},
    {.bitmap_index = 58634, .adv_w = 224, .box_w = 12, .box_h = 12, .ofs_x = 1, .ofs_y = -1},
    {.bitmap_index = 58652, .adv_w = 224, .box_w = 12, .box_h = 12, .ofs_x = 1, .ofs_y = -1},
    {.bitmap_index = 58670, .adv_w = 224, .box_w = 11, .box_h = 13, .ofs_x = 1, .ofs_y = -2},
    {.bitmap_index = 58688, .adv_w = 224, .box_w = 13, .box_h = 14, .ofs_x = 0, .ofs_y = -2},
    {.bitmap_index = 58711, .adv_w = 224, .box_w = 12, .box_h = 12, .ofs_x = 1, .ofs_y = -1},
    {.bitmap_index = 58729, .adv_w = 224, .box_w = 13, .box_h = 12, .ofs_x = 0, .ofs_y = -1},
    {.bitmap_index = 58749, .adv_w = 224, .box_w = 12, .box_h = 13, .ofs_x = 1, .ofs_y = -2},
    {.bitmap_index = 58769, .adv_w = 224, .box_w = 13, .box_h = 13, .ofs_x = 0, .ofs_y = -1},
    {.bitmap_index = 58791, .adv_w = 224, .box_w = 13, .box_h = 13, .ofs_x = 0, .ofs_y = -2},
    {.bitmap_index = 58813, .adv_w = 224, .box_w = 11, .box_h = 14, .ofs_x = 1, .ofs_y = -2},
    {.bitmap_index = 58833, .adv_w = 224, .box_w = 14, .box_h = 13, .ofs_x = 0, .ofs_y = -2},
    {.bitmap_index = 58856, .adv_w = 224, .box_w = 14, .box_h = 12, .ofs_x = 0, .ofs_y = -1},
    {.bitmap_index = 58877, .adv_w = 224, .box_w = 13, .box_h = 12, .ofs_x = 0, .ofs_y = -1},
    {.bitmap_index = 58897, .adv_w = 224, .box_w = 13, .box_h = 13, .ofs_x = 0, .ofs_y = -2},
    {.bitmap_index = 58919, .adv_w = 224, .box_w = 11, .box_h = 13, .ofs_x = 1, .ofs_y = -2},
    {.bitmap_index = 58937, .adv_w = 224, .box_w = 13, .box_h = 12, .ofs_x = 0, .ofs_y = -1},
    {.bitmap_index = 58957, .adv_w = 224, .box_w = 13, .box_h = 13, .ofs_x = 0, .ofs_y = -1},
    {.bitmap_index = 58979, .adv_w = 224, .box_w = 13, .box_h = 12, .ofs_x = 0, .ofs_y = -1},
    {.bitmap_index = 58999, .adv_w = 224, .box_w = 13, .box_h = 12, .ofs_x = 0, .ofs_y = -1},
    {.bitmap_index = 59019, .adv_w = 224, .box_w = 13, .box_h = 12, .ofs_x = 0, .ofs_y = -1},
    {.bitmap_index = 59039, .adv_w = 224, .box_w = 13, .box_h = 12, .ofs_x = 1, .ofs_y = -1},
    {.bitmap_index = 59059, .adv_w = 224, .box_w = 12, .box_h = 13, .ofs_x = 1, .ofs_y = -2},
    {.bitmap_index = 59079, .adv_w = 224, .box_w = 13, .box_h = 12, .ofs_x = 0, .ofs_y = -1},
    {.bitmap_index = 59099, .adv_w = 224, .box_w = 13, .box_h = 13, .ofs_x = 0, .ofs_y = -1},
    {.bitmap_index = 59121, .adv_w = 224, .box_w = 14, .box_h = 14, .ofs_x = 0, .ofs_y = -2},
    {.bitmap_index = 59146, .adv_w = 224, .box_w = 12, .box_h = 12, .ofs_x = 1, .ofs_y = -1},
    {.bitmap_index = 59164, .adv_w = 224, .box_w = 14, .box_h = 13, .ofs_x = 0, .ofs_y = -2},
    {.bitmap_index = 59187, .adv_w = 224, .box_w = 13, .box_h = 12, .ofs_x = 1, .ofs_y = -1},
    {.bitmap_index = 59207, .adv_w = 224, .box_w = 13, .box_h = 12, .ofs_x = 0, .ofs_y = -1},
    {.bitmap_index = 59227, .adv_w = 224, .box_w = 12, .box_h = 12, .ofs_x = 1, .ofs_y = -1},
    {.bitmap_index = 59245, .adv_w = 224, .box_w = 13, .box_h = 13, .ofs_x = 0, .ofs_y = -2},
    {.bitmap_index = 59267, .adv_w = 224, .box_w = 13, .box_h = 12, .ofs_x = 1, .ofs_y = -1},
    {.bitmap_index = 59287, .adv_w = 224, .box_w = 12, .box_h = 12, .ofs_x = 1, .ofs_y = -1},
    {.bitmap_index = 59305, .adv_w = 224, .box_w = 13, .box_h = 12, .ofs_x = 1, .ofs_y = -1},
    {.bitmap_index = 59325, .adv_w = 224, .box_w = 14, .box_h = 12, .ofs_x = 0, .ofs_y = -1},
    {.bitmap_index = 59346, .adv_w = 224, .box_w = 13, .box_h = 12, .ofs_x = 0, .ofs_y = -1},
    {.bitmap_index = 59366, .adv_w = 224, .box_w = 13, .box_h = 12, .ofs_x = 0, .ofs_y = -1},
    {.bitmap_index = 59386, .adv_w = 224, .box_w = 13, .box_h = 12, .ofs_x = 0, .ofs_y = -1},
    {.bitmap_index = 59406, .adv_w = 224, .box_w = 14, .box_h = 12, .ofs_x = 0, .ofs_y = -1},
    {.bitmap_index = 59427, .adv_w = 224, .box_w = 13, .box_h = 12, .ofs_x = 1, .ofs_y = -1},
    {.bitmap_index = 59447, .adv_w = 224, .box_w = 13, .box_h = 12, .ofs_x = 1, .ofs_y = -1},
    {.bitmap_index = 59467, .adv_w = 224, .box_w = 13, .box_h = 12, .ofs_x = 0, .ofs_y = -1},
    {.bitmap_index = 59487, .adv_w = 224, .box_w = 13, .box_h = 11, .ofs_x = 0, .ofs_y = -1},
    {.bitmap_index = 59505, .adv_w = 224, .box_w = 13, .box_h = 12, .ofs_x = 0, .ofs_y = -1},
    {.bitmap_index = 59525, .adv_w = 224, .box_w = 13, .box_h = 13, .ofs_x = 0, .ofs_y = -2},
    {.bitmap_index = 59547, .adv_w = 224, .box_w = 13, .box_h = 12, .ofs_x = 0, .ofs_y = -1},
    {.bitmap_index = 59567, .adv_w = 224, .box_w = 13, .box_h = 12, .ofs_x = 0, .ofs_y = -1},
    {.bitmap_index = 59587, .adv_w = 224, .box_w = 13, .box_h = 11, .ofs_x = 1, .ofs_y = -1},
    {.bitmap_index = 59605, .adv_w = 224, .box_w = 13, .box_h = 12, .ofs_x = 0, .ofs_y = -1},
    {.bitmap_index = 59625, .adv_w = 224, .box_w = 14, .box_h = 13, .ofs_x = 0, .ofs_y = -1},
    {.bitmap_index = 59648, .adv_w = 224, .box_w = 13, .box_h = 12, .ofs_x = 0, .ofs_y = -1},
    {.bitmap_index = 59668, .adv_w = 224, .box_w = 13, .box_h = 13, .ofs_x = 1, .ofs_y = -1},
    {.bitmap_index = 59690, .adv_w = 224, .box_w = 13, .box_h = 12, .ofs_x = 0, .ofs_y = -1},
    {.bitmap_index = 59710, .adv_w = 224, .box_w = 13, .box_h = 12, .ofs_x = 0, .ofs_y = -1},
    {.bitmap_index = 59730, .adv_w = 224, .box_w = 13, .box_h = 12, .ofs_x = 0, .ofs_y = -1},
    {.bitmap_index = 59750, .adv_w = 224, .box_w = 14, .box_h = 12, .ofs_x = 0, .ofs_y = -1},
    {.bitmap_index = 59771, .adv_w = 224, .box_w = 13, .box_h = 12, .ofs_x = 0, .ofs_y = -1},
    {.bitmap_index = 59791, .adv_w = 224, .box_w = 13, .box_h = 12, .ofs_x = 0, .ofs_y = -1},
    {.bitmap_index = 59811, .adv_w = 224, .box_w = 13, .box_h = 12, .ofs_x = 0, .ofs_y = -1},
    {.bitmap_index = 59831, .adv_w = 224, .box_w = 14, .box_h = 13, .ofs_x = 0, .ofs_y = -1},
    {.bitmap_index = 59854, .adv_w = 224, .box_w = 13, .box_h = 13, .ofs_x = 0, .ofs_y = -1},
    {.bitmap_index = 59876, .adv_w = 224, .box_w = 14, .box_h = 12, .ofs_x = 0, .ofs_y = -1},
    {.bitmap_index = 59897, .adv_w = 224, .box_w = 14, .box_h = 12, .ofs_x = 0, .ofs_y = -1},
    {.bitmap_index = 59918, .adv_w = 224, .box_w = 13, .box_h = 13, .ofs_x = 0, .ofs_y = -1},
    {.bitmap_index = 59940, .adv_w = 224, .box_w = 13, .box_h = 12, .ofs_x = 0, .ofs_y = -1},
    {.bitmap_index = 59960, .adv_w = 224, .box_w = 13, .box_h = 12, .ofs_x = 0, .ofs_y = -1},
    {.bitmap_index = 59980, .adv_w = 224, .box_w = 14, .box_h = 12, .ofs_x = 0, .ofs_y = -1},
    {.bitmap_index = 60001, .adv_w = 224, .box_w = 14, .box_h = 12, .ofs_x = 0, .ofs_y = -1},
    {.bitmap_index = 60022, .adv_w = 224, .box_w = 13, .box_h = 12, .ofs_x = 0, .ofs_y = -1},
    {.bitmap_index = 60042, .adv_w = 224, .box_w = 13, .box_h = 14, .ofs_x = 0, .ofs_y = -2},
    {.bitmap_index = 60065, .adv_w = 224, .box_w = 13, .box_h = 12, .ofs_x = 0, .ofs_y = -1},
    {.bitmap_index = 60085, .adv_w = 224, .box_w = 13, .box_h = 12, .ofs_x = 0, .ofs_y = -1},
    {.bitmap_index = 60105, .adv_w = 224, .box_w = 13, .box_h = 13, .ofs_x = 0, .ofs_y = -1},
    {.bitmap_index = 60127, .adv_w = 224, .box_w = 11, .box_h = 13, .ofs_x = 1, .ofs_y = -1},
    {.bitmap_index = 60145, .adv_w = 224, .box_w = 12, .box_h = 12, .ofs_x = 1, .ofs_y = -1},
    {.bitmap_index = 60163, .adv_w = 224, .box_w = 12, .box_h = 12, .ofs_x = 1, .ofs_y = -1},
    {.bitmap_index = 60181, .adv_w = 224, .box_w = 12, .box_h = 13, .ofs_x = 1, .ofs_y = -1},
    {.bitmap_index = 60201, .adv_w = 224, .box_w = 12, .box_h = 12, .ofs_x = 1, .ofs_y = -1},
    {.bitmap_index = 60219, .adv_w = 224, .box_w = 13, .box_h = 12, .ofs_x = 1, .ofs_y = -1},
    {.bitmap_index = 60239, .adv_w = 224, .box_w = 13, .box_h = 12, .ofs_x = 1, .ofs_y = -1},
    {.bitmap_index = 60259, .adv_w = 224, .box_w = 13, .box_h = 12, .ofs_x = 1, .ofs_y = -1},
    {.bitmap_index = 60279, .adv_w = 224, .box_w = 12, .box_h = 12, .ofs_x = 1, .ofs_y = -1},
    {.bitmap_index = 60297, .adv_w = 224, .box_w = 13, .box_h = 12, .ofs_x = 1, .ofs_y = -1},
    {.bitmap_index = 60317, .adv_w = 224, .box_w = 13, .box_h = 13, .ofs_x = 1, .ofs_y = -1},
    {.bitmap_index = 60339, .adv_w = 224, .box_w = 14, .box_h = 14, .ofs_x = 0, .ofs_y = -2},
    {.bitmap_index = 60364, .adv_w = 224, .box_w = 12, .box_h = 12, .ofs_x = 0, .ofs_y = -1},
    {.bitmap_index = 60382, .adv_w = 224, .box_w = 14, .box_h = 13, .ofs_x = 0, .ofs_y = -1},
    {.bitmap_index = 60405, .adv_w = 224, .box_w = 12, .box_h = 12, .ofs_x = 1, .ofs_y = -1},
    {.bitmap_index = 60423, .adv_w = 224, .box_w = 13, .box_h = 13, .ofs_x = 1, .ofs_y = -1},
    {.bitmap_index = 60445, .adv_w = 224, .box_w = 13, .box_h = 12, .ofs_x = 1, .ofs_y = -1},
    {.bitmap_index = 60465, .adv_w = 224, .box_w = 13, .box_h = 12, .ofs_x = 1, .ofs_y = -1},
    {.bitmap_index = 60485, .adv_w = 224, .box_w = 12, .box_h = 12, .ofs_x = 1, .ofs_y = -1},
    {.bitmap_index = 60503, .adv_w = 224, .box_w = 12, .box_h = 12, .ofs_x = 1, .ofs_y = -1},
    {.bitmap_index = 60521, .adv_w = 224, .box_w = 13, .box_h = 13, .ofs_x = 0, .ofs_y = -1},
    {.bitmap_index = 60543, .adv_w = 224, .box_w = 13, .box_h = 13, .ofs_x = 1, .ofs_y = -1},
    {.bitmap_index = 60565, .adv_w = 224, .box_w = 12, .box_h = 13, .ofs_x = 1, .ofs_y = -1},
    {.bitmap_index = 60585, .adv_w = 224, .box_w = 13, .box_h = 12, .ofs_x = 1, .ofs_y = -1},
    {.bitmap_index = 60605, .adv_w = 224, .box_w = 13, .box_h = 12, .ofs_x = 1, .ofs_y = -1},
    {.bitmap_index = 60625, .adv_w = 224, .box_w = 13, .box_h = 12, .ofs_x = 0, .ofs_y = -1},
    {.bitmap_index = 60645, .adv_w = 224, .box_w = 13, .box_h = 13, .ofs_x = 1, .ofs_y = -1},
    {.bitmap_index = 60667, .adv_w = 224, .box_w = 12, .box_h = 12, .ofs_x = 1, .ofs_y = -1},
    {.bitmap_index = 60685, .adv_w = 224, .box_w = 12, .box_h = 12, .ofs_x = 1, .ofs_y = -1},
    {.bitmap_index = 60703, .adv_w = 224, .box_w = 13, .box_h = 13, .ofs_x = 0, .ofs_y = -1},
    {.bitmap_index = 60725, .adv_w = 224, .box_w = 13, .box_h = 13, .ofs_x = 0, .ofs_y = -1},
    {.bitmap_index = 60747, .adv_w = 224, .box_w = 13, .box_h = 12, .ofs_x = 1, .ofs_y = -1},
    {.bitmap_index = 60767, .adv_w = 224, .box_w = 12, .box_h = 12, .ofs_x = 1, .ofs_y = -1},
    {.bitmap_index = 60785, .adv_w = 224, .box_w = 12, .box_h = 12, .ofs_x = 1, .ofs_y = -1},
    {.bitmap_index = 60803, .adv_w = 224, .box_w = 12, .box_h = 12, .ofs_x = 1, .ofs_y = -1},
    {.bitmap_index = 60821, .adv_w = 224, .box_w = 13, .box_h = 12, .ofs_x = 0, .ofs_y = -1},
    {.bitmap_index = 60841, .adv_w = 224, .box_w = 12, .box_h = 12, .ofs_x = 1, .ofs_y = -1},
    {.bitmap_index = 60859, .adv_w = 224, .box_w = 13, .box_h = 12, .ofs_x = 1, .ofs_y = -1},
    {.bitmap_index = 60879, .adv_w = 224, .box_w = 12, .box_h = 12, .ofs_x = 1, .ofs_y = -1},
    {.bitmap_index = 60897, .adv_w = 224, .box_w = 12, .box_h = 12, .ofs_x = 1, .ofs_y = -1},
    {.bitmap_index = 60915, .adv_w = 224, .box_w = 12, .box_h = 12, .ofs_x = 1, .ofs_y = -1},
    {.bitmap_index = 60933, .adv_w = 224, .box_w = 13, .box_h = 11, .ofs_x = 1, .ofs_y = -1},
    {.bitmap_index = 60951, .adv_w = 224, .box_w = 12, .box_h = 12, .ofs_x = 1, .ofs_y = -1},
    {.bitmap_index = 60969, .adv_w = 224, .box_w = 13, .box_h = 12, .ofs_x = 0, .ofs_y = -1},
    {.bitmap_index = 60989, .adv_w = 224, .box_w = 12, .box_h = 12, .ofs_x = 1, .ofs_y = -1},
    {.bitmap_index = 61007, .adv_w = 224, .box_w = 12, .box_h = 11, .ofs_x = 1, .ofs_y = -1},
    {.bitmap_index = 61024, .adv_w = 224, .box_w = 13, .box_h = 12, .ofs_x = 0, .ofs_y = -1},
    {.bitmap_index = 61044, .adv_w = 224, .box_w = 12, .box_h = 12, .ofs_x = 1, .ofs_y = -1},
    {.bitmap_index = 61062, .adv_w = 224, .box_w = 13, .box_h = 12, .ofs_x = 1, .ofs_y = -1},
    {.bitmap_index = 61082, .adv_w = 224, .box_w = 13, .box_h = 12, .ofs_x = 1, .ofs_y = -1},
    {.bitmap_index = 61102, .adv_w = 224, .box_w = 12, .box_h = 12, .ofs_x = 1, .ofs_y = -1},
    {.bitmap_index = 61120, .adv_w = 224, .box_w = 13, .box_h = 12, .ofs_x = 0, .ofs_y = -1},
    {.bitmap_index = 61140, .adv_w = 224, .box_w = 12, .box_h = 12, .ofs_x = 0, .ofs_y = -1},
    {.bitmap_index = 61158, .adv_w = 224, .box_w = 13, .box_h = 12, .ofs_x = 0, .ofs_y = -1},
    {.bitmap_index = 61178, .adv_w = 224, .box_w = 13, .box_h = 12, .ofs_x = 0, .ofs_y = -1},
    {.bitmap_index = 61198, .adv_w = 224, .box_w = 13, .box_h = 12, .ofs_x = 1, .ofs_y = -1},
    {.bitmap_index = 61218, .adv_w = 224, .box_w = 13, .box_h = 12, .ofs_x = 0, .ofs_y = -1},
    {.bitmap_index = 61238, .adv_w = 224, .box_w = 12, .box_h = 12, .ofs_x = 0, .ofs_y = -1},
    {.bitmap_index = 61256, .adv_w = 224, .box_w = 13, .box_h = 12, .ofs_x = 0, .ofs_y = -1},
    {.bitmap_index = 61276, .adv_w = 224, .box_w = 13, .box_h = 12, .ofs_x = 0, .ofs_y = -1},
    {.bitmap_index = 61296, .adv_w = 224, .box_w = 13, .box_h = 12, .ofs_x = 0, .ofs_y = -1},
    {.bitmap_index = 61316, .adv_w = 224, .box_w = 12, .box_h = 13, .ofs_x = 1, .ofs_y = -1},
    {.bitmap_index = 61336, .adv_w = 224, .box_w = 13, .box_h = 12, .ofs_x = 0, .ofs_y = -1},
    {.bitmap_index = 61356, .adv_w = 224, .box_w = 12, .box_h = 13, .ofs_x = 1, .ofs_y = -1},
    {.bitmap_index = 61376, .adv_w = 224, .box_w = 13, .box_h = 12, .ofs_x = 0, .ofs_y = -1},
    {.bitmap_index = 61396, .adv_w = 224, .box_w = 13, .box_h = 12, .ofs_x = 0, .ofs_y = -1},
    {.bitmap_index = 61416, .adv_w = 224, .box_w = 12, .box_h = 12, .ofs_x = 0, .ofs_y = -1},
    {.bitmap_index = 61434, .adv_w = 224, .box_w = 13, .box_h = 12, .ofs_x = 1, .ofs_y = -1},
    {.bitmap_index = 61454, .adv_w = 224, .box_w = 13, .box_h = 12, .ofs_x = 0, .ofs_y = -1},
    {.bitmap_index = 61474, .adv_w = 224, .box_w = 12, .box_h = 12, .ofs_x = 0, .ofs_y = -1},
    {.bitmap_index = 61492, .adv_w = 224, .box_w = 13, .box_h = 11, .ofs_x = 0, .ofs_y = -1},
    {.bitmap_index = 61510, .adv_w = 224, .box_w = 13, .box_h = 12, .ofs_x = 0, .ofs_y = -1},
    {.bitmap_index = 61530, .adv_w = 224, .box_w = 12, .box_h = 13, .ofs_x = 0, .ofs_y = -1},
    {.bitmap_index = 61550, .adv_w = 224, .box_w = 13, .box_h = 12, .ofs_x = 0, .ofs_y = -1},
    {.bitmap_index = 61570, .adv_w = 224, .box_w = 13, .box_h = 12, .ofs_x = 0, .ofs_y = -1},
    {.bitmap_index = 61590, .adv_w = 224, .box_w = 13, .box_h = 12, .ofs_x = 0, .ofs_y = -1},
    {.bitmap_index = 61610, .adv_w = 224, .box_w = 13, .box_h = 13, .ofs_x = 0, .ofs_y = -1},
    {.bitmap_index = 61632, .adv_w = 224, .box_w = 13, .box_h = 12, .ofs_x = 0, .ofs_y = -1},
    {.bitmap_index = 61652, .adv_w = 224, .box_w = 13, .box_h = 12, .ofs_x = 0, .ofs_y = -1},
    {.bitmap_index = 61672, .adv_w = 224, .box_w = 13, .box_h = 12, .ofs_x = 0, .ofs_y = -1},
    {.bitmap_index = 61692, .adv_w = 224, .box_w = 13, .box_h = 12, .ofs_x = 0, .ofs_y = -1},
    {.bitmap_index = 61712, .adv_w = 224, .box_w = 12, .box_h = 12, .ofs_x = 0, .ofs_y = -1},
    {.bitmap_index = 61730, .adv_w = 224, .box_w = 13, .box_h = 12, .ofs_x = 0, .ofs_y = -1},
    {.bitmap_index = 61750, .adv_w = 224, .box_w = 13, .box_h = 12, .ofs_x = 0, .ofs_y = -1},
    {.bitmap_index = 61770, .adv_w = 224, .box_w = 13, .box_h = 12, .ofs_x = 0, .ofs_y = -1},
    {.bitmap_index = 61790, .adv_w = 224, .box_w = 13, .box_h = 12, .ofs_x = 0, .ofs_y = -1},
    {.bitmap_index = 61810, .adv_w = 224, .box_w = 13, .box_h = 12, .ofs_x = 0, .ofs_y = -1},
    {.bitmap_index = 61830, .adv_w = 224, .box_w = 13, .box_h = 12, .ofs_x = 0, .ofs_y = -1},
    {.bitmap_index = 61850, .adv_w = 224, .box_w = 12, .box_h = 13, .ofs_x = 1, .ofs_y = -1},
    {.bitmap_index = 61870, .adv_w = 224, .box_w = 13, .box_h = 12, .ofs_x = 0, .ofs_y = -1},
    {.bitmap_index = 61890, .adv_w = 224, .box_w = 13, .box_h = 12, .ofs_x = 0, .ofs_y = -1},
    {.bitmap_index = 61910, .adv_w = 224, .box_w = 13, .box_h = 12, .ofs_x = 0, .ofs_y = -1},
    {.bitmap_index = 61930, .adv_w = 224, .box_w = 13, .box_h = 12, .ofs_x = 0, .ofs_y = -1},
    {.bitmap_index = 61950, .adv_w = 224, .box_w = 13, .box_h = 12, .ofs_x = 0, .ofs_y = -1},
    {.bitmap_index = 61970, .adv_w = 224, .box_w = 13, .box_h = 12, .ofs_x = 0, .ofs_y = -1},
    {.bitmap_index = 61990, .adv_w = 224, .box_w = 13, .box_h = 13, .ofs_x = 0, .ofs_y = -1},
    {.bitmap_index = 62012, .adv_w = 224, .box_w = 13, .box_h = 12, .ofs_x = 0, .ofs_y = -1},
    {.bitmap_index = 62032, .adv_w = 224, .box_w = 14, .box_h = 12, .ofs_x = 0, .ofs_y = -1},
    {.bitmap_index = 62053, .adv_w = 224, .box_w = 13, .box_h = 12, .ofs_x = 0, .ofs_y = -1},
    {.bitmap_index = 62073, .adv_w = 224, .box_w = 11, .box_h = 12, .ofs_x = 2, .ofs_y = -1},
    {.bitmap_index = 62090, .adv_w = 224, .box_w = 12, .box_h = 12, .ofs_x = 1, .ofs_y = -1},
    {.bitmap_index = 62108, .adv_w = 224, .box_w = 13, .box_h = 12, .ofs_x = 1, .ofs_y = -1},
    {.bitmap_index = 62128, .adv_w = 224, .box_w = 12, .box_h = 12, .ofs_x = 1, .ofs_y = -1},
    {.bitmap_index = 62146, .adv_w = 224, .box_w = 12, .box_h = 12, .ofs_x = 1, .ofs_y = -1},
    {.bitmap_index = 62164, .adv_w = 224, .box_w = 15, .box_h = 12, .ofs_x = 0, .ofs_y = -1},
    {.bitmap_index = 62187, .adv_w = 224, .box_w = 12, .box_h = 12, .ofs_x = 1, .ofs_y = -1},
    {.bitmap_index = 62205, .adv_w = 224, .box_w = 15, .box_h = 13, .ofs_x = 0, .ofs_y = -1},
    {.bitmap_index = 62230, .adv_w = 224, .box_w = 13, .box_h = 12, .ofs_x = 1, .ofs_y = -1},
    {.bitmap_index = 62250, .adv_w = 224, .box_w = 13, .box_h = 14, .ofs_x = 1, .ofs_y = -2},
    {.bitmap_index = 62273, .adv_w = 224, .box_w = 14, .box_h = 12, .ofs_x = 2, .ofs_y = -1},
    {.bitmap_index = 62294, .adv_w = 224, .box_w = 12, .box_h = 12, .ofs_x = 1, .ofs_y = -1},
    {.bitmap_index = 62312, .adv_w = 224, .box_w = 13, .box_h = 13, .ofs_x = 1, .ofs_y = -1},
    {.bitmap_index = 62334, .adv_w = 224, .box_w = 12, .box_h = 12, .ofs_x = 1, .ofs_y = -1},
    {.bitmap_index = 62352, .adv_w = 224, .box_w = 13, .box_h = 13, .ofs_x = 0, .ofs_y = -1},
    {.bitmap_index = 62374, .adv_w = 224, .box_w = 13, .box_h = 12, .ofs_x = 2, .ofs_y = -1},
    {.bitmap_index = 62394, .adv_w = 224, .box_w = 12, .box_h = 12, .ofs_x = 1, .ofs_y = -1},
    {.bitmap_index = 62412, .adv_w = 224, .box_w = 12, .box_h = 12, .ofs_x = 1, .ofs_y = -1},
    {.bitmap_index = 62430, .adv_w = 224, .box_w = 12, .box_h = 13, .ofs_x = 0, .ofs_y = -1},
    {.bitmap_index = 62450, .adv_w = 224, .box_w = 12, .box_h = 12, .ofs_x = 1, .ofs_y = -1},
    {.bitmap_index = 62468, .adv_w = 224, .box_w = 12, .box_h = 12, .ofs_x = 1, .ofs_y = -1},
    {.bitmap_index = 62486, .adv_w = 224, .box_w = 12, .box_h = 12, .ofs_x = 1, .ofs_y = -1},
    {.bitmap_index = 62504, .adv_w = 224, .box_w = 12, .box_h = 12, .ofs_x = 1, .ofs_y = -1},
    {.bitmap_index = 62522, .adv_w = 224, .box_w = 12, .box_h = 12, .ofs_x = 1, .ofs_y = -1},
    {.bitmap_index = 62540, .adv_w = 224, .box_w = 12, .box_h = 13, .ofs_x = 1, .ofs_y = -1},
    {.bitmap_index = 62560, .adv_w = 224, .box_w = 13, .box_h = 12, .ofs_x = 0, .ofs_y = -1},
    {.bitmap_index = 62580, .adv_w = 224, .box_w = 12, .box_h = 12, .ofs_x = 1, .ofs_y = -1},
    {.bitmap_index = 62598, .adv_w = 224, .box_w = 12, .box_h = 12, .ofs_x = 1, .ofs_y = -1},
    {.bitmap_index = 62616, .adv_w = 224, .box_w = 13, .box_h = 12, .ofs_x = 1, .ofs_y = -1},
    {.bitmap_index = 62636, .adv_w = 224, .box_w = 12, .box_h = 12, .ofs_x = 1, .ofs_y = -1},
    {.bitmap_index = 62654, .adv_w = 224, .box_w = 13, .box_h = 12, .ofs_x = 1, .ofs_y = -1},
    {.bitmap_index = 62674, .adv_w = 224, .box_w = 12, .box_h = 12, .ofs_x = 1, .ofs_y = -1},
    {.bitmap_index = 62692, .adv_w = 224, .box_w = 13, .box_h = 12, .ofs_x = 1, .ofs_y = -1},
    {.bitmap_index = 62712, .adv_w = 224, .box_w = 12, .box_h = 12, .ofs_x = 1, .ofs_y = -1},
    {.bitmap_index = 62730, .adv_w = 224, .box_w = 13, .box_h = 12, .ofs_x = 0, .ofs_y = -1},
    {.bitmap_index = 62750, .adv_w = 224, .box_w = 13, .box_h = 13, .ofs_x = 0, .ofs_y = -1},
    {.bitmap_index = 62772, .adv_w = 224, .box_w = 13, .box_h = 11, .ofs_x = 0, .ofs_y = -1},
    {.bitmap_index = 62790, .adv_w = 224, .box_w = 13, .box_h = 13, .ofs_x = 1, .ofs_y = -1},
    {.bitmap_index = 62812, .adv_w = 224, .box_w = 13, .box_h = 12, .ofs_x = 0, .ofs_y = -1},
    {.bitmap_index = 62832, .adv_w = 224, .box_w = 13, .box_h = 12, .ofs_x = 1, .ofs_y = -1},
    {.bitmap_index = 62852, .adv_w = 224, .box_w = 13, .box_h = 12, .ofs_x = 0, .ofs_y = -1},
    {.bitmap_index = 62872, .adv_w = 224, .box_w = 14, .box_h = 12, .ofs_x = 0, .ofs_y = -1},
    {.bitmap_index = 62893, .adv_w = 224, .box_w = 13, .box_h = 12, .ofs_x = 0, .ofs_y = -1},
    {.bitmap_index = 62913, .adv_w = 224, .box_w = 13, .box_h = 12, .ofs_x = 0, .ofs_y = -1},
    {.bitmap_index = 62933, .adv_w = 224, .box_w = 13, .box_h = 12, .ofs_x = 0, .ofs_y = -1},
    {.bitmap_index = 62953, .adv_w = 224, .box_w = 12, .box_h = 13, .ofs_x = 1, .ofs_y = -2},
    {.bitmap_index = 62973, .adv_w = 224, .box_w = 13, .box_h = 12, .ofs_x = 1, .ofs_y = -1},
    {.bitmap_index = 62993, .adv_w = 224, .box_w = 13, .box_h = 12, .ofs_x = 1, .ofs_y = -1},
    {.bitmap_index = 63013, .adv_w = 224, .box_w = 12, .box_h = 12, .ofs_x = 1, .ofs_y = -1},
    {.bitmap_index = 63031, .adv_w = 224, .box_w = 12, .box_h = 12, .ofs_x = 1, .ofs_y = -1},
    {.bitmap_index = 63049, .adv_w = 224, .box_w = 13, .box_h = 12, .ofs_x = 0, .ofs_y = -1},
    {.bitmap_index = 63069, .adv_w = 224, .box_w = 12, .box_h = 13, .ofs_x = 1, .ofs_y = -2},
    {.bitmap_index = 63089, .adv_w = 224, .box_w = 13, .box_h = 13, .ofs_x = 1, .ofs_y = -2},
    {.bitmap_index = 63111, .adv_w = 224, .box_w = 12, .box_h = 12, .ofs_x = 0, .ofs_y = -1},
    {.bitmap_index = 63129, .adv_w = 224, .box_w = 12, .box_h = 12, .ofs_x = 1, .ofs_y = -1},
    {.bitmap_index = 63147, .adv_w = 224, .box_w = 12, .box_h = 12, .ofs_x = 1, .ofs_y = -1},
    {.bitmap_index = 63165, .adv_w = 224, .box_w = 13, .box_h = 13, .ofs_x = 1, .ofs_y = -1},
    {.bitmap_index = 63187, .adv_w = 224, .box_w = 13, .box_h = 12, .ofs_x = 1, .ofs_y = -1},
    {.bitmap_index = 63207, .adv_w = 224, .box_w = 12, .box_h = 12, .ofs_x = 1, .ofs_y = -1},
    {.bitmap_index = 63225, .adv_w = 224, .box_w = 12, .box_h = 12, .ofs_x = 1, .ofs_y = -1},
    {.bitmap_index = 63243, .adv_w = 224, .box_w = 13, .box_h = 13, .ofs_x = 1, .ofs_y = -2},
    {.bitmap_index = 63265, .adv_w = 224, .box_w = 13, .box_h = 13, .ofs_x = 1, .ofs_y = -1},
    {.bitmap_index = 63287, .adv_w = 224, .box_w = 12, .box_h = 12, .ofs_x = 1, .ofs_y = -1},
    {.bitmap_index = 63305, .adv_w = 224, .box_w = 12, .box_h = 12, .ofs_x = 0, .ofs_y = -1},
    {.bitmap_index = 63323, .adv_w = 224, .box_w = 12, .box_h = 12, .ofs_x = 1, .ofs_y = -1},
    {.bitmap_index = 63341, .adv_w = 224, .box_w = 13, .box_h = 12, .ofs_x = 1, .ofs_y = -1},
    {.bitmap_index = 63361, .adv_w = 224, .box_w = 12, .box_h = 12, .ofs_x = 0, .ofs_y = -1},
    {.bitmap_index = 63379, .adv_w = 224, .box_w = 12, .box_h = 13, .ofs_x = 1, .ofs_y = -1},
    {.bitmap_index = 63399, .adv_w = 224, .box_w = 13, .box_h = 12, .ofs_x = 0, .ofs_y = -1},
    {.bitmap_index = 63419, .adv_w = 224, .box_w = 13, .box_h = 12, .ofs_x = 1, .ofs_y = -1},
    {.bitmap_index = 63439, .adv_w = 224, .box_w = 12, .box_h = 12, .ofs_x = 1, .ofs_y = -1},
    {.bitmap_index = 63457, .adv_w = 224, .box_w = 13, .box_h = 13, .ofs_x = 1, .ofs_y = -2},
    {.bitmap_index = 63479, .adv_w = 224, .box_w = 12, .box_h = 14, .ofs_x = 1, .ofs_y = -2},
    {.bitmap_index = 63500, .adv_w = 224, .box_w = 13, .box_h = 13, .ofs_x = 0, .ofs_y = -2},
    {.bitmap_index = 63522, .adv_w = 224, .box_w = 13, .box_h = 12, .ofs_x = 0, .ofs_y = -1},
    {.bitmap_index = 63542, .adv_w = 224, .box_w = 14, .box_h = 12, .ofs_x = 0, .ofs_y = -1},
    {.bitmap_index = 63563, .adv_w = 224, .box_w = 13, .box_h = 12, .ofs_x = 1, .ofs_y = -1},
    {.bitmap_index = 63583, .adv_w = 224, .box_w = 13, .box_h = 12, .ofs_x = 1, .ofs_y = -1},
    {.bitmap_index = 63603, .adv_w = 224, .box_w = 13, .box_h = 13, .ofs_x = 0, .ofs_y = -2},
    {.bitmap_index = 63625, .adv_w = 224, .box_w = 13, .box_h = 12, .ofs_x = 1, .ofs_y = -1},
    {.bitmap_index = 63645, .adv_w = 224, .box_w = 13, .box_h = 12, .ofs_x = 1, .ofs_y = -1},
    {.bitmap_index = 63665, .adv_w = 224, .box_w = 13, .box_h = 12, .ofs_x = 0, .ofs_y = -1},
    {.bitmap_index = 63685, .adv_w = 224, .box_w = 13, .box_h = 12, .ofs_x = 0, .ofs_y = -1},
    {.bitmap_index = 63705, .adv_w = 224, .box_w = 12, .box_h = 12, .ofs_x = 1, .ofs_y = -1},
    {.bitmap_index = 63723, .adv_w = 224, .box_w = 13, .box_h = 14, .ofs_x = 1, .ofs_y = -2},
    {.bitmap_index = 63746, .adv_w = 224, .box_w = 12, .box_h = 12, .ofs_x = 1, .ofs_y = -1},
    {.bitmap_index = 63764, .adv_w = 224, .box_w = 13, .box_h = 12, .ofs_x = 0, .ofs_y = -1},
    {.bitmap_index = 63784, .adv_w = 224, .box_w = 12, .box_h = 14, .ofs_x = 0, .ofs_y = -2},
    {.bitmap_index = 63805, .adv_w = 224, .box_w = 12, .box_h = 14, .ofs_x = 0, .ofs_y = -2},
    {.bitmap_index = 63826, .adv_w = 224, .box_w = 14, .box_h = 13, .ofs_x = 0, .ofs_y = -2},
    {.bitmap_index = 63849, .adv_w = 224, .box_w = 13, .box_h = 12, .ofs_x = 1, .ofs_y = -1},
    {.bitmap_index = 63869, .adv_w = 224, .box_w = 13, .box_h = 12, .ofs_x = 1, .ofs_y = -1},
    {.bitmap_index = 63889, .adv_w = 224, .box_w = 14, .box_h = 12, .ofs_x = 0, .ofs_y = -1},
    {.bitmap_index = 63910, .adv_w = 224, .box_w = 13, .box_h = 12, .ofs_x = 0, .ofs_y = -1},
    {.bitmap_index = 63930, .adv_w = 224, .box_w = 13, .box_h = 12, .ofs_x = 0, .ofs_y = -1},
    {.bitmap_index = 63950, .adv_w = 224, .box_w = 13, .box_h = 13, .ofs_x = 0, .ofs_y = -1},
    {.bitmap_index = 63972, .adv_w = 224, .box_w = 13, .box_h = 13, .ofs_x = 0, .ofs_y = -2},
    {.bitmap_index = 63994, .adv_w = 224, .box_w = 13, .box_h = 12, .ofs_x = 0, .ofs_y = -1},
    {.bitmap_index = 64014, .adv_w = 224, .box_w = 14, .box_h = 13, .ofs_x = 0, .ofs_y = -1},
    {.bitmap_index = 64037, .adv_w = 224, .box_w = 13, .box_h = 12, .ofs_x = 0, .ofs_y = -1},
    {.bitmap_index = 64057, .adv_w = 224, .box_w = 13, .box_h = 13, .ofs_x = 0, .ofs_y = -2},
    {.bitmap_index = 64079, .adv_w = 224, .box_w = 13, .box_h = 13, .ofs_x = 0, .ofs_y = -2},
    {.bitmap_index = 64101, .adv_w = 224, .box_w = 14, .box_h = 12, .ofs_x = 0, .ofs_y = -1},
    {.bitmap_index = 64122, .adv_w = 224, .box_w = 13, .box_h = 12, .ofs_x = 0, .ofs_y = -1},
    {.bitmap_index = 64142, .adv_w = 224, .box_w = 14, .box_h = 12, .ofs_x = 0, .ofs_y = -1},
    {.bitmap_index = 64163, .adv_w = 224, .box_w = 13, .box_h = 12, .ofs_x = 0, .ofs_y = -1},
    {.bitmap_index = 64183, .adv_w = 224, .box_w = 13, .box_h = 14, .ofs_x = 0, .ofs_y = -2},
    {.bitmap_index = 64206, .adv_w = 224, .box_w = 12, .box_h = 12, .ofs_x = 1, .ofs_y = -1},
    {.bitmap_index = 64224, .adv_w = 224, .box_w = 10, .box_h = 12, .ofs_x = 2, .ofs_y = -1},
    {.bitmap_index = 64239, .adv_w = 224, .box_w = 11, .box_h = 12, .ofs_x = 2, .ofs_y = -1},
    {.bitmap_index = 64256, .adv_w = 224, .box_w = 11, .box_h = 12, .ofs_x = 2, .ofs_y = -1},
    {.bitmap_index = 64273, .adv_w = 224, .box_w = 10, .box_h = 12, .ofs_x = 2, .ofs_y = -1},
    {.bitmap_index = 64288, .adv_w = 224, .box_w = 11, .box_h = 12, .ofs_x = 2, .ofs_y = -1},
    {.bitmap_index = 64305, .adv_w = 224, .box_w = 11, .box_h = 12, .ofs_x = 1, .ofs_y = -1},
    {.bitmap_index = 64322, .adv_w = 224, .box_w = 11, .box_h = 12, .ofs_x = 2, .ofs_y = -1},
    {.bitmap_index = 64339, .adv_w = 224, .box_w = 10, .box_h = 12, .ofs_x = 2, .ofs_y = -1},
    {.bitmap_index = 64354, .adv_w = 224, .box_w = 11, .box_h = 12, .ofs_x = 2, .ofs_y = -1},
    {.bitmap_index = 64371, .adv_w = 224, .box_w = 10, .box_h = 12, .ofs_x = 2, .ofs_y = -1},
    {.bitmap_index = 64386, .adv_w = 224, .box_w = 11, .box_h = 12, .ofs_x = 2, .ofs_y = -1},
    {.bitmap_index = 64403, .adv_w = 224, .box_w = 11, .box_h = 13, .ofs_x = 1, .ofs_y = -1},
    {.bitmap_index = 64421, .adv_w = 224, .box_w = 11, .box_h = 12, .ofs_x = 2, .ofs_y = -1},
    {.bitmap_index = 64438, .adv_w = 224, .box_w = 11, .box_h = 13, .ofs_x = 2, .ofs_y = -1},
    {.bitmap_index = 64456, .adv_w = 224, .box_w = 11, .box_h = 12, .ofs_x = 2, .ofs_y = -1},
    {.bitmap_index = 64473, .adv_w = 224, .box_w = 11, .box_h = 13, .ofs_x = 2, .ofs_y = -1},
    {.bitmap_index = 64491, .adv_w = 224, .box_w = 11, .box_h = 12, .ofs_x = 2, .ofs_y = -1},
    {.bitmap_index = 64508, .adv_w = 224, .box_w = 11, .box_h = 13, .ofs_x = 2, .ofs_y = -1},
    {.bitmap_index = 64526, .adv_w = 224, .box_w = 11, .box_h = 13, .ofs_x = 2, .ofs_y = -1},
    {.bitmap_index = 64544, .adv_w = 224, .box_w = 11, .box_h = 14, .ofs_x = 1, .ofs_y = -2},
    {.bitmap_index = 64564, .adv_w = 224, .box_w = 12, .box_h = 12, .ofs_x = 2, .ofs_y = -1},
    {.bitmap_index = 64582, .adv_w = 224, .box_w = 12, .box_h = 12, .ofs_x = 1, .ofs_y = -1},
    {.bitmap_index = 64600, .adv_w = 224, .box_w = 12, .box_h = 12, .ofs_x = 1, .ofs_y = -1},
    {.bitmap_index = 64618, .adv_w = 224, .box_w = 11, .box_h = 12, .ofs_x = 1, .ofs_y = -1},
    {.bitmap_index = 64635, .adv_w = 224, .box_w = 11, .box_h = 12, .ofs_x = 2, .ofs_y = -1},
    {.bitmap_index = 64652, .adv_w = 224, .box_w = 11, .box_h = 13, .ofs_x = 1, .ofs_y = -1},
    {.bitmap_index = 64670, .adv_w = 224, .box_w = 12, .box_h = 12, .ofs_x = 2, .ofs_y = -1},
    {.bitmap_index = 64688, .adv_w = 224, .box_w = 12, .box_h = 12, .ofs_x = 2, .ofs_y = -1},
    {.bitmap_index = 64706, .adv_w = 224, .box_w = 12, .box_h = 12, .ofs_x = 1, .ofs_y = -1},
    {.bitmap_index = 64724, .adv_w = 224, .box_w = 11, .box_h = 12, .ofs_x = 2, .ofs_y = -1},
    {.bitmap_index = 64741, .adv_w = 224, .box_w = 12, .box_h = 12, .ofs_x = 2, .ofs_y = -1},
    {.bitmap_index = 64759, .adv_w = 224, .box_w = 12, .box_h = 12, .ofs_x = 1, .ofs_y = -1},
    {.bitmap_index = 64777, .adv_w = 224, .box_w = 12, .box_h = 13, .ofs_x = 1, .ofs_y = -1},
    {.bitmap_index = 64797, .adv_w = 224, .box_w = 12, .box_h = 12, .ofs_x = 1, .ofs_y = -1},
    {.bitmap_index = 64815, .adv_w = 224, .box_w = 12, .box_h = 12, .ofs_x = 1, .ofs_y = -1},
    {.bitmap_index = 64833, .adv_w = 224, .box_w = 12, .box_h = 13, .ofs_x = 1, .ofs_y = -1},
    {.bitmap_index = 64853, .adv_w = 224, .box_w = 11, .box_h = 12, .ofs_x = 2, .ofs_y = -1},
    {.bitmap_index = 64870, .adv_w = 224, .box_w = 13, .box_h = 12, .ofs_x = 1, .ofs_y = -1},
    {.bitmap_index = 64890, .adv_w = 224, .box_w = 12, .box_h = 12, .ofs_x = 1, .ofs_y = -1},
    {.bitmap_index = 64908, .adv_w = 224, .box_w = 12, .box_h = 13, .ofs_x = 1, .ofs_y = -1},
    {.bitmap_index = 64928, .adv_w = 224, .box_w = 12, .box_h = 12, .ofs_x = 1, .ofs_y = -1},
    {.bitmap_index = 64946, .adv_w = 224, .box_w = 12, .box_h = 12, .ofs_x = 1, .ofs_y = -1},
    {.bitmap_index = 64964, .adv_w = 224, .box_w = 12, .box_h = 12, .ofs_x = 1, .ofs_y = -1},
    {.bitmap_index = 64982, .adv_w = 224, .box_w = 12, .box_h = 12, .ofs_x = 2, .ofs_y = -1},
    {.bitmap_index = 65000, .adv_w = 224, .box_w = 12, .box_h = 12, .ofs_x = 1, .ofs_y = -1},
    {.bitmap_index = 65018, .adv_w = 224, .box_w = 11, .box_h = 12, .ofs_x = 1, .ofs_y = -1},
    {.bitmap_index = 65035, .adv_w = 224, .box_w = 11, .box_h = 12, .ofs_x = 2, .ofs_y = -1},
    {.bitmap_index = 65052, .adv_w = 224, .box_w = 12, .box_h = 12, .ofs_x = 1, .ofs_y = -1},
    {.bitmap_index = 65070, .adv_w = 224, .box_w = 12, .box_h = 13, .ofs_x = 1, .ofs_y = -1},
    {.bitmap_index = 65090, .adv_w = 224, .box_w = 12, .box_h = 12, .ofs_x = 1, .ofs_y = -1},
    {.bitmap_index = 65108, .adv_w = 224, .box_w = 12, .box_h = 12, .ofs_x = 2, .ofs_y = -1},
    {.bitmap_index = 65126, .adv_w = 224, .box_w = 11, .box_h = 12, .ofs_x = 1, .ofs_y = -1},
    {.bitmap_index = 65143, .adv_w = 224, .box_w = 12, .box_h = 12, .ofs_x = 1, .ofs_y = -1},
    {.bitmap_index = 65161, .adv_w = 224, .box_w = 12, .box_h = 12, .ofs_x = 1, .ofs_y = -1},
    {.bitmap_index = 65179, .adv_w = 224, .box_w = 12, .box_h = 12, .ofs_x = 1, .ofs_y = -1},
    {.bitmap_index = 65197, .adv_w = 224, .box_w = 12, .box_h = 12, .ofs_x = 1, .ofs_y = -1},
    {.bitmap_index = 65215, .adv_w = 224, .box_w = 12, .box_h = 12, .ofs_x = 1, .ofs_y = -1},
    {.bitmap_index = 65233, .adv_w = 224, .box_w = 12, .box_h = 12, .ofs_x = 1, .ofs_y = -1},
    {.bitmap_index = 65251, .adv_w = 224, .box_w = 13, .box_h = 12, .ofs_x = 0, .ofs_y = -1},
    {.bitmap_index = 65271, .adv_w = 224, .box_w = 13, .box_h = 12, .ofs_x = 0, .ofs_y = -1},
    {.bitmap_index = 65291, .adv_w = 224, .box_w = 12, .box_h = 13, .ofs_x = 1, .ofs_y = -1},
    {.bitmap_index = 65311, .adv_w = 224, .box_w = 14, .box_h = 13, .ofs_x = 0, .ofs_y = -1},
    {.bitmap_index = 65334, .adv_w = 224, .box_w = 13, .box_h = 12, .ofs_x = 1, .ofs_y = -1},
    {.bitmap_index = 65354, .adv_w = 224, .box_w = 12, .box_h = 12, .ofs_x = 1, .ofs_y = -1},
    {.bitmap_index = 65372, .adv_w = 224, .box_w = 13, .box_h = 12, .ofs_x = 0, .ofs_y = -1},
    {.bitmap_index = 65392, .adv_w = 224, .box_w = 12, .box_h = 12, .ofs_x = 1, .ofs_y = -1},
    {.bitmap_index = 65410, .adv_w = 224, .box_w = 13, .box_h = 13, .ofs_x = 0, .ofs_y = -1},
    {.bitmap_index = 65432, .adv_w = 224, .box_w = 12, .box_h = 12, .ofs_x = 1, .ofs_y = -1},
    {.bitmap_index = 65450, .adv_w = 224, .box_w = 12, .box_h = 12, .ofs_x = 1, .ofs_y = -1},
    {.bitmap_index = 65468, .adv_w = 224, .box_w = 12, .box_h = 12, .ofs_x = 0, .ofs_y = -1},
    {.bitmap_index = 65486, .adv_w = 224, .box_w = 12, .box_h = 12, .ofs_x = 1, .ofs_y = -1},
    {.bitmap_index = 65504, .adv_w = 224, .box_w = 12, .box_h = 12, .ofs_x = 1, .ofs_y = -1},
    {.bitmap_index = 65522, .adv_w = 224, .box_w = 12, .box_h = 12, .ofs_x = 1, .ofs_y = -1},
    {.bitmap_index = 65540, .adv_w = 224, .box_w = 12, .box_h = 13, .ofs_x = 1, .ofs_y = -2},
    {.bitmap_index = 65560, .adv_w = 224, .box_w = 12, .box_h = 12, .ofs_x = 1, .ofs_y = -1},
    {.bitmap_index = 65578, .adv_w = 224, .box_w = 13, .box_h = 12, .ofs_x = 0, .ofs_y = -1},
    {.bitmap_index = 65598, .adv_w = 224, .box_w = 13, .box_h = 13, .ofs_x = 0, .ofs_y = -2},
    {.bitmap_index = 65620, .adv_w = 224, .box_w = 13, .box_h = 12, .ofs_x = 0, .ofs_y = -1},
    {.bitmap_index = 65640, .adv_w = 224, .box_w = 12, .box_h = 12, .ofs_x = 1, .ofs_y = -1},
    {.bitmap_index = 65658, .adv_w = 224, .box_w = 13, .box_h = 12, .ofs_x = 0, .ofs_y = -1},
    {.bitmap_index = 65678, .adv_w = 224, .box_w = 12, .box_h = 12, .ofs_x = 1, .ofs_y = -1},
    {.bitmap_index = 65696, .adv_w = 224, .box_w = 13, .box_h = 12, .ofs_x = 1, .ofs_y = -1},
    {.bitmap_index = 65716, .adv_w = 224, .box_w = 12, .box_h = 12, .ofs_x = 1, .ofs_y = -1},
    {.bitmap_index = 65734, .adv_w = 224, .box_w = 13, .box_h = 12, .ofs_x = 1, .ofs_y = -1},
    {.bitmap_index = 65754, .adv_w = 224, .box_w = 13, .box_h = 12, .ofs_x = 1, .ofs_y = -1},
    {.bitmap_index = 65774, .adv_w = 224, .box_w = 13, .box_h = 12, .ofs_x = 1, .ofs_y = -1},
    {.bitmap_index = 65794, .adv_w = 224, .box_w = 13, .box_h = 12, .ofs_x = 0, .ofs_y = -1},
    {.bitmap_index = 65814, .adv_w = 224, .box_w = 12, .box_h = 12, .ofs_x = 1, .ofs_y = -1},
    {.bitmap_index = 65832, .adv_w = 224, .box_w = 12, .box_h = 12, .ofs_x = 1, .ofs_y = -1},
    {.bitmap_index = 65850, .adv_w = 224, .box_w = 13, .box_h = 13, .ofs_x = 0, .ofs_y = -1},
    {.bitmap_index = 65872, .adv_w = 224, .box_w = 13, .box_h = 12, .ofs_x = 1, .ofs_y = -1},
    {.bitmap_index = 65892, .adv_w = 224, .box_w = 12, .box_h = 12, .ofs_x = 1, .ofs_y = -1},
    {.bitmap_index = 65910, .adv_w = 224, .box_w = 14, .box_h = 12, .ofs_x = 0, .ofs_y = -1},
    {.bitmap_index = 65931, .adv_w = 224, .box_w = 12, .box_h = 12, .ofs_x = 1, .ofs_y = -1},
    {.bitmap_index = 65949, .adv_w = 224, .box_w = 12, .box_h = 12, .ofs_x = 1, .ofs_y = -1},
    {.bitmap_index = 65967, .adv_w = 224, .box_w = 12, .box_h = 12, .ofs_x = 1, .ofs_y = -1},
    {.bitmap_index = 65985, .adv_w = 224, .box_w = 12, .box_h = 12, .ofs_x = 1, .ofs_y = -1},
    {.bitmap_index = 66003, .adv_w = 224, .box_w = 13, .box_h = 13, .ofs_x = 1, .ofs_y = -1},
    {.bitmap_index = 66025, .adv_w = 224, .box_w = 12, .box_h = 12, .ofs_x = 1, .ofs_y = -1},
    {.bitmap_index = 66043, .adv_w = 224, .box_w = 12, .box_h = 12, .ofs_x = 0, .ofs_y = -1},
    {.bitmap_index = 66061, .adv_w = 224, .box_w = 12, .box_h = 12, .ofs_x = 1, .ofs_y = -1},
    {.bitmap_index = 66079, .adv_w = 224, .box_w = 12, .box_h = 12, .ofs_x = 1, .ofs_y = -1},
    {.bitmap_index = 66097, .adv_w = 224, .box_w = 12, .box_h = 12, .ofs_x = 0, .ofs_y = -1},
    {.bitmap_index = 66115, .adv_w = 224, .box_w = 12, .box_h = 12, .ofs_x = 1, .ofs_y = -1},
    {.bitmap_index = 66133, .adv_w = 224, .box_w = 13, .box_h = 12, .ofs_x = 0, .ofs_y = -1},
    {.bitmap_index = 66153, .adv_w = 224, .box_w = 13, .box_h = 12, .ofs_x = 1, .ofs_y = -1},
    {.bitmap_index = 66173, .adv_w = 224, .box_w = 13, .box_h = 12, .ofs_x = 0, .ofs_y = -1},
    {.bitmap_index = 66193, .adv_w = 224, .box_w = 13, .box_h = 12, .ofs_x = 0, .ofs_y = -1},
    {.bitmap_index = 66213, .adv_w = 224, .box_w = 13, .box_h = 11, .ofs_x = 0, .ofs_y = -1},
    {.bitmap_index = 66231, .adv_w = 224, .box_w = 13, .box_h = 12, .ofs_x = 0, .ofs_y = -1},
    {.bitmap_index = 66251, .adv_w = 224, .box_w = 13, .box_h = 12, .ofs_x = 1, .ofs_y = -1},
    {.bitmap_index = 66271, .adv_w = 224, .box_w = 12, .box_h = 12, .ofs_x = 1, .ofs_y = -1},
    {.bitmap_index = 66289, .adv_w = 224, .box_w = 13, .box_h = 12, .ofs_x = 1, .ofs_y = -1},
    {.bitmap_index = 66309, .adv_w = 224, .box_w = 13, .box_h = 13, .ofs_x = 0, .ofs_y = -2},
    {.bitmap_index = 66331, .adv_w = 224, .box_w = 13, .box_h = 12, .ofs_x = 1, .ofs_y = -1},
    {.bitmap_index = 66351, .adv_w = 224, .box_w = 13, .box_h = 12, .ofs_x = 0, .ofs_y = -1},
    {.bitmap_index = 66371, .adv_w = 224, .box_w = 13, .box_h = 12, .ofs_x = 0, .ofs_y = -1},
    {.bitmap_index = 66391, .adv_w = 224, .box_w = 13, .box_h = 12, .ofs_x = 1, .ofs_y = -1},
    {.bitmap_index = 66411, .adv_w = 224, .box_w = 13, .box_h = 12, .ofs_x = 0, .ofs_y = -1},
    {.bitmap_index = 66431, .adv_w = 224, .box_w = 13, .box_h = 12, .ofs_x = 0, .ofs_y = -1},
    {.bitmap_index = 66451, .adv_w = 224, .box_w = 13, .box_h = 13, .ofs_x = 1, .ofs_y = -1},
    {.bitmap_index = 66473, .adv_w = 224, .box_w = 12, .box_h = 12, .ofs_x = 1, .ofs_y = -1},
    {.bitmap_index = 66491, .adv_w = 224, .box_w = 13, .box_h = 12, .ofs_x = 0, .ofs_y = -1},
    {.bitmap_index = 66511, .adv_w = 224, .box_w = 13, .box_h = 11, .ofs_x = 0, .ofs_y = -1},
    {.bitmap_index = 66529, .adv_w = 224, .box_w = 14, .box_h = 12, .ofs_x = 0, .ofs_y = -1},
    {.bitmap_index = 66550, .adv_w = 224, .box_w = 13, .box_h = 13, .ofs_x = 1, .ofs_y = -1},
    {.bitmap_index = 66572, .adv_w = 224, .box_w = 12, .box_h = 13, .ofs_x = 1, .ofs_y = -1},
    {.bitmap_index = 66592, .adv_w = 224, .box_w = 13, .box_h = 13, .ofs_x = 1, .ofs_y = -2},
    {.bitmap_index = 66614, .adv_w = 224, .box_w = 13, .box_h = 13, .ofs_x = 1, .ofs_y = -1},
    {.bitmap_index = 66636, .adv_w = 224, .box_w = 13, .box_h = 12, .ofs_x = 0, .ofs_y = -1},
    {.bitmap_index = 66656, .adv_w = 224, .box_w = 13, .box_h = 12, .ofs_x = 1, .ofs_y = -1},
    {.bitmap_index = 66676, .adv_w = 224, .box_w = 13, .box_h = 12, .ofs_x = 1, .ofs_y = -1},
    {.bitmap_index = 66696, .adv_w = 224, .box_w = 12, .box_h = 11, .ofs_x = 1, .ofs_y = -1},
    {.bitmap_index = 66713, .adv_w = 224, .box_w = 14, .box_h = 13, .ofs_x = 0, .ofs_y = -2},
    {.bitmap_index = 66736, .adv_w = 224, .box_w = 13, .box_h = 13, .ofs_x = 0, .ofs_y = -2},
    {.bitmap_index = 66758, .adv_w = 224, .box_w = 13, .box_h = 13, .ofs_x = 1, .ofs_y = -2},
    {.bitmap_index = 66780, .adv_w = 224, .box_w = 13, .box_h = 13, .ofs_x = 0, .ofs_y = -2},
    {.bitmap_index = 66802, .adv_w = 224, .box_w = 13, .box_h = 13, .ofs_x = 0, .ofs_y = -2},
    {.bitmap_index = 66824, .adv_w = 224, .box_w = 13, .box_h = 12, .ofs_x = 0, .ofs_y = -1},
    {.bitmap_index = 66844, .adv_w = 224, .box_w = 13, .box_h = 12, .ofs_x = 0, .ofs_y = -1},
    {.bitmap_index = 66864, .adv_w = 224, .box_w = 12, .box_h = 12, .ofs_x = 0, .ofs_y = -1},
    {.bitmap_index = 66882, .adv_w = 224, .box_w = 13, .box_h = 12, .ofs_x = 0, .ofs_y = -1},
    {.bitmap_index = 66902, .adv_w = 224, .box_w = 13, .box_h = 12, .ofs_x = 0, .ofs_y = -1},
    {.bitmap_index = 66922, .adv_w = 224, .box_w = 13, .box_h = 13, .ofs_x = 0, .ofs_y = -2},
    {.bitmap_index = 66944, .adv_w = 224, .box_w = 13, .box_h = 12, .ofs_x = 0, .ofs_y = -1},
    {.bitmap_index = 66964, .adv_w = 224, .box_w = 13, .box_h = 12, .ofs_x = 0, .ofs_y = -1},
    {.bitmap_index = 66984, .adv_w = 224, .box_w = 13, .box_h = 13, .ofs_x = 0, .ofs_y = -1},
    {.bitmap_index = 67006, .adv_w = 224, .box_w = 12, .box_h = 12, .ofs_x = 0, .ofs_y = -1},
    {.bitmap_index = 67024, .adv_w = 224, .box_w = 13, .box_h = 13, .ofs_x = 0, .ofs_y = -1},
    {.bitmap_index = 67046, .adv_w = 224, .box_w = 13, .box_h = 13, .ofs_x = 0, .ofs_y = -2},
    {.bitmap_index = 67068, .adv_w = 224, .box_w = 14, .box_h = 13, .ofs_x = 0, .ofs_y = -2},
    {.bitmap_index = 67091, .adv_w = 224, .box_w = 12, .box_h = 13, .ofs_x = 0, .ofs_y = -1},
    {.bitmap_index = 67111, .adv_w = 224, .box_w = 13, .box_h = 13, .ofs_x = 0, .ofs_y = -1},
    {.bitmap_index = 67133, .adv_w = 224, .box_w = 12, .box_h = 12, .ofs_x = 1, .ofs_y = -1},
    {.bitmap_index = 67151, .adv_w = 224, .box_w = 13, .box_h = 12, .ofs_x = 0, .ofs_y = -1},
    {.bitmap_index = 67171, .adv_w = 224, .box_w = 11, .box_h = 13, .ofs_x = 1, .ofs_y = -2},
    {.bitmap_index = 67189, .adv_w = 224, .box_w = 12, .box_h = 13, .ofs_x = 1, .ofs_y = -2},
    {.bitmap_index = 67209, .adv_w = 224, .box_w = 12, .box_h = 12, .ofs_x = 1, .ofs_y = -1},
    {.bitmap_index = 67227, .adv_w = 224, .box_w = 14, .box_h = 12, .ofs_x = 0, .ofs_y = -1},
    {.bitmap_index = 67248, .adv_w = 224, .box_w = 13, .box_h = 12, .ofs_x = 1, .ofs_y = -2},
    {.bitmap_index = 67268, .adv_w = 224, .box_w = 13, .box_h = 12, .ofs_x = 0, .ofs_y = -1},
    {.bitmap_index = 67288, .adv_w = 224, .box_w = 12, .box_h = 12, .ofs_x = 1, .ofs_y = -1},
    {.bitmap_index = 67306, .adv_w = 224, .box_w = 13, .box_h = 13, .ofs_x = 1, .ofs_y = -2},
    {.bitmap_index = 67328, .adv_w = 224, .box_w = 12, .box_h = 13, .ofs_x = 1, .ofs_y = -1},
    {.bitmap_index = 67348, .adv_w = 224, .box_w = 13, .box_h = 13, .ofs_x = 0, .ofs_y = -2},
    {.bitmap_index = 67370, .adv_w = 224, .box_w = 13, .box_h = 12, .ofs_x = 1, .ofs_y = -1},
    {.bitmap_index = 67390, .adv_w = 224, .box_w = 12, .box_h = 13, .ofs_x = 0, .ofs_y = -2},
    {.bitmap_index = 67410, .adv_w = 224, .box_w = 11, .box_h = 12, .ofs_x = 1, .ofs_y = -1},
    {.bitmap_index = 67427, .adv_w = 224, .box_w = 13, .box_h = 13, .ofs_x = 1, .ofs_y = -1},
    {.bitmap_index = 67449, .adv_w = 224, .box_w = 12, .box_h = 13, .ofs_x = 1, .ofs_y = -1},
    {.bitmap_index = 67469, .adv_w = 224, .box_w = 12, .box_h = 12, .ofs_x = 1, .ofs_y = -1},
    {.bitmap_index = 67487, .adv_w = 224, .box_w = 13, .box_h = 13, .ofs_x = 1, .ofs_y = -2},
    {.bitmap_index = 67509, .adv_w = 224, .box_w = 13, .box_h = 13, .ofs_x = 1, .ofs_y = -2},
    {.bitmap_index = 67531, .adv_w = 224, .box_w = 12, .box_h = 12, .ofs_x = 1, .ofs_y = -1},
    {.bitmap_index = 67549, .adv_w = 224, .box_w = 13, .box_h = 13, .ofs_x = 0, .ofs_y = -1},
    {.bitmap_index = 67571, .adv_w = 224, .box_w = 12, .box_h = 12, .ofs_x = 1, .ofs_y = -1},
    {.bitmap_index = 67589, .adv_w = 224, .box_w = 13, .box_h = 13, .ofs_x = 1, .ofs_y = -2},
    {.bitmap_index = 67611, .adv_w = 224, .box_w = 14, .box_h = 12, .ofs_x = 0, .ofs_y = -1},
    {.bitmap_index = 67632, .adv_w = 224, .box_w = 12, .box_h = 12, .ofs_x = 1, .ofs_y = -1},
    {.bitmap_index = 67650, .adv_w = 224, .box_w = 13, .box_h = 12, .ofs_x = 1, .ofs_y = -1},
    {.bitmap_index = 67670, .adv_w = 224, .box_w = 12, .box_h = 12, .ofs_x = 1, .ofs_y = -1},
    {.bitmap_index = 67688, .adv_w = 224, .box_w = 13, .box_h = 14, .ofs_x = 0, .ofs_y = -2},
    {.bitmap_index = 67711, .adv_w = 224, .box_w = 12, .box_h = 12, .ofs_x = 1, .ofs_y = -1},
    {.bitmap_index = 67729, .adv_w = 224, .box_w = 13, .box_h = 12, .ofs_x = 0, .ofs_y = -1},
    {.bitmap_index = 67749, .adv_w = 224, .box_w = 13, .box_h = 13, .ofs_x = 0, .ofs_y = -1},
    {.bitmap_index = 67771, .adv_w = 224, .box_w = 12, .box_h = 12, .ofs_x = 1, .ofs_y = -1},
    {.bitmap_index = 67789, .adv_w = 224, .box_w = 13, .box_h = 12, .ofs_x = 1, .ofs_y = -1},
    {.bitmap_index = 67809, .adv_w = 224, .box_w = 13, .box_h = 12, .ofs_x = 0, .ofs_y = -1},
    {.bitmap_index = 67829, .adv_w = 224, .box_w = 12, .box_h = 13, .ofs_x = 1, .ofs_y = -1},
    {.bitmap_index = 67849, .adv_w = 224, .box_w = 12, .box_h = 13, .ofs_x = 1, .ofs_y = -1},
    {.bitmap_index = 67869, .adv_w = 224, .box_w = 13, .box_h = 13, .ofs_x = 1, .ofs_y = -1},
    {.bitmap_index = 67891, .adv_w = 224, .box_w = 13, .box_h = 12, .ofs_x = 0, .ofs_y = -1},
    {.bitmap_index = 67911, .adv_w = 224, .box_w = 13, .box_h = 12, .ofs_x = 0, .ofs_y = -1},
    {.bitmap_index = 67931, .adv_w = 224, .box_w = 13, .box_h = 12, .ofs_x = 1, .ofs_y = -1},
    {.bitmap_index = 67951, .adv_w = 224, .box_w = 14, .box_h = 13, .ofs_x = 0, .ofs_y = -1},
    {.bitmap_index = 67974, .adv_w = 224, .box_w = 13, .box_h = 12, .ofs_x = 0, .ofs_y = -1},
    {.bitmap_index = 67994, .adv_w = 224, .box_w = 12, .box_h = 12, .ofs_x = 1, .ofs_y = -1},
    {.bitmap_index = 68012, .adv_w = 224, .box_w = 13, .box_h = 12, .ofs_x = 0, .ofs_y = -1},
    {.bitmap_index = 68032, .adv_w = 224, .box_w = 11, .box_h = 13, .ofs_x = 1, .ofs_y = -1},
    {.bitmap_index = 68050, .adv_w = 224, .box_w = 13, .box_h = 12, .ofs_x = 0, .ofs_y = -1},
    {.bitmap_index = 68070, .adv_w = 224, .box_w = 13, .box_h = 13, .ofs_x = 0, .ofs_y = -1},
    {.bitmap_index = 68092, .adv_w = 224, .box_w = 12, .box_h = 12, .ofs_x = 1, .ofs_y = -1},
    {.bitmap_index = 68110, .adv_w = 224, .box_w = 11, .box_h = 13, .ofs_x = 1, .ofs_y = -1},
    {.bitmap_index = 68128, .adv_w = 224, .box_w = 13, .box_h = 13, .ofs_x = 0, .ofs_y = -1},
    {.bitmap_index = 68150, .adv_w = 224, .box_w = 12, .box_h = 12, .ofs_x = 1, .ofs_y = -1},
    {.bitmap_index = 68168, .adv_w = 224, .box_w = 13, .box_h = 12, .ofs_x = 0, .ofs_y = -1},
    {.bitmap_index = 68188, .adv_w = 224, .box_w = 13, .box_h = 12, .ofs_x = 0, .ofs_y = -1},
    {.bitmap_index = 68208, .adv_w = 224, .box_w = 12, .box_h = 12, .ofs_x = 1, .ofs_y = -1},
    {.bitmap_index = 68226, .adv_w = 224, .box_w = 12, .box_h = 12, .ofs_x = 1, .ofs_y = -1},
    {.bitmap_index = 68244, .adv_w = 224, .box_w = 13, .box_h = 13, .ofs_x = 1, .ofs_y = -1},
    {.bitmap_index = 68266, .adv_w = 224, .box_w = 12, .box_h = 12, .ofs_x = 1, .ofs_y = -1},
    {.bitmap_index = 68284, .adv_w = 224, .box_w = 13, .box_h = 12, .ofs_x = 0, .ofs_y = -1},
    {.bitmap_index = 68304, .adv_w = 224, .box_w = 13, .box_h = 12, .ofs_x = 0, .ofs_y = -1},
    {.bitmap_index = 68324, .adv_w = 224, .box_w = 11, .box_h = 12, .ofs_x = 1, .ofs_y = -1},
    {.bitmap_index = 68341, .adv_w = 224, .box_w = 14, .box_h = 12, .ofs_x = 0, .ofs_y = -1},
    {.bitmap_index = 68362, .adv_w = 224, .box_w = 13, .box_h = 12, .ofs_x = 0, .ofs_y = -1},
    {.bitmap_index = 68382, .adv_w = 224, .box_w = 12, .box_h = 13, .ofs_x = 1, .ofs_y = -1},
    {.bitmap_index = 68402, .adv_w = 224, .box_w = 12, .box_h = 14, .ofs_x = 1, .ofs_y = -2},
    {.bitmap_index = 68423, .adv_w = 224, .box_w = 12, .box_h = 14, .ofs_x = 1, .ofs_y = -2},
    {.bitmap_index = 68444, .adv_w = 224, .box_w = 13, .box_h = 12, .ofs_x = 0, .ofs_y = -1},
    {.bitmap_index = 68464, .adv_w = 224, .box_w = 13, .box_h = 13, .ofs_x = 1, .ofs_y = -2},
    {.bitmap_index = 68486, .adv_w = 224, .box_w = 12, .box_h = 12, .ofs_x = 1, .ofs_y = -1},
    {.bitmap_index = 68504, .adv_w = 224, .box_w = 12, .box_h = 12, .ofs_x = 1, .ofs_y = -1},
    {.bitmap_index = 68522, .adv_w = 224, .box_w = 13, .box_h = 13, .ofs_x = 1, .ofs_y = -1},
    {.bitmap_index = 68544, .adv_w = 224, .box_w = 12, .box_h = 13, .ofs_x = 1, .ofs_y = -1},
    {.bitmap_index = 68564, .adv_w = 224, .box_w = 13, .box_h = 12, .ofs_x = 0, .ofs_y = -1},
    {.bitmap_index = 68584, .adv_w = 224, .box_w = 14, .box_h = 13, .ofs_x = 0, .ofs_y = -2},
    {.bitmap_index = 68607, .adv_w = 224, .box_w = 12, .box_h = 12, .ofs_x = 1, .ofs_y = -1},
    {.bitmap_index = 68625, .adv_w = 224, .box_w = 13, .box_h = 12, .ofs_x = 0, .ofs_y = -1},
    {.bitmap_index = 68645, .adv_w = 224, .box_w = 14, .box_h = 13, .ofs_x = 0, .ofs_y = -2},
    {.bitmap_index = 68668, .adv_w = 224, .box_w = 13, .box_h = 12, .ofs_x = 1, .ofs_y = -1},
    {.bitmap_index = 68688, .adv_w = 224, .box_w = 13, .box_h = 12, .ofs_x = 1, .ofs_y = -1},
    {.bitmap_index = 68708, .adv_w = 224, .box_w = 13, .box_h = 12, .ofs_x = 1, .ofs_y = -1},
    {.bitmap_index = 68728, .adv_w = 224, .box_w = 13, .box_h = 12, .ofs_x = 1, .ofs_y = -1},
    {.bitmap_index = 68748, .adv_w = 224, .box_w = 13, .box_h = 12, .ofs_x = 1, .ofs_y = -1},
    {.bitmap_index = 68768, .adv_w = 224, .box_w = 12, .box_h = 12, .ofs_x = 1, .ofs_y = -1},
    {.bitmap_index = 68786, .adv_w = 224, .box_w = 13, .box_h = 12, .ofs_x = 0, .ofs_y = -1}
};

/*---------------------
 *  CHARACTER MAPPING
 *--------------------*/

static const uint16_t unicode_list_1[] = {
    0x0, 0x1, 0x3, 0x7, 0x8, 0x9, 0xa, 0xb,
    0xd, 0xe, 0x10, 0x11, 0x13, 0x14, 0x16, 0x18,
    0x19, 0x1a, 0x1b, 0x1c, 0x1d, 0x22, 0x24, 0x25,
    0x27, 0x2a, 0x2d, 0x30, 0x32, 0x34, 0x38, 0x39,
    0x3a, 0x3b, 0x3d, 0x3e, 0x43, 0x45, 0x48, 0x49,
    0x4b, 0x4c, 0x4d, 0x4e, 0x4f, 0x50, 0x52, 0x53,
    0x54, 0x56, 0x58, 0x59, 0x5d, 0x5e, 0x5f, 0x60,
    0x61, 0x66, 0x70, 0x71, 0x73, 0x86, 0x88, 0x89,
    0x8b, 0x8c, 0x8e, 0x8f, 0x91, 0x92, 0x94, 0x95,
    0x9a, 0x9b, 0xa1, 0xa4, 0xa5, 0xa6, 0xa7, 0xa9,
    0xab, 0xac, 0xad, 0xae, 0xb2, 0xba, 0xbf, 0xc0,
    0xc1, 0xc5, 0xc6, 0xc7, 0xca, 0xcb, 0xcd, 0xce,
    0xd1, 0xd3, 0xd4, 0xd6, 0xd7, 0xd8, 0xd9, 0xe3,
    0xe4, 0xe5, 0xea, 0xec, 0xf0, 0xf2, 0xf6, 0xf7,
    0xfb, 0xfd, 0xff, 0x101, 0x10a, 0x10d, 0x10f, 0x110,
    0x111, 0x117, 0x118, 0x119, 0x11a, 0x11e, 0x11f, 0x120,
    0x124, 0x126, 0x12a, 0x12f, 0x130, 0x134, 0x136, 0x138,
    0x13a, 0x13c, 0x143, 0x146, 0x14d, 0x14e, 0x14f, 0x151,
    0x153, 0x155, 0x159, 0x15b, 0x15c, 0x160, 0x163, 0x169,
    0x173, 0x17f, 0x184, 0x188, 0x18b, 0x18d, 0x19b, 0x19d,
    0x1a0, 0x1a3, 0x1a5, 0x1a6, 0x1a7, 0x1a8, 0x1ae, 0x1af,
    0x1b5, 0x1bf, 0x1c3, 0x1c4, 0x1ca, 0x1cf, 0x1d0, 0x1d7,
    0x1d8, 0x1dd, 0x1e1, 0x1e9, 0x1ed, 0x1ee, 0x1ef, 0x1f1,
    0x1fa, 0x20d, 0x212, 0x214, 0x218, 0x219, 0x21a, 0x21f,
    0x221, 0x226, 0x23a, 0x23c, 0x23e, 0x247, 0x24e, 0x24f,
    0x25a, 0x25c, 0x265, 0x276, 0x277, 0x27f, 0x280, 0x285,
    0x28d, 0x2a8, 0x2ac, 0x2b2, 0x2bb, 0x2cf, 0x2da, 0x2e7,
    0x2f5, 0x2fb, 0x312, 0x321, 0x33f, 0x341, 0x343, 0x344,
    0x345, 0x346, 0x348, 0x349, 0x34b, 0x34d, 0x351, 0x354,
    0x35a, 0x35c, 0x362, 0x365, 0x368, 0x36b, 0x36c, 0x36d,
    0x370, 0x371, 0x373, 0x374, 0x375, 0x376, 0x377, 0x378,
    0x37b, 0x37c, 0x37d, 0x380, 0x385, 0x388, 0x38c, 0x38d,
    0x392, 0x395, 0x397, 0x399, 0x39b, 0x39c, 0x3a0, 0x3a4,
    0x3ac, 0x3af, 0x3b0, 0x3b2, 0x3b3, 0x3b5, 0x3b6, 0x3b7,
    0x3bb, 0x3c0, 0x3c4, 0x3c6, 0x3c9, 0x3cc, 0x3cf, 0x3d1,
    0x3db, 0x3dd, 0x3e0, 0x3e1, 0x3e4, 0x3eb, 0x3ed, 0x3ef,
    0x3f0, 0x3f3, 0x3f6, 0x3f8, 0x3f9, 0x3fa, 0x3fb, 0x3fd,
    0x3ff, 0x400, 0x401, 0x403, 0x406, 0x407, 0x40a, 0x411,
    0x412, 0x417, 0x418, 0x419, 0x41a, 0x41b, 0x41d, 0x420,
    0x424, 0x428, 0x429, 0x42b, 0x42e, 0x430, 0x436, 0x437,
    0x438, 0x439, 0x43a, 0x43b, 0x43d, 0x442, 0x443, 0x44a,
    0x44d, 0x451, 0x454, 0x456, 0x465, 0x467, 0x469, 0x46a,
    0x46f, 0x472, 0x47f, 0x488, 0x49b, 0x49d, 0x49e, 0x49f,
    0x4a0, 0x4a1, 0x4a3, 0x4a8, 0x4a9, 0x4aa, 0x4ab, 0x4b1,
    0x4b2, 0x4b3, 0x4bf, 0x4c3, 0x4c7, 0x4c9, 0x4cb, 0x4d2,
    0x4d8, 0x4df, 0x4e4, 0x4fa, 0x4fe, 0x4ff, 0x500, 0x505,
    0x506, 0x508, 0x515, 0x516, 0x517, 0x519, 0x520, 0x523,
    0x52a, 0x539, 0x53a, 0x53b, 0x53e, 0x53f, 0x541, 0x543,
    0x547, 0x548, 0x54a, 0x54e, 0x54f, 0x551, 0x552, 0x553,
    0x555, 0x556, 0x557, 0x55a, 0x55c, 0x560, 0x561, 0x562,
    0x564, 0x566, 0x567, 0x56b, 0x570, 0x571, 0x573, 0x574,
    0x575, 0x577, 0x578, 0x57f, 0x582, 0x585, 0x586, 0x589,
    0x58b, 0x58c, 0x595, 0x598, 0x59a, 0x59f, 0x5a2, 0x5a6,
    0x5a8, 0x5bb, 0x5bf, 0x5c2, 0x5c8, 0x5c9, 0x5ca, 0x5cb,
    0x5cc, 0x5cd, 0x5d1, 0x5d4, 0x5d6, 0x5d7, 0x5d8, 0x5d9,
    0x5db, 0x5e0, 0x5e3, 0x5e4, 0x5e5, 0x5e6, 0x5e8, 0x5ea,
    0x5eb, 0x5ec, 0x5ed, 0x5ee, 0x5ef, 0x5f0, 0x5f2, 0x5f3,
    0x5f6, 0x5f7, 0x5f8, 0x5f9, 0x5fc, 0x5fd, 0x601, 0x603,
    0x604, 0x606, 0x608, 0x609, 0x60a, 0x60c, 0x60d, 0x60e,
    0x60f, 0x610, 0x611, 0x613, 0x615, 0x617, 0x61b, 0x61d,
    0x61e, 0x61f, 0x620, 0x626, 0x627, 0x628, 0x629, 0x62b,
    0x62c, 0x62d, 0x62e, 0x62f, 0x631, 0x634, 0x635, 0x638,
    0x639, 0x63b, 0x63c, 0x640, 0x646, 0x648, 0x64a, 0x650,
    0x655, 0x658, 0x65b, 0x65c, 0x662, 0x668, 0x673, 0x675,
    0x67b, 0x67c, 0x67d, 0x686, 0x68c, 0x68f, 0x690, 0x692,
    0x695, 0x696, 0x699, 0x6a7, 0x6a8, 0x6aa, 0x6ac, 0x6b1,
    0x6b3, 0x6b8, 0x6bd, 0x6c0, 0x6c1, 0x6c4, 0x6c6, 0x6c8,
    0x6cd, 0x6ce, 0x6d1, 0x6d7, 0x6df, 0x6e5, 0x6e8, 0x6e9,
    0x6ea, 0x6ed, 0x6ee, 0x6f2, 0x6fa, 0x6fc, 0x701, 0x706,
    0x707, 0x709, 0x710, 0x720, 0x724, 0x727, 0x72c, 0x72e,
    0x72f, 0x731, 0x73e, 0x743, 0x744, 0x746, 0x74a, 0x761,
    0x764, 0x765, 0x766, 0x778, 0x77c, 0x782, 0x784, 0x787,
    0x789, 0x78a, 0x798, 0x79c, 0x79d, 0x7a7, 0x7b3, 0x7b7,
    0x7bb, 0x7c5, 0x7d3, 0x7dc, 0x7e1, 0x7e4, 0x7e6, 0x7fd,
    0x800, 0x801, 0x809, 0x831, 0x832, 0x834, 0x836, 0x839,
    0x83f, 0x868, 0x869, 0x86a, 0x88e, 0x8a3, 0x8b7, 0x8bc,
    0x8ca, 0x8da, 0x8db, 0x8de, 0x8e0, 0x8e2, 0x8e4, 0x8ed,
    0x8f0, 0x8f1, 0x8f4, 0x8fa, 0x8fd, 0x8fe, 0x903, 0x906,
    0x908, 0x91f, 0x923, 0x928, 0x930, 0x93a, 0x93e, 0x940,
    0x947, 0x94a, 0x94e, 0x94f, 0x950, 0x951, 0x957, 0x95a,
    0x95b, 0x95d, 0x95e, 0x95f, 0x960, 0x961, 0x964, 0x966,
    0x96a, 0x96f, 0x977, 0x982, 0x983, 0x984, 0x98b, 0x992,
    0x99b, 0x9a2, 0x9a6, 0x9ab, 0x9ae, 0x9c2, 0x9c3, 0x9cb,
    0x9ce, 0x9df, 0x9e0, 0x9f9, 0x9fa, 0xa02, 0xa06, 0xa15,
    0xa21, 0xa24, 0xa2a, 0xa30, 0xa35, 0xa4c, 0xa51, 0xa54,
    0xa58, 0xa5e, 0xa6b, 0xa83, 0xa85, 0xa93, 0xa99, 0xa9e,
    0xaa8, 0xaa9, 0xac1, 0xad5, 0xae4, 0xaeb, 0xaee, 0xaf0,
    0xaf3, 0xaf6, 0xaf9, 0xb04, 0xb07, 0xb0d, 0xb0f, 0xb15,
    0xb16, 0xb1a, 0xb1c, 0xb1f, 0xb27, 0xb29, 0xb2a, 0xb2b,
    0xb2d, 0xb2e, 0xb2f, 0xb31, 0xb34, 0xb37, 0xb38, 0xb39,
    0xb3a, 0xb44, 0xb47, 0xb48, 0xb49, 0xb4b, 0xb4f, 0xb51,
    0xb54, 0xb55, 0xb56, 0xb57, 0xb60, 0xb62, 0xb65, 0xb73,
    0xb74, 0xb76, 0xb78, 0xb79, 0xb7d, 0xb82, 0xb84, 0xb86,
    0xb87, 0xb88, 0xb92, 0xb93, 0xb96, 0xb99, 0xba5, 0xba8,
    0xbb9, 0xbbb, 0xbc6, 0xbca, 0xbcb, 0xbd0, 0xbd1, 0xbd3,
    0xbd4, 0xbda, 0xbdc, 0xbe5, 0xbe8, 0xbfb, 0xbff, 0xc01,
    0xc03, 0xc04, 0xc07, 0xc18, 0xc1c, 0xc29, 0xc31, 0xc36,
    0xc46, 0xc49, 0xc5a, 0xc74, 0xc76, 0xc7f, 0xc92, 0xc9a,
    0xcb3, 0xcc1, 0xcc2, 0xcc9, 0xccc, 0xce1, 0xce9, 0xd09,
    0xd50, 0xd54, 0xd55, 0xd57, 0xd58, 0xd59, 0xd5d, 0xd5f,
    0xd63, 0xd64, 0xd66, 0xd69, 0xd75, 0xd7d, 0xd81, 0xd83,
    0xd85, 0xd87, 0xd88, 0xd89, 0xd8b, 0xd8c, 0xd8f, 0xd97,
    0xd98, 0xd99, 0xd9a, 0xd9b, 0xd9c, 0xd9d, 0xd9e, 0xda0,
    0xda1, 0xda2, 0xda3, 0xda4, 0xda6, 0xdaa, 0xdab, 0xdb0,
    0xdb3, 0xdb4, 0xdb5, 0xdb6, 0xdb9, 0xdbd, 0xdbe, 0xdbf,
    0xdc2, 0xdc4, 0xdc6, 0xdc7, 0xdcc, 0xdd2, 0xdd3, 0xddd,
    0xdde, 0xddf, 0xde1, 0xde5, 0xde8, 0xdf8, 0xdf9, 0xdfa,
    0xdfb, 0xdfc, 0xdff, 0xe01, 0xe04, 0xe06, 0xe09, 0xe0a,
    0xe0f, 0xe11, 0xe14, 0xe16, 0xe18, 0xe1a, 0xe1d, 0xe24,
    0xe31, 0xe38, 0xe3a, 0xe3c, 0xe3d, 0xe3e, 0xe3f, 0xe40,
    0xe41, 0xe42, 0xe45, 0xe48, 0xe49, 0xe4a, 0xe4b, 0xe4e,
    0xe4f, 0xe51, 0xe55, 0xe5e, 0xe60, 0xe61, 0xe65, 0xe6f,
    0xe71, 0xe79, 0xe7f, 0xe81, 0xe82, 0xe94, 0xe96, 0xe97,
    0xe9b, 0xea9, 0xead, 0xeb3, 0xeb8, 0xee1, 0xee6, 0xeed,
    0xef0, 0xefb, 0xf07, 0xf0e, 0xf14, 0xf16, 0xf29, 0xf2d,
    0xf4c, 0xfcd, 0xfdd, 0xfde, 0xfe1, 0xfe2, 0xfe5, 0xfe6,
    0xfe7, 0xfe8, 0xfe9, 0xfeb, 0xfee, 0xff1, 0xff2, 0xff4,
    0xff7, 0xffe, 0x1001, 0x1002, 0x1003, 0x1005, 0x1006, 0x1008,
    0x100c, 0x1010, 0x1015, 0x1016, 0x1018, 0x101a, 0x101c, 0x101d,
    0x1026, 0x102d, 0x102e, 0x1038, 0x103d, 0x1045, 0x104c, 0x1054,
    0x1055, 0x1062, 0x1072, 0x1073, 0x1074, 0x1076, 0x1078, 0x107b,
    0x107c, 0x107d, 0x107f, 0x1084, 0x1086, 0x1087, 0x108a, 0x108f,
    0x1090, 0x1093, 0x1094, 0x1095, 0x1097, 0x1099, 0x109c, 0x109e,
    0x109f, 0x10a6, 0x10a7, 0x10ad, 0x10b5, 0x10b6, 0x10b7, 0x10b8,
    0x10c9, 0x10ca, 0x10d3, 0x10f6, 0x10f7, 0x10fa, 0x1100, 0x1102,
    0x1103, 0x1104, 0x110a, 0x110f, 0x1113, 0x1115, 0x111b, 0x111f,
    0x1120, 0x1125, 0x1126, 0x1127, 0x112f, 0x1131, 0x1139, 0x113a,
    0x1152, 0x1153, 0x1155, 0x1162, 0x1164, 0x1169, 0x116a, 0x116c,
    0x116d, 0x1170, 0x1171, 0x1179, 0x117b, 0x117c, 0x1180, 0x1181,
    0x1184, 0x1185, 0x1188, 0x118a, 0x118b, 0x1190, 0x1192, 0x1197,
    0x1198, 0x11a1, 0x11aa, 0x11ae, 0x11b7, 0x11bd, 0x11c3, 0x11c5,
    0x11c6, 0x11cc, 0x11cd, 0x11d7, 0x11d8, 0x11d9, 0x11e0, 0x11e7,
    0x11eb, 0x11f1, 0x11f5, 0x11fd, 0x11ff, 0x1200, 0x1201, 0x120e,
    0x1212, 0x1214, 0x1215, 0x1216, 0x121c, 0x121d, 0x1220, 0x1225,
    0x1227, 0x1228, 0x122a, 0x122f, 0x123b, 0x1243, 0x124b, 0x124d,
    0x1250, 0x1252, 0x1255, 0x1262, 0x1264, 0x1268, 0x1269, 0x126c,
    0x126d, 0x126f, 0x1270, 0x1273, 0x1276, 0x127c, 0x1284, 0x1289,
    0x128d, 0x1294, 0x129f, 0x12a0, 0x12a3, 0x12a6, 0x12a8, 0x12ac,
    0x12af, 0x12b2, 0x12b4, 0x12bc, 0x12c5, 0x12ca, 0x12cb, 0x12d1,
    0x12d5, 0x12dc, 0x12e0, 0x12e6, 0x12e7, 0x12e8, 0x12e9, 0x12eb,
    0x12ed, 0x12ef, 0x12f0, 0x12f3, 0x12f6, 0x12f9, 0x1301, 0x1308,
    0x1309, 0x130f, 0x1315, 0x131a, 0x131f, 0x1324, 0x1327, 0x133f,
    0x1348, 0x134c, 0x134e, 0x1355, 0x1362, 0x1367, 0x1368, 0x1370,
    0x1377, 0x138b, 0x138e, 0x1394, 0x13a8, 0x13be, 0x13c2, 0x13c8,
    0x13ca, 0x13d2, 0x13e6, 0x1408, 0x140f, 0x1410, 0x1411, 0x1412,
    0x1416, 0x1418, 0x141a, 0x142a, 0x1433, 0x1434, 0x1437, 0x143f,
    0x1440, 0x1441, 0x1447, 0x144b, 0x144d, 0x144e, 0x1451, 0x1452,
    0x1453, 0x1454, 0x1458, 0x145b, 0x1463, 0x1467, 0x1469, 0x146b,
    0x146c, 0x146d, 0x146e, 0x146f, 0x1470, 0x1473, 0x1476, 0x1479,
    0x147c, 0x147e, 0x147f, 0x1480, 0x1484, 0x148a, 0x1491, 0x1492,
    0x1493, 0x1495, 0x1496, 0x1497, 0x1498, 0x149a, 0x149b, 0x14a0,
    0x14a1, 0x14a2, 0x14a4, 0x14a5, 0x14ab, 0x14ac, 0x14b1, 0x14b5,
    0x14b9, 0x14bc, 0x14bd, 0x14c2, 0x14c4, 0x14c5, 0x14c6, 0x14c7,
    0x14c9, 0x14cc, 0x14cd, 0x14d0, 0x14d2, 0x14d3, 0x14d4, 0x14d6,
    0x14d7, 0x14d8, 0x14d9, 0x14db, 0x14dc, 0x14df, 0x14e2, 0x14e3,
    0x14e5, 0x14e6, 0x14e7, 0x14e8, 0x14e9, 0x14ec, 0x14ed, 0x14ef,
    0x14f1, 0x14f3, 0x14f4, 0x14f7, 0x14fc, 0x14fe, 0x14ff, 0x1501,
    0x1502, 0x1507, 0x1509, 0x150e, 0x1511, 0x1516, 0x151a, 0x151f,
    0x1520, 0x1521, 0x1523, 0x1524, 0x1525, 0x1528, 0x152a, 0x152b,
    0x152f, 0x153a, 0x153d, 0x1542, 0x1545, 0x1546, 0x1549, 0x154c,
    0x154d, 0x154e, 0x154f, 0x1550, 0x1555, 0x155e, 0x155f, 0x1561,
    0x1562, 0x1563, 0x1567, 0x156e, 0x1576, 0x1577, 0x157a, 0x157b,
    0x1580, 0x1582, 0x1588, 0x1589, 0x158c, 0x158f, 0x1590, 0x1592,
    0x1596, 0x1598, 0x15a0, 0x15a2, 0x15a5, 0x15a7, 0x15a8, 0x15a9,
    0x15aa, 0x15b0, 0x15b7, 0x15b8, 0x15ba, 0x15c9, 0x15cd, 0x15cf,
    0x15d0, 0x15d2, 0x15d6, 0x15e1, 0x15e3, 0x15e9, 0x15ea, 0x15ed,
    0x15f4, 0x15fd, 0x1600, 0x1601, 0x1602, 0x1605, 0x160f, 0x1613,
    0x1614, 0x161c, 0x161e, 0x162a, 0x162c, 0x162d, 0x163a, 0x1644,
    0x1646, 0x1647, 0x164a, 0x1654, 0x1658, 0x1667, 0x1669, 0x1678,
    0x1679, 0x1687, 0x1691, 0x1692, 0x1695, 0x169e, 0x16a4, 0x16a9,
    0x16ac, 0x16ad, 0x16ae, 0x16b0, 0x16b5, 0x16bc, 0x16c2, 0x16c5,
    0x16cd, 0x16ce, 0x16d2, 0x16e6, 0x1700, 0x1712, 0x1718, 0x172f,
    0x1736, 0x1739, 0x173b, 0x173e, 0x173f, 0x1745, 0x1748, 0x174c,
    0x174f, 0x1751, 0x1759, 0x175b, 0x175e, 0x1762, 0x1763, 0x1766,
    0x176c, 0x1770, 0x1772, 0x1774, 0x1777, 0x1787, 0x178b, 0x1791,
    0x1797, 0x1799, 0x179c, 0x179f, 0x17a4, 0x17a5, 0x17a7, 0x17a9,
    0x17ad, 0x17af, 0x17b0, 0x17b9, 0x17bd, 0x17c1, 0x17c5, 0x17cb,
    0x17cf, 0x17d7, 0x17e0, 0x17e2, 0x17e5, 0x17e6, 0x17e7, 0x17e8,
    0x17e9, 0x17ec, 0x17ed, 0x17f1, 0x17f6, 0x17f7, 0x17fa, 0x1802,
    0x1806, 0x180c, 0x180e, 0x180f, 0x1813, 0x1814, 0x1819, 0x181f,
    0x1820, 0x1825, 0x1827, 0x1828, 0x182d, 0x182f, 0x1835, 0x183c,
    0x183e, 0x1843, 0x184b, 0x184c, 0x1852, 0x1853, 0x1855, 0x185a,
    0x1864, 0x1866, 0x1868, 0x186e, 0x186f, 0x1870, 0x1874, 0x1876,
    0x187a, 0x187e, 0x1882, 0x1887, 0x1891, 0x1896, 0x1897, 0x18ae,
    0x18b4, 0x18d9, 0x18f2, 0x18f4, 0x18f9, 0x18fc, 0x18fe, 0x18ff,
    0x1900, 0x1908, 0x1909, 0x190b, 0x190d, 0x1917, 0x191b, 0x191d,
    0x191f, 0x1926, 0x1928, 0x192a, 0x192b, 0x192c, 0x192f, 0x1931,
    0x1934, 0x1935, 0x193a, 0x193d, 0x1940, 0x1942, 0x1943, 0x1946,
    0x1948, 0x1949, 0x194e, 0x194f, 0x1950, 0x1951, 0x1956, 0x195c,
    0x195f, 0x1960, 0x1961, 0x1965, 0x1968, 0x196d, 0x196f, 0x1970,
    0x197e, 0x197f, 0x1981, 0x1984, 0x1989, 0x1990, 0x1995, 0x1997,
    0x199a, 0x199c, 0x199d, 0x19a2, 0x19a3, 0x19aa, 0x19ab, 0x19af,
    0x19b6, 0x19b7, 0x19c4, 0x19cf, 0x19d0, 0x19d1, 0x19d2, 0x19d3,
    0x19d4, 0x19dc, 0x19e0, 0x19e5, 0x19ec, 0x19f1, 0x19f3, 0x19f4,
    0x19ff, 0x1a05, 0x1a07, 0x1a08, 0x1a0b, 0x1a0f, 0x1a11, 0x1a13,
    0x1a16, 0x1a17, 0x1a21, 0x1a2a, 0x1a37, 0x1a38, 0x1a39, 0x1a3c,
    0x1a3d, 0x1a42, 0x1a43, 0x1a45, 0x1a46, 0x1a48, 0x1a4c, 0x1a50,
    0x1a51, 0x1a63, 0x1a65, 0x1a66, 0x1a68, 0x1a69, 0x1a76, 0x1a81,
    0x1a85, 0x1a86, 0x1a97, 0x1aa2, 0x1aa6, 0x1aa7, 0x1aa8, 0x1aad,
    0x1aaf, 0x1ab0, 0x1ab3, 0x1ac0, 0x1ac9, 0x1acb, 0x1acd, 0x1ad2,
    0x1ad5, 0x1ad8, 0x1ada, 0x1ae0, 0x1aee, 0x1af1, 0x1af5, 0x1afa,
    0x1b05, 0x1b0d, 0x1b0e, 0x1b12, 0x1b2d, 0x1b30, 0x1b3f, 0x1b54,
    0x1b5a, 0x1b5e, 0x1b63, 0x1b77, 0x1b7c, 0x1b82, 0x1b84, 0x1b86,
    0x1b94, 0x1b95, 0x1b9b, 0x1b9c, 0x1ba8, 0x1bb4, 0x1bd0, 0x1bfd,
    0x1c0a, 0x1c1f, 0x1c21, 0x1c2a, 0x1c31, 0x1c44, 0x1c58, 0x1c59,
    0x1c61, 0x1c71, 0x1c80, 0x1c90, 0x1ca9, 0x1cac, 0x1d20, 0x1d21,
    0x1d22, 0x1d23, 0x1d27, 0x1d32, 0x1d3a, 0x1d3e, 0x1d47, 0x1d49,
    0x1d4c, 0x1d62, 0x1d63, 0x1d64, 0x1d65, 0x1d66, 0x1d67, 0x1d6a,
    0x1d79, 0x1d7b, 0x1d7c, 0x1d83, 0x1d89, 0x1d8a, 0x1d8b, 0x1d96,
    0x1db4, 0x1db5, 0x1db7, 0x1dbf, 0x1dc1, 0x1dc5, 0x1dcd, 0x1dcf,
    0x1dd2, 0x1dd4, 0x1dd5, 0x1dd9, 0x1ddb, 0x1de1, 0x1deb, 0x1def,
    0x1e0f, 0x1e11, 0x1e13, 0x1e14, 0x1e1b, 0x1e22, 0x1e27, 0x1e28,
    0x1e2e, 0x1e2f, 0x1e34, 0x1e38, 0x1e41, 0x1e42, 0x1e47, 0x1e49,
    0x1e57, 0x1e5b, 0x1e5e, 0x1e5f, 0x1e60, 0x1e61, 0x1e64, 0x1e6a,
    0x1e70, 0x1e79, 0x1e7d, 0x1e83, 0x1e88, 0x1e89, 0x1e90, 0x1e99,
    0x1e9b, 0x1e9f, 0x1ea1, 0x1ea5, 0x1ea6, 0x1ea7, 0x1eaa, 0x1eab,
    0x1eae, 0x1eb3, 0x1eb8, 0x1eb9, 0x1ebb, 0x1ebc, 0x1ebd, 0x1ebe,
    0x1ebf, 0x1ec4, 0x1ec9, 0x1eca, 0x1ecc, 0x1ed5, 0x1edb, 0x1ede,
    0x1ee1, 0x1ee2, 0x1ee3, 0x1ee5, 0x1ee8, 0x1eea, 0x1ef0, 0x1ef3,
    0x1ef5, 0x1efb, 0x1efc, 0x1efd, 0x1f01, 0x1f0b, 0x1f12, 0x1f17,
    0x1f1b, 0x1f1e, 0x1f25, 0x1f2a, 0x1f32, 0x1f3b, 0x1f3c, 0x1f3d,
    0x1f3e, 0x1f41, 0x1f45, 0x1f46, 0x1f47, 0x1f4a, 0x1f4b, 0x1f4e,
    0x1f51, 0x1f53, 0x1f59, 0x1f66, 0x1f69, 0x1f6a, 0x1f6e, 0x1f74,
    0x1f77, 0x1f78, 0x1f82, 0x1f88, 0x1f89, 0x1f8c, 0x1f8e, 0x1f95,
    0x1f9b, 0x1f9d, 0x1fa1, 0x1fa3, 0x1fa4, 0x1fa6, 0x1fa7, 0x1fa8,
    0x1fa9, 0x1fae, 0x1faf, 0x1fb2, 0x1fb5, 0x1fc0, 0x1fc6, 0x1fcb,
    0x1fcc, 0x1fd1, 0x1fd8, 0x1fe1, 0x1fe4, 0x1feb, 0x1fee, 0x1ff1,
    0x1ff3, 0x1ff7, 0x1ff9, 0x1ffb, 0x2005, 0x200a, 0x2010, 0x2014,
    0x2017, 0x2020, 0x2021, 0x2023, 0x2024, 0x2029, 0x202f, 0x2034,
    0x2038, 0x203a, 0x2043, 0x2056, 0x2058, 0x207e, 0x207f, 0x2083,
    0x2085, 0x2089, 0x2090, 0x209c, 0x20a2, 0x20aa, 0x20af, 0x20b6,
    0x20ba, 0x20cb, 0x20d1, 0x20d3, 0x20d4, 0x20da, 0x20de, 0x20e1,
    0x20e4, 0x20e5, 0x20e8, 0x20e9, 0x20f4, 0x2102, 0x2106, 0x210f,
    0x2113, 0x2114, 0x2120, 0x2129, 0x212b, 0x2131, 0x213e, 0x2158,
    0x215c, 0x2166, 0x216d, 0x216e, 0x2184, 0x2188, 0x218e, 0x219c,
    0x21a1, 0x21b3, 0x21c0, 0x21d2, 0x2211, 0x224c, 0x226b, 0x226d,
    0x226f, 0x2270, 0x2275, 0x2276, 0x2278, 0x227c, 0x227e, 0x227f,
    0x2289, 0x228a, 0x228e, 0x2292, 0x2295, 0x22ab, 0x22ac, 0x22ad,
    0x22ae, 0x22b8, 0x22b9, 0x22bc, 0x22c1, 0x22c2, 0x22c8, 0x22d8,
    0x22d9, 0x22db, 0x22df, 0x22e4, 0x22e6, 0x22e7, 0x22eb, 0x22ed,
    0x22f9, 0x230a, 0x2315, 0x2319, 0x231a, 0x2326, 0x2330, 0x2336,
    0x234c, 0x234e, 0x235e, 0x2364, 0x2367, 0x236e, 0x2384, 0x238a,
    0x238f, 0x2394, 0x2399, 0x239f, 0x23ac, 0x23c3, 0x23ce, 0x23d5,
    0x23e5, 0x2406, 0x242a, 0x242c, 0x2431, 0x2435, 0x2436, 0x2437,
    0x2438, 0x2439, 0x243d, 0x2447, 0x2448, 0x244c, 0x244d, 0x2459,
    0x245b, 0x2461, 0x2462, 0x2467, 0x2469, 0x2472, 0x2475, 0x2479,
    0x247a, 0x2480, 0x2481, 0x24ac, 0x24af, 0x24b6, 0x24b9, 0x24c2,
    0x24c8, 0x24d0, 0x24d7, 0x24de, 0x24e0, 0x24e1, 0x24ec, 0x24ed,
    0x24ee, 0x24f0, 0x24f1, 0x24f8, 0x24fc, 0x250e, 0x2516, 0x251b,
    0x251c, 0x2529, 0x252a, 0x252b, 0x252c, 0x252e, 0x2534, 0x253e,
    0x253f, 0x2584, 0x2587, 0x2589, 0x258b, 0x2596, 0x259b, 0x25a9,
    0x25ab, 0x25af, 0x25b0, 0x25b2, 0x25b7, 0x25bb, 0x25ca, 0x25cd,
    0x25e0, 0x25ed, 0x2603, 0x2605, 0x2606, 0x2609, 0x2610, 0x2622,
    0x2633, 0x2634, 0x263c, 0x265e, 0x265f, 0x2670, 0x2683, 0x26a7,
    0x26dc, 0x26e2, 0x26e3, 0x26e4, 0x26e6, 0x26ee, 0x26f6, 0x26f7,
    0x2718, 0x271a, 0x271c, 0x271f, 0x2725, 0x2728, 0x2729, 0x272b,
    0x2730, 0x2731, 0x2732, 0x2733, 0x2735, 0x2737, 0x2738, 0x273b,
    0x2745, 0x274c, 0x274f, 0x2754, 0x2759, 0x275c, 0x2765, 0x2766,
    0x276a, 0x2774, 0x2778, 0x2786, 0x278f, 0x2791, 0x2797, 0x2799,
    0x279a, 0x279f, 0x27a4, 0x27ab, 0x27ae, 0x27af, 0x27b2, 0x27b9,
    0x27bc, 0x27be, 0x27c5, 0x27c7, 0x27ca, 0x27d2, 0x27d5, 0x27d8,
    0x27db, 0x27e2, 0x27ea, 0x27f0, 0x27f4, 0x27f9, 0x281f, 0x2824,
    0x2826, 0x2829, 0x282a, 0x282b, 0x2838, 0x283e, 0x284c, 0x285e,
    0x2863, 0x287b, 0x287d, 0x287e, 0x2882, 0x2884, 0x2886, 0x2887,
    0x28ae, 0x28b1, 0x28bf, 0x28c5, 0x28c6, 0x28c8, 0x28ca, 0x28cf,
    0x28d0, 0x28d1, 0x28d2, 0x28d4, 0x28d6, 0x28d7, 0x28d8, 0x28db,
    0x28df, 0x28ee, 0x28ef, 0x28f2, 0x28f4, 0x28f8, 0x28f9, 0x28fc,
    0x28fe, 0x2901, 0x2909, 0x290b, 0x291f, 0x2920, 0x2928, 0x292f,
    0x2936, 0x2937, 0x293c, 0x2940, 0x2941, 0x295b, 0x2961, 0x2963,
    0x2966, 0x296c, 0x2979, 0x2984, 0x298e, 0x2992, 0x29a7, 0x29aa,
    0x29ac, 0x29b3, 0x29bb, 0x29d7, 0x29db, 0x29e2, 0x29e5, 0x29e9,
    0x29eb, 0x29ed, 0x29ee, 0x29f3, 0x29fe, 0x29ff, 0x2a01, 0x2a02,
    0x2a0c, 0x2a0d, 0x2a14, 0x2a16, 0x2a1a, 0x2a30, 0x2a34, 0x2a38,
    0x2a3e, 0x2a40, 0x2a45, 0x2a55, 0x2a5d, 0x2a6b, 0x2a6c, 0x2a6e,
    0x2a7c, 0x2a89, 0x2a8c, 0x2a8d, 0x2a8e, 0x2a91, 0x2a97, 0x2a98,
    0x2a9f, 0x2aa7, 0x2ab0, 0x2ab1, 0x2ab3, 0x2ab4, 0x2abe, 0x2ac1,
    0x2ac5, 0x2ad5, 0x2ae8, 0x2af7, 0x2afa, 0x2b01, 0x2b3a, 0x2b3c,
    0x2b3e, 0x2b48, 0x2b56, 0x2b5d, 0x2b5e, 0x2b5f, 0x2b60, 0x2b65,
    0x2b68, 0x2b6d, 0x2b77, 0x2b78, 0x2b80, 0x2b81, 0x2b8f, 0x2bbb,
    0x2bbd, 0x2bbe, 0x2bc0, 0x2bc1, 0x2bc3, 0x2bc6, 0x2bc9, 0x2bcb,
    0x2bcd, 0x2bd1, 0x2bd2, 0x2bd5, 0x2bd8, 0x2bdf, 0x2be4, 0x2be6,
    0x2be7, 0x2be9, 0x2beb, 0x2bef, 0x2bf0, 0x2bf8, 0x2bfb, 0x2bfd,
    0x2c00, 0x2c0b, 0x2c0d, 0x2c0e, 0x2c1a, 0x2c20, 0x2c33, 0x2c3b,
    0x2c3c, 0x2c3d, 0x2c3f, 0x2c46, 0x2c57, 0x2c74, 0x2c76, 0x2c77,
    0x2c7a, 0x2c7f, 0x2c81, 0x2c83, 0x2c84, 0x2c8d, 0x2c91, 0x2c92,
    0x2c96, 0x2c97, 0x2c98, 0x2c9c, 0x2c9d, 0x2c9f, 0x2ca5, 0x2cbf,
    0x2ccb, 0x2cd6, 0x2cd9, 0x2cde, 0x2cdf, 0x2ce0, 0x2ce3, 0x2ce5,
    0x2ced, 0x2cef, 0x2cf9, 0x2cff, 0x2d06, 0x2d0b, 0x2d11, 0x2d14,
    0x2d19, 0x2d1b, 0x2d24, 0x2d26, 0x2d28, 0x2d2c, 0x2d3c, 0x2d49,
    0x2d4b, 0x2d4f, 0x2d50, 0x2d51, 0x2d52, 0x2d54, 0x2d56, 0x2d5b,
    0x2d5d, 0x2d77, 0x2d79, 0x2d7e, 0x2d80, 0x2d8d, 0x2d95, 0x2d97,
    0x2da1, 0x2da9, 0x2dab, 0x2dad, 0x2db1, 0x2dc7, 0x2dd3, 0x2dd9,
    0x2de1, 0x2dee, 0x2df1, 0x2df7, 0x2e07, 0x2e38, 0x2e3f, 0x2e4d,
    0x2e73, 0x2e7b, 0x2e7d, 0x2e89, 0x2e92, 0x2e97, 0x2e98, 0x2e9f,
    0x2ea4, 0x2ea5, 0x2eaa, 0x2eae, 0x2eb1, 0x2eb9, 0x2ebe, 0x2eca,
    0x2ed5, 0x2ed6, 0x2ed9, 0x2edc, 0x2edf, 0x2ee0, 0x2eef, 0x2efb,
    0x2f0a, 0x2f20, 0x2f22, 0x2f27, 0x2f2b, 0x2f2f, 0x2f6e, 0x3041,
    0x30a0, 0x30a2, 0x30a4, 0x30a6, 0x30a7, 0x30aa, 0x30ab, 0x30ac,
    0x30af, 0x30b1, 0x30b2, 0x30b3, 0x30b5, 0x30b7, 0x30b8, 0x30b9,
    0x30ba, 0x30bd, 0x30bf, 0x30c3, 0x30c4, 0x30c5, 0x30c6, 0x30c7,
    0x30c8, 0x30ca, 0x30cd, 0x30ce, 0x30cf, 0x30d1, 0x30d2, 0x30d3,
    0x30d5, 0x30d8, 0x30d9, 0x30dc, 0x30dd, 0x30de, 0x30df, 0x30e2,
    0x30e3, 0x30e7, 0x30e9, 0x30ea, 0x30ed, 0x30f0, 0x30f3, 0x30f4,
    0x30f5, 0x30f7, 0x30f8, 0x30fc, 0x30fd, 0x30ff, 0x3100, 0x3105,
    0x3106, 0x310e, 0x3113, 0x3114, 0x3115, 0x3116, 0x3118, 0x311a,
    0x311d, 0x3120, 0x3124, 0x3128, 0x3129, 0x312d, 0x3130, 0x3134,
    0x3138, 0x313a, 0x3150, 0x3151, 0x3155, 0x3157, 0x315a, 0x3162,
    0x3169, 0x316a, 0x316e, 0x3172, 0x318a, 0x318e, 0x3194, 0x319e,
    0x31a1, 0x31a4, 0x31b9, 0x31bd, 0x31c1, 0x31c5, 0x31ce, 0x31d4,
    0x31d8, 0x31e0, 0x31e9, 0x31f0, 0x31fb, 0x31fc, 0x3200, 0x3201,
    0x3203, 0x3205, 0x320c, 0x320d, 0x3210, 0x3215, 0x3217, 0x3219,
    0x3233, 0x3238, 0x323b, 0x323d, 0x323f, 0x3242, 0x324a, 0x324b,
    0x324c, 0x3254, 0x3258, 0x325a, 0x326a, 0x3283, 0x3284, 0x3286,
    0x3289, 0x328b, 0x328c, 0x3296, 0x3298, 0x329a, 0x329b, 0x329d,
    0x32a0, 0x32a1, 0x32a2, 0x32a4, 0x32a5, 0x32a9, 0x32aa, 0x32ae,
    0x32af, 0x32b2, 0x32b4, 0x32ba, 0x32be, 0x32bf, 0x32c0, 0x32c1,
    0x32c3, 0x32c6, 0x32cc, 0x32ce, 0x32d6, 0x32da, 0x32dc, 0x32de,
    0x32e1, 0x32e7, 0x32ef, 0x32f0, 0x32f3, 0x32f6, 0x32f8, 0x32fd,
    0x3302, 0x3306, 0x3309, 0x330a, 0x330f, 0x3310, 0x3311, 0x3313,
    0x3316, 0x331a, 0x332f, 0x3331, 0x3338, 0x333e, 0x334a, 0x334b,
    0x334c, 0x3350, 0x3354, 0x3355, 0x3365, 0x336e, 0x3370, 0x3379,
    0x337a, 0x337b, 0x337e, 0x337f, 0x3380, 0x338a, 0x338f, 0x3398,
    0x339b, 0x339c, 0x339d, 0x33a8, 0x33b3, 0x33c0, 0x33c2, 0x33ca,
    0x33e3, 0x33ea, 0x33ed, 0x33f3, 0x33f4, 0x33fc, 0x3400, 0x3405,
    0x3406, 0x340c, 0x340d, 0x3412, 0x3414, 0x341e, 0x341f, 0x342a,
    0x342c, 0x3430, 0x3431, 0x3435, 0x3436, 0x3437, 0x3439, 0x3447,
    0x3458, 0x346f, 0x3470, 0x3472, 0x3473, 0x347a, 0x347e, 0x3482,
    0x348b, 0x348d, 0x3492, 0x3499, 0x349c, 0x349d, 0x34a5, 0x34a6,
    0x34ac, 0x34ad, 0x34af, 0x34b1, 0x34b3, 0x34b9, 0x34bd, 0x34c7,
    0x34cd, 0x34cf, 0x34d4, 0x34d7, 0x34db, 0x34de, 0x34df, 0x34e5,
    0x34e6, 0x34eb, 0x34f1, 0x34f9, 0x3501, 0x3502, 0x3503, 0x3504,
    0x3505, 0x3509, 0x350e, 0x3527, 0x352b, 0x352c, 0x3534, 0x3535,
    0x3536, 0x3538, 0x3546, 0x3549, 0x3550, 0x3552, 0x3554, 0x355a,
    0x355e, 0x3560, 0x3561, 0x3563, 0x3564, 0x3567, 0x356f, 0x3577,
    0x3578, 0x3589, 0x35ab, 0x35b1, 0x35b2, 0x35b7, 0x35b9, 0x35ba,
    0x35bd, 0x35c7, 0x35ca, 0x35cc, 0x35dc, 0x35e0, 0x35e9, 0x35f1,
    0x35f2, 0x3604, 0x360c, 0x360d, 0x360e, 0x361d, 0x3624, 0x3625,
    0x3627, 0x3628, 0x363d, 0x3657, 0x365b, 0x3661, 0x3663, 0x366b,
    0x366c, 0x3671, 0x3675, 0x3682, 0x368b, 0x3699, 0x369c, 0x36b2,
    0x36b8, 0x36bf, 0x36c4, 0x36c9, 0x36d6, 0x36dd, 0x36ec, 0x3711,
    0x3713, 0x3717, 0x371a, 0x372b, 0x372c, 0x373c, 0x373d, 0x3749,
    0x374a, 0x3774, 0x377e, 0x3784, 0x3787, 0x379b, 0x37aa, 0x37af,
    0x37cf, 0x37d0, 0x37d5, 0x37e4, 0x37fb, 0x3811, 0x3838, 0x384e,
    0x384f, 0x3850, 0x3851, 0x385a, 0x386b, 0x3871, 0x3879, 0x387d,
    0x387e, 0x3880, 0x3881, 0x3882, 0x388a, 0x388c, 0x3893, 0x3895,
    0x389c, 0x38a3, 0x38a4, 0x38aa, 0x38af, 0x38c0, 0x38c6, 0x38c7,
    0x38c9, 0x38cb, 0x38d4, 0x38d9, 0x38db, 0x38e4, 0x38ee, 0x38f9,
    0x38fe, 0x3900, 0x3902, 0x3908, 0x3912, 0x3913, 0x3915, 0x3917,
    0x3918, 0x391c, 0x3921, 0x393b, 0x3947, 0x3949, 0x394c, 0x394e,
    0x3957, 0x3959, 0x3960, 0x3974, 0x3976, 0x3983, 0x398d, 0x399f,
    0x39ba, 0x39c0, 0x39c6, 0x39cb, 0x39f9, 0x3a15, 0x3a22, 0x3a40,
    0x3a45, 0x3a4c, 0x3a4d, 0x3a54, 0x3a57, 0x3a59, 0x3a61, 0x3a63,
    0x3a65, 0x3a68, 0x3a69, 0x3a6b, 0x3a6c, 0x3a70, 0x3a77, 0x3a81,
    0x3a84, 0x3a8b, 0x3a8d, 0x3a92, 0x3a96, 0x3a9c, 0x3aab, 0x3aad,
    0x3ab1, 0x3ac1, 0x3ac2, 0x3ac5, 0x3ac6, 0x3ac9, 0x3ad5, 0x3ad9,
    0x3ae4, 0x3af3, 0x3af8, 0x3af9, 0x3b02, 0x3b10, 0x3b12, 0x3b25,
    0x3b5f, 0x3b7f, 0x3b81, 0x3b86, 0x3bc1, 0x3bc2, 0x3bc4, 0x3bc5,
    0x3bc6, 0x3bc8, 0x3bc9, 0x3bd2, 0x3be3, 0x3be6, 0x3c00, 0x3c89,
    0x3c8a, 0x3c93, 0x3d66, 0x3d6c, 0x3da1, 0x3da2, 0x3da4, 0x3da5,
    0x3da8, 0x3da9, 0x3dad, 0x3dae, 0x3daf, 0x3db0, 0x3db2, 0x3db3,
    0x3db6, 0x3db8, 0x3db9, 0x3dba, 0x3dbc, 0x3dbd, 0x3dbe, 0x3dbf,
    0x3dc0, 0x3dc1, 0x3dc4, 0x3dc5, 0x3dc6, 0x3dc8, 0x3dc9, 0x3dca,
    0x3dcd, 0x3dd1, 0x3dd5, 0x3dd7, 0x3dda, 0x3ddd, 0x3dde, 0x3de1,
    0x3de2, 0x3de5, 0x3de6, 0x3deb, 0x3dec, 0x3ded, 0x3def, 0x3df1,
    0x3df2, 0x3df4, 0x3df5, 0x3df7, 0x3df8, 0x3dfa, 0x3dfb, 0x3dfd,
    0x3dfe, 0x3e01, 0x3e03, 0x3e05, 0x3e06, 0x3e08, 0x3e0a, 0x3e0b,
    0x3e0d, 0x3e0e, 0x3e10, 0x3e12, 0x3e13, 0x3e1a, 0x3e1c, 0x3e22,
    0x3e23, 0x3e24, 0x3e26, 0x3e28, 0x3e2c, 0x3e2d, 0x3e31, 0x3e34,
    0x3e37, 0x3e41, 0x3e46, 0x3e4c, 0x3e61, 0x3e6a, 0x3e6b, 0x3e79,
    0x3e7a, 0x3e8c, 0x3f1d, 0x3f1e, 0x3f1f
};

static const uint16_t unicode_list_3[] = {
    0x0, 0x1, 0x4, 0x5, 0x6, 0x8, 0xa, 0xb,
    0xd, 0xe, 0xf, 0x10, 0x16, 0x17, 0x18, 0x1a,
    0x1b, 0x1c, 0x20, 0x22, 0x24, 0x26, 0x27, 0x2a,
    0x2c, 0x2d, 0x2e, 0x30, 0x32, 0x37, 0x3c, 0x40,
    0x41, 0x42, 0x43, 0x4d, 0x51, 0x56, 0x57, 0x6b,
    0x6f, 0x7f, 0x80, 0x8a, 0x8f, 0x97, 0x98, 0x9d,
    0xa7, 0xa9, 0xab, 0xb4, 0xb6, 0xbb, 0xbf, 0xc1,
    0xc3, 0xc6, 0xd6, 0xdb, 0xee, 0xf5, 0xf6, 0xfd,
    0x10e, 0x110, 0x114, 0x117, 0x132, 0x138, 0x139, 0x13e,
    0x14d, 0x15b, 0x177, 0x178, 0x17b, 0x17e, 0x186, 0x232,
    0x233, 0x234, 0x235, 0x238, 0x23a, 0x23b, 0x23c, 0x240,
    0x247, 0x249, 0x24b, 0x24f, 0x251, 0x252, 0x254, 0x255,
    0x25c, 0x25d, 0x25f, 0x261, 0x262, 0x265, 0x267, 0x268,
    0x26a, 0x26b, 0x26f, 0x274, 0x275, 0x277, 0x27c, 0x27d,
    0x285, 0x289, 0x28a, 0x28d, 0x28e, 0x290, 0x291, 0x293,
    0x294, 0x29a, 0x29c, 0x29d, 0x2a0, 0x2a4, 0x2a5, 0x2a7,
    0x2a8, 0x2a9, 0x2aa, 0x2ab, 0x2b7, 0x2bc, 0x2c3, 0x2c5,
    0x2c9, 0x2cc, 0x2cd, 0x2ce, 0x2cf, 0x2d2, 0x2d5, 0x2d6,
    0x2db, 0x2dc, 0x2de, 0x2e0, 0x2e3, 0x2e6, 0x2e7, 0x2e9,
    0x2ea, 0x2eb, 0x2ec, 0x2ee, 0x2fa, 0x304, 0x307, 0x308,
    0x30a, 0x30e, 0x313, 0x319, 0x31b, 0x31f, 0x323, 0x32f,
    0x331, 0x339, 0x33a, 0x341, 0x34b, 0x34c, 0x35d, 0x35f,
    0x36e, 0x36f, 0x372, 0x376, 0x37a, 0x387, 0x38d, 0x396,
    0x39a, 0x39d, 0x3b4, 0x3b9, 0x3c9, 0x3e5, 0x418, 0x419,
    0x41e, 0x423, 0x429, 0x42f, 0x431, 0x436, 0x438, 0x43d,
    0x441, 0x443, 0x444, 0x44b, 0x453, 0x455, 0x457, 0x45e,
    0x493, 0x496, 0x498, 0x499, 0x49a, 0x49b, 0x49d, 0x540,
    0x754, 0x755, 0x75f, 0x765, 0x769, 0x76a, 0x76b, 0x76c,
    0x76e, 0x771, 0x772, 0x773, 0x775, 0x77a, 0x77d, 0x77f,
    0x787, 0x78a, 0x78d, 0x78f, 0x791, 0x792, 0x79c, 0x7a7,
    0x7a8, 0x7a9, 0x7ad, 0x7af, 0x7b9, 0x7be, 0x7c2, 0x7c4,
    0x7c6, 0x7ca, 0x7cc, 0x7cd, 0x7d0, 0x7d1, 0x7d4, 0x7d5,
    0x7d7, 0x7d8, 0x7dc, 0x7e5, 0x7e6, 0x7ed, 0x7ef, 0x7f0,
    0x7f1, 0x7f2, 0x7f4, 0x7f9, 0x7fa, 0x7fb, 0x7fc, 0x805,
    0x807, 0x80c, 0x813, 0x816, 0x81c, 0x828, 0x82f, 0x83c,
    0x842, 0x84b, 0x8b4, 0x8b6, 0x8b9, 0x8ba, 0x8bb, 0x8bc,
    0x8be, 0x8c0, 0x8c3, 0x8c4, 0x8c5, 0x8c6, 0x8c7, 0x8c9,
    0x8cc, 0x8cd, 0x8d1, 0x8da, 0x8dc, 0x8e0, 0x8eb, 0x8fd,
    0x8fe, 0x8ff, 0x900, 0x901, 0x902, 0x907, 0x90b, 0x910,
    0x911, 0x912, 0x914, 0x917, 0x918, 0x919, 0x91c, 0x921,
    0x92d, 0x92e, 0x930, 0x934, 0x935, 0x936, 0x941, 0x942,
    0x943, 0x951, 0x952, 0x95b, 0x95c, 0x960, 0x964, 0x965,
    0x968, 0x973, 0x982, 0x98a, 0x98c, 0x98d, 0x990, 0x991,
    0x992, 0x993, 0x998, 0x99b, 0x9a1, 0x9b4, 0x9b6, 0x9bf,
    0x9c2, 0x9c3, 0x9c5, 0x9ca, 0x9cc, 0x9d3, 0x9d5, 0x9d9,
    0x9da, 0x9e8, 0x9ea, 0x9fe, 0xa04, 0xa05, 0xa1e, 0xa22,
    0xa25, 0xa2a, 0xa2c, 0xa2d, 0xa2e, 0xa35, 0xa40, 0xa42,
    0xa57, 0xa59, 0xa6c, 0xa79, 0xab3, 0xab5, 0xab9, 0xabf,
    0xac1, 0xb41, 0xb42, 0xb43, 0xb45, 0xb46, 0xb47, 0xb49,
    0xb4a, 0xb4b, 0xb4d, 0xb4e, 0xb50, 0xb51, 0xb52, 0xb53,
    0xb54, 0xb56, 0xb5d, 0xb5f, 0xb62, 0xb63, 0xb64, 0xb68,
    0xb69, 0xb6c, 0xb70, 0xb9a, 0xb9e, 0xba4, 0xbaa, 0xbab,
    0xbdc, 0xc31, 0xc39, 0xc3a, 0xc3c, 0xc3d, 0xc3e, 0xc41,
    0xc42, 0xc46, 0xc48, 0xc4b, 0xc4d, 0xc51, 0xc52, 0xc57,
    0xc59, 0xc5b, 0xc5e, 0xc62, 0xc65, 0xd38, 0xd3a, 0xd3b,
    0xd3c, 0xd3d, 0xd3f, 0xd40, 0xd42, 0xd45, 0xd47, 0xd48,
    0xd4a, 0xd4e, 0xd50, 0xd52, 0xd53, 0xd58, 0xd5b, 0xd5d,
    0xd63, 0xd66, 0xd6d, 0xd70, 0xd74, 0xd9f, 0xda4, 0xddf,
    0xe08, 0xe0d, 0xe0e, 0xe10, 0xe1b, 0xe20, 0xf48, 0xf4d,
    0xf68, 0xf70, 0xf77, 0xf84, 0xf90, 0xf99, 0xfa2, 0xfaa,
    0x10eb, 0x10ec, 0x10ed, 0x10ef, 0x10f1, 0x10f2, 0x10f9, 0x10fb,
    0x10ff, 0x1101, 0x1109, 0x110b, 0x110f, 0x1111, 0x1115, 0x1116,
    0x111b, 0x1130, 0x1132, 0x113c, 0x114b, 0x1172, 0x1184, 0x1187,
    0x1190, 0x1199, 0x119a, 0x119d, 0x11a0, 0x11a4, 0x11da, 0x11df,
    0x11ec, 0x1207, 0x121c, 0x124b, 0x1250, 0x1265, 0x126b
};

/*Collect the unicode lists and glyph_id offsets*/
static const lv_font_fmt_txt_cmap_t cmaps[] =
{
    {
        .range_start = 33, .range_length = 94, .glyph_id_start = 1,
        .unicode_list = NULL, .glyph_id_ofs_list = NULL, .list_length = 0, .type = LV_FONT_FMT_TXT_CMAP_FORMAT0_TINY
    },
    {
        .range_start = 19968, .range_length = 16160, .glyph_id_start = 95,
        .unicode_list = unicode_list_1, .glyph_id_ofs_list = NULL, .list_length = 2957, .type = LV_FONT_FMT_TXT_CMAP_SPARSE_TINY
    },
    {
        .range_start = 36129, .range_length = 17, .glyph_id_start = 3052,
        .unicode_list = NULL, .glyph_id_ofs_list = NULL, .list_length = 0, .type = LV_FONT_FMT_TXT_CMAP_FORMAT0_TINY
    },
    {
        .range_start = 36148, .range_length = 4716, .glyph_id_start = 3069,
        .unicode_list = unicode_list_3, .glyph_id_ofs_list = NULL, .list_length = 519, .type = LV_FONT_FMT_TXT_CMAP_SPARSE_TINY
    }
};



/*--------------------
 *  ALL CUSTOM DATA
 *--------------------*/

#if LVGL_VERSION_MAJOR == 8
/*Store all the custom data of the font*/
static  lv_font_fmt_txt_glyph_cache_t cache;
#endif

#if LVGL_VERSION_MAJOR >= 8
static const lv_font_fmt_txt_dsc_t font_dsc = {
#else
static lv_font_fmt_txt_dsc_t font_dsc = {
#endif
    .glyph_bitmap = glyph_bitmap,
    .glyph_dsc = glyph_dsc,
    .cmaps = cmaps,
    .kern_dsc = NULL,
    .kern_scale = 0,
    .cmap_num = 4,
    .bpp = 1,
    .kern_classes = 0,
    .bitmap_format = 0,
#if LVGL_VERSION_MAJOR == 8
    .cache = &cache
#endif

};



/*-----------------
 *  PUBLIC FONT
 *----------------*/

/*Initialize a public general font descriptor*/
#if LVGL_VERSION_MAJOR >= 8
const lv_font_t chinese = {
#else
lv_font_t chinese = {
#endif
    .get_glyph_dsc = lv_font_get_glyph_dsc_fmt_txt,    /*Function pointer to get glyph's data*/
    .get_glyph_bitmap = lv_font_get_bitmap_fmt_txt,    /*Function pointer to get glyph's bitmap*/
    .line_height = 15,          /*The maximum line height required by the font*/
    .base_line = 3,             /*Baseline measured from the bottom of the line*/
#if !(LVGL_VERSION_MAJOR == 6 && LVGL_VERSION_MINOR == 0)
    .subpx = LV_FONT_SUBPX_NONE,
#endif
#if LV_VERSION_CHECK(7, 4, 0) || LVGL_VERSION_MAJOR >= 8
    .underline_position = -3,
    .underline_thickness = 1,
#endif
    //.static_bitmap = 0,
    .dsc = &font_dsc,          /*The custom font data. Will be accessed by `get_glyph_bitmap/dsc` */
#if LV_VERSION_CHECK(8, 2, 0) || LVGL_VERSION_MAJOR >= 9
    .fallback = NULL,
#endif
    .user_data = NULL,
};



#endif /*#if CHINESE*/
